sample_index,timestamp_us,ecg_raw,leads_off,adc_ok
966,2456968,2019,0,1
967,2458968,2031,0,1
968,2460968,2054,0,1
969,2462968,2043,0,1
970,2464968,2021,1,1
971,2466968,2011,1,1
972,2468968,1983,0,1
973,2470968,1979,0,1
974,2472969,1978,0,1
975,2474968,2005,0,1
976,2476968,2007,0,1
977,2478968,2029,0,1
978,2480968,2053,0,1
979,2482968,2035,0,1
980,2484968,2008,1,1
981,2486968,2013,1,1
982,2488968,1965,0,1
983,2490968,1948,0,1
984,2492968,1954,0,1
985,2494968,1989,0,1
986,2496968,2008,0,1
987,2498968,2041,0,1
988,2500968,2059,0,1
989,2502968,2066,0,1
990,2504968,2079,1,1
991,2506968,2212,1,1
992,2508968,2455,0,1
993,2510968,2505,0,1
994,2512969,2407,0,1
995,2514968,2246,0,1
996,2516968,2105,0,1
997,2518968,1994,0,1
998,2520968,1931,0,1
999,2522968,1935,0,1
1000,2524968,1919,1,1
1001,2526968,1935,1,1
1002,2528968,1885,0,1
1003,2530968,1886,0,1
1004,2532968,1927,0,1
1005,2534968,1965,0,1
1006,2536968,2005,0,1
1007,2538968,2055,0,1
1008,2540968,2066,0,1
1009,2542968,2066,0,1
1010,2544968,2041,1,1
1011,2546968,2066,1,1
1012,2548968,2063,0,1
1013,2550968,2057,0,1
1014,2552969,2042,0,1
1015,2554968,2031,0,1
1016,2556968,2023,0,1
1017,2558968,2025,0,1
1018,2560968,2031,0,1
1019,2562968,2021,0,1
1020,2564968,2009,1,1
1021,2566968,2030,1,1
1022,2568968,2043,0,1
1023,2570968,2045,0,1
1024,2572968,2057,0,1
1025,2574968,2053,0,1
1026,2576968,2041,0,1
1027,2578968,2037,0,1
1028,2580968,2029,0,1
1029,2582968,2024,0,1
1030,2584968,1989,1,1
1031,2586968,1961,1,1
1032,2588968,1999,0,1
1033,2590968,1995,0,1
1034,2592969,2020,0,1
1035,2594968,2036,0,1
1036,2596968,2044,0,1
1037,2598968,2058,0,1
1038,2600968,2053,0,1
1039,2602968,2035,0,1
1040,2604968,1999,1,1
1041,2606968,2031,1,1
1042,2608968,2056,0,1
1043,2610968,2065,0,1
1044,2612968,2063,0,1
1045,2614968,2045,0,1
1046,2616968,2041,0,1
1047,2618968,2041,0,1
1048,2620968,2024,0,1
1049,2622968,2021,0,1
1050,2624968,2003,1,1
1051,2626968,2020,1,1
1052,2628968,2027,0,1
1053,2630968,2039,0,1
1054,2632969,2042,0,1
1055,2634968,2043,0,1
1056,2636968,2040,0,1
1057,2638968,2030,0,1
1058,2640968,2029,0,1
1059,2642968,2037,0,1
1060,2644968,2004,1,1
1061,2646968,2009,1,1
1062,2648968,2021,0,1
1063,2650968,2027,0,1
1064,2652968,2027,0,1
1065,2654968,2037,0,1
1066,2656968,2027,0,1
1067,2658968,2043,0,1
1068,2660968,2029,0,1
1069,2662968,2039,0,1
1070,2664968,2007,1,1
1071,2666968,2040,1,1
1072,2668968,2063,0,1
1073,2670968,2075,0,1
1074,2672969,2065,0,1
1075,2674968,2055,0,1
1076,2676968,2044,0,1
1077,2678968,2028,0,1
1078,2680968,2019,0,1
1079,2682968,2013,0,1
1080,2684968,2002,1,1
1081,2686968,2031,1,1
1082,2688968,2075,0,1
1083,2690968,2083,0,1
1084,2692968,2075,0,1
1085,2694968,2053,0,1
1086,2696968,2029,0,1
1087,2698968,2031,0,1
1088,2700968,2014,0,1
1089,2702968,2026,0,1
1090,2704968,2031,1,1
1091,2706968,2042,1,1
1092,2708968,2009,0,1
1093,2710968,1996,0,1
1094,2712969,1990,0,1
1095,2714968,1999,0,1
1096,2716968,2011,0,1
1097,2718968,2031,0,1
1098,2720968,2039,0,1
1099,2722968,2043,0,1
1100,2724968,2023,1,1
1101,2726968,2055,1,1
1102,2728968,2041,0,1
1103,2730968,2041,0,1
1104,2732968,2020,0,1
1105,2734968,2020,0,1
1106,2736968,2023,0,1
1107,2738968,2026,0,1
1108,2740968,2025,0,1
1109,2742968,2023,0,1
1110,2744968,2023,1,1
1111,2746968,2038,1,1
1112,2748968,2026,0,1
1113,2750968,2010,0,1
1114,2752969,2023,0,1
1115,2754968,2029,0,1
1116,2756968,2023,0,1
1117,2758968,2042,0,1
1118,2760968,2036,0,1
1119,2762968,2025,0,1
1120,2764968,2010,1,1
1121,2766968,2007,1,1
1122,2768968,2015,0,1
1123,2770968,2005,0,1
1124,2772968,2012,0,1
1125,2774968,2028,0,1
1126,2776968,2025,0,1
1127,2778968,2037,0,1
1128,2780968,2032,0,1
1129,2782968,2045,0,1
1130,2784968,2024,1,1
1131,2786968,2035,1,1
1132,2788968,2005,0,1
1133,2790968,2004,0,1
1134,2792969,2014,0,1
1135,2794968,2014,0,1
1136,2796968,2023,0,1
1137,2798968,2025,0,1
1138,2800968,2036,0,1
1139,2802968,2042,0,1
1140,2804968,2031,1,1
1141,2806968,2121,1,1
1142,2808968,2183,0,1
1143,2810968,2199,0,1
1144,2812968,2142,0,1
1145,2814968,2100,0,1
1146,2816968,2038,0,1
1147,2818968,2005,0,1
1148,2820968,1995,0,1
1149,2822968,2007,0,1
1150,2824968,1970,1,1
1151,2826968,1983,1,1
1152,2828968,2003,0,1
1153,2830968,2005,0,1
1154,2832969,2025,0,1
1155,2834968,2022,0,1
1156,2836968,2035,0,1
1157,2838968,2039,0,1
1158,2840968,2030,0,1
1159,2842968,2041,0,1
1160,2844968,2010,1,1
1161,2846968,2038,1,1
1162,2848968,2031,0,1
1163,2850968,2028,0,1
1164,2852968,2024,0,1
1165,2854968,2012,0,1
1166,2856968,2011,0,1
1167,2858968,2031,0,1
1168,2860968,2029,0,1
1169,2862968,2037,0,1
1170,2864968,2011,1,1
1171,2866968,2027,1,1
1172,2868968,2015,0,1
1173,2870968,2009,0,1
1174,2872969,2020,0,1
1175,2874968,2022,0,1
1176,2876968,2021,0,1
1177,2878968,2037,0,1
1178,2880968,2041,0,1
1179,2882968,2036,1,1
1180,2884968,2012,1,1
1181,2886968,2018,1,1
1182,2888968,1991,0,1
1183,2890968,1983,0,1
1184,2892968,1991,0,1
1185,2894968,1998,0,1
1186,2896968,2024,0,1
1187,2898968,2035,0,1
1188,2900968,2040,0,1
1189,2902968,2063,0,1
1190,2904968,2018,1,1
1191,2906968,2025,1,1
1192,2908968,2024,0,1
1193,2910968,2021,0,1
1194,2912969,2022,0,1
1195,2914968,2012,0,1
1196,2916968,2023,0,1
1197,2918968,2041,0,1
1198,2920968,2029,0,1
1199,2922968,2037,0,1
1200,2924968,2005,1,1
1201,2926968,2024,1,1
1202,2928968,2019,0,1
1203,2930968,2012,0,1
1204,2932968,2021,0,1
1205,2934968,2019,0,1
1206,2936968,2020,0,1
1207,2938968,2037,0,1
1208,2940968,2025,0,1
1209,2942968,2037,0,1
1210,2944968,2009,1,1
1211,2946968,1998,1,1
1212,2948968,1988,0,1
1213,2950968,1975,0,1
1214,2952969,1998,0,1
1215,2954968,2027,0,1
1216,2956968,2035,0,1
1217,2958968,2043,0,1
1218,2960968,2041,0,1
1219,2962968,2057,0,1
1220,2964968,2010,1,1
1221,2966968,2019,1,1
1222,2968968,2007,0,1
1223,2970968,2008,0,1
1224,2972968,2017,0,1
1225,2974968,2025,0,1
1226,2976968,2039,0,1
1227,2978968,2040,0,1
1228,2980968,2037,0,1
1229,2982968,2041,0,1
1230,2984968,2003,1,1
1231,2986968,2001,1,1
1232,2988968,2009,0,1
1233,2990968,2006,0,1
1234,2992969,2023,0,1
1235,2994968,2023,0,1
1236,2996968,2023,0,1
1237,2998968,2039,0,1
1238,3000968,2040,0,1
1239,3002968,2035,0,1
1240,3004968,2040,1,1
1241,3006968,2069,0,1
1242,3008968,2063,0,1
1243,3010968,2041,0,1
1244,3012968,2041,0,1
1245,3014968,2023,0,1
1246,3016968,2088,0,1
1247,3018968,2024,0,1
1248,3020968,2029,0,1
1249,3022968,2031,1,1
1250,3024968,2015,1,1
1251,3026968,2041,0,1
1252,3028968,2042,0,1
1253,3030968,2053,0,1
1254,3032969,2044,0,1
1255,3034968,2013,0,1
1256,3036968,2039,0,1
1257,3038968,2029,0,1
1258,3040968,2037,0,1
1259,3042968,2031,1,1
1260,3044968,1995,1,1
1261,3046968,2022,0,1
1262,3048968,2009,0,1
1263,3050968,2001,0,1
1264,3052968,2019,0,1
1265,3054968,2011,0,1
1266,3056968,2039,0,1
1267,3058968,2043,0,1
1268,3060968,2054,0,1
1269,3062968,2054,1,1
1270,3064968,2009,1,1
1271,3066968,2021,0,1
1272,3068968,1999,0,1
1273,3070968,1992,0,1
1274,3072969,2021,0,1
1275,3074968,2023,0,1
1276,3076968,2031,0,1
1277,3078968,2035,0,1
1278,3080968,2030,0,1
1279,3082968,2043,1,1
1280,3084968,2039,1,1
1281,3086968,2037,0,1
1282,3088968,2013,0,1
1283,3090968,2021,0,1
1284,3092968,2019,0,1
1285,3094968,2023,0,1
1286,3096968,2024,0,1
1287,3098968,2030,0,1
1288,3100968,2029,0,1
1289,3102968,2039,1,1
1290,3104968,2044,1,1
1291,3106968,2044,0,1
1292,3108968,2031,0,1
1293,3110968,2032,0,1
1294,3112969,2019,0,1
1295,3114968,2021,0,1
1296,3116968,2027,0,1
1297,3118968,2029,0,1
1298,3120968,2025,0,1
1299,3122968,2039,1,1
1300,3124968,2009,1,1
1301,3126968,2029,0,1
1302,3128968,2012,0,1
1303,3130968,2021,0,1
1304,3132968,2024,0,1
1305,3134968,2019,0,1
1306,3136968,2026,0,1
1307,3138968,2029,0,1
1308,3140968,2022,0,1
1309,3142968,2037,1,1
1310,3144968,2014,1,1
1311,3146968,2025,0,1
1312,3148968,1992,0,1
1313,3150968,2008,0,1
1314,3152969,2023,0,1
1315,3154968,2025,0,1
1316,3156968,2053,0,1
1317,3158968,2036,0,1
1318,3160968,2038,0,1
1319,3162968,2055,1,1
1320,3164968,2007,1,1
1321,3166968,2001,0,1
1322,3168968,1992,0,1
1323,3170968,1998,0,1
1324,3172968,2009,0,1
1325,3174968,2030,0,1
1326,3176968,2052,0,1
1327,3178968,2039,0,1
1328,3180968,2035,0,1
1329,3182968,2023,1,1
1330,3184968,2011,1,1
1331,3186968,2023,0,1
1332,3188968,2024,0,1
1333,3190968,2026,0,1
1334,3192969,2026,0,1
1335,3194968,2028,0,1
1336,3196968,2037,0,1
1337,3198968,2038,0,1
1338,3200968,2035,0,1
1339,3202968,2036,1,1
1340,3204968,2009,1,1
1341,3206968,2037,0,1
1342,3208968,2023,0,1
1343,3210968,2027,0,1
1344,3212968,2023,0,1
1345,3214968,2020,0,1
1346,3216968,2040,0,1
1347,3218968,2036,0,1
1348,3220968,2037,0,1
1349,3222968,2037,1,1
1350,3224968,2012,1,1
1351,3226968,1974,0,1
1352,3228968,1955,0,1
1353,3230968,1950,0,1
1354,3232969,1978,0,1
1355,3234968,1992,0,1
1356,3236968,2025,0,1
1357,3238968,2043,0,1
1358,3240968,2065,0,1
1359,3242968,2055,1,1
1360,3244968,2059,1,1
1361,3246968,2281,0,1
1362,3248968,2445,0,1
1363,3250968,2447,0,1
1364,3252968,2336,0,1
1365,3254968,2187,0,1
1366,3256968,2067,0,1
1367,3258968,2003,0,1
1368,3260968,1955,0,1
1369,3262968,1949,1,1
1370,3264968,1931,1,1
1371,3266968,1791,0,1
1372,3268968,1663,0,1
1373,3270968,1699,0,1
1374,3272969,1801,0,1
1375,3274968,1912,0,1
1376,3276968,2015,0,1
1377,3278968,2087,0,1
1378,3280968,2119,0,1
1379,3282968,2120,1,1
1380,3284968,2079,1,1
1381,3286968,2055,0,1
1382,3288968,1977,0,1
1383,3290968,1963,0,1
1384,3292968,1979,0,1
1385,3294968,1992,0,1
1386,3296968,2008,0,1
1387,3298968,2035,0,1
1388,3300968,2038,0,1
1389,3302968,2053,1,1
1390,3304968,2065,1,1
1391,3306968,2075,0,1
1392,3308968,1988,0,1
1393,3310968,1937,0,1
1394,3312969,1947,0,1
1395,3314968,1956,0,1
1396,3316968,1983,0,1
1397,3318968,2026,0,1
1398,3320968,2044,0,1
1399,3322968,2042,1,1
1400,3324968,2025,1,1
1401,3326968,2031,0,1
1402,3328968,2027,0,1
1403,3330968,2023,0,1
1404,3332968,2015,0,1
1405,3334968,2023,0,1
1406,3336968,2034,0,1
1407,3338968,2043,0,1
1408,3340968,2035,0,1
1409,3342968,2019,1,1
1410,3344968,2003,1,1
1411,3346968,2011,0,1
1412,3348968,2004,0,1
1413,3350968,2013,0,1
1414,3352969,2035,0,1
1415,3354968,2025,0,1
1416,3356968,2035,0,1
1417,3358968,2035,0,1
1418,3360968,2041,0,1
1419,3362968,2024,1,1
1420,3364968,2201,1,1
1421,3366968,2540,0,1
1422,3368968,2686,0,1
1423,3370968,2613,0,1
1424,3372968,2407,0,1
1425,3374968,2196,0,1
1426,3376968,2022,0,1
1427,3378968,1941,0,1
1428,3380968,1906,0,1
1429,3382968,1925,1,1
1430,3384968,1966,1,1
1431,3386968,2023,0,1
1432,3388968,2060,0,1
1433,3390968,2068,0,1
1434,3392968,2073,0,1
1435,3394968,2059,0,1
1436,3396968,2039,0,1
1437,3398968,2035,0,1
1438,3400968,2023,0,1
1439,3402968,2023,1,1
1440,3404968,1997,1,1
1441,3406968,1989,0,1
1442,3408968,1958,0,1
1443,3410968,1966,0,1
1444,3412968,1995,0,1
1445,3414968,2013,0,1
1446,3416968,2035,0,1
1447,3418968,2045,0,1
1448,3420968,2041,0,1
1449,3422968,2057,1,1
1450,3424968,2019,1,1
1451,3426968,2026,0,1
1452,3428968,1981,0,1
1453,3430968,1974,0,1
1454,3432968,2003,0,1
1455,3434968,2008,0,1
1456,3436968,2023,0,1
1457,3438968,2037,0,1
1458,3440968,2035,0,1
1459,3442968,2023,1,1
1460,3444968,1981,1,1
1461,3446968,1991,0,1
1462,3448968,1980,0,1
1463,3450968,1988,0,1
1464,3452968,1997,0,1
1465,3454968,2019,0,1
1466,3456968,2035,0,1
1467,3458968,2045,0,1
1468,3460968,2040,0,1
1469,3462968,2041,1,1
1470,3464968,2021,1,1
1471,3466968,2012,0,1
1472,3468968,2007,0,1
1473,3470968,2011,0,1
1474,3472968,2023,0,1
1475,3474968,2011,0,1
1476,3476968,2031,0,1
1477,3478968,2043,0,1
1478,3480968,2031,0,1
1479,3482968,2023,1,1
1480,3484968,2042,1,1
1481,3486968,2025,0,1
1482,3488968,2025,0,1
1483,3490968,1997,0,1
1484,3492968,2013,0,1
1485,3494968,2020,0,1
1486,3496968,2020,0,1
1487,3498968,2035,0,1
1488,3500968,2038,0,1
1489,3502968,2025,1,1
1490,3504968,2020,1,1
1491,3506968,2012,0,1
1492,3508968,1947,0,1
1493,3510968,1931,0,1
1494,3512968,1931,0,1
1495,3514968,1960,0,1
1496,3516968,2007,0,1
1497,3518968,2028,0,1
1498,3520968,2043,0,1
1499,3522968,2042,1,1
1500,3524968,2039,1,1
1501,3526968,2057,0,1
1502,3528968,2041,0,1
1503,3530968,2025,0,1
1504,3532968,2013,0,1
1505,3534968,2026,0,1
1506,3536968,2023,0,1
1507,3538968,2025,0,1
1508,3540968,2031,0,1
1509,3542968,2005,1,1
1510,3544968,2027,1,1
1511,3546968,2031,0,1
1512,3548968,1999,0,1
1513,3550968,1993,0,1
1514,3552968,1999,0,1
1515,3554968,1981,0,1
1516,3556968,2041,0,1
1517,3558968,2021,0,1
1518,3560968,2043,0,1
1519,3562968,2020,1,1
1520,3564968,2019,1,1
1521,3566968,2003,0,1
1522,3568968,1966,0,1
1523,3570968,1981,0,1
1524,3572968,2005,0,1
1525,3574968,2024,0,1
1526,3576968,2010,0,1
1527,3578968,2037,0,1
1528,3580968,2054,0,1
1529,3582968,2035,1,1
1530,3584968,2013,1,1
1531,3586968,2029,0,1
1532,3588968,2005,0,1
1533,3590968,2009,0,1
1534,3592968,2010,0,1
1535,3594968,2010,0,1
1536,3596968,2036,0,1
1537,3598968,2030,0,1
1538,3600968,2038,0,1
1539,3602968,2041,1,1
1540,3604968,2037,1,1
1541,3606968,2070,0,1
1542,3608968,2043,0,1
1543,3610968,2027,0,1
1544,3612968,2031,0,1
1545,3614968,2019,0,1
1546,3616968,2026,0,1
1547,3618968,2042,0,1
1548,3620968,2037,0,1
1549,3622968,2021,1,1
1550,3624968,2056,1,1
1551,3626968,2075,0,1
1552,3628968,2072,0,1
1553,3630968,2057,0,1
1554,3632968,2037,0,1
1555,3634968,2035,0,1
1556,3636968,2029,0,1
1557,3638968,2027,0,1
1558,3640968,2014,0,1
1559,3642968,2029,1,1
1560,3644968,2027,1,1
1561,3646968,2054,0,1
1562,3648968,2043,0,1
1563,3650968,2029,0,1
1564,3652968,2027,0,1
1565,3654968,2022,0,1
1566,3656968,2037,0,1
1567,3658968,2027,0,1
1568,3660968,2026,0,1
1569,3662968,2018,1,1
1570,3664968,2028,1,1
1571,3666968,2077,0,1
1572,3668968,2065,0,1
1573,3670968,2057,0,1
1574,3672968,2057,0,1
1575,3674968,2039,0,1
1576,3676968,2039,0,1
1577,3678968,2019,0,1
1578,3680968,2017,0,1
1579,3682968,2019,1,1
1580,3684968,2015,1,1
1581,3686968,2071,0,1
1582,3688968,2072,0,1
1583,3690968,2063,0,1
1584,3692968,2067,0,1
1585,3694968,2029,0,1
1586,3696968,2031,0,1
1587,3698968,2035,0,1
1588,3700968,2027,0,1
1589,3702968,2014,1,1
1590,3704968,2022,1,1
1591,3706968,2056,0,1
1592,3708968,2044,0,1
1593,3710968,2041,0,1
1594,3712968,2029,0,1
1595,3714968,2025,0,1
1596,3716968,2027,0,1
1597,3718968,2037,0,1
1598,3720968,2024,0,1
1599,3722968,2013,1,1
1600,3724968,2054,1,1
1601,3726968,2065,0,1
1602,3728968,2056,0,1
1603,3730968,2039,0,1
1604,3732968,2039,0,1
1605,3734968,2019,0,1
1606,3736968,2015,0,1
1607,3738968,2027,0,1
1608,3740968,2022,0,1
1609,3742968,2021,1,1
1610,3744968,2015,1,1
1611,3746968,2005,0,1
1612,3748968,1998,0,1
1613,3750968,1997,0,1
1614,3752968,2023,0,1
1615,3754968,2018,0,1
1616,3756968,2025,0,1
1617,3758968,2037,0,1
1618,3760968,2043,0,1
1619,3762968,2021,1,1
1620,3764968,2031,1,1
1621,3766968,2045,0,1
1622,3768968,2059,0,1
1623,3770968,2057,0,1
1624,3772968,2029,0,1
1625,3774968,2027,0,1
1626,3776968,2037,0,1
1627,3778968,2029,0,1
1628,3780968,2029,0,1
1629,3782968,2005,1,1
1630,3784968,2021,1,1
1631,3786968,2107,0,1
1632,3788968,2137,0,1
1633,3790968,2130,0,1
1634,3792968,2095,0,1
1635,3794968,2069,0,1
1636,3796968,2053,0,1
1637,3798968,2008,0,1
1638,3800968,2005,0,1
1639,3802968,1996,1,1
1640,3804968,1997,1,1
1641,3806968,2055,0,1
1642,3808968,2069,0,1
1643,3810968,2079,0,1
1644,3812968,2076,0,1
1645,3814968,2055,0,1
1646,3816968,2055,0,1
1647,3818968,2037,0,1
1648,3820968,2031,0,1
1649,3822968,2020,1,1
1650,3824968,2013,1,1
1651,3826968,2035,0,1
1652,3828968,2055,0,1
1653,3830968,2044,0,1
1654,3832968,2045,0,1
1655,3834968,2028,0,1
1656,3836968,2037,0,1
1657,3838968,2029,0,1
1658,3840968,2024,0,1
1659,3842968,2003,1,1
1660,3844968,2019,1,1
1661,3846968,2037,0,1
1662,3848968,2034,0,1
1663,3850968,2031,0,1
1664,3852968,2023,0,1
1665,3854968,2011,0,1
1666,3856968,2023,0,1
1667,3858968,2027,0,1
1668,3860968,2038,0,1
1669,3862968,2021,1,1
1670,3864968,2040,1,1
1671,3866968,2093,0,1
1672,3868968,2103,0,1
1673,3870968,2101,0,1
1674,3872968,2072,0,1
1675,3874968,2054,0,1
1676,3876968,2029,0,1
1677,3878968,2019,0,1
1678,3880968,2012,0,1
1679,3882968,2073,1,1
1680,3884968,2386,1,1
1681,3886968,2741,0,1
1682,3888968,2796,0,1
1683,3890968,2633,0,1
1684,3892968,2373,0,1
1685,3894968,2133,0,1
1686,3896968,1973,0,1
1687,3898968,1902,0,1
1688,3900968,1883,0,1
1689,3902968,1897,1,1
1690,3904968,1964,1,1
1691,3906968,2041,0,1
1692,3908968,2088,0,1
1693,3910968,2108,0,1
1694,3912968,2100,0,1
1695,3914968,2067,0,1
1696,3916968,2045,0,1
1697,3918968,2027,0,1
1698,3920968,2022,0,1
1699,3922968,2005,1,1
1700,3924968,2039,1,1
1701,3926968,2079,0,1
1702,3928968,2079,0,1
1703,3930968,2079,0,1
1704,3932968,2055,0,1
1705,3934968,2036,0,1
1706,3936968,2037,0,1
1707,3938968,2013,0,1
1708,3940968,2024,0,1
1709,3942968,2019,1,1
1710,3944968,2029,1,1
1711,3946968,2025,0,1
1712,3948968,2035,0,1
1713,3950968,2035,0,1
1714,3952968,2025,0,1
1715,3954968,2029,0,1
1716,3956968,2035,0,1
1717,3958968,2031,0,1
1718,3960968,2038,0,1
1719,3962968,2029,1,1
1720,3964968,2195,1,1
1721,3966968,2419,0,1
1722,3968968,2492,0,1
1723,3970968,2414,0,1
1724,3972968,2265,0,1
1725,3974968,2121,0,1
1726,3976968,2019,0,1
1727,3978968,1958,0,1
1728,3980968,1930,0,1
1729,3982968,1943,1,1
1730,3984968,1902,1,1
1731,3986968,1787,0,1
1732,3988968,1781,0,1
1733,3990968,1824,0,1
1734,3992968,1913,0,1
1735,3994968,1995,0,1
1736,3996968,2065,0,1
1737,3998968,2088,0,1
1738,4000968,2093,0,1
1739,4002968,2069,1,1
1740,4004968,2063,1,1
1741,4006968,2045,0,1
1742,4008968,2039,0,1
1743,4010968,2028,0,1
1744,4012968,2024,0,1
1745,4014968,2028,0,1
1746,4016968,2021,0,1
1747,4018968,2021,0,1
1748,4020968,2029,0,1
1749,4022968,2027,1,1
1750,4024968,2040,1,1
1751,4026968,2077,0,1
1752,4028968,2071,0,1
1753,4030968,2070,0,1
1754,4032968,2044,0,1
1755,4034968,2040,0,1
1756,4036968,2027,0,1
1757,4038968,2021,0,1
1758,4040968,2013,0,1
1759,4042968,2008,1,1
1760,4044968,2065,1,1
1761,4046968,2085,0,1
1762,4048968,2085,0,1
1763,4050968,2072,0,1
1764,4052968,2053,0,1
1765,4054968,2035,0,1
1766,4056968,2025,0,1
1767,4058968,2019,0,1
1768,4060968,2023,0,1
1769,4062968,2019,1,1
1770,4064968,2075,1,1
1771,4066968,2103,0,1
1772,4068968,2105,0,1
1773,4070968,2089,0,1
1774,4072968,2069,0,1
1775,4074968,2044,0,1
1776,4076968,2035,0,1
1777,4078968,2015,0,1
1778,4080968,2023,0,1
1779,4082968,2027,1,1
1780,4084968,2058,1,1
1781,4086968,2071,0,1
1782,4088968,2075,0,1
1783,4090968,2055,0,1
1784,4092968,2039,0,1
1785,4094968,2026,0,1
1786,4096968,2035,0,1
1787,4098968,2019,0,1
1788,4100968,2021,0,1
1789,4102968,2007,1,1
1790,4104968,2019,1,1
1791,4106968,2069,0,1
1792,4108968,2075,0,1
1793,4110968,2056,0,1
1794,4112968,2056,0,1
1795,4114968,2053,0,1
1796,4116968,2037,0,1
1797,4118968,2024,0,1
1798,4120968,2031,0,1
1799,4122968,2005,1,1
1800,4124968,2063,1,1
1801,4126968,2083,0,1
1802,4128968,2090,0,1
1803,4130968,2074,0,1
1804,4132968,2043,0,1
1805,4134968,2035,0,1
1806,4136968,2022,0,1
1807,4138968,2023,0,1
1808,4140968,2019,0,1
1809,4142968,1997,1,1
1810,4144968,2053,1,1
1811,4146968,2060,0,1
1812,4148968,2072,0,1
1813,4150968,2067,0,1
1814,4152968,2056,0,1
1815,4154968,2029,0,1
1816,4156968,2030,0,1
1817,4158968,2023,0,1
1818,4160968,2020,0,1
1819,4162968,2007,1,1
1820,4164968,2029,1,1
1821,4166968,2079,0,1
1822,4168968,2090,0,1
1823,4170968,2079,0,1
1824,4172968,2065,0,1
1825,4174968,2037,0,1
1826,4176968,2035,0,1
1827,4178968,2018,0,1
1828,4180968,2023,0,1
1829,4182968,2022,1,1
1830,4184968,2075,1,1
1831,4186968,2127,0,1
1832,4188968,2135,0,1
1833,4190968,2117,0,1
1834,4192968,2069,0,1
1835,4194968,2035,0,1
1836,4196968,2026,0,1
1837,4198968,2019,0,1
1838,4200968,2011,0,1
1839,4202968,2003,1,1
1840,4204968,2072,1,1
1841,4206968,2101,0,1
1842,4208968,2105,0,1
1843,4210968,2084,0,1
1844,4212968,2065,0,1
1845,4214968,2032,0,1
1846,4216968,2024,0,1
1847,4218968,2009,0,1
1848,4220968,2009,0,1
1849,4222968,2012,1,1
1850,4224968,2056,1,1
1851,4226968,2095,0,1
1852,4228968,2099,0,1
1853,4230968,2085,0,1
1854,4232968,2063,0,1
1855,4234968,2030,0,1
1856,4236968,2027,0,1
1857,4238968,2020,0,1
1858,4240968,2024,0,1
1859,4242968,2005,1,1
1860,4244968,2040,1,1
1861,4246968,2060,0,1
1862,4248968,2077,0,1
1863,4250968,2065,0,1
1864,4252968,2055,0,1
1865,4254968,2040,0,1
1866,4256968,2039,0,1
1867,4258968,2029,0,1
1868,4260968,2030,0,1
1869,4262968,2013,1,1
1870,4264968,2071,1,1
1871,4266968,2100,0,1
1872,4268968,2099,0,1
1873,4270968,2085,0,1
1874,4272968,2054,0,1
1875,4274968,2032,0,1
1876,4276968,2029,0,1
1877,4278968,2019,0,1
1878,4280968,2015,0,1
1879,4282968,2007,1,1
1880,4284968,2065,1,1
1881,4286968,2078,0,1
1882,4288968,2078,0,1
1883,4290968,2073,0,1
1884,4292968,2040,0,1
1885,4294968,2029,0,1
1886,4296968,2025,0,1
1887,4298968,2021,0,1
1888,4300968,2022,0,1
1889,4302968,2012,1,1
1890,4304968,2057,1,1
1891,4306968,2091,0,1
1892,4308968,2089,0,1
1893,4310968,2077,0,1
1894,4312968,2065,0,1
1895,4314968,2031,0,1
1896,4316968,2031,0,1
1897,4318968,2013,0,1
1898,4320968,2024,0,1
1899,4322968,2007,1,1
1900,4324968,2040,1,1
1901,4326968,2088,0,1
1902,4328968,2095,0,1
1903,4330968,2095,0,1
1904,4332968,2059,0,1
1905,4334968,2037,0,1
1906,4336968,2040,0,1
1907,4338968,2019,0,1
1908,4340968,2024,0,1
1909,4342968,2011,1,1
1910,4344968,2059,1,1
1911,4346968,2106,0,1
1912,4348968,2091,0,1
1913,4350968,2075,0,1
1914,4352968,2056,0,1
1915,4354968,2029,0,1
1916,4356968,2028,0,1
1917,4358968,2024,0,1
1918,4360968,2019,0,1
1919,4362968,1997,1,1
1920,4364968,2037,1,1
1921,4366968,2073,0,1
1922,4368968,2083,0,1
1923,4370968,2075,0,1
1924,4372968,2063,0,1
1925,4374968,2038,0,1
1926,4376968,2039,0,1
1927,4378968,2024,0,1
1928,4380968,2031,0,1
1929,4382968,2019,1,1
1930,4384968,2074,1,1
1931,4386968,2107,0,1
1932,4388968,2103,0,1
1933,4390968,2088,0,1
1934,4392968,2056,0,1
1935,4394968,2031,0,1
1936,4396968,2025,0,1
1937,4398968,2010,0,1
1938,4400968,2019,0,1
1939,4402968,2011,1,1
1940,4404968,2025,0,1
1941,4406968,2065,0,1
1942,4408968,2066,0,1
1943,4410968,2067,0,1
1944,4412968,2042,0,1
1945,4414968,2037,0,1
1946,4416968,2040,0,1
1947,4418968,2023,0,1
1948,4420968,2027,0,1
1949,4422968,2037,1,1
1950,4424968,2068,0,1
1951,4426968,2079,0,1
1952,4428968,2079,0,1
1953,4430968,2075,0,1
1954,4432968,2039,0,1
1955,4434968,2035,0,1
1956,4436968,2027,0,1
1957,4438968,2019,0,1
1958,4440968,2029,0,1
1959,4442968,2020,1,1
1960,4444968,2041,0,1
1961,4446968,2083,0,1
1962,4448968,2078,0,1
1963,4450968,2076,0,1
1964,4452968,2060,0,1
1965,4454968,2043,0,1
1966,4456968,2040,0,1
1967,4458968,2026,0,1
1968,4460968,2030,0,1
1969,4462968,2001,1,1
1970,4464968,2058,0,1
1971,4466968,2041,0,1
1972,4468968,2063,0,1
1973,4470968,2055,0,1
1974,4472968,2042,0,1
1975,4474968,2031,0,1
1976,4476968,2035,0,1
1977,4478968,2027,0,1
1978,4480968,2029,0,1
1979,4482968,2053,1,1
1980,4484968,2089,0,1
1981,4486968,2103,0,1
1982,4488968,2098,0,1
1983,4490968,2077,0,1
1984,4492968,2039,0,1
1985,4494968,2030,0,1
1986,4496968,2025,0,1
1987,4498968,2019,0,1
1988,4500968,2039,0,1
1989,4502968,2028,1,1
1990,4504968,2042,0,1
1991,4506968,2039,0,1
1992,4508968,2045,0,1
1993,4510968,2059,0,1
1994,4512968,2040,0,1
1995,4514968,2039,0,1
1996,4516968,2035,0,1
1997,4518968,2029,0,1
1998,4520968,2036,1,1
1999,4522968,2031,1,1
2000,4524968,2089,0,1
2001,4526968,2111,0,1
2002,4528968,2115,0,1
2003,4530968,2087,0,1
2004,4532968,2059,0,1
2005,4534968,2039,0,1
2006,4536968,2024,0,1
2007,4538968,2012,0,1
2008,4540968,2031,1,1
2009,4542968,2019,1,1
2010,4544968,2099,0,1
2011,4546968,2119,0,1
2012,4548968,2125,0,1
2013,4550968,2107,0,1
2014,4552968,2063,0,1
2015,4554968,2031,0,1
2016,4556968,2029,0,1
2017,4558968,2011,0,1
2018,4560968,2006,1,1
2019,4562968,2023,1,1
2020,4564968,2093,0,1
2021,4566968,2109,0,1
2022,4568968,2110,0,1
2023,4570968,2091,0,1
2024,4572968,2057,0,1
2025,4574968,2036,0,1
2026,4576968,2027,0,1
2027,4578968,2021,0,1
2028,4580968,2019,1,1
2029,4582968,2024,1,1
2030,4584968,2078,0,1
2031,4586968,2106,0,1
2032,4588968,2103,0,1
2033,4590968,2093,0,1
2034,4592968,2056,0,1
2035,4594968,2042,0,1
2036,4596968,2029,0,1
2037,4598968,2018,0,1
2038,4600968,2028,1,1
2039,4602968,2020,1,1
2040,4604968,2076,0,1
2041,4606968,2101,0,1
2042,4608968,2091,0,1
2043,4610968,2076,0,1
2044,4612968,2043,0,1
2045,4614968,2041,0,1
2046,4616968,2024,0,1
2047,4618968,2025,0,1
2048,4620968,2020,1,1
2049,4622968,2005,1,1
2050,4624968,2057,0,1
2051,4626968,2071,0,1
2052,4628968,2077,0,1
2053,4630968,2069,0,1
2054,4632968,2055,0,1
2055,4634968,2039,0,1
2056,4636968,2028,0,1
2057,4638968,2022,0,1
2058,4640968,2029,1,1
2059,4642968,2023,1,1
2060,4644968,2075,0,1
2061,4646968,2087,0,1
2062,4648968,2079,0,1
2063,4650968,2069,0,1
2064,4652968,2055,0,1
2065,4654968,2040,0,1
2066,4656968,2035,0,1
2067,4658968,2019,0,1
2068,4660968,2019,1,1
2069,4662968,2020,1,1
2070,4664968,2037,0,1
2071,4666968,2031,0,1
2072,4668968,2031,0,1
2073,4670968,2031,0,1
2074,4672968,2029,0,1
2075,4674968,2021,0,1
2076,4676968,2029,0,1
2077,4678968,2031,0,1
2078,4680968,2035,1,1
2079,4682968,2089,1,1
2080,4684968,2374,0,1
2081,4686968,2553,0,1
2082,4688968,2535,0,1
2083,4690968,2397,0,1
2084,4692968,2207,0,1
2085,4694968,2063,0,1
2086,4696968,1976,0,1
2087,4698968,1941,0,1
2088,4700968,1934,1,1
2089,4702968,1935,1,1
2090,4704968,1829,0,1
2091,4706968,1770,0,1
2092,4708968,1800,0,1
2093,4710968,1868,0,1
2094,4712968,1944,0,1
2095,4714968,2018,0,1
2096,4716968,2085,0,1
2097,4718968,2094,0,1
2098,4720968,2084,1,1
2099,4722968,2025,1,1
2100,4724968,2029,0,1
2101,4726968,2031,0,1
2102,4728968,2029,0,1
2103,4730968,2031,0,1
2104,4732968,2029,0,1
2105,4734968,2026,0,1
2106,4736968,2029,0,1
2107,4738968,2037,0,1
2108,4740968,2021,1,1
2109,4742968,2025,1,1
2110,4744968,2063,0,1
2111,4746968,2065,0,1
2112,4748968,2069,0,1
2113,4750968,2067,0,1
2114,4752968,2037,0,1
2115,4754968,2026,0,1
2116,4756968,2029,0,1
2117,4758968,2024,0,1
2118,4760968,2029,1,1
2119,4762968,2024,1,1
2120,4764968,2063,0,1
2121,4766968,2070,0,1
2122,4768968,2065,0,1
2123,4770968,2059,0,1
2124,4772968,2038,0,1
2125,4774968,2023,0,1
2126,4776968,2036,0,1
2127,4778968,2019,0,1
2128,4780968,2031,1,1
2129,4782968,2012,1,1
2130,4784968,2043,0,1
2131,4786968,2069,0,1
2132,4788968,2073,0,1
2133,4790968,2065,0,1
2134,4792968,2041,0,1
2135,4794968,2023,0,1
2136,4796968,2025,0,1
2137,4798968,2023,0,1
2138,4800968,2009,1,1
2139,4802968,2041,1,1
2140,4804968,2089,0,1
2141,4806968,2107,0,1
2142,4808968,2100,0,1
2143,4810968,2084,0,1
2144,4812968,2039,0,1
2145,4814968,2023,0,1
2146,4816968,2021,0,1
2147,4818968,2008,0,1
2148,4820968,2015,1,1
2149,4822968,2014,1,1
2150,4824968,2072,0,1
2151,4826968,2094,0,1
2152,4828968,2095,0,1
2153,4830968,2083,0,1
2154,4832968,2065,0,1
2155,4834968,2032,0,1
2156,4836968,2020,0,1
2157,4838968,2013,0,1
2158,4840968,2009,1,1
2159,4842968,2011,1,1
2160,4844968,2045,0,1
2161,4846968,2071,0,1
2162,4848968,2087,0,1
2163,4850968,2075,0,1
2164,4852968,2056,0,1
2165,4854968,2035,0,1
2166,4856968,2035,0,1
2167,4858968,2020,0,1
2168,4860968,2006,1,1
2169,4862968,2037,1,1
2170,4864968,2079,0,1
2171,4866968,2107,0,1
2172,4868968,2101,0,1
2173,4870968,2076,0,1
2174,4872968,2055,0,1
2175,4874968,2029,0,1
2176,4876968,2022,0,1
2177,4878968,2010,0,1
2178,4880968,2005,1,1
2179,4882968,2059,1,1
2180,4884968,2105,0,1
2181,4886968,2131,0,1
2182,4888968,2121,0,1
2183,4890968,2091,0,1
2184,4892968,2065,0,1
2185,4894968,2029,0,1
2186,4896968,2021,0,1
2187,4898968,2007,0,1
2188,4900968,2011,1,1
2189,4902968,2029,1,1
2190,4904968,2089,0,1
2191,4906968,2111,0,1
2192,4908968,2107,0,1
2193,4910968,2075,0,1
2194,4912968,2055,0,1
2195,4914968,2037,0,1
2196,4916968,2026,0,1
2197,4918968,2019,0,1
2198,4920968,2007,1,1
2199,4922968,2041,1,1
2200,4924968,2079,0,1
2201,4926968,2089,0,1
2202,4928968,2079,0,1
2203,4930968,2073,0,1
2204,4932968,2043,0,1
2205,4934968,2020,0,1
2206,4936968,2029,0,1
2207,4938968,2011,0,1
2208,4940968,2027,1,1
2209,4942968,2075,1,1
2210,4944968,2109,0,1
2211,4946968,2131,0,1
2212,4948968,2116,0,1
2213,4950968,2087,0,1
2214,4952968,2044,0,1
2215,4954968,2020,0,1
2216,4956968,2014,0,1
2217,4958968,2007,0,1
2218,4960968,2007,1,1
2219,4962968,2022,1,1
2220,4964968,2069,0,1
2221,4966968,2070,0,1
2222,4968968,2073,0,1
2223,4970968,2059,0,1
2224,4972968,2041,0,1
2225,4974968,2031,0,1
2226,4976968,2031,0,1
2227,4978968,2021,0,1
2228,4980968,2014,1,1
2229,4982968,2053,1,1
2230,4984968,2077,0,1
2231,4986968,2102,0,1
2232,4988968,2089,0,1
2233,4990968,2084,0,1
2234,4992968,2053,0,1
2235,4994968,2030,0,1
2236,4996968,2024,0,1
2237,4998968,2015,0,1
2238,5000968,2003,1,1
2239,5002968,2011,1,1
2240,5004968,2054,0,1
2241,5006968,2067,0,1
2242,5008968,2076,0,1
2243,5010968,2063,0,1
2244,5012968,2045,0,1
2245,5014968,2031,0,1
2246,5016968,2029,0,1
2247,5018968,2027,0,1
2248,5020968,2023,1,1
2249,5022968,2028,1,1
2250,5024968,2083,0,1
2251,5026968,2121,0,1
2252,5028968,2108,0,1
2253,5030968,2085,0,1
2254,5032968,2063,0,1
2255,5034968,2041,0,1
2256,5036968,2023,0,1
2257,5038968,2011,0,1
2258,5040968,2017,1,1
2259,5042968,2043,1,1
2260,5044968,2101,0,1
2261,5046968,2112,0,1
2262,5048968,2106,0,1
2263,5050968,2083,0,1
2264,5052968,2057,0,1
2265,5054968,2030,0,1
2266,5056968,2020,0,1
2267,5058968,2009,0,1
2268,5060968,2018,1,1
2269,5062968,2041,1,1
2270,5064968,2085,0,1
2271,5066968,2094,0,1
2272,5068968,2101,0,1
2273,5070968,2071,0,1
2274,5072968,2055,0,1
2275,5074968,2029,0,1
2276,5076968,2023,0,1
2277,5078968,2021,0,1
2278,5080968,2007,1,1
2279,5082968,2038,1,1
2280,5084968,2085,0,1
2281,5086968,2093,0,1
2282,5088968,2087,0,1
2283,5090968,2069,0,1
2284,5092968,2058,0,1
2285,5094968,2029,0,1
2286,5096968,2024,0,1
2287,5098968,2019,0,1
2288,5100968,2012,1,1
2289,5102968,1993,1,1
2290,5104968,2011,0,1
2291,5106968,2023,0,1
2292,5108968,2035,0,1
2293,5110968,2043,0,1
2294,5112968,2041,0,1
2295,5114968,2053,0,1
2296,5116968,2035,0,1
2297,5118968,2037,0,1
2298,5120968,2029,1,1
2299,5122968,2059,1,1
2300,5124968,2077,0,1
2301,5126968,2075,0,1
2302,5128968,2063,0,1
2303,5130968,2045,0,1
2304,5132968,2025,0,1
2305,5134968,2030,0,1
2306,5136968,2023,0,1
2307,5138968,2020,0,1
2308,5140968,2021,1,1
2309,5142968,2052,1,1
2310,5144968,2079,0,1
2311,5146968,2087,0,1
2312,5148968,2079,0,1
2313,5150968,2055,0,1
2314,5152968,2041,0,1
2315,5154968,2028,0,1
2316,5156968,2025,0,1
2317,5158968,2021,0,1
2318,5160968,2012,1,1
2319,5162968,2009,1,1
2320,5164968,2043,0,1
2321,5166968,2059,0,1
2322,5168968,2059,0,1
2323,5170968,2053,0,1
2324,5172968,2041,0,1
2325,5174968,2037,0,1
2326,5176968,2029,0,1
2327,5178968,2027,0,1
2328,5180968,2007,1,1
2329,5182968,2031,1,1
2330,5184968,2067,0,1
2331,5186968,2079,0,1
2332,5188968,2079,0,1
2333,5190968,2054,0,1
2334,5192968,2039,0,1
2335,5194968,2040,0,1
2336,5196968,2029,0,1
2337,5198968,2017,0,1
2338,5200968,2027,1,1
2339,5202968,2065,1,1
2340,5204968,2099,0,1
2341,5206968,2103,0,1
2342,5208968,2090,0,1
2343,5210968,2076,0,1
2344,5212968,2035,0,1
2345,5214968,2015,0,1
2346,5216968,2019,0,1
2347,5218968,2019,0,1
2348,5220968,2007,1,1
2349,5222968,2029,1,1
2350,5224968,2072,0,1
2351,5226968,2087,0,1
2352,5228968,2079,0,1
2353,5230968,2059,0,1
2354,5232968,2038,0,1
2355,5234968,2036,0,1
2356,5236968,2018,0,1
2357,5238968,2019,0,1
2358,5240968,2010,1,1
2359,5242968,2055,1,1
2360,5244968,2107,0,1
2361,5246968,2119,0,1
2362,5248968,2104,0,1
2363,5250968,2079,0,1
2364,5252968,2045,0,1
2365,5254968,2023,0,1
2366,5256968,2011,0,1
2367,5258968,2011,0,1
2368,5260968,1993,1,1
2369,5262968,2032,1,1
2370,5264968,2077,0,1
2371,5266968,2091,0,1
2372,5268968,2086,0,1
2373,5270968,2066,0,1
2374,5272968,2055,0,1
2375,5274968,2031,0,1
2376,5276968,2027,0,1
2377,5278968,2021,0,1
2378,5280968,2010,1,1
2379,5282968,2054,1,1
2380,5284968,2099,0,1
2381,5286968,2107,0,1
2382,5288968,2101,0,1
2383,5290968,2072,0,1
2384,5292968,2039,0,1
2385,5294968,2023,0,1
2386,5296968,2018,0,1
2387,5298968,2015,0,1
2388,5300968,2011,1,1
2389,5302968,2028,1,1
2390,5304968,2089,0,1
2391,5306968,2103,0,1
2392,5308968,2084,0,1
2393,5310968,2057,0,1
2394,5312968,2035,0,1
2395,5314968,2034,0,1
2396,5316968,2024,0,1
2397,5318968,2010,0,1
2398,5320968,1994,1,1
2399,5322968,2015,1,1
2400,5324968,2040,0,1
2401,5326968,2069,0,1
2402,5328968,2072,0,1
2403,5330968,2055,0,1
2404,5332968,2040,0,1
2405,5334968,2040,0,1
2406,5336968,2021,0,1
2407,5338968,2019,0,1
2408,5340968,2028,1,1
2409,5342968,2083,1,1
2410,5344968,2101,0,1
2411,5346968,2104,0,1
2412,5348968,2089,0,1
2413,5350968,2060,0,1
2414,5352968,2031,0,1
2415,5354968,2024,0,1
2416,5356968,2020,0,1
2417,5358968,2011,0,1
2418,5360968,2004,1,1
2419,5362968,2005,1,1
2420,5364968,1995,0,1
2421,5366968,2005,0,1
2422,5368968,2005,0,1
2423,5370968,2021,0,1
2424,5372968,2031,0,1
2425,5374968,2037,0,1
2426,5376968,2041,0,1
2427,5378968,2055,0,1
2428,5380968,2065,1,1
2429,5382968,2245,1,1
2430,5384968,2487,0,1
2431,5386968,2547,0,1
2432,5388968,2451,0,1
2433,5390968,2284,0,1
2434,5392968,2119,0,1
2435,5394968,2008,0,1
2436,5396968,1939,0,1
2437,5398968,1927,0,1
2438,5400968,1928,1,1
2439,5402968,1900,1,1
2440,5404968,1779,0,1
2441,5406968,1758,0,1
2442,5408968,1821,0,1
2443,5410968,1899,0,1
2444,5412968,1991,0,1
2445,5414968,2057,0,1
2446,5416968,2089,0,1
2447,5418968,2105,0,1
2448,5420968,2077,1,1
2449,5422968,2067,1,1
2450,5424968,2056,0,1
2451,5426968,2031,0,1
2452,5428968,2024,0,1
2453,5430968,2011,0,1
2454,5432968,2011,0,1
2455,5434968,2024,0,1
2456,5436968,2025,0,1
2457,5438968,2029,0,1
2458,5440968,2015,1,1
2459,5442968,2076,1,1
2460,5444968,2111,0,1
2461,5446968,2117,0,1
2462,5448968,2089,0,1
2463,5450968,2066,0,1
2464,5452968,2055,0,1
2465,5454968,2025,0,1
2466,5456968,2013,0,1
2467,5458968,2014,0,1
2468,5460968,2012,1,1
2469,5462968,2077,1,1
2470,5464968,2103,0,1
2471,5466968,2123,0,1
2472,5468968,2105,0,1
2473,5470968,2077,0,1
2474,5472968,2056,0,1
2475,5474968,2029,0,1
2476,5476968,2010,0,1
2477,5478968,2013,0,1
2478,5480968,2011,1,1
2479,5482968,2041,1,1
2480,5484968,2065,0,1
2481,5486968,2083,0,1
2482,5488968,2077,0,1
2483,5490968,2059,0,1
2484,5492968,2055,0,1
2485,5494968,2035,0,1
2486,5496968,2021,0,1
2487,5498968,2019,0,1
2488,5500968,2020,1,1
2489,5502968,2056,1,1
2490,5504968,2079,0,1
2491,5506968,2094,0,1
2492,5508968,2084,0,1
2493,5510968,2059,0,1
2494,5512968,2055,0,1
2495,5514968,2030,0,1
2496,5516968,2022,0,1
2497,5518968,2015,0,1
2498,5520968,2024,1,1
2499,5522968,2077,1,1
2500,5524968,2104,0,1
2501,5526968,2105,0,1
2502,5528968,2087,0,1
2503,5530968,2060,0,1
2504,5532968,2045,0,1
2505,5534968,2023,0,1
2506,5536968,2010,0,1
2507,5538968,2013,0,1
2508,5540968,1996,1,1
2509,5542968,2026,1,1
2510,5544968,2057,0,1
2511,5546968,2063,0,1
2512,5548968,2069,0,1
2513,5550968,2046,0,1
2514,5552968,2035,0,1
2515,5554968,2037,0,1
2516,5556968,2025,0,1
2517,5558968,2029,0,1
2518,5560968,2024,1,1
2519,5562968,2095,1,1
2520,5564968,2108,0,1
2521,5566968,2109,0,1
2522,5568968,2093,0,1
2523,5570968,2060,0,1
2524,5572968,2037,0,1
2525,5574968,2015,0,1
2526,5576968,2013,0,1
2527,5578968,2015,0,1
2528,5580968,2009,1,1
2529,5582968,2041,1,1
2530,5584968,2079,0,1
2531,5586968,2091,0,1
2532,5588968,2085,0,1
2533,5590968,2065,0,1
2534,5592968,2041,0,1
2535,5594968,2035,0,1
2536,5596968,2023,0,1
2537,5598968,2015,0,1
2538,5600968,1979,1,1
2539,5602968,2024,1,1
2540,5604968,2058,0,1
2541,5606968,2083,0,1
2542,5608968,2077,0,1
2543,5610968,2071,0,1
2544,5612968,2053,0,1
2545,5614968,2031,0,1
2546,5616968,2024,0,1
2547,5618968,2031,0,1
2548,5620968,2007,1,1
2549,5622968,2065,1,1
2550,5624968,2084,0,1
2551,5626968,2087,0,1
2552,5628968,2077,0,1
2553,5630968,2056,0,1
2554,5632968,2035,0,1
2555,5634968,2028,0,1
2556,5636968,2021,0,1
2557,5638968,2025,0,1
2558,5640968,2011,1,1
2559,5642968,2040,1,1
2560,5644968,2079,0,1
2561,5646968,2088,0,1
2562,5648968,2069,0,1
2563,5650968,2058,0,1
2564,5652968,2031,0,1
2565,5654968,2023,0,1
2566,5656968,2021,0,1
2567,5658968,2024,0,1
2568,5660968,2009,1,1
2569,5662968,2053,1,1
2570,5664968,2093,0,1
2571,5666968,2095,0,1
2572,5668968,2083,0,1
2573,5670968,2063,0,1
2574,5672968,2036,0,1
2575,5674968,2029,0,1
2576,5676968,2015,0,1
2577,5678968,2020,0,1
2578,5680968,2013,1,1
2579,5682968,2054,1,1
2580,5684968,2093,0,1
2581,5686968,2103,0,1
2582,5688968,2087,0,1
2583,5690968,2067,0,1
2584,5692968,2039,0,1
2585,5694968,2031,0,1
2586,5696968,2027,0,1
2587,5698968,2019,0,1
2588,5700968,2028,1,1
2589,5702968,2103,1,1
2590,5704968,2133,0,1
2591,5706968,2135,0,1
2592,5708968,2107,0,1
2593,5710968,2072,0,1
2594,5712968,2031,0,1
2595,5714968,2019,0,1
2596,5716968,2007,0,1
2597,5718968,2009,0,1
2598,5720968,1991,1,1
2599,5722968,2060,1,1
2600,5724968,2091,0,1
2601,5726968,2104,0,1
2602,5728968,2083,0,1
2603,5730968,2069,0,1
2604,5732968,2035,0,1
2605,5734968,2029,0,1
2606,5736968,2025,0,1
2607,5738968,2026,0,1
2608,5740968,2011,1,1
2609,5742968,2067,0,1
2610,5744968,2103,0,1
2611,5746968,2107,0,1
2612,5748968,2095,0,1
2613,5750968,2059,0,1
2614,5752968,2031,0,1
2615,5754968,2031,0,1
2616,5756968,2011,0,1
2617,5758968,2023,0,1
2618,5760968,2010,1,1
2619,5762968,2044,0,1
2620,5764968,2079,0,1
2621,5766968,2087,0,1
2622,5768968,2077,0,1
2623,5770968,2045,0,1
2624,5772968,2031,0,1
2625,5774968,2024,0,1
2626,5776968,2021,0,1
2627,5778968,2021,0,1
2628,5780968,2028,1,1
2629,5782969,2060,0,1
2630,5784968,2057,0,1
2631,5786968,2060,0,1
2632,5788968,2045,0,1
2633,5790968,2026,0,1
2634,5792968,2025,0,1
2635,5794968,2025,0,1
2636,5796968,2025,0,1
2637,5798968,2031,0,1
2638,5800968,2013,1,1
2639,5802968,2063,0,1
2640,5804968,2088,0,1
2641,5806968,2101,0,1
2642,5808968,2086,0,1
2643,5810968,2055,0,1
2644,5812968,2025,0,1
2645,5814968,2029,0,1
2646,5816968,2015,0,1
2647,5818968,2029,0,1
2648,5820968,2031,1,1
2649,5822969,2089,0,1
2650,5824968,2124,0,1
2651,5826968,2116,0,1
2652,5828968,2098,0,1
2653,5830968,2059,0,1
2654,5832968,2027,0,1
2655,5834968,2020,0,1
2656,5836968,2011,0,1
2657,5838968,2009,0,1
2658,5840968,2019,1,1
2659,5842968,2087,0,1
2660,5844968,2134,0,1
2661,5846968,2126,0,1
2662,5848968,2095,0,1
2663,5850968,2063,0,1
2664,5852968,2031,0,1
2665,5854968,2021,0,1
2666,5856968,2011,0,1
2667,5858968,2011,0,1
2668,5860968,2008,1,1
2669,5862969,2037,0,1
2670,5864968,2045,0,1
2671,5866968,2063,0,1
2672,5868968,2067,0,1
2673,5870968,2041,0,1
2674,5872968,2039,0,1
2675,5874968,2028,0,1
2676,5876968,2035,0,1
2677,5878968,2030,1,1
2678,5880968,2029,1,1
2679,5882968,2085,0,1
2680,5884968,2109,0,1
2681,5886968,2094,0,1
2682,5888968,2080,0,1
2683,5890968,2065,0,1
2684,5892968,2037,0,1
2685,5894968,2029,0,1
2686,5896968,2019,0,1
2687,5898968,2029,1,1
2688,5900968,2019,1,1
2689,5902969,2052,0,1
2690,5904968,2068,0,1
2691,5906968,2057,0,1
2692,5908968,2063,0,1
2693,5910968,2043,0,1
2694,5912968,2027,0,1
2695,5914968,2025,0,1
2696,5916968,2029,0,1
2697,5918968,2027,1,1
2698,5920968,2057,1,1
2699,5922968,2085,0,1
2700,5924968,2103,0,1
2701,5926968,2093,0,1
2702,5928968,2075,0,1
2703,5930968,2057,0,1
2704,5932968,2027,0,1
2705,5934968,2025,0,1
2706,5936968,2019,0,1
2707,5938968,2024,1,1
2708,5940968,2053,1,1
2709,5942969,2086,0,1
2710,5944968,2087,0,1
2711,5946968,2089,0,1
2712,5948968,2063,0,1
2713,5950968,2053,0,1
2714,5952968,2025,0,1
2715,5954968,2026,0,1
2716,5956968,2025,0,1
2717,5958968,2020,1,1
2718,5960968,2036,1,1
2719,5962968,2063,0,1
2720,5964968,2078,0,1
2721,5966968,2073,0,1
2722,5968968,2072,0,1
2723,5970968,2045,0,1
2724,5972968,2029,0,1
2725,5974968,2024,0,1
2726,5976968,2019,0,1
2727,5978968,2026,1,1
2728,5980968,2035,1,1
2729,5982969,2070,0,1
2730,5984968,2100,0,1
2731,5986968,2084,0,1
2732,5988968,2073,0,1
2733,5990968,2057,0,1
2734,5992968,2029,0,1
2735,5994968,2021,0,1
2736,5996968,2019,0,1
2737,5998968,2025,1,1
2738,6000968,2044,1,1
2739,6002968,2069,0,1
2740,6004968,2095,0,1
2741,6006968,2092,0,1
2742,6008968,2075,0,1
2743,6010968,2057,0,1
2744,6012968,2035,0,1
2745,6014968,2031,0,1
2746,6016968,2021,0,1
2747,6018968,2012,1,1
2748,6020968,2035,1,1
2749,6022969,2096,0,1
2750,6024968,2107,0,1
2751,6026968,2107,0,1
2752,6028968,2087,0,1
2753,6030968,2060,0,1
2754,6032968,2027,0,1
2755,6034968,2021,0,1
2756,6036968,2011,0,1
2757,6038968,2025,1,1
2758,6040968,2031,1,1
2759,6042968,2011,0,1
2760,6044968,2031,0,1
2761,6046968,2028,0,1
2762,6048968,2029,0,1
2763,6050968,2034,0,1
2764,6052968,2025,0,1
2765,6054968,2031,0,1
2766,6056968,2026,0,1
2767,6058968,2041,1,1
2768,6060968,2052,1,1
2769,6062969,2151,0,1
2770,6064968,2207,0,1
2771,6066968,2203,0,1
2772,6068968,2167,0,1
2773,6070968,2109,0,1
2774,6072968,2059,0,1
2775,6074968,2025,0,1
2776,6076968,2014,0,1
2777,6078968,2005,1,1
2778,6080968,2041,1,1
2779,6082968,2125,0,1
2780,6084968,2147,0,1
2781,6086968,2119,0,1
2782,6088968,2085,0,1
2783,6090968,2037,0,1
2784,6092968,2013,0,1
2785,6094968,2012,0,1
2786,6096968,1995,0,1
2787,6098968,2015,1,1
2788,6100968,2019,1,1
2789,6102969,2014,0,1
2790,6104968,2007,0,1
2791,6106968,2007,0,1
2792,6108968,2011,0,1
2793,6110968,2014,0,1
2794,6112968,2023,0,1
2795,6114968,2043,0,1
2796,6116968,2040,0,1
2797,6118968,2037,1,1
2798,6120968,2058,1,1
2799,6122968,2079,0,1
2800,6124968,2079,0,1
2801,6126968,2076,0,1
2802,6128968,2059,0,1
2803,6130968,2035,0,1
2804,6132968,2030,0,1
2805,6134968,2024,0,1
2806,6136968,2015,0,1
2807,6138968,2023,1,1
2808,6140968,2013,1,1
2809,6142969,2063,0,1
2810,6144968,2073,0,1
2811,6146968,2077,0,1
2812,6148968,2067,0,1
2813,6150968,2037,0,1
2814,6152968,2025,0,1
2815,6154968,2030,0,1
2816,6156968,2015,0,1
2817,6158968,2021,1,1
2818,6160968,2019,1,1
2819,6162968,2018,0,1
2820,6164968,2039,0,1
2821,6166968,2045,0,1
2822,6168968,2053,0,1
2823,6170968,2038,0,1
2824,6172968,2038,0,1
2825,6174968,2029,0,1
2826,6176968,2027,0,1
2827,6178968,2015,1,1
2828,6180968,2039,1,1
2829,6182969,2077,0,1
2830,6184968,2089,0,1
2831,6186968,2075,0,1
2832,6188968,2065,0,1
2833,6190968,2036,0,1
2834,6192968,2023,0,1
2835,6194968,2027,0,1
2836,6196968,2027,0,1
2837,6198968,2023,1,1
2838,6200968,2015,1,1
2839,6202968,2071,0,1
2840,6204968,2073,0,1
2841,6206968,2084,0,1
2842,6208968,2067,0,1
2843,6210968,2037,0,1
2844,6212968,2030,0,1
2845,6214968,2029,0,1
2846,6216968,2019,0,1
2847,6218968,2009,1,1
2848,6220968,2021,1,1
2849,6222969,2085,0,1
2850,6224968,2109,0,1
2851,6226968,2101,0,1
2852,6228968,2085,0,1
2853,6230968,2045,0,1
2854,6232968,2029,0,1
2855,6234968,2025,0,1
2856,6236968,2009,0,1
2857,6238968,2011,1,1
2858,6240968,2031,1,1
2859,6242968,2083,0,1
2860,6244968,2109,0,1
2861,6246968,2103,0,1
2862,6248968,2078,0,1
2863,6250968,2044,0,1
2864,6252968,2035,0,1
2865,6254968,2030,0,1
2866,6256968,2013,0,1
2867,6258968,2013,1,1
2868,6260968,2008,1,1
2869,6262969,2056,0,1
2870,6264968,2070,0,1
2871,6266968,2071,0,1
2872,6268968,2065,0,1
2873,6270968,2044,0,1
2874,6272968,2031,0,1
2875,6274968,2031,0,1
2876,6276968,2020,0,1
2877,6278968,2008,1,1
2878,6280968,2035,1,1
2879,6282968,2095,0,1
2880,6284968,2119,0,1
2881,6286968,2104,0,1
2882,6288968,2088,0,1
2883,6290968,2056,0,1
2884,6292968,2039,0,1
2885,6294968,2024,0,1
2886,6296968,2014,0,1
2887,6298968,2005,1,1
2888,6300968,2031,1,1
2889,6302969,2085,0,1
2890,6304968,2090,0,1
2891,6306968,2087,0,1
2892,6308968,2075,0,1
2893,6310968,2055,0,1
2894,6312968,2025,0,1
2895,6314968,2034,0,1
2896,6316968,2025,0,1
2897,6318968,2021,1,1
2898,6320968,2035,1,1
2899,6322968,2060,0,1
2900,6324968,2075,0,1
2901,6326968,2070,0,1
2902,6328968,2063,0,1
2903,6330968,2035,0,1
2904,6332968,2037,0,1
2905,6334968,2031,0,1
2906,6336968,2028,0,1
2907,6338968,2007,1,1
2908,6340968,2022,1,1
2909,6342969,2055,0,1
2910,6344968,2065,0,1
2911,6346968,2057,0,1
2912,6348968,2037,0,1
2913,6350968,2027,0,1
2914,6352968,2027,0,1
2915,6354968,2035,0,1
2916,6356968,2027,0,1
2917,6358968,2027,1,1
2918,6360968,2040,1,1
2919,6362968,2099,0,1
2920,6364968,2119,0,1
2921,6366968,2095,0,1
2922,6368968,2076,0,1
2923,6370968,2039,0,1
2924,6372968,2035,0,1
2925,6374968,2023,0,1
2926,6376968,2012,0,1
2927,6378968,2021,1,1
2928,6380968,2057,1,1
2929,6382969,2095,0,1
2930,6384968,2091,0,1
2931,6386968,2085,0,1
2932,6388968,2063,0,1
2933,6390968,2035,0,1
2934,6392968,2021,0,1
2935,6394968,2020,0,1
2936,6396968,2023,0,1
2937,6398968,2025,1,1
2938,6400968,2030,1,1
2939,6402968,2090,0,1
2940,6404968,2107,0,1
2941,6406968,2105,0,1
2942,6408968,2080,0,1
2943,6410968,2041,0,1
2944,6412968,2034,0,1
2945,6414968,2023,0,1
2946,6416968,2011,0,1
2947,6418968,2004,1,1
2948,6420968,2031,1,1
2949,6422969,2072,0,1
2950,6424968,2068,0,1
2951,6426968,2063,0,1
2952,6428968,2057,0,1
2953,6430968,2039,0,1
2954,6432968,2029,0,1
2955,6434968,2021,0,1
2956,6436968,2029,0,1
2957,6438968,2024,1,1
2958,6440968,2035,1,1
2959,6442968,2089,0,1
2960,6444968,2099,0,1
2961,6446968,2091,0,1
2962,6448968,2077,0,1
2963,6450968,2037,0,1
2964,6452968,2028,0,1
2965,6454968,2022,0,1
2966,6456968,2026,0,1
2967,6458968,2029,1,1
2968,6460968,2063,1,1
2969,6462969,2099,0,1
2970,6464968,2106,0,1
2971,6466968,2079,0,1
2972,6468968,2057,0,1
2973,6470968,2056,0,1
2974,6472968,2037,0,1
2975,6474968,2025,0,1
2976,6476968,2021,0,1
2977,6478968,2021,1,1
2978,6480968,2067,1,1
2979,6482968,2092,0,1
2980,6484968,2091,0,1
2981,6486968,2078,0,1
2982,6488968,2055,0,1
2983,6490968,2042,0,1
2984,6492968,2023,0,1
2985,6494968,2024,0,1
2986,6496968,2027,0,1
2987,6498968,2040,1,1
2988,6500968,2059,1,1
2989,6502969,2073,0,1
2990,6504968,2072,0,1
2991,6506968,2063,0,1
2992,6508968,2045,0,1
2993,6510968,2039,0,1
2994,6512968,2027,0,1
2995,6514968,2023,0,1
2996,6516968,2019,0,1
2997,6518968,2027,1,1
2998,6520968,2039,1,1
2999,6522968,2100,0,1
3000,6524968,2110,0,1
3001,6526968,2089,0,1
3002,6528968,2069,0,1
3003,6530968,2044,0,1
3004,6532968,2035,0,1
3005,6534968,2012,0,1
3006,6536968,2009,0,1
3007,6538968,2017,1,1
3008,6540968,2058,1,1
3009,6542969,2100,0,1
3010,6544968,2094,0,1
3011,6546968,2078,0,1
3012,6548968,2045,0,1
3013,6550968,2040,0,1
3014,6552968,2027,0,1
3015,6554968,2021,0,1
3016,6556968,2021,0,1
3017,6558968,2035,1,1
3018,6560968,2070,1,1
3019,6562968,2107,0,1
3020,6564968,2131,0,1
3021,6566968,2105,0,1
3022,6568968,2071,0,1
3023,6570968,2053,0,1
3024,6572968,2030,0,1
3025,6574968,2012,0,1
3026,6576968,2014,0,1
3027,6578968,2025,1,1
3028,6580968,2075,1,1
3029,6582969,2085,0,1
3030,6584968,2088,0,1
3031,6586968,2069,0,1
3032,6588968,2054,0,1
3033,6590968,2039,0,1
3034,6592968,2030,0,1
3035,6594968,2023,0,1
3036,6596968,2031,0,1
3037,6598968,2025,1,1
3038,6600968,2077,1,1
3039,6602968,2116,0,1
3040,6604968,2119,0,1
3041,6606968,2094,0,1
3042,6608968,2067,0,1
3043,6610968,2043,0,1
3044,6612968,2018,0,1
3045,6614968,2019,0,1
3046,6616968,2011,0,1
3047,6618968,2008,1,1
3048,6620968,2026,1,1
3049,6622969,2070,0,1
3050,6624968,2075,0,1
3051,6626968,2073,0,1
3052,6628968,2055,0,1
3053,6630968,2027,0,1
3054,6632968,2029,0,1
3055,6634968,2027,0,1
3056,6636968,2025,0,1
3057,6638968,2021,1,1
3058,6640968,2057,1,1
3059,6642968,2092,0,1
3060,6644968,2109,0,1
3061,6646968,2085,0,1
3062,6648968,2069,0,1
3063,6650968,2043,0,1
3064,6652968,2021,0,1
3065,6654968,2020,0,1
3066,6656968,2009,0,1
3067,6658968,2006,1,1
3068,6660968,1991,1,1
3069,6662969,2046,0,1
3070,6664968,2069,0,1
3071,6666968,2074,0,1
3072,6668968,2063,0,1
3073,6670968,2041,0,1
3074,6672968,2035,0,1
3075,6674968,2039,0,1
3076,6676968,2025,0,1
3077,6678968,2015,1,1
3078,6680968,2036,1,1
3079,6682968,2083,0,1
3080,6684968,2077,0,1
3081,6686968,2075,0,1
3082,6688968,2040,0,1
3083,6690968,2037,0,1
3084,6692968,2026,0,1
3085,6694968,2027,0,1
3086,6696968,2021,0,1
3087,6698968,2025,1,1
3088,6700968,2089,1,1
3089,6702969,2117,0,1
3090,6704968,2119,0,1
3091,6706968,2091,0,1
3092,6708968,2063,0,1
3093,6710968,2036,0,1
3094,6712968,2025,0,1
3095,6714968,2003,0,1
3096,6716968,2013,0,1
3097,6718968,1994,1,1
3098,6720968,2015,1,1
3099,6722968,2030,0,1
3100,6724968,2031,0,1
3101,6726968,2039,0,1
3102,6728968,2039,0,1
3103,6730968,2025,0,1
3104,6732968,2031,0,1
3105,6734968,2031,0,1
3106,6736968,2036,0,1
3107,6738968,2037,1,1
3108,6740968,2168,1,1
3109,6742969,2391,0,1
3110,6744968,2443,0,1
3111,6746968,2359,0,1
3112,6748968,2235,0,1
3113,6750968,2111,0,1
3114,6752968,2021,0,1
3115,6754968,1972,0,1
3116,6756968,1963,0,1
3117,6758968,1951,1,1
3118,6760968,1901,1,1
3119,6762968,1773,0,1
3120,6764968,1755,0,1
3121,6766968,1787,0,1
3122,6768968,1887,0,1
3123,6770968,1972,0,1
3124,6772968,2056,0,1
3125,6774968,2076,0,1
3126,6776968,2105,0,1
3127,6778968,2095,1,1
3128,6780968,2093,1,1
3129,6782969,2043,0,1
3130,6784968,2024,0,1
3131,6786968,2004,0,1
3132,6788968,2001,0,1
3133,6790968,1997,0,1
3134,6792968,2020,0,1
3135,6794968,2021,0,1
3136,6796968,2027,0,1
3137,6798968,2009,1,1
3138,6800968,2037,1,1
3139,6802968,2069,0,1
3140,6804968,2078,0,1
3141,6806968,2073,0,1
3142,6808968,2054,0,1
3143,6810968,2021,0,1
3144,6812968,2027,0,1
3145,6814968,2019,0,1
3146,6816968,2023,0,1
3147,6818968,2004,1,1
3148,6820968,2025,1,1
3149,6822969,2071,0,1
3150,6824968,2077,0,1
3151,6826968,2069,0,1
3152,6828968,2067,0,1
3153,6830968,2039,0,1
3154,6832968,2027,0,1
3155,6834968,2024,0,1
3156,6836968,2035,0,1
3157,6838968,2028,1,1
3158,6840968,2072,1,1
3159,6842968,2107,0,1
3160,6844968,2118,0,1
3161,6846968,2103,0,1
3162,6848968,2069,0,1
3163,6850968,2025,0,1
3164,6852968,2027,0,1
3165,6854968,2009,0,1
3166,6856968,2011,0,1
3167,6858968,2038,1,1
3168,6860968,2079,1,1
3169,6862969,2119,0,1
3170,6864968,2104,0,1
3171,6866968,2089,0,1
3172,6868968,2075,0,1
3173,6870968,2025,0,1
3174,6872968,2027,0,1
3175,6874968,2008,0,1
3176,6876968,2014,0,1
3177,6878968,2021,1,1
3178,6880968,2036,1,1
3179,6882968,2075,0,1
3180,6884968,2079,0,1
3181,6886968,2067,0,1
3182,6888968,2053,0,1
3183,6890968,2035,0,1
3184,6892968,2037,0,1
3185,6894968,2027,0,1
3186,6896968,2029,0,1
3187,6898968,2028,1,1
3188,6900968,2093,1,1
3189,6902969,2126,0,1
3190,6904968,2123,0,1
3191,6906968,2092,0,1
3192,6908968,2065,0,1
3193,6910968,2032,0,1
3194,6912968,2026,0,1
3195,6914968,2019,0,1
3196,6916968,2011,0,1
3197,6918968,2020,1,1
3198,6920968,2083,1,1
3199,6922968,2125,0,1
3200,6924968,2125,0,1
3201,6926968,2116,0,1
3202,6928968,2075,0,1
3203,6930968,2043,0,1
3204,6932968,2024,0,1
3205,6934968,2007,0,1
3206,6936968,1999,0,1
3207,6938968,2026,1,1
3208,6940968,2065,1,1
3209,6942969,2111,0,1
3210,6944968,2108,0,1
3211,6946968,2099,0,1
3212,6948968,2059,0,1
3213,6950968,2031,0,1
3214,6952968,2015,0,1
3215,6954968,2019,0,1
3216,6956968,2015,0,1
3217,6958968,2018,1,1
3218,6960968,2063,1,1
3219,6962968,2085,0,1
3220,6964968,2089,0,1
3221,6966968,2075,0,1
3222,6968968,2063,0,1
3223,6970968,2037,0,1
3224,6972968,2029,0,1
3225,6974968,2015,0,1
3226,6976968,2019,0,1
3227,6978968,2007,1,1
3228,6980968,2055,1,1
3229,6982969,2087,0,1
3230,6984968,2087,0,1
3231,6986968,2079,0,1
3232,6988968,2071,0,1
3233,6990968,2042,0,1
3234,6992968,2026,0,1
3235,6994968,2026,0,1
3236,6996968,2010,0,1
3237,6998968,2037,1,1
3238,7000968,2083,1,1
3239,7002968,2108,0,1
3240,7004968,2119,0,1
3241,7006968,2092,0,1
3242,7008968,2072,0,1
3243,7010968,2041,0,1
3244,7012968,2031,0,1
3245,7014968,2009,0,1
3246,7016968,2013,0,1
3247,7018968,2027,1,1
3248,7020968,2070,0,1
3249,7022969,2089,0,1
3250,7024968,2092,0,1
3251,7026968,2099,0,1
3252,7028968,2063,0,1
3253,7030968,2039,0,1
3254,7032968,2040,0,1
3255,7034968,2020,0,1
3256,7036968,2029,0,1
3257,7038968,2019,1,1
3258,7040968,2063,1,1
3259,7042968,2109,0,1
3260,7044968,2111,0,1
3261,7046968,2103,0,1
3262,7048968,2077,0,1
3263,7050968,2029,0,1
3264,7052968,2015,0,1
3265,7054968,2004,0,1
3266,7056968,2017,0,1
3267,7058968,2007,1,1
3268,7060968,2077,0,1
3269,7062969,2093,0,1
3270,7064968,2091,0,1
3271,7066968,2088,0,1
3272,7068968,2069,0,1
3273,7070968,2021,0,1
3274,7072968,2019,0,1
3275,7074968,2011,0,1
3276,7076968,2008,0,1
3277,7078968,2029,1,1
3278,7080968,2085,0,1
3279,7082968,2108,0,1
3280,7084968,2104,0,1
3281,7086968,2093,0,1
3282,7088968,2053,0,1
3283,7090968,2038,0,1
3284,7092968,2014,0,1
3285,7094968,2023,0,1
3286,7096968,2025,0,1
3287,7098968,2023,1,1
3288,7100968,2073,0,1
3289,7102969,2101,0,1
3290,7104968,2106,0,1
3291,7106968,2094,0,1
3292,7108968,2065,0,1
3293,7110968,2031,0,1
3294,7112968,2015,0,1
3295,7114968,2020,0,1
3296,7116968,2013,0,1
3297,7118968,2026,1,1
3298,7120968,2069,0,1
3299,7122968,2100,0,1
3300,7124968,2107,0,1
3301,7126968,2078,0,1
3302,7128968,2065,0,1
3303,7130968,2031,0,1
3304,7132968,2019,0,1
3305,7134968,2024,0,1
3306,7136968,2004,0,1
3307,7138968,2011,1,1
3308,7140968,2068,0,1
3309,7142969,2117,0,1
3310,7144968,2120,0,1
3311,7146968,2101,0,1
3312,7148968,2085,0,1
3313,7150968,2027,0,1
3314,7152968,2027,0,1
3315,7154968,2020,0,1
3316,7156968,2011,0,1
3317,7158968,2011,1,1
3318,7160968,2034,0,1
3319,7162968,2085,0,1
3320,7164968,2093,0,1
3321,7166968,2089,0,1
3322,7168968,2063,0,1
3323,7170968,2042,0,1
3324,7172968,2024,0,1
3325,7174968,2014,0,1
3326,7176968,2031,0,1
3327,7178968,2025,1,1
3328,7180968,2056,0,1
3329,7182969,2087,0,1
3330,7184968,2079,0,1
3331,7186968,2069,0,1
3332,7188968,2055,0,1
3333,7190968,2028,0,1
3334,7192968,2022,0,1
3335,7194968,2025,0,1
3336,7196968,2023,1,1
3337,7198968,1995,1,1
3338,7200968,2065,0,1
3339,7202968,2089,0,1
3340,7204968,2089,0,1
3341,7206968,2085,0,1
3342,7208968,2057,0,1
3343,7210968,2027,0,1
3344,7212968,2024,0,1
3345,7214968,2022,0,1
3346,7216968,2021,1,1
3347,7218968,2022,1,1
3348,7220968,2084,0,1
3349,7222969,2121,0,1
3350,7224968,2119,0,1
3351,7226968,2085,0,1
3352,7228968,2063,0,1
3353,7230968,2023,0,1
3354,7232968,2024,0,1
3355,7234968,2026,0,1
3356,7236968,2030,1,1
3357,7238968,2031,1,1
3358,7240968,2099,0,1
3359,7242968,2118,0,1
3360,7244968,2123,0,1
3361,7246968,2098,0,1
3362,7248968,2072,0,1
3363,7250968,2039,0,1
3364,7252968,2013,0,1
3365,7254968,2012,0,1
3366,7256968,2013,1,1
3367,7258968,2039,1,1
3368,7260968,2090,0,1
3369,7262969,2123,0,1
3370,7264968,2125,0,1
3371,7266968,2094,0,1
3372,7268968,2066,0,1
3373,7270968,2021,0,1
3374,7272968,2023,0,1
3375,7274968,2004,0,1
3376,7276968,2009,1,1
3377,7278968,2015,1,1
3378,7280968,2099,0,1
3379,7282968,2143,0,1
3380,7284968,2123,0,1
3381,7286968,2109,0,1
3382,7288968,2057,0,1
3383,7290968,2031,0,1
3384,7292968,2024,0,1
3385,7294968,2008,0,1
3386,7296968,2013,1,1
3387,7298968,2007,1,1
3388,7300968,2054,0,1
3389,7302969,2103,0,1
3390,7304968,2095,0,1
3391,7306968,2087,0,1
3392,7308968,2060,0,1
3393,7310968,2029,0,1
3394,7312968,2026,0,1
3395,7314968,2021,0,1
3396,7316968,2025,1,1
3397,7318968,2019,1,1
3398,7320968,2077,0,1
3399,7322968,2105,0,1
3400,7324968,2091,0,1
3401,7326968,2079,0,1
3402,7328968,2042,0,1
3403,7330968,2023,0,1
3404,7332968,2024,0,1
3405,7334968,2014,0,1
3406,7336968,2013,1,1
3407,7338968,2012,1,1
3408,7340968,2065,0,1
3409,7342969,2077,0,1
3410,7344968,2079,0,1
3411,7346968,2075,0,1
3412,7348968,2059,0,1
3413,7350968,2030,0,1
3414,7352968,2030,0,1
3415,7354968,2015,0,1
3416,7356968,2029,1,1
3417,7358968,2024,1,1
3418,7360968,2105,0,1
3419,7362968,2117,0,1
3420,7364968,2120,0,1
3421,7366968,2095,0,1
3422,7368968,2063,0,1
3423,7370968,2030,0,1
3424,7372968,2019,0,1
3425,7374968,2025,0,1
3426,7376968,2019,1,1
3427,7378968,2035,1,1
3428,7380968,2109,0,1
3429,7382969,2141,0,1
3430,7384968,2125,0,1
3431,7386968,2104,0,1
3432,7388968,2067,0,1
3433,7390968,2019,0,1
3434,7392968,2024,0,1
3435,7394968,2003,0,1
3436,7396968,2021,1,1
3437,7398968,2022,1,1
3438,7400968,2074,0,1
3439,7402968,2073,0,1
3440,7404968,2074,0,1
3441,7406968,2072,0,1
3442,7408968,2058,0,1
3443,7410968,2035,0,1
3444,7412968,2027,0,1
3445,7414968,2020,0,1
3446,7416968,2025,1,1
3447,7418968,2101,1,1
3448,7420968,2419,0,1
3449,7422969,2584,0,1
3450,7424968,2543,0,1
3451,7426968,2396,0,1
3452,7428968,2205,0,1
3453,7430968,2057,0,1
3454,7432968,1967,0,1
3455,7434968,1927,0,1
3456,7436968,1926,1,1
3457,7438968,1943,1,1
3458,7440968,1870,0,1
3459,7442968,1803,0,1
3460,7444968,1832,0,1
3461,7446968,1895,0,1
3462,7448968,1965,0,1
3463,7450968,2009,0,1
3464,7452968,2077,0,1
3465,7454968,2087,0,1
3466,7456968,2089,1,1
3467,7458968,2071,1,1
3468,7460968,2087,0,1
3469,7462969,2071,0,1
3470,7464968,2056,0,1
3471,7466968,2041,0,1
3472,7468968,2025,0,1
3473,7470968,2021,0,1
3474,7472968,2031,0,1
3475,7474968,2030,0,1
3476,7476968,2014,1,1
3477,7478968,2037,1,1
3478,7480968,2108,1,1
3479,7482968,2124,0,1
3480,7484968,2108,0,1
3481,7486968,2085,0,1
3482,7488968,2053,0,1
3483,7490968,2025,0,1
3484,7492968,2020,0,1
3485,7494968,2015,0,1
3486,7496968,2021,1,1
3487,7498968,2006,1,1
3488,7500968,2083,0,1
3489,7502969,2108,0,1
3490,7504968,2103,0,1
3491,7506968,2084,0,1
3492,7508968,2069,0,1
3493,7510968,2023,0,1
3494,7512968,2021,0,1
3495,7514968,2021,0,1
3496,7516968,1983,1,1
3497,7518968,1996,1,1
3498,7520968,2066,0,1
3499,7522968,2088,0,1
3500,7524968,2093,0,1
3501,7526968,2076,0,1
3502,7528968,2063,0,1
3503,7530968,2037,0,1
3504,7532968,2031,0,1
3505,7534968,2020,0,1
3506,7536968,2013,1,1
3507,7538968,2019,1,1
3508,7540968,2086,0,1
3509,7542969,2106,0,1
3510,7544968,2122,0,1
3511,7546968,2092,0,1
3512,7548968,2063,0,1
3513,7550968,2028,0,1
3514,7552968,2021,0,1
3515,7554968,2008,0,1
3516,7556968,2021,1,1
3517,7558968,2055,1,1
3518,7560968,2100,0,1
3519,7562968,2137,0,1
3520,7564968,2123,0,1
3521,7566968,2095,0,1
3522,7568968,2070,0,1
3523,7570968,2027,0,1
3524,7572968,2024,0,1
3525,7574968,2014,0,1
3526,7576968,2013,1,1
3527,7578968,2067,1,1
3528,7580968,2102,0,1
3529,7582969,2151,0,1
3530,7584968,2121,0,1
3531,7586968,2084,0,1
3532,7588968,2067,0,1
3533,7590968,2025,0,1
3534,7592968,2023,0,1
3535,7594968,2003,0,1
3536,7596968,1997,1,1
3537,7598968,2021,1,1
3538,7600968,2087,0,1
3539,7602968,2125,0,1
3540,7604968,2109,0,1
3541,7606968,2099,0,1
3542,7608968,2045,0,1
3543,7610968,2034,0,1
3544,7612968,2031,0,1
3545,7614968,2021,0,1
3546,7616968,1998,1,1
3547,7618968,2025,1,1
3548,7620968,2109,0,1
3549,7622969,2141,0,1
3550,7624968,2123,0,1
3551,7626968,2099,0,1
3552,7628968,2056,0,1
3553,7630968,2035,0,1
3554,7632968,2021,0,1
3555,7634968,2008,0,1
3556,7636968,1996,1,1
3557,7638968,2054,1,1
3558,7640968,2130,0,1
3559,7642968,2135,0,1
3560,7644968,2131,0,1
3561,7646968,2103,0,1
3562,7648968,2029,0,1
3563,7650968,2014,0,1
3564,7652968,2009,0,1
3565,7654968,2011,0,1
3566,7656968,2009,1,1
3567,7658968,2067,1,1
3568,7660968,2126,0,1
3569,7662969,2153,0,1
3570,7664968,2137,0,1
3571,7666968,2089,0,1
3572,7668968,2059,0,1
3573,7670968,2022,0,1
3574,7672968,2005,0,1
3575,7674968,1996,0,1
3576,7676968,2011,1,1
3577,7678968,2041,1,1
3578,7680968,2110,0,1
3579,7682968,2139,0,1
3580,7684968,2121,0,1
3581,7686968,2083,0,1
3582,7688968,2063,0,1
3583,7690968,2015,0,1
3584,7692968,2026,0,1
3585,7694968,1998,0,1
3586,7696968,2015,1,1
3587,7698968,2055,1,1
3588,7700968,2089,0,1
3589,7702969,2136,0,1
3590,7704968,2111,0,1
3591,7706968,2086,0,1
3592,7708968,2054,0,1
3593,7710968,2031,0,1
3594,7712968,2015,0,1
3595,7714968,2007,0,1
3596,7716968,1993,1,1
3597,7718968,2035,1,1
3598,7720968,2087,0,1
3599,7722968,2121,0,1
3600,7724968,2106,0,1
3601,7726968,2087,0,1
3602,7728968,2045,0,1
3603,7730968,2023,0,1
3604,7732968,2025,0,1
3605,7734968,2012,0,1
3606,7736968,2028,1,1
3607,7738968,2077,1,1
3608,7740968,2137,0,1
3609,7742969,2159,0,1
3610,7744968,2132,0,1
3611,7746968,2099,0,1
3612,7748968,2040,0,1
3613,7750968,2030,0,1
3614,7752968,1998,0,1
3615,7754968,2003,0,1
3616,7756968,2013,1,1
3617,7758968,2039,1,1
3618,7760968,2091,0,1
3619,7762968,2094,0,1
3620,7764968,2086,0,1
3621,7766968,2054,0,1
3622,7768968,2025,0,1
3623,7770968,2011,0,1
3624,7772968,2021,0,1
3625,7774968,2011,0,1
3626,7776968,2014,1,1
3627,7778968,2053,1,1
3628,7780968,2115,0,1
3629,7782969,2140,0,1
3630,7784968,2104,0,1
3631,7786968,2073,0,1
3632,7788968,2037,0,1
3633,7790968,2023,0,1
3634,7792968,2025,0,1
3635,7794968,2013,0,1
3636,7796968,2013,1,1
3637,7798968,2023,1,1
3638,7800968,2093,0,1
3639,7802968,2120,0,1
3640,7804968,2101,0,1
3641,7806968,2077,0,1
3642,7808968,2040,0,1
3643,7810968,2020,0,1
3644,7812968,2010,0,1
3645,7814968,2011,0,1
3646,7816968,2011,1,1
3647,7818968,2070,1,1
3648,7820968,2111,0,1
3649,7822969,2127,0,1
3650,7824968,2117,0,1
3651,7826968,2068,0,1
3652,7828968,2041,0,1
3653,7830968,2015,0,1
3654,7832968,2017,0,1
3655,7834968,2014,0,1
3656,7836968,2011,1,1
3657,7838968,2008,1,1
3658,7840968,2029,0,1
3659,7842968,2053,0,1
3660,7844968,2067,0,1
3661,7846968,2061,0,1
3662,7848968,2031,0,1
3663,7850968,2028,0,1
3664,7852968,2038,0,1
3665,7854968,2035,0,1
3666,7856968,2035,1,1
3667,7858968,2055,1,1
3668,7860968,2130,0,1
3669,7862969,2129,0,1
3670,7864968,2107,0,1
3671,7866968,2085,0,1
3672,7868968,2040,0,1
3673,7870968,2022,0,1
3674,7872968,2013,0,1
3675,7874968,2012,0,1
3676,7876968,2013,1,1
3677,7878968,2065,1,1
3678,7880968,2146,0,1
3679,7882968,2151,0,1
3680,7884968,2148,0,1
3681,7886968,2103,0,1
3682,7888968,2057,0,1
3683,7890968,2029,0,1
3684,7892968,2009,0,1
3685,7894968,2013,0,1
3686,7896968,1998,1,1
3687,7898968,2055,1,1
3688,7900968,2139,0,1
3689,7902969,2173,0,1
3690,7904968,2141,0,1
3691,7906968,2109,0,1
3692,7908968,2056,0,1
3693,7910968,2027,0,1
3694,7912968,2005,0,1
3695,7914968,2007,0,1
3696,7916968,2009,1,1
3697,7918968,2043,1,1
3698,7920968,2082,0,1
3699,7922968,2089,0,1
3700,7924968,2076,0,1
3701,7926968,2058,0,1
3702,7928968,2037,0,1
3703,7930968,2025,0,1
3704,7932968,2023,0,1
3705,7934968,2031,0,1
3706,7936968,2003,1,1
3707,7938968,2077,1,1
3708,7940968,2133,0,1
3709,7942969,2143,0,1
3710,7944968,2127,0,1
3711,7946968,2092,0,1
3712,7948968,2051,0,1
3713,7950968,2021,0,1
3714,7952968,2012,0,1
3715,7954968,2011,0,1
3716,7956968,1998,1,1
3717,7958968,2027,1,1
3718,7960968,2091,0,1
3719,7962968,2107,0,1
3720,7964968,2107,0,1
3721,7966968,2073,0,1
3722,7968968,2039,0,1
3723,7970968,2027,0,1
3724,7972968,2007,0,1
3725,7974968,2024,0,1
3726,7976968,2019,1,1
3727,7978968,2055,1,1
3728,7980968,2107,0,1
3729,7982969,2147,0,1
3730,7984968,2120,0,1
3731,7986968,2084,0,1
3732,7988968,2055,0,1
3733,7990968,2027,0,1
3734,7992968,2003,0,1
3735,7994968,2007,0,1
3736,7996968,1997,1,1
3737,7998968,2079,1,1
3738,8000968,2121,0,1
3739,8002968,2136,0,1
3740,8004968,2107,0,1
3741,8006968,2089,0,1
3742,8008968,2041,0,1
3743,8010968,2024,0,1
3744,8012968,2006,0,1
3745,8014968,2013,0,1
3746,8016968,2024,1,1
3747,8018968,2054,1,1
3748,8020968,2104,0,1
3749,8022969,2120,0,1
3750,8024968,2100,0,1
3751,8026968,2071,0,1
3752,8028968,2041,0,1
3753,8030968,2021,0,1
3754,8032968,2027,0,1
3755,8034968,2018,0,1
3756,8036968,2015,1,1
3757,8038968,2071,1,1
3758,8040968,2152,0,1
3759,8042968,2163,0,1
3760,8044968,2141,0,1
3761,8046968,2091,0,1
3762,8048968,2041,0,1
3763,8050968,2024,0,1
3764,8052968,2004,0,1
3765,8054968,2002,0,1
3766,8056968,1991,1,1
3767,8058968,2040,1,1
3768,8060968,2119,0,1
3769,8062969,2149,0,1
3770,8064968,2109,0,1
3771,8066968,2079,0,1
3772,8068968,2039,0,1
3773,8070968,2013,0,1
3774,8072968,2005,0,1
3775,8074968,2013,0,1
3776,8076968,2011,1,1
3777,8078968,2040,1,1
3778,8080968,2013,0,1
3779,8082968,2027,0,1
3780,8084968,2026,0,1
3781,8086968,2027,0,1
3782,8088968,2041,0,1
3783,8090968,2029,0,1
3784,8092968,2056,0,1
3785,8094968,2037,0,1
3786,8096968,2055,1,1
3787,8098968,2284,1,1
3788,8100968,2579,0,1
3789,8102969,2632,0,1
3790,8104968,2495,0,1
3791,8106968,2313,0,1
3792,8108968,2103,0,1
3793,8110968,1975,0,1
3794,8112968,1915,0,1
3795,8114968,1898,0,1
3796,8116968,1913,1,1
3797,8118968,1928,1,1
3798,8120968,1897,0,1
3799,8122968,1904,0,1
3800,8124968,1948,0,1
3801,8126968,1980,0,1
3802,8128968,2023,0,1
3803,8130968,2060,0,1
3804,8132968,2059,0,1
3805,8134968,2069,0,1
3806,8136968,2063,1,1
3807,8138968,2094,1,1
3808,8140968,2111,0,1
3809,8142969,2102,0,1
3810,8144968,2087,0,1
3811,8146968,2041,0,1
3812,8148968,2024,0,1
3813,8150968,2013,0,1
3814,8152968,2023,0,1
3815,8154968,2021,0,1
3816,8156968,2013,1,1
3817,8158968,2069,1,1
3818,8160968,2130,0,1
3819,8162968,2149,0,1
3820,8164968,2120,0,1
3821,8166968,2072,0,1
3822,8168968,2045,0,1
3823,8170968,2022,0,1
3824,8172968,2010,0,1
3825,8174968,2006,0,1
3826,8176968,2013,1,1
3827,8178968,2063,1,1
3828,8180968,2133,0,1
3829,8182969,2141,0,1
3830,8184968,2123,0,1
3831,8186968,2075,0,1
3832,8188968,2037,0,1
3833,8190968,2022,0,1
3834,8192968,2019,0,1
3835,8194968,2015,0,1
3836,8196968,2002,1,1
3837,8198968,2037,1,1
3838,8200968,2090,0,1
3839,8202968,2107,0,1
3840,8204968,2099,0,1
3841,8206968,2069,0,1
3842,8208968,2058,0,1
3843,8210968,2027,0,1
3844,8212968,2005,0,1
3845,8214968,2013,0,1
3846,8216968,2003,1,1
3847,8218968,2076,1,1
3848,8220968,2126,0,1
3849,8222968,2136,0,1
3850,8224968,2121,0,1
3851,8226968,2079,0,1
3852,8228968,2042,0,1
3853,8230968,2019,0,1
3854,8232968,2015,0,1
3855,8234968,2019,0,1
3856,8236968,1996,1,1
3857,8238968,2067,1,1
3858,8240968,2100,0,1
3859,8242968,2105,0,1
3860,8244968,2094,0,1
3861,8246968,2063,0,1
3862,8248968,2035,0,1
3863,8250968,2031,0,1
3864,8252968,2012,0,1
3865,8254968,2027,0,1
3866,8256968,2020,1,1
3867,8258968,2069,1,1
3868,8260968,2084,0,1
3869,8262968,2093,0,1
3870,8264968,2089,0,1
3871,8266968,2055,0,1
3872,8268968,2039,0,1
3873,8270968,2024,0,1
3874,8272968,2013,0,1
3875,8274968,2019,0,1
3876,8276968,2009,1,1
3877,8278968,2091,0,1
3878,8280968,2137,0,1
3879,8282968,2135,0,1
3880,8284968,2119,0,1
3881,8286968,2068,0,1
3882,8288968,2031,0,1
3883,8290968,2020,0,1
3884,8292968,2007,0,1
3885,8294968,2010,0,1
3886,8296968,2012,1,1
3887,8298968,2067,0,1
3888,8300968,2095,0,1
3889,8302968,2091,0,1
3890,8304968,2085,0,1
3891,8306968,2056,0,1
3892,8308968,2027,0,1
3893,8310968,2021,0,1
3894,8312968,2019,0,1
3895,8314968,2025,0,1
3896,8316968,2023,1,1
3897,8318968,2100,0,1
3898,8320968,2136,0,1
3899,8322968,2124,0,1
3900,8324968,2104,0,1
3901,8326968,2067,0,1
3902,8328968,2032,0,1
3903,8330968,2018,0,1
3904,8332968,2003,0,1
3905,8334968,2011,0,1
3906,8336968,1998,1,1
3907,8338968,2042,0,1
3908,8340968,2079,0,1
3909,8342968,2101,0,1
3910,8344968,2085,0,1
3911,8346968,2059,0,1
3912,8348968,2038,0,1
3913,8350968,2027,0,1
3914,8352968,2019,0,1
3915,8354968,2027,0,1
3916,8356968,2011,1,1
3917,8358968,2085,0,1
3918,8360968,2124,0,1
3919,8362968,2136,0,1
3920,8364968,2091,0,1
3921,8366968,2076,0,1
3922,8368968,2031,0,1
3923,8370968,2015,0,1
3924,8372968,2009,0,1
3925,8374968,2019,0,1
3926,8376968,2005,1,1
3927,8378968,2045,0,1
3928,8380968,2094,0,1
3929,8382968,2117,0,1
3930,8384968,2100,0,1
3931,8386968,2077,0,1
3932,8388968,2045,0,1
3933,8390968,2026,0,1
3934,8392968,2023,0,1
3935,8394968,2015,0,1
3936,8396968,2023,1,1
3937,8398968,2083,0,1
3938,8400968,2121,0,1
3939,8402968,2115,0,1
3940,8404968,2095,0,1
3941,8406968,2071,0,1
3942,8408968,2035,0,1
3943,8410968,2035,0,1
3944,8412968,2014,0,1
3945,8414968,2013,0,1
3946,8416968,2021,1,1
3947,8418968,2088,0,1
3948,8420968,2143,0,1
3949,8422968,2143,0,1
3950,8424968,2119,0,1
3951,8426968,2079,0,1
3952,8428968,2031,0,1
3953,8430968,2013,0,1
3954,8432968,2013,0,1
3955,8434968,2021,0,1
3956,8436968,2008,1,1
3957,8438968,2073,0,1
3958,8440968,2118,0,1
3959,8442968,2103,0,1
3960,8444968,2103,0,1
3961,8446968,2071,0,1
3962,8448968,2040,0,1
3963,8450968,2035,0,1
3964,8452968,2019,0,1
3965,8454968,2021,0,1
3966,8456968,1997,1,1
3967,8458968,2035,0,1
3968,8460968,2071,0,1
3969,8462968,2073,0,1
3970,8464968,2073,0,1
3971,8466968,2067,0,1
3972,8468968,2043,0,1
3973,8470968,2028,0,1
3974,8472968,2021,0,1
3975,8474968,2025,0,1
3976,8476968,2025,1,1
3977,8478968,2085,0,1
3978,8480968,2108,0,1
3979,8482968,2117,0,1
3980,8484968,2087,0,1
3981,8486968,2065,0,1
3982,8488968,2027,0,1
3983,8490968,2027,0,1
3984,8492968,2019,0,1
3985,8494968,2011,1,1
3986,8496968,2023,1,1
3987,8498968,2084,0,1
3988,8500968,2105,0,1
3989,8502968,2101,0,1
3990,8504968,2089,0,1
3991,8506968,2069,0,1
3992,8508968,2031,0,1
3993,8510968,2025,0,1
3994,8512968,2019,0,1
3995,8514968,2025,1,1
3996,8516968,2044,1,1
3997,8518968,2043,0,1
3998,8520968,2044,0,1
3999,8522968,2040,0,1
4000,8524968,2053,0,1
4001,8526968,2045,0,1
4002,8528968,2031,0,1
4003,8530968,2028,0,1
4004,8532968,2029,0,1
4005,8534968,2023,1,1
4006,8536968,2019,1,1
4007,8538968,2067,0,1
4008,8540968,2088,0,1
4009,8542968,2111,0,1
4010,8544968,2088,0,1
4011,8546968,2071,0,1
4012,8548968,2043,0,1
4013,8550968,2023,0,1
4014,8552968,2020,0,1
4015,8554968,2023,1,1
4016,8556968,2027,1,1
4017,8558968,2079,0,1
4018,8560968,2110,0,1
4019,8562968,2107,0,1
4020,8564968,2091,0,1
4021,8566968,2059,0,1
4022,8568968,2027,0,1
4023,8570968,2031,0,1
4024,8572968,2021,0,1
4025,8574968,2014,1,1
4026,8576968,2029,1,1
4027,8578968,2107,0,1
4028,8580968,2123,0,1
4029,8582968,2125,0,1
4030,8584968,2100,0,1
4031,8586968,2067,0,1
4032,8588968,2028,0,1
4033,8590968,2019,0,1
4034,8592968,2013,0,1
4035,8594968,2008,1,1
4036,8596968,2037,1,1
4037,8598968,2099,0,1
4038,8600968,2131,0,1
4039,8602968,2119,0,1
4040,8604968,2099,0,1
4041,8606968,2063,0,1
4042,8608968,2031,0,1
4043,8610968,2021,0,1
4044,8612968,2013,0,1
4045,8614968,2007,1,1
4046,8616968,2029,1,1
4047,8618968,2091,0,1
4048,8620968,2118,0,1
4049,8622968,2119,0,1
4050,8624968,2091,0,1
4051,8626968,2059,0,1
4052,8628968,2031,0,1
4053,8630968,2019,0,1
4054,8632968,2021,0,1
4055,8634968,2009,1,1
4056,8636968,2031,1,1
4057,8638968,2077,0,1
4058,8640968,2087,0,1
4059,8642968,2083,0,1
4060,8644968,2063,0,1
4061,8646968,2059,0,1
4062,8648968,2027,0,1
4063,8650968,2025,0,1
4064,8652968,2013,0,1
4065,8654968,2028,1,1
4066,8656968,2031,1,1
4067,8658968,2075,0,1
4068,8660968,2118,0,1
4069,8662968,2130,0,1
4070,8664968,2080,0,1
4071,8666968,2054,0,1
4072,8668968,2041,0,1
4073,8670968,2030,0,1
4074,8672968,2011,0,1
4075,8674968,2021,1,1
4076,8676968,2029,1,1
4077,8678968,2088,0,1
4078,8680968,2123,0,1
4079,8682968,2117,0,1
4080,8684968,2085,0,1
4081,8686968,2063,0,1
4082,8688968,2027,0,1
4083,8690968,2015,0,1
4084,8692968,2009,0,1
4085,8694968,2004,1,1
4086,8696968,2009,1,1
4087,8698968,2071,0,1
4088,8700968,2100,0,1
4089,8702968,2117,0,1
4090,8704968,2088,0,1
4091,8706968,2063,0,1
4092,8708968,2035,0,1
4093,8710968,2029,0,1
4094,8712968,2015,0,1
4095,8714968,2003,1,1
4096,8716968,2041,1,1
4097,8718968,2095,0,1
4098,8720968,2120,0,1
4099,8722968,2111,0,1
4100,8724968,2100,0,1
4101,8726968,2059,0,1
4102,8728968,2037,0,1
4103,8730968,2027,0,1
4104,8732968,2013,0,1
4105,8734968,2013,1,1
4106,8736968,2028,1,1
4107,8738968,2077,0,1
4108,8740968,2092,0,1
4109,8742968,2099,0,1
4110,8744968,2076,0,1
4111,8746968,2055,0,1
4112,8748968,2028,0,1
4113,8750968,2025,0,1
4114,8752968,2013,0,1
4115,8754968,2012,1,1
4116,8756968,2063,1,1
4117,8758968,2221,0,1
4118,8760968,2299,0,1
4119,8762968,2280,0,1
4120,8764968,2211,0,1
4121,8766968,2125,0,1
4122,8768968,2039,0,1
4123,8770968,2008,0,1
4124,8772968,1991,0,1
4125,8774968,1995,1,1
4126,8776968,2040,1,1
4127,8778968,2186,0,1
4128,8780968,2238,0,1
4129,8782968,2223,0,1
4130,8784968,2153,0,1
4131,8786968,2079,0,1
4132,8788968,2014,0,1
4133,8790968,1995,0,1
4134,8792968,1976,0,1
4135,8794968,1979,1,1
4136,8796968,2003,1,1
4137,8798968,2009,0,1
4138,8800968,1992,0,1
4139,8802968,2004,0,1
4140,8804968,2021,0,1
4141,8806968,2019,0,1
4142,8808968,2013,0,1
4143,8810968,2029,0,1
4144,8812968,2031,0,1
4145,8814968,2040,1,1
4146,8816968,2043,1,1
4147,8818968,2090,0,1
4148,8820968,2094,0,1
4149,8822968,2077,0,1
4150,8824968,2076,0,1
4151,8826968,2042,0,1
4152,8828968,2023,0,1
4153,8830968,2020,0,1
4154,8832968,2015,0,1
4155,8834968,2024,1,1
4156,8836968,2065,1,1
4157,8838968,2096,0,1
4158,8840968,2124,0,1
4159,8842968,2109,0,1
4160,8844968,2087,0,1
4161,8846968,2055,0,1
4162,8848968,2019,0,1
4163,8850968,2025,0,1
4164,8852968,2011,0,1
4165,8854968,2027,1,1
4166,8856968,2022,1,1
4167,8858968,2077,0,1
4168,8860968,2093,0,1
4169,8862968,2099,0,1
4170,8864968,2089,0,1
4171,8866968,2059,0,1
4172,8868968,2027,0,1
4173,8870968,2027,0,1
4174,8872968,2019,0,1
4175,8874968,2026,1,1
4176,8876968,2055,1,1
4177,8878968,2108,0,1
4178,8880968,2124,0,1
4179,8882968,2108,0,1
4180,8884968,2092,0,1
4181,8886968,2041,0,1
4182,8888968,2023,0,1
4183,8890968,2025,0,1
4184,8892968,2015,0,1
4185,8894968,2011,1,1
4186,8896968,2045,1,1
4187,8898968,2100,0,1
4188,8900968,2133,0,1
4189,8902968,2121,0,1
4190,8904968,2099,0,1
4191,8906968,2043,0,1
4192,8908968,2027,0,1
4193,8910968,2014,0,1
4194,8912968,2009,0,1
4195,8914968,2024,1,1
4196,8916968,2040,1,1
4197,8918968,2073,0,1
4198,8920968,2072,0,1
4199,8922968,2067,0,1
4200,8924968,2053,0,1
4201,8926968,2023,0,1
4202,8928968,2028,0,1
4203,8930968,2023,0,1
4204,8932968,2027,0,1
4205,8934968,2023,1,1
4206,8936968,2067,1,1
4207,8938968,2115,0,1
4208,8940968,2109,0,1
4209,8942968,2108,0,1
4210,8944968,2087,0,1
4211,8946968,2056,0,1
4212,8948968,2019,0,1
4213,8950968,2021,0,1
4214,8952968,2015,0,1
4215,8954968,2019,1,1
4216,8956968,2043,1,1
4217,8958968,2087,0,1
4218,8960968,2109,0,1
4219,8962968,2099,0,1
4220,8964968,2078,0,1
4221,8966968,2037,0,1
4222,8968968,2025,0,1
4223,8970968,2019,0,1
4224,8972968,2012,0,1
4225,8974968,2023,1,1
4226,8976968,2065,1,1
4227,8978968,2101,0,1
4228,8980968,2109,0,1
4229,8982968,2105,0,1
4230,8984968,2085,0,1
4231,8986968,2058,0,1
4232,8988968,2024,0,1
4233,8990968,2019,0,1
4234,8992968,2019,0,1
4235,8994968,2008,1,1
4236,8996968,2040,1,1
4237,8998968,2093,0,1
4238,9000968,2107,0,1
4239,9002968,2094,0,1
4240,9004968,2072,0,1
4241,9006968,2057,0,1
4242,9008968,2021,0,1
4243,9010968,2024,0,1
4244,9012968,2005,0,1
4245,9014968,2007,1,1
4246,9016968,2056,1,1
4247,9018968,2085,0,1
4248,9020968,2089,0,1
4249,9022968,2087,0,1
4250,9024968,2059,0,1
4251,9026968,2032,0,1
4252,9028968,2034,0,1
4253,9030968,2021,0,1
4254,9032968,2021,0,1
4255,9034968,2025,1,1
4256,9036968,2035,1,1
4257,9038968,2089,0,1
4258,9040968,2105,0,1
4259,9042968,2083,0,1
4260,9044968,2075,0,1
4261,9046968,2042,0,1
4262,9048968,2025,0,1
4263,9050968,2013,0,1
4264,9052968,2013,0,1
4265,9054968,2009,1,1
4266,9056968,2035,1,1
4267,9058968,2101,0,1
4268,9060968,2111,0,1
4269,9062968,2101,0,1
4270,9064968,2087,0,1
4271,9066968,2035,0,1
4272,9068968,2038,0,1
4273,9070968,2020,0,1
4274,9072968,2019,0,1
4275,9074968,2011,1,1
4276,9076968,2067,1,1
4277,9078968,2135,0,1
4278,9080968,2151,0,1
4279,9082968,2129,0,1
4280,9084968,2083,0,1
4281,9086968,2042,0,1
4282,9088968,2015,0,1
4283,9090968,2014,0,1
4284,9092968,2011,0,1
4285,9094968,2023,1,1
4286,9096968,2074,1,1
4287,9098968,2115,0,1
4288,9100968,2132,0,1
4289,9102968,2110,0,1
4290,9104968,2071,0,1
4291,9106968,2035,0,1
4292,9108968,2015,0,1
4293,9110968,2020,0,1
4294,9112968,2015,0,1
4295,9114968,2012,1,1
4296,9116968,2084,1,1
4297,9118968,2136,0,1
4298,9120968,2141,0,1
4299,9122968,2107,0,1
4300,9124968,2077,0,1
4301,9126968,2041,0,1
4302,9128968,2024,0,1
4303,9130968,2010,0,1
4304,9132968,2003,0,1
4305,9134968,1992,1,1
4306,9136968,2036,1,1
4307,9138968,2093,0,1
4308,9140968,2099,0,1
4309,9142968,2091,0,1
4310,9144968,2077,0,1
4311,9146968,2044,0,1
4312,9148968,2031,0,1
4313,9150968,2011,0,1
4314,9152968,2012,0,1
4315,9154968,2010,1,1
4316,9156968,2067,1,1
4317,9158968,2095,0,1
4318,9160968,2119,0,1
4319,9162968,2095,0,1
4320,9164968,2085,0,1
4321,9166968,2039,0,1
4322,9168968,2027,0,1
4323,9170968,2020,0,1
4324,9172968,2021,0,1
4325,9174968,2008,1,1
4326,9176968,2077,1,1
4327,9178968,2116,0,1
4328,9180968,2119,0,1
4329,9182968,2104,0,1
4330,9184968,2072,0,1
4331,9186968,2024,0,1
4332,9188968,2018,0,1
4333,9190968,2019,0,1
4334,9192968,2015,0,1
4335,9194968,2005,1,1
4336,9196968,2067,1,1
4337,9198968,2133,0,1
4338,9200968,2135,0,1
4339,9202968,2111,0,1
4340,9204968,2083,0,1
4341,9206968,2037,0,1
4342,9208968,2025,0,1
4343,9210968,1999,0,1
4344,9212968,1999,0,1
4345,9214968,2021,1,1
4346,9216968,2072,1,1
4347,9218968,2105,0,1
4348,9220968,2120,0,1
4349,9222968,2111,0,1
4350,9224968,2074,0,1
4351,9226968,2039,0,1
4352,9228968,2023,0,1
4353,9230968,2004,0,1
4354,9232968,2018,0,1
4355,9234968,2019,1,1
4356,9236968,2068,1,1
4357,9238968,2123,0,1
4358,9240968,2135,0,1
4359,9242968,2111,0,1
4360,9244968,2071,0,1
4361,9246968,2053,0,1
4362,9248968,2027,0,1
4363,9250968,2006,0,1
4364,9252968,2019,0,1
4365,9254968,2004,1,1
4366,9256968,2056,1,1
4367,9258968,2105,0,1
4368,9260968,2121,0,1
4369,9262968,2099,0,1
4370,9264968,2070,0,1
4371,9266968,2041,0,1
4372,9268968,2025,0,1
4373,9270968,2021,0,1
4374,9272968,2009,0,1
4375,9274968,2019,1,1
4376,9276968,2077,1,1
4377,9278968,2135,0,1
4378,9280968,2137,0,1
4379,9282968,2111,0,1
4380,9284968,2071,0,1
4381,9286968,2043,0,1
4382,9288968,2010,0,1
4383,9290968,2004,0,1
4384,9292968,2005,0,1
4385,9294968,2029,1,1
4386,9296968,2057,1,1
4387,9298968,2124,0,1
4388,9300968,2133,0,1
4389,9302968,2101,0,1
4390,9304968,2084,0,1
4391,9306968,2057,0,1
4392,9308968,2029,0,1
4393,9310968,2017,0,1
4394,9312968,2013,0,1
4395,9314968,2014,1,1
4396,9316968,2042,1,1
4397,9318968,2091,0,1
4398,9320968,2086,0,1
4399,9322968,2077,0,1
4400,9324968,2073,0,1
4401,9326968,2039,0,1
4402,9328968,2023,0,1
4403,9330968,2019,0,1
4404,9332968,2019,0,1
4405,9334968,1996,1,1
4406,9336968,2037,1,1
4407,9338968,2083,0,1
4408,9340968,2105,0,1
4409,9342968,2095,0,1
4410,9344968,2069,0,1
4411,9346968,2037,0,1
4412,9348968,2026,0,1
4413,9350968,2022,0,1
4414,9352968,2026,0,1
4415,9354968,2026,1,1
4416,9356968,2072,1,1
4417,9358968,2095,0,1
4418,9360968,2109,0,1
4419,9362968,2094,0,1
4420,9364968,2068,0,1
4421,9366968,2030,0,1
4422,9368968,2025,0,1
4423,9370968,2024,0,1
4424,9372968,2011,0,1
4425,9374968,2013,1,1
4426,9376968,2067,1,1
4427,9378968,2088,0,1
4428,9380968,2104,0,1
4429,9382968,2085,0,1
4430,9384968,2063,0,1
4431,9386968,2032,0,1
4432,9388968,2035,0,1
4433,9390968,2009,0,1
4434,9392968,2021,0,1
4435,9394968,1984,1,1
4436,9396968,1977,1,1
4437,9398968,2021,0,1
4438,9400968,2037,0,1
4439,9402968,2044,0,1
4440,9404968,2042,0,1
4441,9406968,2044,0,1
4442,9408968,2036,0,1
4443,9410968,2035,0,1
4444,9412968,2041,0,1
4445,9414968,2018,1,1
4446,9416968,2059,1,1
4447,9418968,2073,0,1
4448,9420968,2068,0,1
4449,9422968,2075,0,1
4450,9424968,2057,0,1
4451,9426968,2028,0,1
4452,9428968,2023,0,1
4453,9430968,2012,0,1
4454,9432968,2031,0,1
4455,9434968,2024,1,1
4456,9436968,2207,1,1
4457,9438968,2459,0,1
4458,9440968,2511,0,1
4459,9442968,2415,0,1
4460,9444968,2269,0,1
4461,9446968,2115,0,1
4462,9448968,2007,0,1
4463,9450968,1958,0,1
4464,9452968,1948,0,1
4465,9454968,1957,1,1
4466,9456968,1885,1,1
4467,9458968,1733,0,1
4468,9460968,1719,0,1
4469,9462968,1785,0,1
4470,9464968,1884,0,1
4471,9466968,1976,0,1
4472,9468968,2063,0,1
4473,9470968,2097,0,1
4474,9472968,2103,0,1
4475,9474968,2079,1,1
4476,9476968,2088,1,1
4477,9478968,2059,0,1
4478,9480968,2031,0,1
4479,9482968,2011,0,1
4480,9484968,2020,0,1
4481,9486968,2003,0,1
4482,9488968,2023,0,1
4483,9490968,2023,0,1
4484,9492968,2027,0,1
4485,9494968,2027,1,1
4486,9496968,2079,1,1
4487,9498968,2089,0,1
4488,9500968,2087,0,1
4489,9502968,2072,0,1
4490,9504968,2045,0,1
4491,9506968,2036,0,1
4492,9508968,2023,0,1
4493,9510968,2013,0,1
4494,9512968,2015,0,1
4495,9514968,2013,1,1
4496,9516968,2069,1,1
4497,9518968,2105,0,1
4498,9520968,2107,0,1
4499,9522968,2090,0,1
4500,9524968,2065,0,1
4501,9526968,2037,0,1
4502,9528968,2023,0,1
4503,9530968,2019,0,1
4504,9532968,2021,0,1
4505,9534968,1980,1,1
4506,9536968,2034,1,1
4507,9538968,2085,0,1
4508,9540968,2103,0,1
4509,9542968,2109,0,1
4510,9544968,2084,0,1
4511,9546968,2059,0,1
4512,9548968,2031,0,1
4513,9550968,2019,0,1
4514,9552968,2026,0,1
4515,9554968,2021,1,1
4516,9556968,2075,0,1
4517,9558968,2093,0,1
4518,9560968,2099,0,1
4519,9562968,2093,0,1
4520,9564968,2058,0,1
4521,9566968,2035,0,1
4522,9568968,2017,0,1
4523,9570968,2019,0,1
4524,9572968,2013,0,1
4525,9574968,2020,1,1
4526,9576968,2095,0,1
4527,9578968,2135,0,1
4528,9580968,2137,0,1
4529,9582968,2117,0,1
4530,9584968,2073,0,1
4531,9586968,2023,0,1
4532,9588968,2027,0,1
4533,9590968,2017,0,1
4534,9592968,2013,0,1
4535,9594968,1990,1,1
4536,9596968,2025,0,1
4537,9598968,2056,0,1
4538,9600968,2065,0,1
4539,9602968,2075,0,1
4540,9604968,2043,0,1
4541,9606968,2027,0,1
4542,9608968,2031,0,1
4543,9610968,2029,0,1
4544,9612968,2035,0,1
4545,9614968,2022,1,1
4546,9616968,2087,0,1
4547,9618968,2079,0,1
4548,9620968,2077,0,1
4549,9622968,2068,0,1
4550,9624968,2025,0,1
4551,9626968,2012,0,1
4552,9628968,2015,0,1
4553,9630968,2008,0,1
4554,9632968,2021,0,1
4555,9634968,2006,1,1
4556,9636968,2035,0,1
4557,9638968,2087,0,1
4558,9640968,2099,0,1
4559,9642968,2087,0,1
4560,9644968,2069,0,1
4561,9646968,2035,0,1
4562,9648968,2022,0,1
4563,9650968,2020,0,1
4564,9652968,2007,1,1
4565,9654968,2031,1,1
4566,9656968,2158,0,1
4567,9658968,2247,0,1
4568,9660968,2245,0,1
4569,9662968,2187,0,1
4570,9664968,2104,0,1
4571,9666968,2037,0,1
4572,9668968,2008,0,1
4573,9670968,1979,0,1
4574,9672968,1981,1,1
4575,9674968,2008,1,1
4576,9676968,2143,0,1
4577,9678968,2235,0,1
4578,9680968,2235,0,1
4579,9682968,2184,0,1
4580,9684968,2117,0,1
4581,9686968,2037,0,1
4582,9688968,2007,0,1
4583,9690968,1995,0,1
4584,9692968,1999,1,1
4585,9694968,1979,1,1
4586,9696968,2087,0,1
4587,9698968,2165,0,1
4588,9700968,2173,0,1
4589,9702968,2087,0,1
4590,9704968,2084,0,1
4591,9706968,2045,0,1
4592,9708968,2033,0,1
4593,9710968,1995,0,1
4594,9712968,2007,1,1
4595,9714968,2007,1,1
4596,9716968,2109,0,1
4597,9718968,2166,0,1
4598,9720968,2147,0,1
4599,9722968,2121,0,1
4600,9724968,2074,0,1
4601,9726968,2059,0,1
4602,9728968,2011,0,1
4603,9730968,2012,0,1
4604,9732968,2025,0,1
4605,9734968,2019,1,1
4606,9736968,2099,0,1
4607,9738968,2140,0,1
4608,9740968,2140,0,1
4609,9742968,2129,0,1
4610,9744968,2063,0,1
4611,9746968,2037,0,1
4612,9748968,2022,0,1
4613,9750968,2011,0,1
4614,9752968,2024,0,1
4615,9754968,2054,1,1
4616,9756968,2133,0,1
4617,9758968,2167,0,1
4618,9760968,2157,0,1
4619,9762968,2140,0,1
4620,9764968,2065,0,1
4621,9766968,2039,0,1
4622,9768968,2023,0,1
4623,9770968,1995,0,1
4624,9772968,2007,0,1
4625,9774968,2058,1,1
4626,9776968,2309,0,1
4627,9778968,2455,0,1
4628,9780968,2427,0,1
4629,9782968,2328,0,1
4630,9784968,2165,0,1
4631,9786968,2037,0,1
4632,9788968,1981,0,1
4633,9790968,1950,0,1
4634,9792968,1958,0,1
4635,9794968,1995,1,1
4636,9796968,2065,0,1
4637,9798968,2103,0,1
4638,9800968,2110,0,1
4639,9802968,2119,0,1
4640,9804968,2076,0,1
4641,9806968,2043,0,1
4642,9808968,2026,0,1
4643,9810968,2022,0,1
4644,9812968,2031,1,1
4645,9814968,2031,1,1
4646,9816968,2077,0,1
4647,9818968,2099,0,1
4648,9820968,2101,0,1
4649,9822968,2085,0,1
4650,9824968,2045,0,1
4651,9826968,2027,0,1
4652,9828968,2021,0,1
4653,9830968,2012,0,1
4654,9832968,2027,1,1
4655,9834968,2001,1,1
4656,9836968,1982,0,1
4657,9838968,1966,0,1
4658,9840968,1983,0,1
4659,9842968,2010,0,1
4660,9844968,2015,0,1
4661,9846968,2032,0,1
4662,9848968,2057,0,1
4663,9850968,2039,0,1
4664,9852968,2059,1,1
4665,9854968,2025,1,1
4666,9856968,2063,0,1
4667,9858968,2068,0,1
4668,9860968,2067,0,1
4669,9862968,2057,0,1
4670,9864968,2038,0,1
4671,9866968,2027,0,1
4672,9868968,2029,0,1
4673,9870968,2028,0,1
4674,9872968,2023,1,1
4675,9874968,1870,1,1
4676,9876968,1629,1,1
4677,9878968,1484,0,1
4678,9880968,1557,0,1
4679,9882968,1717,0,1
4680,9884968,1896,0,1
4681,9886968,2041,0,1
4682,9888968,2136,0,1
4683,9890968,2175,0,1
4684,9892968,2167,1,1
4685,9894968,2067,1,1
4686,9896968,2004,0,1
4687,9898968,1949,0,1
4688,9900968,1948,0,1
4689,9902968,1957,0,1
4690,9904968,1981,0,1
4691,9906968,2018,0,1
4692,9908968,2045,0,1
4693,9910968,2042,0,1
4694,9912968,2065,1,1
4695,9914968,1977,1,1
4696,9916968,1917,0,1
4697,9918968,1883,0,1
4698,9920968,1903,0,1
4699,9922968,1949,0,1
4700,9924968,1989,0,1
4701,9926968,2021,0,1
4702,9928968,2071,0,1
4703,9930968,2069,0,1
4704,9932968,2059,1,1
4705,9934968,2004,1,1
4706,9936968,1927,0,1
4707,9938968,1877,0,1
4708,9940968,1895,0,1
4709,9942968,1949,0,1
4710,9944968,1979,0,1
4711,9946968,2025,0,1
4712,9948968,2065,0,1
4713,9950968,2073,0,1
4714,9952968,2057,1,1
4715,9954968,1992,1,1
4716,9956968,1909,0,1
4717,9958968,1873,0,1
4718,9960968,1870,0,1
4719,9962968,1919,0,1
4720,9964968,1971,0,1
4721,9966968,2029,0,1
4722,9968968,2065,0,1
4723,9970968,2076,0,1
4724,9972968,2069,1,1
4725,9974968,1976,1,1
4726,9976968,1863,0,1
4727,9978968,1821,0,1
4728,9980968,1847,0,1
4729,9982968,1911,0,1
4730,9984968,1965,0,1
4731,9986968,2027,0,1
4732,9988968,2079,0,1
4733,9990968,2084,0,1
4734,9992968,2077,1,1
4735,9994968,2044,1,1
4736,9996968,1967,0,1
4737,9998968,1928,0,1
4738,10000968,1928,0,1
4739,10002968,1964,0,1
4740,10004968,1982,0,1
4741,10006968,2025,0,1
4742,10008968,2057,0,1
4743,10010968,2069,0,1
4744,10012968,2059,1,1
4745,10014968,1965,1,1
4746,10016968,1851,0,1
4747,10018968,1785,0,1
4748,10020968,1831,0,1
4749,10022968,1878,0,1
4750,10024968,1971,0,1
4751,10026968,2029,0,1
4752,10028968,2085,0,1
4753,10030968,2088,0,1
4754,10032968,2084,1,1
4755,10034968,1956,1,1
4756,10036968,1797,0,1
4757,10038968,1739,0,1
4758,10040968,1769,0,1
4759,10042968,1846,0,1
4760,10044968,1948,0,1
4761,10046968,2037,0,1
4762,10048968,2089,0,1
4763,10050968,2119,0,1
4764,10052968,2102,1,1
4765,10054968,1979,1,1
4766,10056968,1837,0,1
4767,10058968,1779,0,1
4768,10060968,1816,0,1
4769,10062968,1881,0,1
4770,10064968,1967,0,1
4771,10066968,2026,0,1
4772,10068968,2076,0,1
4773,10070968,2093,0,1
4774,10072968,2091,1,1
4775,10074968,2102,1,1
4776,10076968,2119,0,1
4777,10078968,2119,0,1
4778,10080968,2077,0,1
4779,10082968,2067,0,1
4780,10084968,2014,0,1
4781,10086968,2008,0,1
4782,10088968,2012,0,1
4783,10090968,2009,0,1
4784,10092968,2023,1,1
4785,10094968,2035,1,1
4786,10096968,2103,0,1
4787,10098968,2111,0,1
4788,10100968,2099,0,1
4789,10102968,2065,0,1
4790,10104968,2040,0,1
4791,10106968,2024,0,1
4792,10108968,2028,0,1
4793,10110968,2019,0,1
4794,10112968,2011,1,1
4795,10114968,2025,1,1
4796,10116968,2075,0,1
4797,10118968,2073,0,1
4798,10120968,2063,0,1
4799,10122968,2039,0,1
4800,10124968,2035,0,1
4801,10126968,2031,0,1
4802,10128968,2028,0,1
4803,10130968,2025,0,1
4804,10132968,2039,1,1
4805,10134968,2071,1,1
4806,10136968,2160,0,1
4807,10138968,2213,0,1
4808,10140968,2186,0,1
4809,10142968,2135,0,1
4810,10144968,2085,0,1
4811,10146968,2043,0,1
4812,10148968,2014,0,1
4813,10150968,2007,0,1
4814,10152968,2015,1,1
4815,10154968,2076,1,1
4816,10156968,2183,0,1
4817,10158968,2227,0,1
4818,10160968,2203,0,1
4819,10162968,2129,0,1
4820,10164968,2060,0,1
4821,10166968,2015,0,1
4822,10168968,1995,0,1
4823,10170968,1982,0,1
4824,10172968,1999,1,1
4825,10174968,2013,1,1
4826,10176968,2010,0,1
4827,10178968,2005,0,1
4828,10180968,2005,0,1
4829,10182968,2021,0,1
4830,10184968,2012,0,1
4831,10186968,2021,0,1
4832,10188968,2035,0,1
4833,10190968,2035,0,1
4834,10192968,2030,1,1
4835,10194968,2042,1,1
4836,10196968,2083,0,1
4837,10198968,2085,0,1
4838,10200968,2072,0,1
4839,10202968,2063,0,1
4840,10204968,2036,0,1
4841,10206968,2031,0,1
4842,10208968,2029,0,1
4843,10210968,2012,0,1
4844,10212968,2031,1,1
4845,10214968,2077,1,1
4846,10216968,2107,0,1
4847,10218968,2104,0,1
4848,10220968,2089,0,1
4849,10222968,2063,0,1
4850,10224968,2028,0,1
4851,10226968,2024,0,1
4852,10228968,2011,0,1
4853,10230968,2025,0,1
4854,10232968,2025,1,1
4855,10234968,2055,1,1
4856,10236968,2124,0,1
4857,10238968,2132,0,1
4858,10240968,2117,0,1
4859,10242968,2077,0,1
4860,10244968,2063,0,1
4861,10246968,2027,0,1
4862,10248968,2007,0,1
4863,10250968,2011,0,1
4864,10252968,2035,1,1
4865,10254968,2073,1,1
4866,10256968,2119,0,1
4867,10258968,2134,0,1
4868,10260968,2108,0,1
4869,10262968,2091,0,1
4870,10264968,2054,0,1
4871,10266968,2021,0,1
4872,10268968,2015,0,1
4873,10270968,2019,0,1
4874,10272968,2055,1,1
4875,10274968,2099,1,1
4876,10276968,2167,0,1
4877,10278968,2195,0,1
4878,10280968,2149,0,1
4879,10282968,2123,0,1
4880,10284968,2039,0,1
4881,10286968,2027,0,1
4882,10288968,2003,0,1
4883,10290968,1997,0,1
4884,10292968,2011,1,1
4885,10294968,2029,1,1
4886,10296968,2085,0,1
4887,10298968,2084,0,1
4888,10300968,2076,0,1
4889,10302968,2067,0,1
4890,10304968,2040,0,1
4891,10306968,2021,0,1
4892,10308968,2015,0,1
4893,10310968,2021,0,1
4894,10312968,2044,1,1
4895,10314968,2071,1,1
4896,10316968,2143,0,1
4897,10318968,2154,0,1
4898,10320968,2127,0,1
4899,10322968,2090,0,1
4900,10324968,2036,0,1
4901,10326968,2031,0,1
4902,10328968,2011,0,1
4903,10330968,2020,0,1
4904,10332968,2013,1,1
4905,10334968,2044,1,1
4906,10336968,2091,0,1
4907,10338968,2093,0,1
4908,10340968,2091,0,1
4909,10342968,2073,0,1
4910,10344968,2029,0,1
4911,10346968,2038,0,1
4912,10348968,2019,0,1
4913,10350968,2018,0,1
4914,10352968,2036,1,1
4915,10354968,2072,1,1
4916,10356968,2093,0,1
4917,10358968,2105,0,1
4918,10360968,2083,0,1
4919,10362968,2065,0,1
4920,10364968,2025,0,1
4921,10366968,2025,0,1
4922,10368968,2010,0,1
4923,10370968,2019,0,1
4924,10372968,2026,1,1
4925,10374968,2079,1,1
4926,10376968,2090,0,1
4927,10378968,2095,0,1
4928,10380968,2079,0,1
4929,10382968,2063,0,1
4930,10384968,2029,0,1
4931,10386968,2025,0,1
4932,10388968,2020,0,1
4933,10390968,2025,0,1
4934,10392968,2013,1,1
4935,10394968,2071,1,1
4936,10396968,2105,0,1
4937,10398968,2119,0,1
4938,10400968,2106,0,1
4939,10402968,2083,0,1
4940,10404968,2043,0,1
4941,10406968,2025,0,1
4942,10408968,2023,0,1
4943,10410968,2009,0,1
4944,10412968,2021,1,1
4945,10414968,2063,1,1
4946,10416968,2115,0,1
4947,10418968,2127,0,1
4948,10420968,2107,0,1
4949,10422968,2072,0,1
4950,10424968,2037,0,1
4951,10426968,2031,0,1
4952,10428968,2020,0,1
4953,10430968,2003,0,1
4954,10432968,2005,1,1
4955,10434968,2067,1,1
4956,10436968,2103,0,1
4957,10438968,2106,0,1
4958,10440968,2078,0,1
4959,10442968,2063,0,1
4960,10444968,2057,0,1
4961,10446968,2023,0,1
4962,10448968,2021,0,1
4963,10450968,2025,0,1
4964,10452968,2036,1,1
4965,10454968,2075,1,1
4966,10456968,2110,0,1
4967,10458968,2105,0,1
4968,10460968,2103,0,1
4969,10462968,2071,0,1
4970,10464968,2036,0,1
4971,10466968,2025,0,1
4972,10468968,2009,0,1
4973,10470968,2019,0,1
4974,10472968,2003,1,1
4975,10474968,2067,1,1
4976,10476968,2087,0,1
4977,10478968,2092,0,1
4978,10480968,2087,0,1
4979,10482968,2055,0,1
4980,10484968,2040,0,1
4981,10486968,2027,0,1
4982,10488968,2025,0,1
4983,10490968,2022,0,1
4984,10492968,2019,1,1
4985,10494968,2093,1,1
4986,10496968,2127,0,1
4987,10498968,2130,0,1
4988,10500968,2107,0,1
4989,10502968,2067,0,1
4990,10504968,2028,0,1
4991,10506968,2023,0,1
4992,10508968,1998,0,1
4993,10510968,2015,0,1
4994,10512968,2029,1,1
4995,10514968,2087,1,1
4996,10516968,2119,0,1
4997,10518968,2110,0,1
4998,10520968,2091,0,1
4999,10522968,2066,0,1
5000,10524968,2026,0,1
5001,10526968,2029,0,1
5002,10528968,2021,0,1
5003,10530968,2021,0,1
5004,10532968,2037,1,1
5005,10534968,2076,1,1
5006,10536968,2088,0,1
5007,10538968,2085,0,1
5008,10540968,2071,0,1
5009,10542968,2055,0,1
5010,10544968,2027,0,1
5011,10546968,2018,0,1
5012,10548968,2021,0,1
5013,10550968,2023,0,1
5014,10552968,2055,1,1
5015,10554968,2088,1,1
5016,10556968,2143,0,1
5017,10558968,2137,0,1
5018,10560968,2104,0,1
5019,10562968,2065,0,1
5020,10564968,2032,0,1
5021,10566968,2013,0,1
5022,10568968,2012,0,1
5023,10570968,2018,0,1
5024,10572968,2040,1,1
5025,10574968,2094,1,1
5026,10576968,2156,0,1
5027,10578968,2153,0,1
5028,10580968,2123,0,1
5029,10582968,2075,0,1
5030,10584968,2035,0,1
5031,10586968,2027,0,1
5032,10588968,2012,0,1
5033,10590968,2011,0,1
5034,10592968,2035,1,1
5035,10594968,2099,1,1
5036,10596968,2133,0,1
5037,10598968,2146,0,1
5038,10600968,2095,0,1
5039,10602968,2071,0,1
5040,10604968,2036,0,1
5041,10606968,2025,0,1
5042,10608968,2011,0,1
5043,10610968,2007,0,1
5044,10612969,2023,1,1
5045,10614968,2091,1,1
5046,10616968,2148,0,1
5047,10618968,2133,0,1
5048,10620968,2111,0,1
5049,10622968,2067,0,1
5050,10624968,2037,0,1
5051,10626968,2019,0,1
5052,10628968,2012,0,1
5053,10630968,2011,0,1
5054,10632968,2035,1,1
5055,10634968,2077,1,1
5056,10636968,2095,0,1
5057,10638968,2092,0,1
5058,10640968,2076,0,1
5059,10642968,2055,0,1
5060,10644968,2035,0,1
5061,10646968,2030,0,1
5062,10648968,2019,0,1
5063,10650968,2021,0,1
5064,10652969,2041,1,1
5065,10654968,2099,1,1
5066,10656968,2133,0,1
5067,10658968,2131,0,1
5068,10660968,2099,0,1
5069,10662968,2069,0,1
5070,10664968,2036,0,1
5071,10666968,2031,0,1
5072,10668968,2010,0,1
5073,10670968,2019,0,1
5074,10672968,2022,1,1
5075,10674968,2075,1,1
5076,10676968,2130,0,1
5077,10678968,2120,0,1
5078,10680968,2101,0,1
5079,10682968,2056,0,1
5080,10684968,2031,0,1
5081,10686968,2024,0,1
5082,10688968,2023,0,1
5083,10690968,2015,0,1
5084,10692969,2063,1,1
5085,10694968,2130,0,1
5086,10696968,2143,0,1
5087,10698968,2133,0,1
5088,10700968,2116,0,1
5089,10702968,2073,0,1
5090,10704968,2031,0,1
5091,10706968,2025,0,1
5092,10708968,2007,0,1
5093,10710968,2026,0,1
5094,10712968,2023,1,1
5095,10714968,2067,0,1
5096,10716968,2085,0,1
5097,10718968,2085,0,1
5098,10720968,2084,0,1
5099,10722968,2043,0,1
5100,10724968,2025,0,1
5101,10726968,2031,0,1
5102,10728968,2019,0,1
5103,10730968,2028,0,1
5104,10732969,2041,1,1
5105,10734968,2103,0,1
5106,10736968,2137,0,1
5107,10738968,2133,0,1
5108,10740968,2108,0,1
5109,10742968,2065,0,1
5110,10744968,2027,0,1
5111,10746968,2027,0,1
5112,10748968,2008,0,1
5113,10750968,2019,0,1
5114,10752968,2053,1,1
5115,10754968,2119,0,1
5116,10756968,2159,0,1
5117,10758968,2151,0,1
5118,10760968,2126,0,1
5119,10762968,2078,0,1
5120,10764968,2028,0,1
5121,10766968,2019,0,1
5122,10768968,2011,0,1
5123,10770968,2024,1,1
5124,10772969,2022,1,1
5125,10774968,2109,0,1
5126,10776968,2131,0,1
5127,10778968,2121,0,1
5128,10780968,2117,0,1
5129,10782968,2063,0,1
5130,10784968,2034,0,1
5131,10786968,2026,0,1
5132,10788968,2007,0,1
5133,10790968,2021,0,1
5134,10792968,2043,1,1
5135,10794968,2132,0,1
5136,10796968,2175,0,1
5137,10798968,2169,0,1
5138,10800968,2139,0,1
5139,10802968,2076,0,1
5140,10804968,2025,0,1
5141,10806968,2013,0,1
5142,10808968,2009,0,1
5143,10810968,2012,0,1
5144,10812969,2039,1,1
5145,10814968,2101,0,1
5146,10816968,2131,0,1
5147,10818968,2129,0,1
5148,10820968,2106,0,1
5149,10822968,2071,0,1
5150,10824968,2027,0,1
5151,10826968,2024,0,1
5152,10828968,2007,0,1
5153,10830968,2027,0,1
5154,10832968,2040,1,1
5155,10834968,2084,0,1
5156,10836968,2105,0,1
5157,10838968,2095,0,1
5158,10840968,2093,0,1
5159,10842968,2065,0,1
5160,10844968,2025,0,1
5161,10846968,2026,0,1
5162,10848968,2019,0,1
5163,10850968,2024,0,1
5164,10852969,2026,1,1
5165,10854968,2072,0,1
5166,10856968,2091,0,1
5167,10858968,2087,0,1
5168,10860968,2085,0,1
5169,10862968,2058,0,1
5170,10864968,2035,0,1
5171,10866968,2027,0,1
5172,10868968,2039,0,1
5173,10870968,2041,0,1
5174,10872968,2093,1,1
5175,10874968,2298,0,1
5176,10876968,2445,0,1
5177,10878968,2431,0,1
5178,10880968,2330,0,1
5179,10882968,2169,0,1
5180,10884968,2037,0,1
5181,10886968,1973,0,1
5182,10888968,1943,0,1
5183,10890968,1948,0,1
5184,10892969,1963,1,1
5185,10894968,1974,0,1
5186,10896968,1977,0,1
5187,10898968,1982,0,1
5188,10900968,1999,0,1
5189,10902968,2015,0,1
5190,10904968,2031,0,1
5191,10906968,2040,0,1
5192,10908968,2034,0,1
5193,10910968,2038,1,1
5194,10912968,2077,1,1
5195,10914968,2105,0,1
5196,10916968,2121,0,1
5197,10918968,2108,0,1
5198,10920968,2076,0,1
5199,10922968,2044,0,1
5200,10924968,2024,0,1
5201,10926968,2017,0,1
5202,10928968,2025,0,1
5203,10930968,2025,1,1
5204,10932969,2044,1,1
5205,10934968,2119,0,1
5206,10936968,2141,0,1
5207,10938968,2135,0,1
5208,10940968,2105,0,1
5209,10942968,2056,0,1
5210,10944968,2023,0,1
5211,10946968,2013,0,1
5212,10948968,2003,0,1
5213,10950968,2003,1,1
5214,10952968,2043,1,1
5215,10954968,2133,0,1
5216,10956968,2141,0,1
5217,10958968,2136,0,1
5218,10960968,2103,0,1
5219,10962968,2056,0,1
5220,10964968,2031,0,1
5221,10966968,2009,0,1
5222,10968968,2008,0,1
5223,10970968,2028,1,1
5224,10972969,2037,1,1
5225,10974968,2101,0,1
5226,10976968,2131,0,1
5227,10978968,2125,0,1
5228,10980968,2095,0,1
5229,10982968,2067,0,1
5230,10984968,2027,0,1
5231,10986968,2028,0,1
5232,10988968,2009,0,1
5233,10990968,2027,1,1
5234,10992968,2065,1,1
5235,10994968,2105,0,1
5236,10996968,2124,0,1
5237,10998968,2106,0,1
5238,11000968,2089,0,1
5239,11002968,2044,0,1
5240,11004968,2031,0,1
5241,11006968,2013,0,1
5242,11008968,2009,0,1
5243,11010968,2019,1,1
5244,11012969,2029,1,1
5245,11014968,2067,0,1
5246,11016968,2079,0,1
5247,11018968,2074,0,1
5248,11020968,2067,0,1
5249,11022968,2053,0,1
5250,11024968,2025,0,1
5251,11026968,2023,0,1
5252,11028968,2023,0,1
5253,11030968,2009,1,1
5254,11032968,2055,1,1
5255,11034968,2084,0,1
5256,11036968,2105,0,1
5257,11038968,2101,0,1
5258,11040968,2072,0,1
5259,11042968,2045,0,1
5260,11044968,2024,0,1
5261,11046968,2019,0,1
5262,11048968,2018,0,1
5263,11050968,2025,1,1
5264,11052969,2013,1,1
5265,11054968,2085,0,1
5266,11056968,2122,0,1
5267,11058968,2117,0,1
5268,11060968,2091,0,1
5269,11062968,2059,0,1
5270,11064968,2035,0,1
5271,11066968,2015,0,1
5272,11068968,2012,0,1
5273,11070968,2011,1,1
5274,11072968,2025,1,1
5275,11074968,2091,0,1
5276,11076968,2107,0,1
5277,11078968,2119,0,1
5278,11080968,2087,0,1
5279,11082968,2059,0,1
5280,11084968,2027,0,1
5281,11086968,2027,0,1
5282,11088968,2023,0,1
5283,11090968,1998,1,1
5284,11092969,2071,1,1
5285,11094968,2138,0,1
5286,11096968,2169,0,1
5287,11098968,2151,0,1
5288,11100968,2120,0,1
5289,11102968,2066,0,1
5290,11104968,2025,0,1
5291,11106968,2011,0,1
5292,11108968,1997,0,1
5293,11110968,2023,1,1
5294,11112968,2066,1,1
5295,11114968,2131,0,1
5296,11116968,2185,0,1
5297,11118968,2166,0,1
5298,11120968,2106,0,1
5299,11122968,2057,0,1
5300,11124968,2023,0,1
5301,11126968,2007,0,1
5302,11128968,1999,0,1
5303,11130968,2012,1,1
5304,11132969,2057,1,1
5305,11134968,2123,0,1
5306,11136968,2143,0,1
5307,11138968,2121,0,1
5308,11140968,2103,0,1
5309,11142968,2059,0,1
5310,11144968,2030,0,1
5311,11146968,2011,0,1
5312,11148968,1999,0,1
5313,11150968,1997,1,1
5314,11152968,2001,1,1
5315,11154968,2043,0,1
5316,11156968,2071,0,1
5317,11158968,2070,0,1
5318,11160968,2063,0,1
5319,11162968,2053,0,1
5320,11164968,2024,0,1
5321,11166968,2026,0,1
5322,11168968,2024,0,1
5323,11170968,2015,1,1
5324,11172969,2063,1,1
5325,11174968,2107,0,1
5326,11176968,2123,0,1
5327,11178968,2105,0,1
5328,11180968,2077,0,1
5329,11182968,2036,0,1
5330,11184968,2025,0,1
5331,11186968,2025,0,1
5332,11188968,2010,0,1
5333,11190968,2019,1,1
5334,11192968,2065,1,1
5335,11194968,2124,0,1
5336,11196968,2134,0,1
5337,11198968,2119,0,1
5338,11200968,2084,0,1
5339,11202968,2045,0,1
5340,11204968,2022,0,1
5341,11206968,2014,0,1
5342,11208968,2031,0,1
5343,11210968,2003,1,1
5344,11212969,2063,1,1
5345,11214968,2105,0,1
5346,11216968,2117,0,1
5347,11218968,2116,0,1
5348,11220968,2089,0,1
5349,11222968,2055,0,1
5350,11224968,2031,0,1
5351,11226968,2025,0,1
5352,11228968,2006,0,1
5353,11230968,2024,1,1
5354,11232968,2032,1,1
5355,11234968,2102,0,1
5356,11236968,2119,0,1
5357,11238968,2094,0,1
5358,11240968,2093,0,1
5359,11242968,2057,0,1
5360,11244968,2026,0,1
5361,11246968,2027,0,1
5362,11248968,2021,0,1
5363,11250968,2013,1,1
5364,11252969,2054,1,1
5365,11254968,2119,0,1
5366,11256968,2140,0,1
5367,11258968,2120,0,1
5368,11260968,2095,0,1
5369,11262968,2042,0,1
5370,11264968,2025,0,1
5371,11266968,2009,0,1
5372,11268968,2011,0,1
5373,11270968,2015,1,1
5374,11272968,2030,1,1
5375,11274968,2069,0,1
5376,11276968,2088,0,1
5377,11278968,2083,0,1
5378,11280968,2077,0,1
5379,11282968,2037,0,1
5380,11284968,2025,0,1
5381,11286968,2029,0,1
5382,11288968,2022,0,1
5383,11290968,2028,1,1
5384,11292969,2074,1,1
5385,11294968,2149,0,1
5386,11296968,2165,0,1
5387,11298968,2141,0,1
5388,11300968,2111,0,1
5389,11302968,2055,0,1
5390,11304968,2029,0,1
5391,11306968,2011,0,1
5392,11308968,2007,0,1
5393,11310968,2023,1,1
5394,11312968,2076,1,1
5395,11314968,2145,0,1
5396,11316968,2152,0,1
5397,11318968,2131,0,1
5398,11320968,2100,0,1
5399,11322968,2043,0,1
5400,11324968,2015,0,1
5401,11326968,2008,0,1
5402,11328968,2007,0,1
5403,11330968,2005,1,1
5404,11332969,2031,1,1
5405,11334968,2090,0,1
5406,11336968,2119,0,1
5407,11338968,2101,0,1
5408,11340968,2085,0,1
5409,11342968,2053,0,1
5410,11344968,2027,0,1
5411,11346968,2015,0,1
5412,11348968,2021,0,1
5413,11350968,2009,1,1
5414,11352968,2043,1,1
5415,11354968,2095,0,1
5416,11356968,2109,0,1
5417,11358968,2089,0,1
5418,11360968,2088,0,1
5419,11362968,2045,0,1
5420,11364968,2025,0,1
5421,11366968,2013,0,1
5422,11368968,2017,0,1
5423,11370968,2022,1,1
5424,11372969,2057,1,1
5425,11374968,2103,0,1
5426,11376968,2111,0,1
5427,11378968,2118,0,1
5428,11380968,2079,0,1
5429,11382968,2041,0,1
5430,11384968,2027,0,1
5431,11386968,2011,0,1
5432,11388968,2005,0,1
5433,11390968,2019,1,1
5434,11392968,2027,1,1
5435,11394968,2086,0,1
5436,11396968,2110,0,1
5437,11398968,2092,0,1
5438,11400968,2069,0,1
5439,11402968,2043,0,1
5440,11404968,2027,0,1
5441,11406968,2023,0,1
5442,11408968,2007,0,1
5443,11410968,2012,1,1
5444,11412969,2066,1,1
5445,11414968,2107,0,1
5446,11416968,2123,0,1
5447,11418968,2117,0,1
5448,11420968,2085,0,1
5449,11422968,2041,0,1
5450,11424968,2030,0,1
5451,11426968,2012,0,1
5452,11428968,2003,0,1
5453,11430968,2022,1,1
5454,11432968,2063,1,1
5455,11434968,2092,0,1
5456,11436968,2095,0,1
5457,11438968,2084,0,1
5458,11440968,2043,0,1
5459,11442968,2035,0,1
5460,11444968,2027,0,1
5461,11446968,2027,0,1
5462,11448968,2023,0,1
5463,11450968,2006,1,1
5464,11452969,2075,1,1
5465,11454968,2125,0,1
5466,11456968,2141,0,1
5467,11458968,2125,0,1
5468,11460968,2077,0,1
5469,11462968,2053,0,1
5470,11464968,2023,0,1
5471,11466968,2011,0,1
5472,11468968,1998,0,1
5473,11470968,2017,1,1
5474,11472968,2070,1,1
5475,11474968,2110,0,1
5476,11476968,2130,0,1
5477,11478968,2109,0,1
5478,11480968,2075,0,1
5479,11482968,2041,0,1
5480,11484968,2023,0,1
5481,11486968,2007,0,1
5482,11488968,2010,0,1
5483,11490968,2008,1,1
5484,11492969,2055,1,1
5485,11494968,2117,0,1
5486,11496968,2125,0,1
5487,11498968,2099,0,1
5488,11500968,2077,0,1
5489,11502968,2052,0,1
5490,11504968,2020,0,1
5491,11506968,2019,0,1
5492,11508968,2015,0,1
5493,11510968,2025,1,1
5494,11512968,2075,1,1
5495,11514968,2100,0,1
5496,11516968,2109,0,1
5497,11518968,2095,0,1
5498,11520968,2063,0,1
5499,11522968,2040,0,1
5500,11524968,2015,0,1
5501,11526968,2006,0,1
5502,11528968,2020,0,1
5503,11530968,2022,1,1
5504,11532969,2089,1,1
5505,11534968,2138,0,1
5506,11536968,2147,0,1
5507,11538968,2120,0,1
5508,11540968,2087,0,1
5509,11542968,2040,0,1
5510,11544968,2024,0,1
5511,11546968,2002,0,1
5512,11548968,2018,0,1
5513,11550968,2015,1,1
5514,11552968,2092,1,1
5515,11554968,2141,0,1
5516,11556968,2140,0,1
5517,11558968,2118,0,1
5518,11560968,2070,0,1
5519,11562968,2031,0,1
5520,11564968,2015,0,1
5521,11566968,2013,0,1
5522,11568968,2017,0,1
5523,11570968,2009,1,1
5524,11572969,2053,1,1
5525,11574968,2073,0,1
5526,11576968,2089,0,1
5527,11578968,2075,0,1
5528,11580968,2041,0,1
5529,11582968,2035,0,1
5530,11584968,2020,0,1
5531,11586968,2019,0,1
5532,11588968,2025,0,1
5533,11590968,2053,1,1
5534,11592968,2231,1,1
5535,11594968,2531,0,1
5536,11596968,2599,0,1
5537,11598968,2495,0,1
5538,11600968,2324,0,1
5539,11602968,2130,0,1
5540,11604968,2011,0,1
5541,11606968,1947,0,1
5542,11608968,1929,0,1
5543,11610968,1929,1,1
5544,11612969,1929,1,1
5545,11614968,1818,0,1
5546,11616968,1798,0,1
5547,11618968,1848,0,1
5548,11620968,1909,0,1
5549,11622968,1997,0,1
5550,11624968,2041,0,1
5551,11626968,2089,0,1
5552,11628968,2087,0,1
5553,11630968,2093,1,1
5554,11632968,2130,1,1
5555,11634968,2137,0,1
5556,11636968,2104,0,1
5557,11638968,2071,0,1
5558,11640968,2025,0,1
5559,11642968,2015,0,1
5560,11644968,2012,0,1
5561,11646968,2008,0,1
5562,11648968,2015,0,1
5563,11650968,2023,1,1
5564,11652969,2056,1,1
5565,11654968,2095,0,1
5566,11656968,2099,0,1
5567,11658968,2077,0,1
5568,11660968,2043,0,1
5569,11662968,2023,0,1
5570,11664968,2023,0,1
5571,11666968,2005,0,1
5572,11668968,2012,0,1
5573,11670968,2011,1,1
5574,11672968,2065,1,1
5575,11674968,2088,0,1
5576,11676968,2089,0,1
5577,11678968,2087,0,1
5578,11680968,2044,0,1
5579,11682968,2038,0,1
5580,11684968,2031,0,1
5581,11686968,2031,0,1
5582,11688968,2024,0,1
5583,11690968,2024,1,1
5584,11692969,2103,1,1
5585,11694968,2147,0,1
5586,11696968,2127,0,1
5587,11698968,2103,0,1
5588,11700968,2071,0,1
5589,11702968,2029,0,1
5590,11704968,2014,0,1
5591,11706968,2015,0,1
5592,11708968,2012,0,1
5593,11710968,2022,1,1
5594,11712968,2100,1,1
5595,11714968,2147,0,1
5596,11716968,2147,0,1
5597,11718968,2121,0,1
5598,11720968,2069,0,1
5599,11722968,2029,0,1
5600,11724968,2019,0,1
5601,11726968,2009,0,1
5602,11728968,2009,0,1
5603,11730968,2011,1,1
5604,11732969,2065,1,1
5605,11734968,2085,0,1
5606,11736968,2101,0,1
5607,11738968,2083,0,1
5608,11740968,2063,0,1
5609,11742968,2035,0,1
5610,11744968,2020,0,1
5611,11746968,2024,0,1
5612,11748968,2038,0,1
5613,11750968,2044,1,1
5614,11752968,2087,1,1
5615,11754968,2108,0,1
5616,11756968,2123,0,1
5617,11758968,2099,0,1
5618,11760968,2065,0,1
5619,11762968,2038,0,1
5620,11764968,2023,0,1
5621,11766968,2008,0,1
5622,11768968,2018,0,1
5623,11770968,2043,1,1
5624,11772969,2134,1,1
5625,11774968,2181,0,1
5626,11776968,2171,0,1
5627,11778968,2141,0,1
5628,11780968,2068,0,1
5629,11782968,2036,0,1
5630,11784968,2021,0,1
5631,11786968,1997,0,1
5632,11788968,2007,0,1
5633,11790968,2040,1,1
5634,11792968,2108,1,1
5635,11794968,2169,0,1
5636,11796968,2155,0,1
5637,11798968,2136,0,1
5638,11800968,2076,0,1
5639,11802968,2029,0,1
5640,11804968,2012,0,1
5641,11806968,1993,0,1
5642,11808968,2013,0,1
5643,11810968,2013,1,1
5644,11812969,2106,1,1
5645,11814968,2136,0,1
5646,11816968,2117,0,1
5647,11818968,2107,0,1
5648,11820968,2059,0,1
5649,11822968,2035,0,1
5650,11824968,2023,0,1
5651,11826968,2009,0,1
5652,11828968,2025,0,1
5653,11830968,2013,1,1
5654,11832968,2094,0,1
5655,11834968,2120,0,1
5656,11836968,2111,0,1
5657,11838968,2103,0,1
5658,11840968,2055,0,1
5659,11842968,2031,0,1
5660,11844968,2023,0,1
5661,11846968,2015,0,1
5662,11848968,2028,0,1
5663,11850968,2005,1,1
5664,11852969,2070,0,1
5665,11854968,2092,0,1
5666,11856968,2087,0,1
5667,11858968,2095,0,1
5668,11860968,2069,0,1
5669,11862968,2027,0,1
5670,11864968,2024,0,1
5671,11866968,2013,0,1
5672,11868968,2031,0,1
5673,11870968,2032,1,1
5674,11872968,2068,0,1
5675,11874968,2079,0,1
5676,11876968,2073,0,1
5677,11878968,2075,0,1
5678,11880968,2039,0,1
5679,11882968,2029,0,1
5680,11884968,2025,0,1
5681,11886968,2021,0,1
5682,11888968,2029,0,1
5683,11890968,2025,1,1
5684,11892969,2103,0,1
5685,11894968,2125,0,1
5686,11896968,2120,0,1
5687,11898968,2086,0,1
5688,11900968,2063,0,1
5689,11902968,2025,0,1
5690,11904968,2023,0,1
5691,11906968,2005,0,1
5692,11908968,2011,0,1
5693,11910968,2006,1,1
5694,11912968,2076,0,1
5695,11914968,2123,0,1
5696,11916968,2131,0,1
5697,11918968,2105,0,1
5698,11920968,2070,0,1
5699,11922968,2041,0,1
5700,11924968,2023,0,1
5701,11926968,2007,0,1
5702,11928968,2007,0,1
5703,11930968,2031,1,1
5704,11932969,2100,0,1
5705,11934968,2127,0,1
5706,11936968,2121,0,1
5707,11938968,2111,0,1
5708,11940968,2059,0,1
5709,11942968,2036,0,1
5710,11944968,2024,0,1
5711,11946968,2013,0,1
5712,11948968,2025,0,1
5713,11950968,2040,1,1
5714,11952968,2107,0,1
5715,11954968,2129,0,1
5716,11956968,2137,0,1
5717,11958968,2101,0,1
5718,11960968,2068,0,1
5719,11962968,2042,0,1
5720,11964968,2030,0,1
5721,11966968,2021,0,1
5722,11968968,2019,1,1
5723,11970968,2019,1,1
5724,11972969,2085,0,1
5725,11974968,2118,0,1
5726,11976968,2105,0,1
5727,11978968,2076,0,1
5728,11980968,2059,0,1
5729,11982968,2026,0,1
5730,11984968,2017,0,1
5731,11986968,2013,0,1
5732,11988968,2028,1,1
5733,11990968,2023,1,1
5734,11992968,2095,0,1
5735,11994968,2130,0,1
5736,11996968,2119,0,1
5737,11998968,2099,0,1
5738,12000968,2071,0,1
5739,12002968,2038,0,1
5740,12004968,2019,0,1
5741,12006968,2009,0,1
5742,12008968,2035,1,1
5743,12010968,2018,1,1
5744,12012969,2071,0,1
5745,12014968,2099,0,1
5746,12016968,2099,0,1
5747,12018968,2093,0,1
5748,12020968,2056,0,1
5749,12022968,2043,0,1
5750,12024968,2025,0,1
5751,12026968,2011,0,1
5752,12028968,2019,1,1
5753,12030968,2034,1,1
5754,12032968,2103,0,1
5755,12034968,2123,0,1
5756,12036968,2121,0,1
5757,12038968,2102,0,1
5758,12040968,2054,0,1
5759,12042968,2025,0,1
5760,12044968,2018,0,1
5761,12046968,2023,0,1
5762,12048968,2013,1,1
5763,12050968,2030,1,1
5764,12052969,2125,0,1
5765,12054968,2135,0,1
5766,12056968,2135,0,1
5767,12058968,2105,0,1
5768,12060968,2060,0,1
5769,12062968,2031,0,1
5770,12064968,2015,0,1
5771,12066968,2005,0,1
5772,12068968,2011,1,1
5773,12070968,1980,1,1
5774,12072968,2027,0,1
5775,12074968,2076,0,1
5776,12076968,2080,0,1
5777,12078968,2075,0,1
5778,12080968,2059,0,1
5779,12082968,2044,0,1
5780,12084968,2032,0,1
5781,12086968,2023,0,1
5782,12088968,2036,1,1
5783,12090968,2039,1,1
5784,12092969,2087,0,1
5785,12094968,2119,0,1
5786,12096968,2105,0,1
5787,12098968,2075,0,1
5788,12100968,2038,0,1
5789,12102968,2035,0,1
5790,12104968,2023,0,1
5791,12106968,2008,0,1
5792,12108968,2003,1,1
5793,12110968,2043,1,1
5794,12112968,2119,0,1
5795,12114968,2150,0,1
5796,12116968,2133,0,1
5797,12118968,2095,0,1
5798,12120968,2055,0,1
5799,12122968,2025,0,1
5800,12124968,2013,0,1
5801,12126968,2005,0,1
5802,12128968,2013,1,1
5803,12130968,2044,1,1
5804,12132969,2105,0,1
5805,12134968,2136,0,1
5806,12136968,2107,0,1
5807,12138968,2095,0,1
5808,12140968,2043,0,1
5809,12142968,2019,0,1
5810,12144968,2027,0,1
5811,12146968,2005,0,1
5812,12148968,2024,1,1
5813,12150968,2015,1,1
5814,12152968,2095,0,1
5815,12154968,2125,0,1
5816,12156968,2119,0,1
5817,12158968,2086,0,1
5818,12160968,2041,0,1
5819,12162968,2037,0,1
5820,12164968,2013,0,1
5821,12166968,2020,0,1
5822,12168968,2019,1,1
5823,12170968,2043,1,1
5824,12172969,2117,0,1
5825,12174968,2146,0,1
5826,12176968,2119,0,1
5827,12178968,2088,0,1
5828,12180968,2044,0,1
5829,12182968,2020,0,1
5830,12184968,2011,0,1
5831,12186968,2013,0,1
5832,12188968,2029,1,1
5833,12190968,2044,1,1
5834,12192968,2108,0,1
5835,12194968,2131,0,1
5836,12196968,2123,0,1
5837,12198968,2095,0,1
5838,12200968,2066,0,1
5839,12202968,2037,0,1
5840,12204968,2019,0,1
5841,12206968,2013,0,1
5842,12208968,2009,1,1
5843,12210968,2052,1,1
5844,12212969,2121,0,1
5845,12214968,2135,0,1
5846,12216968,2123,0,1
5847,12218968,2092,0,1
5848,12220968,2045,0,1
5849,12222968,2021,0,1
5850,12224968,2014,0,1
5851,12226968,2011,0,1
5852,12228968,2027,1,1
5853,12230968,2036,1,1
5854,12232968,2099,0,1
5855,12234968,2105,0,1
5856,12236968,2089,0,1
5857,12238968,2075,0,1
5858,12240968,2039,0,1
5859,12242968,2031,0,1
5860,12244968,2025,0,1
5861,12246968,2013,0,1
5862,12248968,2010,1,1
5863,12250968,2039,1,1
5864,12252969,2087,0,1
5865,12254968,2102,0,1
5866,12256968,2087,0,1
5867,12258968,2085,0,1
5868,12260968,2037,0,1
5869,12262968,2027,0,1
5870,12264968,2021,0,1
5871,12266968,2015,0,1
5872,12268968,2021,1,1
5873,12270968,2045,1,1
5874,12272968,2121,0,1
5875,12274968,2150,0,1
5876,12276968,2125,0,1
5877,12278968,2101,0,1
5878,12280968,2039,0,1
5879,12282968,2023,0,1
5880,12284968,2019,0,1
5881,12286968,2003,0,1
5882,12288968,2011,1,1
5883,12290968,2031,1,1
5884,12292969,2037,0,1
5885,12294968,2031,0,1
5886,12296968,2027,0,1
5887,12298968,2025,0,1
5888,12300968,2019,0,1
5889,12302968,2023,0,1
5890,12304968,2039,0,1
5891,12306968,2039,0,1
5892,12308968,2039,1,1
5893,12310968,2148,1,1
5894,12312968,2464,0,1
5895,12314968,2605,0,1
5896,12316968,2557,0,1
5897,12318968,2395,0,1
5898,12320968,2185,0,1
5899,12322968,2039,0,1
5900,12324968,1958,0,1
5901,12326968,1911,0,1
5902,12328968,1935,1,1
5903,12330968,1934,1,1
5904,12332969,1833,0,1
5905,12334968,1771,0,1
5906,12336968,1807,0,1
5907,12338968,1903,0,1
5908,12340968,1963,0,1
5909,12342968,2031,0,1
5910,12344968,2077,0,1
5911,12346968,2103,0,1
5912,12348968,2085,1,1
5913,12350968,2074,1,1
5914,12352968,2091,0,1
5915,12354968,2065,0,1
5916,12356968,2041,0,1
5917,12358968,2027,0,1
5918,12360968,2008,0,1
5919,12362968,2009,0,1
5920,12364968,2013,0,1
5921,12366968,2031,0,1
5922,12368968,2028,1,1
5923,12370968,2076,1,1
5924,12372969,2121,0,1
5925,12374968,2116,0,1
5926,12376968,2090,0,1
5927,12378968,2068,0,1
5928,12380968,2035,0,1
5929,12382968,2019,0,1
5930,12384968,2015,0,1
5931,12386968,2010,0,1
5932,12388968,2035,1,1
5933,12390968,2058,1,1
5934,12392968,2101,0,1
5935,12394968,2119,0,1
5936,12396968,2105,0,1
5937,12398968,2063,0,1
5938,12400968,2053,0,1
5939,12402968,2021,0,1
5940,12404968,2029,0,1
5941,12406968,2019,0,1
5942,12408968,2013,1,1
5943,12410968,2045,1,1
5944,12412969,2087,0,1
5945,12414968,2073,0,1
5946,12416968,2073,0,1
5947,12418968,2065,0,1
5948,12420968,2028,0,1
5949,12422968,2027,0,1
5950,12424968,2027,0,1
5951,12426968,2024,0,1
5952,12428968,2009,1,1
5953,12430968,2037,1,1
5954,12432968,2091,0,1
5955,12434968,2093,0,1
5956,12436968,2077,0,1
5957,12438968,2069,0,1
5958,12440968,2037,0,1
5959,12442968,2036,0,1
5960,12444968,2011,0,1
5961,12446968,2019,0,1
5962,12448968,2021,1,1
5963,12450968,2034,1,1
5964,12452969,2085,0,1
5965,12454968,2093,0,1
5966,12456968,2071,0,1
5967,12458968,2072,0,1
5968,12460968,2036,0,1
5969,12462968,2026,0,1
5970,12464968,2023,0,1
5971,12466968,2012,0,1
5972,12468968,2027,1,1
5973,12470968,2073,1,1
5974,12472968,2123,0,1
5975,12474968,2125,0,1
5976,12476968,2099,0,1
5977,12478968,2072,0,1
5978,12480968,2043,0,1
5979,12482968,2021,0,1
5980,12484968,2014,0,1
5981,12486968,2019,0,1
5982,12488968,1995,1,1
5983,12490968,2065,1,1
5984,12492969,2120,0,1
5985,12494968,2119,0,1
5986,12496968,2099,0,1
5987,12498968,2075,0,1
5988,12500968,2041,0,1
5989,12502968,2021,0,1
5990,12504968,2013,0,1
5991,12506968,2011,0,1
5992,12508968,2019,1,1
5993,12510968,2069,1,1
5994,12512968,2093,0,1
5995,12514968,2093,0,1
5996,12516968,2085,0,1
5997,12518968,2069,0,1
5998,12520968,2029,0,1
5999,12522968,2020,0,1
6000,12524968,2025,0,1
6001,12526968,2023,0,1
6002,12528968,2025,1,1
6003,12530968,2075,1,1
6004,12532969,2120,0,1
6005,12534968,2124,0,1
6006,12536968,2089,0,1
6007,12538968,2063,0,1
6008,12540968,2043,0,1
6009,12542968,2021,0,1
6010,12544968,2023,0,1
6011,12546968,2014,0,1
6012,12548968,2029,1,1
6013,12550968,2074,1,1
6014,12552968,2109,0,1
6015,12554968,2120,0,1
6016,12556968,2091,0,1
6017,12558968,2067,0,1
6018,12560968,2044,0,1
6019,12562968,2022,0,1
6020,12564968,2019,0,1
6021,12566968,2023,0,1
6022,12568968,2011,1,1
6023,12570968,2037,1,1
6024,12572969,2080,0,1
6025,12574968,2083,0,1
6026,12576968,2083,0,1
6027,12578968,2063,0,1
6028,12580968,2026,0,1
6029,12582968,2021,0,1
6030,12584968,2024,0,1
6031,12586968,2021,0,1
6032,12588968,2025,1,1
6033,12590968,2045,1,1
6034,12592968,2105,0,1
6035,12594968,2104,0,1
6036,12596968,2099,0,1
6037,12598968,2067,0,1
6038,12600968,2031,0,1
6039,12602968,2029,0,1
6040,12604968,2025,0,1
6041,12606968,2025,0,1
6042,12608968,2032,1,1
6043,12610968,2075,1,1
6044,12612969,2095,0,1
6045,12614968,2117,0,1
6046,12616968,2093,0,1
6047,12618968,2063,0,1
6048,12620968,2031,0,1
6049,12622968,2024,0,1
6050,12624968,2024,0,1
6051,12626968,2023,0,1
6052,12628968,2011,1,1
6053,12630968,2065,1,1
6054,12632968,2110,0,1
6055,12634968,2111,0,1
6056,12636968,2095,0,1
6057,12638968,2065,0,1
6058,12640968,2035,0,1
6059,12642968,2025,0,1
6060,12644968,2014,0,1
6061,12646968,2024,0,1
6062,12648968,1995,1,1
6063,12650968,2028,1,1
6064,12652969,2075,0,1
6065,12654968,2085,0,1
6066,12656968,2079,0,1
6067,12658968,2063,0,1
6068,12660968,2037,0,1
6069,12662968,2027,0,1
6070,12664968,2024,0,1
6071,12666968,2035,0,1
6072,12668968,2025,1,1
6073,12670968,2045,1,1
6074,12672968,2073,0,1
6075,12674968,2088,0,1
6076,12676968,2077,0,1
6077,12678968,2058,0,1
6078,12680968,2035,0,1
6079,12682968,2026,0,1
6080,12684968,2021,0,1
6081,12686968,2029,0,1
6082,12688968,2021,1,1
6083,12690968,2077,1,1
6084,12692969,2125,0,1
6085,12694968,2121,0,1
6086,12696968,2104,0,1
6087,12698968,2077,0,1
6088,12700968,2029,0,1
6089,12702968,2023,0,1
6090,12704968,2009,0,1
6091,12706968,2021,0,1
6092,12708968,2020,1,1
6093,12710968,2053,1,1
6094,12712968,2091,0,1
6095,12714968,2095,0,1
6096,12716968,2089,0,1
6097,12718968,2067,0,1
6098,12720968,2039,0,1
6099,12722968,2031,0,1
6100,12724968,2014,0,1
6101,12726968,2021,0,1
6102,12728968,2031,1,1
6103,12730968,2069,1,1
6104,12732969,1964,0,1
6105,12734968,2102,0,1
6106,12736968,2095,0,1
6107,12738968,2055,0,1
6108,12740968,2040,0,1
6109,12742968,2025,0,1
6110,12744968,2015,0,1
6111,12746968,2028,0,1
6112,12748968,2014,1,1
6113,12750968,2075,1,1
6114,12752968,2043,0,1
6115,12754968,2115,0,1
6116,12756968,2095,0,1
6117,12758968,2055,0,1
6118,12760968,2026,0,1
6119,12762968,2021,0,1
6120,12764968,2009,0,1
6121,12766968,2024,0,1
6122,12768968,2019,1,1
6123,12770968,2101,1,1
6124,12772969,2131,0,1
6125,12774968,2122,0,1
6126,12776968,2099,0,1
6127,12778968,2068,0,1
6128,12780968,2038,0,1
6129,12782968,2019,0,1
6130,12784968,2009,0,1
6131,12786968,2011,0,1
6132,12788968,2037,1,1
6133,12790968,2099,1,1
6134,12792968,2131,0,1
6135,12794968,2131,0,1
6136,12796968,2111,0,1
6137,12798968,2076,0,1
6138,12800968,2031,0,1
6139,12802968,2018,0,1
6140,12804968,2018,0,1
6141,12806968,2027,0,1
6142,12808968,1992,1,1
6143,12810968,2009,1,1
6144,12812969,2071,0,1
6145,12814968,2069,0,1
6146,12816968,2078,0,1
6147,12818968,2069,0,1
6148,12820968,2045,0,1
6149,12822968,2031,0,1
6150,12824968,2023,0,1
6151,12826968,2019,0,1
6152,12828968,2039,1,1
6153,12830968,2086,1,1
6154,12832968,2089,0,1
6155,12834968,2087,0,1
6156,12836968,2067,0,1
6157,12838968,2035,0,1
6158,12840968,2029,0,1
6159,12842968,2015,0,1
6160,12844968,2019,0,1
6161,12846968,2022,0,1
6162,12848968,1995,1,1
6163,12850968,2027,1,1
6164,12852969,2055,0,1
6165,12854968,2056,0,1
6166,12856968,2063,0,1
6167,12858968,2041,0,1
6168,12860968,2035,0,1
6169,12862968,2078,0,1
6170,12864968,2021,0,1
6171,12866968,2026,0,1
6172,12868968,2020,1,1
6173,12870968,2087,1,1
6174,12872968,2098,0,1
6175,12874968,2105,0,1
6176,12876968,2093,0,1
6177,12878968,2069,0,1
6178,12880968,2036,0,1
6179,12882968,2027,0,1
6180,12884968,2022,0,1
6181,12886968,2020,0,1
6182,12888968,2003,1,1
6183,12890968,2019,1,1
6184,12892969,2057,0,1
6185,12894968,2063,0,1
6186,12896968,2071,0,1
6187,12898968,2043,0,1
6188,12900968,2043,0,1
6189,12902968,2035,0,1
6190,12904968,2021,0,1
6191,12906968,2031,0,1
6192,12908968,2057,1,1
6193,12910968,2093,1,1
6194,12912968,2103,0,1
6195,12914968,2090,0,1
6196,12916968,2079,0,1
6197,12918968,2039,0,1
6198,12920968,2027,0,1
6199,12922968,2019,0,1
6200,12924968,2028,0,1
6201,12926968,2021,0,1
6202,12928968,2013,1,1
6203,12930968,2045,0,1
6204,12932969,2096,0,1
6205,12934968,2087,0,1
6206,12936968,2069,0,1
6207,12938968,2041,0,1
6208,12940968,2035,0,1
6209,12942968,2024,0,1
6210,12944968,2020,0,1
6211,12946968,2023,0,1
6212,12948968,2021,1,1
6213,12950968,2053,0,1
6214,12952968,2091,0,1
6215,12954968,2095,0,1
6216,12956968,2077,0,1
6217,12958968,2055,0,1
6218,12960968,2037,0,1
6219,12962968,2029,0,1
6220,12964968,2015,0,1
6221,12966968,2023,0,1
6222,12968968,2027,1,1
6223,12970968,2068,0,1
6224,12972969,2073,0,1
6225,12974968,2076,0,1
6226,12976968,2071,0,1
6227,12978968,2041,0,1
6228,12980968,2030,0,1
6229,12982968,2037,0,1
6230,12984968,2031,0,1
6231,12986968,2025,0,1
6232,12988968,2037,1,1
6233,12990968,2068,0,1
6234,12992968,2075,0,1
6235,12994968,2059,0,1
6236,12996968,2065,0,1
6237,12998968,2035,0,1
6238,13000968,2027,0,1
6239,13002968,2017,0,1
6240,13004968,2027,0,1
6241,13006968,2025,0,1
6242,13008968,2003,1,1
6243,13010968,2056,0,1
6244,13012968,2087,0,1
6245,13014968,2092,0,1
6246,13016968,2085,0,1
6247,13018968,2067,0,1
6248,13020968,2057,0,1
6249,13022968,2038,0,1
6250,13024968,2039,0,1
6251,13026968,2044,1,1
6252,13028968,2073,1,1
6253,13030968,2271,0,1
6254,13032968,2411,0,1
6255,13034968,2391,0,1
6256,13036968,2287,0,1
6257,13038968,2153,0,1
6258,13040968,2041,0,1
6259,13042968,1974,0,1
6260,13044968,1946,0,1
6261,13046968,1971,0,1
6262,13048968,1973,1,1
6263,13050968,1963,0,1
6264,13052968,1955,0,1
6265,13054968,1975,0,1
6266,13056968,1993,0,1
6267,13058968,2011,0,1
6268,13060968,2021,0,1
6269,13062968,2052,0,1
6270,13064968,2056,0,1
6271,13066968,2040,0,1
6272,13068968,2053,1,1
6273,13070968,2067,0,1
6274,13072968,2092,0,1
6275,13074968,2079,0,1
6276,13076968,2065,0,1
6277,13078968,2043,0,1
6278,13080968,2025,0,1
6279,13082968,2021,0,1
6280,13084968,2028,0,1
6281,13086968,2039,0,1
6282,13088968,1947,1,1
6283,13090968,1901,0,1
6284,13092968,1939,0,1
6285,13094968,1961,0,1
6286,13096968,2007,0,1
6287,13098968,2031,0,1
6288,13100968,2058,0,1
6289,13102968,2071,0,1
6290,13104968,2063,0,1
6291,13106968,2069,1,1
6292,13108968,2055,1,1
6293,13110968,2075,0,1
6294,13112968,2087,0,1
6295,13114968,2076,0,1
6296,13116968,2057,0,1
6297,13118968,2045,0,1
6298,13120968,2023,0,1
6299,13122968,2035,0,1
6300,13124968,2021,0,1
6301,13126968,2026,1,1
6302,13128968,2041,1,1
6303,13130968,2087,0,1
6304,13132968,2120,0,1
6305,13134968,2109,0,1
6306,13136968,2089,0,1
6307,13138968,2059,0,1
6308,13140968,2027,0,1
6309,13142968,2023,0,1
6310,13144968,2013,0,1
6311,13146968,2029,1,1
6312,13148968,2053,1,1
6313,13150968,2104,0,1
6314,13152968,2133,0,1
6315,13154968,2120,0,1
6316,13156968,2103,0,1
6317,13158968,2059,0,1
6318,13160968,2015,0,1
6319,13162968,2021,0,1
6320,13164968,2005,0,1
6321,13166968,2031,1,1
6322,13168968,1913,1,1
6323,13170968,1932,0,1
6324,13172968,1957,0,1
6325,13174968,1997,0,1
6326,13176968,2039,0,1
6327,13178968,2043,0,1
6328,13180968,2067,0,1
6329,13182968,2065,0,1
6330,13184968,2053,0,1
6331,13186968,2043,1,1
6332,13188968,1925,1,1
6333,13190968,1891,0,1
6334,13192968,1912,0,1
6335,13194968,1959,0,1
6336,13196968,2011,0,1
6337,13198968,2037,0,1
6338,13200968,2056,0,1
6339,13202968,2077,0,1
6340,13204968,2056,0,1
6341,13206968,2066,1,1
6342,13208968,1875,1,1
6343,13210968,1880,0,1
6344,13212968,1927,0,1
6345,13214968,1961,0,1
6346,13216968,2021,0,1
6347,13218968,2037,0,1
6348,13220968,2067,0,1
6349,13222968,2079,0,1
6350,13224968,2068,0,1
6351,13226968,2059,1,1
6352,13228968,1902,1,1
6353,13230968,1891,0,1
6354,13232968,1911,0,1
6355,13234968,1958,0,1
6356,13236968,2009,0,1
6357,13238968,2034,0,1
6358,13240968,2057,0,1
6359,13242968,2071,0,1
6360,13244968,2063,0,1
6361,13246968,2059,1,1
6362,13248968,1916,1,1
6363,13250968,1897,1,1
6364,13252968,1930,0,1
6365,13254968,1972,0,1
6366,13256968,2029,0,1
6367,13258968,2059,0,1
6368,13260968,2063,0,1
6369,13262968,2063,0,1
6370,13264968,2056,0,1
6371,13266968,2041,1,1
6372,13268968,1853,1,1
6373,13270968,1851,0,1
6374,13272968,1879,0,1
6375,13274968,1939,0,1
6376,13276968,2003,0,1
6377,13278968,2043,0,1
6378,13280968,2075,0,1
6379,13282968,2082,0,1
6380,13284968,2077,0,1
6381,13286968,2075,1,1
6382,13288968,2039,1,1
6383,13290968,2087,0,1
6384,13292968,2094,0,1
6385,13294968,2084,0,1
6386,13296968,2077,0,1
6387,13298968,2056,0,1
6388,13300968,2028,0,1
6389,13302968,2027,0,1
6390,13304968,2021,0,1
6391,13306968,2023,1,1
6392,13308968,1884,1,1
6393,13310968,1867,0,1
6394,13312968,1887,0,1
6395,13314968,1948,0,1
6396,13316968,2019,0,1
6397,13318968,2037,0,1
6398,13320968,2073,0,1
6399,13322968,2073,0,1
6400,13324968,2063,0,1
6401,13326968,2029,1,1
6402,13328968,1887,1,1
6403,13330968,1873,0,1
6404,13332968,1903,0,1
6405,13334968,1961,0,1
6406,13336968,2013,0,1
6407,13338968,2035,0,1
6408,13340968,2057,0,1
6409,13342968,2073,0,1
6410,13344968,2063,0,1
6411,13346968,2057,1,1
6412,13348968,2042,1,1
6413,13350968,2093,0,1
6414,13352968,2093,0,1
6415,13354968,2083,0,1
6416,13356968,2069,0,1
6417,13358968,2027,0,1
6418,13360968,2019,0,1
6419,13362968,2028,0,1
6420,13364968,2019,0,1
6421,13366968,2013,1,1
6422,13368968,2045,1,1
6423,13370968,2083,0,1
6424,13372968,2091,0,1
6425,13374968,2073,0,1
6426,13376968,2056,0,1
6427,13378968,2037,0,1
6428,13380968,2031,0,1
6429,13382968,2025,0,1
6430,13384968,2013,0,1
6431,13386968,2009,1,1
6432,13388968,2037,1,1
6433,13390968,2095,0,1
6434,13392968,2101,0,1
6435,13394968,2087,0,1
6436,13396968,2059,0,1
6437,13398968,2036,0,1
6438,13400968,2020,0,1
6439,13402968,2027,0,1
6440,13404968,2023,0,1
6441,13406968,2028,1,1
6442,13408968,2057,1,1
6443,13410968,2078,0,1
6444,13412968,2091,0,1
6445,13414968,2085,0,1
6446,13416968,2067,0,1
6447,13418968,2041,0,1
6448,13420968,2031,0,1
6449,13422968,2029,0,1
6450,13424968,2026,0,1
6451,13426968,2029,1,1
6452,13428968,2041,1,1
6453,13430968,2101,0,1
6454,13432968,2117,0,1
6455,13434968,2103,0,1
6456,13436968,2078,0,1
6457,13438968,2057,0,1
6458,13440968,2025,0,1
6459,13442968,2031,0,1
6460,13444968,1999,0,1
6461,13446968,2011,1,1
6462,13448968,2029,1,1
6463,13450968,2067,0,1
6464,13452968,2076,0,1
6465,13454968,2079,0,1
6466,13456968,2057,0,1
6467,13458968,2030,0,1
6468,13460968,2023,0,1
6469,13462968,2031,0,1
6470,13464968,2026,0,1
6471,13466968,2027,1,1
6472,13468968,2039,1,1
6473,13470968,2077,0,1
6474,13472968,2091,0,1
6475,13474968,2086,0,1
6476,13476968,2063,0,1
6477,13478968,2030,0,1
6478,13480968,2024,0,1
6479,13482968,2021,0,1
6480,13484968,2011,0,1
6481,13486968,2035,1,1
6482,13488968,2040,1,1
6483,13490968,2087,0,1
6484,13492968,2095,0,1
6485,13494968,2080,0,1
6486,13496968,2059,0,1
6487,13498968,2037,0,1
6488,13500968,2029,0,1
6489,13502968,2025,0,1
6490,13504968,2031,0,1
6491,13506968,2021,1,1
6492,13508968,2043,1,1
6493,13510968,2104,0,1
6494,13512968,2104,0,1
6495,13514968,2087,0,1
6496,13516968,2072,0,1
6497,13518968,2027,0,1
6498,13520968,2023,0,1
6499,13522968,2015,0,1
6500,13524968,2011,0,1
6501,13526968,2027,1,1
6502,13528968,2030,1,1
6503,13530968,2068,0,1
6504,13532968,2067,0,1
6505,13534968,2065,0,1
6506,13536968,2041,0,1
6507,13538968,2029,0,1
6508,13540968,2030,0,1
6509,13542968,2029,0,1
6510,13544968,2027,0,1
6511,13546968,2028,1,1
6512,13548968,2071,1,1
6513,13550968,2121,0,1
6514,13552968,2117,0,1
6515,13554968,2103,0,1
6516,13556968,2063,0,1
6517,13558968,2044,0,1
6518,13560968,2019,0,1
6519,13562968,2020,0,1
6520,13564968,2011,0,1
6521,13566968,2007,1,1
6522,13568968,2055,1,1
6523,13570968,2091,0,1
6524,13572968,2109,0,1
6525,13574968,2103,0,1
6526,13576968,2072,0,1
6527,13578968,2042,0,1
6528,13580968,2020,0,1
6529,13582968,2019,0,1
6530,13584968,2011,0,1
6531,13586968,2023,1,1
6532,13588968,2065,1,1
6533,13590968,2087,0,1
6534,13592968,2101,0,1
6535,13594968,2093,0,1
6536,13596968,2067,0,1
6537,13598968,2042,0,1
6538,13600968,2023,0,1
6539,13602968,2030,0,1
6540,13604968,2035,0,1
6541,13606968,2022,1,1
6542,13608968,2058,1,1
6543,13610968,2083,0,1
6544,13612968,2084,0,1
6545,13614968,2089,0,1
6546,13616968,2055,0,1
6547,13618968,2029,0,1
6548,13620968,2035,0,1
6549,13622968,2029,0,1
6550,13624968,2025,0,1
6551,13626968,2024,1,1
6552,13628968,2066,1,1
6553,13630968,2108,0,1
6554,13632968,2127,0,1
6555,13634968,2109,0,1
6556,13636968,2077,0,1
6557,13638968,2040,0,1
6558,13640968,2020,0,1
6559,13642968,2025,0,1
6560,13644968,2014,0,1
6561,13646968,2021,1,1
6562,13648968,2041,1,1
6563,13650968,2091,0,1
6564,13652968,2108,0,1
6565,13654968,2105,0,1
6566,13656968,2067,0,1
6567,13658968,2027,0,1
6568,13660968,2027,0,1
6569,13662968,2025,0,1
6570,13664968,2019,0,1
6571,13666968,2015,1,1
6572,13668968,2057,1,1
6573,13670968,2095,0,1
6574,13672968,2096,0,1
6575,13674968,2086,0,1
6576,13676968,2057,0,1
6577,13678968,2041,0,1
6578,13680968,2023,0,1
6579,13682968,2031,0,1
6580,13684968,2030,0,1
6581,13686968,2026,1,1
6582,13688968,2043,1,1
6583,13690968,2059,0,1
6584,13692968,2057,0,1
6585,13694968,2035,0,1
6586,13696968,2035,0,1
6587,13698968,2021,0,1
6588,13700968,2035,0,1
6589,13702968,2029,0,1
6590,13704968,2031,0,1
6591,13706968,2044,1,1
6592,13708968,2137,1,1
6593,13710968,2323,0,1
6594,13712968,2375,0,1
6595,13714968,2327,0,1
6596,13716968,2217,0,1
6597,13718968,2107,0,1
6598,13720968,2021,0,1
6599,13722968,1989,0,1
6600,13724968,1988,0,1
6601,13726968,1971,1,1
6602,13728968,1947,1,1
6603,13730968,1837,0,1
6604,13732968,1812,0,1
6605,13734968,1863,0,1
6606,13736968,1909,0,1
6607,13738968,1979,0,1
6608,13740968,2035,0,1
6609,13742968,2076,0,1
6610,13744968,2084,0,1
6611,13746968,2079,1,1
6612,13748968,2105,1,1
6613,13750968,2076,0,1
6614,13752968,2057,0,1
6615,13754968,2037,0,1
6616,13756968,2015,0,1
6617,13758968,2013,0,1
6618,13760968,2019,0,1
6619,13762968,2027,0,1
6620,13764968,2037,0,1
6621,13766968,2040,1,1
6622,13768968,2065,1,1
6623,13770968,2104,0,1
6624,13772968,2100,0,1
6625,13774968,2089,0,1
6626,13776968,2057,0,1
6627,13778968,2038,0,1
6628,13780968,2020,0,1
6629,13782968,2027,0,1
6630,13784968,2025,0,1
6631,13786968,2019,1,1
6632,13788968,2055,1,1
6633,13790968,2077,0,1
6634,13792968,2088,0,1
6635,13794968,2075,0,1
6636,13796968,2044,0,1
6637,13798968,2039,0,1
6638,13800968,2029,0,1
6639,13802968,2024,0,1
6640,13804968,2011,0,1
6641,13806968,2018,1,1
6642,13808968,2073,1,1
6643,13810968,2091,0,1
6644,13812968,2094,0,1
6645,13814968,2084,0,1
6646,13816968,2059,0,1
6647,13818968,2025,0,1
6648,13820968,2025,0,1
6649,13822968,2019,0,1
6650,13824968,2019,0,1
6651,13826968,2020,1,1
6652,13828968,2089,1,1
6653,13830968,2105,0,1
6654,13832968,2117,0,1
6655,13834968,2083,0,1
6656,13836968,2053,0,1
6657,13838968,2031,0,1
6658,13840968,2025,0,1
6659,13842968,2019,0,1
6660,13844968,2011,0,1
6661,13846968,2007,1,1
6662,13848968,2059,1,1
6663,13850968,2077,0,1
6664,13852968,2092,0,1
6665,13854968,2066,0,1
6666,13856968,2039,0,1
6667,13858968,2030,0,1
6668,13860968,2024,0,1
6669,13862968,2027,0,1
6670,13864968,2025,0,1
6671,13866968,2021,1,1
6672,13868968,2056,1,1
6673,13870968,2072,0,1
6674,13872968,2069,0,1
6675,13874968,2063,0,1
6676,13876968,2041,0,1
6677,13878968,2041,0,1
6678,13880968,2027,0,1
6679,13882968,2029,0,1
6680,13884968,2021,0,1
6681,13886968,2022,1,1
6682,13888968,2067,1,1
6683,13890968,2092,0,1
6684,13892968,2094,0,1
6685,13894968,2075,0,1
6686,13896968,2043,0,1
6687,13898968,2036,0,1
6688,13900968,2035,0,1
6689,13902968,2011,0,1
6690,13904968,2013,0,1
6691,13906968,2027,1,1
6692,13908968,2084,1,1
6693,13910968,2112,0,1
6694,13912968,2103,0,1
6695,13914968,2083,0,1
6696,13916968,2041,0,1
6697,13918968,2037,0,1
6698,13920968,2027,0,1
6699,13922968,2020,0,1
6700,13924968,2012,0,1
6701,13926968,2009,1,1
6702,13928968,2067,1,1
6703,13930968,2083,0,1
6704,13932968,2095,0,1
6705,13934968,2079,0,1
6706,13936968,2065,0,1
6707,13938968,2031,0,1
6708,13940968,2037,0,1
6709,13942968,2029,0,1
6710,13944968,2023,0,1
6711,13946968,2037,1,1
6712,13948968,2066,1,1
6713,13950968,2094,0,1
6714,13952968,2093,0,1
6715,13954968,2077,0,1
6716,13956968,2056,0,1
6717,13958968,2041,0,1
6718,13960968,2028,0,1
6719,13962968,2011,0,1
6720,13964968,2023,0,1
6721,13966968,2034,1,1
6722,13968968,2077,1,1
6723,13970968,2120,0,1
6724,13972968,2109,0,1
6725,13974968,2091,0,1
6726,13976968,2053,0,1
6727,13978968,2036,0,1
6728,13980968,2022,0,1
6729,13982968,2024,0,1
6730,13984968,2010,0,1
6731,13986968,2027,1,1
6732,13988968,2079,1,1
6733,13990968,2093,0,1
6734,13992968,2095,0,1
6735,13994968,2075,0,1
6736,13996968,2040,0,1
6737,13998968,2035,0,1
6738,14000968,2027,0,1
6739,14002968,2021,0,1
6740,14004968,2026,0,1
6741,14006968,2040,1,1
6742,14008968,2099,1,1
6743,14010968,2094,0,1
6744,14012968,2089,0,1
6745,14014968,2078,0,1
6746,14016968,2037,0,1
6747,14018968,2023,0,1
6748,14020968,2014,0,1
6749,14022968,2023,0,1
6750,14024968,2026,0,1
6751,14026968,2023,1,1
6752,14028968,2059,0,1
6753,14030968,2069,0,1
6754,14032968,2070,0,1
6755,14034968,2060,0,1
6756,14036968,2045,0,1
6757,14038968,2025,0,1
6758,14040968,2025,0,1
6759,14042968,2036,0,1
6760,14044968,2035,0,1
6761,14046968,2021,1,1
6762,14048968,2089,0,1
6763,14050968,2104,0,1
6764,14052968,2105,0,1
6765,14054968,2080,0,1
6766,14056968,2055,0,1
6767,14058968,2024,0,1
6768,14060968,2025,0,1
6769,14062968,2021,0,1
6770,14064968,2023,0,1
6771,14066968,2028,1,1
6772,14068968,2079,0,1
6773,14070968,2087,0,1
6774,14072968,2098,0,1
6775,14074968,2073,0,1
6776,14076968,2056,0,1
6777,14078968,2039,0,1
6778,14080968,2035,0,1
6779,14082968,2021,0,1
6780,14084968,2020,0,1
6781,14086968,2019,1,1
6782,14088968,2063,0,1
6783,14090968,2079,0,1
6784,14092968,2085,0,1
6785,14094968,2070,0,1
6786,14096968,2041,0,1
6787,14098968,2027,0,1
6788,14100968,2029,0,1
6789,14102968,2019,0,1
6790,14104968,2021,0,1
6791,14106968,2029,1,1
6792,14108968,2069,0,1
6793,14110968,2093,0,1
6794,14112968,2091,0,1
6795,14114968,2075,0,1
6796,14116968,2057,0,1
6797,14118968,2020,0,1
6798,14120968,2027,0,1
6799,14122968,2009,0,1
6800,14124968,2037,1,1
6801,14126968,2057,1,1
6802,14128968,2107,0,1
6803,14130968,2127,0,1
6804,14132968,2135,0,1
6805,14134968,2121,0,1
6806,14136968,2069,0,1
6807,14138968,2042,0,1
6808,14140968,2021,0,1
6809,14142968,2010,0,1
6810,14144968,2015,0,1
6811,14146968,2029,1,1
6812,14148968,2105,0,1
6813,14150968,2125,0,1
6814,14152968,2120,0,1
6815,14154968,2105,0,1
6816,14156968,2072,0,1
6817,14158968,2029,0,1
6818,14160968,2027,0,1
6819,14162968,2009,0,1
6820,14164968,2019,0,1
6821,14166968,2043,1,1
6822,14168968,2099,0,1
6823,14170968,2119,0,1
6824,14172968,2118,0,1
6825,14174968,2089,0,1
6826,14176968,2045,0,1
6827,14178968,2023,0,1
6828,14180968,2021,0,1
6829,14182968,2027,0,1
6830,14184968,2037,0,1
6831,14186968,2053,1,1
6832,14188968,2076,0,1
6833,14190968,2073,0,1
6834,14192968,2067,0,1
6835,14194968,2071,0,1
6836,14196968,2035,0,1
6837,14198968,2019,0,1
6838,14200968,2021,0,1
6839,14202968,2027,0,1
6840,14204968,2036,0,1
6841,14206968,2044,1,1
6842,14208968,2087,0,1
6843,14210968,2088,0,1
6844,14212968,2077,0,1
6845,14214968,2073,0,1
6846,14216968,2045,0,1
6847,14218968,2037,0,1
6848,14220968,2019,0,1
6849,14222968,2021,0,1
6850,14224968,2037,0,1
6851,14226968,2059,1,1
6852,14228968,2087,0,1
6853,14230968,2108,0,1
6854,14232968,2103,0,1
6855,14234968,2079,0,1
6856,14236968,2053,0,1
6857,14238968,2029,0,1
6858,14240968,2019,0,1
6859,14242968,2013,0,1
6860,14244968,2030,0,1
6861,14246968,2023,1,1
6862,14248968,2067,0,1
6863,14250968,2069,0,1
6864,14252968,2055,0,1
6865,14254968,2065,0,1
6866,14256968,2029,0,1
6867,14258968,2029,0,1
6868,14260968,2029,0,1
6869,14262968,2019,0,1
6870,14264968,2043,0,1
6871,14266968,2059,1,1
6872,14268968,2093,0,1
6873,14270968,2105,0,1
6874,14272968,2103,0,1
6875,14274968,2093,0,1
6876,14276968,2043,0,1
6877,14278968,2025,0,1
6878,14280968,2025,0,1
6879,14282968,2026,0,1
6880,14284968,2030,0,1
6881,14286968,2053,1,1
6882,14288968,2083,0,1
6883,14290968,2078,0,1
6884,14292968,2077,0,1
6885,14294968,2065,0,1
6886,14296968,2029,0,1
6887,14298968,2025,0,1
6888,14300968,2027,0,1
6889,14302968,2028,0,1
6890,14304968,2031,0,1
6891,14306968,2031,1,1
6892,14308968,2101,0,1
6893,14310968,2108,0,1
6894,14312968,2101,0,1
6895,14314968,2088,0,1
6896,14316968,2063,0,1
6897,14318968,2019,0,1
6898,14320968,2023,0,1
6899,14322968,2014,0,1
6900,14324968,2025,1,1
6901,14326968,2021,1,1
6902,14328968,2075,0,1
6903,14330968,2088,0,1
6904,14332968,2077,0,1
6905,14334968,2071,0,1
6906,14336968,2059,0,1
6907,14338968,2027,0,1
6908,14340968,2031,0,1
6909,14342968,2013,0,1
6910,14344968,2011,1,1
6911,14346968,2058,1,1
6912,14348968,2107,0,1
6913,14350968,2121,0,1
6914,14352968,2111,0,1
6915,14354968,2076,0,1
6916,14356968,2043,0,1
6917,14358968,2023,0,1
6918,14360968,2025,0,1
6919,14362968,2025,0,1
6920,14364968,2021,1,1
6921,14366968,2003,1,1
6922,14368968,2011,0,1
6923,14370968,2015,0,1
6924,14372968,2011,0,1
6925,14374968,2030,0,1
6926,14376968,2032,0,1
6927,14378968,2031,0,1
6928,14380968,2066,0,1
6929,14382968,2063,0,1
6930,14384968,2069,1,1
6931,14386968,2101,1,1
6932,14388968,2283,0,1
6933,14390968,2380,0,1
6934,14392968,2345,0,1
6935,14394968,2254,0,1
6936,14396968,2129,0,1
6937,14398968,2023,0,1
6938,14400968,1974,0,1
6939,14402968,1955,0,1
6940,14404968,1971,1,1
6941,14406968,2005,1,1
6942,14408968,2013,0,1
6943,14410968,2023,0,1
6944,14412968,2029,0,1
6945,14414968,2029,0,1
6946,14416968,2024,0,1
6947,14418968,2027,0,1
6948,14420968,2035,0,1
6949,14422968,2036,0,1
6950,14424968,2029,1,1
6951,14426968,2058,1,1
6952,14428968,2067,0,1
6953,14430968,2073,0,1
6954,14432968,2059,0,1
6955,14434968,2039,0,1
6956,14436968,2037,0,1
6957,14438968,2023,0,1
6958,14440968,2035,0,1
6959,14442968,2021,0,1
6960,14444968,2027,1,1
6961,14446968,2040,1,1
6962,14448968,2084,0,1
6963,14450968,2099,0,1
6964,14452968,2087,0,1
6965,14454968,2073,0,1
6966,14456968,2053,0,1
6967,14458968,2039,0,1
6968,14460968,2026,0,1
6969,14462968,2025,0,1
6970,14464968,2027,1,1
6971,14466968,2057,1,1
6972,14468968,2092,0,1
6973,14470968,2103,0,1
6974,14472968,2095,0,1
6975,14474968,2083,0,1
6976,14476968,2059,0,1
6977,14478968,2023,0,1
6978,14480968,2023,0,1
6979,14482968,2022,0,1
6980,14484968,2014,1,1
6981,14486968,2053,1,1
6982,14488968,2125,0,1
6983,14490968,2120,0,1
6984,14492968,2109,0,1
6985,14494968,2070,0,1
6986,14496968,2036,0,1
6987,14498968,2019,0,1
6988,14500968,2011,0,1
6989,14502968,2021,0,1
6990,14504968,2019,1,1
6991,14506968,2029,1,1
6992,14508968,2079,0,1
6993,14510968,2095,0,1
6994,14512968,2091,0,1
6995,14514968,2068,0,1
6996,14516968,2043,0,1
6997,14518968,2036,0,1
6998,14520968,2029,0,1
6999,14522968,2025,0,1
7000,14524968,2019,1,1
7001,14526968,2058,1,1
7002,14528968,2067,0,1
7003,14530968,2076,0,1
7004,14532968,2065,0,1
7005,14534968,2063,0,1
7006,14536968,2029,0,1
7007,14538968,2028,0,1
7008,14540968,2028,0,1
7009,14542968,2019,0,1
7010,14544968,2014,1,1
7011,14546968,2037,1,1
7012,14548968,2059,0,1
7013,14550968,2060,0,1
7014,14552968,2057,0,1
7015,14554968,2035,0,1
7016,14556968,2035,0,1
7017,14558968,2037,0,1
7018,14560968,2024,0,1
7019,14562968,2042,0,1
7020,14564968,2024,1,1
7021,14566968,2026,1,1
7022,14568968,2083,0,1
7023,14570968,2079,0,1
7024,14572968,2105,0,1
7025,14574968,2075,0,1
7026,14576968,2045,0,1
7027,14578968,2025,0,1
7028,14580968,2022,0,1
7029,14582968,2025,0,1
7030,14584968,2029,1,1
7031,14586968,2040,1,1
7032,14588968,2087,0,1
7033,14590968,2092,0,1
7034,14592968,2101,0,1
7035,14594968,2079,0,1
7036,14596968,2041,0,1
7037,14598968,2035,0,1
7038,14600968,2027,0,1
7039,14602968,2026,0,1
7040,14604968,2007,1,1
7041,14606968,2009,1,1
7042,14608968,2055,0,1
7043,14610968,2071,0,1
7044,14612968,2083,0,1
7045,14614968,2067,0,1
7046,14616968,2029,0,1
7047,14618968,2029,0,1
7048,14620968,2029,0,1
7049,14622968,2039,0,1
7050,14624968,2025,1,1
7051,14626968,2012,1,1
7052,14628968,2072,0,1
7053,14630968,2093,0,1
7054,14632968,2103,0,1
7055,14634968,2066,0,1
7056,14636968,2057,0,1
7057,14638968,2027,0,1
7058,14640968,2028,0,1
7059,14642968,2028,0,1
7060,14644968,2023,1,1
7061,14646968,2012,1,1
7062,14648968,2065,0,1
7063,14650968,2090,0,1
7064,14652968,2100,0,1
7065,14654968,2073,0,1
7066,14656968,2059,0,1
7067,14658968,2029,0,1
7068,14660968,2031,0,1
7069,14662968,2031,0,1
7070,14664968,2007,1,1
7071,14666968,2027,1,1
7072,14668968,2068,0,1
7073,14670968,2086,0,1
7074,14672968,2087,0,1
7075,14674968,2072,0,1
7076,14676968,2043,0,1
7077,14678968,2039,0,1
7078,14680968,2025,0,1
7079,14682968,2033,0,1
7080,14684968,1997,1,1
7081,14686968,1993,1,1
7082,14688968,2035,0,1
7083,14690968,2029,0,1
7084,14692968,2054,0,1
7085,14694968,2059,0,1
7086,14696968,2041,0,1
7087,14698968,2043,0,1
7088,14700968,2055,0,1
7089,14702968,2045,0,1
7090,14704968,1990,1,1
7091,14706968,1959,1,1
7092,14708968,1967,0,1
7093,14710968,1999,0,1
7094,14712968,2038,0,1
7095,14714968,2043,0,1
7096,14716968,2053,0,1
7097,14718968,2040,0,1
7098,14720968,2043,0,1
7099,14722968,2040,0,1
7100,14724968,2045,1,1
7101,14726968,2043,1,1
7102,14728968,2059,0,1
7103,14730968,2057,0,1
7104,14732968,2069,0,1
7105,14734968,2029,0,1
7106,14736968,2028,0,1
7107,14738968,2027,0,1
7108,14740968,2029,0,1
7109,14742968,2041,0,1
7110,14744968,2003,1,1
7111,14746968,2013,1,1
7112,14748968,2040,0,1
7113,14750968,2065,0,1
7114,14752968,2065,0,1
7115,14754968,2045,0,1
7116,14756968,2044,0,1
7117,14758968,2035,0,1
7118,14760968,2037,0,1
7119,14762968,2024,0,1
7120,14764968,2007,1,1
7121,14766968,2024,1,1
7122,14768968,2075,0,1
7123,14770968,2085,0,1
7124,14772968,2089,0,1
7125,14774968,2072,0,1
7126,14776968,2045,0,1
7127,14778968,2040,0,1
7128,14780968,2029,0,1
7129,14782968,2012,0,1
7130,14784968,2028,1,1
7131,14786968,2070,1,1
7132,14788968,2095,0,1
7133,14790968,2105,0,1
7134,14792968,2089,0,1
7135,14794968,2075,0,1
7136,14796968,2037,0,1
7137,14798968,2030,0,1
7138,14800968,2022,0,1
7139,14802968,2011,0,1
7140,14804968,1981,1,1
7141,14806968,2009,1,1
7142,14808968,2069,0,1
7143,14810968,2093,0,1
7144,14812968,2087,0,1
7145,14814968,2086,0,1
7146,14816968,2063,0,1
7147,14818968,2040,0,1
7148,14820968,2031,0,1
7149,14822968,2014,0,1
7150,14824968,2003,1,1
7151,14826968,1994,1,1
7152,14828968,2031,0,1
7153,14830968,2037,0,1
7154,14832968,2063,0,1
7155,14834968,2044,0,1
7156,14836968,2045,0,1
7157,14838968,2029,0,1
7158,14840968,2041,0,1
7159,14842968,2019,0,1
7160,14844968,2013,1,1
7161,14846968,2083,1,1
7162,14848968,2125,0,1
7163,14850968,2124,0,1
7164,14852968,2099,0,1
7165,14854968,2067,0,1
7166,14856968,2039,0,1
7167,14858968,2021,0,1
7168,14860968,2007,0,1
7169,14862968,2004,0,1
7170,14864968,2010,1,1
7171,14866968,2019,1,1
7172,14868968,2073,0,1
7173,14870968,2077,0,1
7174,14872968,2067,0,1
7175,14874968,2069,0,1
7176,14876968,2041,0,1
7177,14878968,2040,0,1
7178,14880968,2026,0,1
7179,14882968,2021,0,1
7180,14884968,1964,1,1
7181,14886968,1979,1,1
7182,14888968,2011,0,1
7183,14890968,2037,0,1
7184,14892968,2045,0,1
7185,14894968,2063,0,1
7186,14896968,2045,0,1
7187,14898968,2055,0,1
7188,14900968,2036,0,1
7189,14902968,2044,0,1
7190,14904968,1996,1,1
7191,14906968,2020,1,1
7192,14908968,2029,0,1
7193,14910968,2059,0,1
7194,14912968,2063,0,1
7195,14914968,2057,0,1
7196,14916968,2059,0,1
7197,14918968,2037,0,1
7198,14920968,2041,0,1
7199,14922968,2027,0,1
7200,14924968,2012,1,1
7201,14926968,2023,1,1
7202,14928968,2075,0,1
7203,14930968,2076,0,1
7204,14932968,2071,0,1
7205,14934968,2056,0,1
7206,14936968,2035,0,1
7207,14938968,2030,0,1
7208,14940968,2031,0,1
7209,14942968,2013,0,1
7210,14944968,2003,1,1
7211,14946968,2043,1,1
7212,14948968,2091,0,1
7213,14950968,2091,0,1
7214,14952968,2084,0,1
7215,14954968,2063,0,1
7216,14956968,2057,0,1
7217,14958968,2036,0,1
7218,14960968,2027,0,1
7219,14962968,2007,0,1
7220,14964968,1997,1,1
7221,14966968,2039,1,1
7222,14968968,2067,0,1
7223,14970968,2088,0,1
7224,14972968,2083,0,1
7225,14974968,2067,0,1
7226,14976968,2041,0,1
7227,14978968,2031,0,1
7228,14980968,2027,0,1
7229,14982968,2014,0,1
7230,14984968,1983,1,1
7231,14986968,2021,1,1
7232,14988968,2065,0,1
7233,14990968,2077,0,1
7234,14992968,2085,0,1
7235,14994968,2072,0,1
7236,14996968,2040,0,1
7237,14998968,2029,0,1
7238,15000968,2014,0,1
7239,15002968,2021,0,1
7240,15004968,2041,1,1
7241,15006968,2057,1,1
7242,15008968,2075,0,1
7243,15010968,2070,0,1
7244,15012968,2042,0,1
7245,15014968,2031,0,1
7246,15016968,2021,0,1
7247,15018968,2015,0,1
7248,15020968,2029,0,1
7249,15022968,2023,0,1
7250,15024968,2003,1,1
7251,15026968,2141,1,1
7252,15028968,2295,0,1
7253,15030968,2349,0,1
7254,15032968,2309,0,1
7255,15034968,2204,0,1
7256,15036968,2102,0,1
7257,15038968,2019,0,1
7258,15040968,1995,0,1
7259,15042968,1981,0,1
7260,15044968,1983,1,1
7261,15046968,1960,1,1
7262,15048968,1901,0,1
7263,15050968,1885,0,1
7264,15052968,1916,0,1
7265,15054968,1950,0,1
7266,15056968,2008,0,1
7267,15058968,2041,0,1
7268,15060968,2056,0,1
7269,15062968,2072,0,1
7270,15064968,2043,1,1
7271,15066968,2055,1,1
7272,15068968,2025,0,1
7273,15070968,1997,0,1
7274,15072968,2011,0,1
7275,15074968,2019,0,1
7276,15076968,2011,0,1
7277,15078968,2032,0,1
7278,15080968,2023,0,1
7279,15082968,2036,0,1
7280,15084968,2015,1,1
7281,15086968,2085,1,1
7282,15088968,2098,0,1
7283,15090968,2107,0,1
7284,15092968,2109,0,1
7285,15094968,2057,0,1
7286,15096968,2031,0,1
7287,15098968,2023,0,1
7288,15100968,2019,0,1
7289,15102968,2041,0,1
7290,15104968,2013,1,1
7291,15106968,2073,1,1
7292,15108968,2123,0,1
7293,15110968,2123,0,1
7294,15112968,2111,0,1
7295,15114968,2069,0,1
7296,15116968,2055,0,1
7297,15118968,2030,0,1
7298,15120968,2024,0,1
7299,15122968,2012,0,1
7300,15124968,1982,1,1
7301,15126968,2032,1,1
7302,15128968,2091,0,1
7303,15130968,2104,0,1
7304,15132968,2109,0,1
7305,15134968,2071,0,1
7306,15136968,2052,0,1
7307,15138968,2023,0,1
7308,15140968,2009,0,1
7309,15142968,2025,0,1
7310,15144968,1990,1,1
7311,15146968,2018,1,1
7312,15148968,2063,0,1
7313,15150968,2077,0,1
7314,15152968,2095,0,1
7315,15154968,2067,0,1
7316,15156968,2043,0,1
7317,15158968,2031,0,1
7318,15160968,2030,0,1
7319,15162968,2031,0,1
7320,15164968,2022,1,1
7321,15166968,2076,1,1
7322,15168968,2104,0,1
7323,15170968,2109,0,1
7324,15172968,2108,0,1
7325,15174968,2065,0,1
7326,15176968,2029,0,1
7327,15178968,2032,0,1
7328,15180968,2014,0,1
7329,15182968,2037,0,1
7330,15184968,2024,1,1
7331,15186968,2094,0,1
7332,15188968,2090,0,1
7333,15190968,2083,0,1
7334,15192968,2079,0,1
7335,15194968,2056,0,1
7336,15196968,2011,0,1
7337,15198968,2021,0,1
7338,15200968,2023,0,1
7339,15202968,2029,0,1
7340,15204968,2021,1,1
7341,15206968,2079,0,1
7342,15208968,2121,0,1
7343,15210968,2135,0,1
7344,15212968,2111,0,1
7345,15214968,2068,0,1
7346,15216968,2041,0,1
7347,15218968,2013,0,1
7348,15220968,2008,0,1
7349,15222968,2031,0,1
7350,15224968,1993,1,1
7351,15226968,2041,0,1
7352,15228968,2067,0,1
7353,15230968,2087,0,1
7354,15232968,2095,0,1
7355,15234968,2063,0,1
7356,15236968,2053,0,1
7357,15238968,2035,0,1
7358,15240968,2031,0,1
7359,15242968,2025,0,1
7360,15244968,2017,1,1
7361,15246968,2085,0,1
7362,15248968,2109,0,1
7363,15250968,2116,0,1
7364,15252968,2116,0,1
7365,15254968,2055,0,1
7366,15256968,2027,0,1
7367,15258968,2027,0,1
7368,15260968,2013,0,1
7369,15262968,2019,0,1
7370,15264968,2020,1,1
7371,15266968,2072,0,1
7372,15268968,2120,0,1
7373,15270968,2127,0,1
7374,15272968,2107,0,1
7375,15274968,2067,0,1
7376,15276968,2041,0,1
7377,15278968,2029,0,1
7378,15280968,2010,0,1
7379,15282968,2019,0,1
7380,15284968,2019,1,1
7381,15286968,2109,0,1
7382,15288968,2133,0,1
7383,15290968,2124,0,1
7384,15292968,2099,0,1
7385,15294968,2072,0,1
7386,15296968,2039,0,1
7387,15298968,2022,0,1
7388,15300968,2003,0,1
7389,15302968,2009,0,1
7390,15304968,2021,1,1
7391,15306968,2077,0,1
7392,15308968,2121,0,1
7393,15310968,2133,0,1
7394,15312968,2107,0,1
7395,15314968,2073,0,1
7396,15316968,2045,0,1
7397,15318968,2025,0,1
7398,15320968,2012,0,1
7399,15322968,2009,0,1
7400,15324968,2008,1,1
7401,15326968,2087,0,1
7402,15328968,2131,0,1
7403,15330968,2124,0,1
7404,15332968,2099,0,1
7405,15334968,2059,0,1
7406,15336968,2031,0,1
7407,15338968,2015,0,1
7408,15340968,2018,0,1
7409,15342968,2014,0,1
7410,15344968,1979,1,1
7411,15346968,2025,0,1
7412,15348968,2059,0,1
7413,15350968,2063,0,1
7414,15352968,2071,0,1
7415,15354968,2055,0,1
7416,15356968,2055,0,1
7417,15358968,2031,0,1
7418,15360968,2025,0,1
7419,15362968,2031,1,1
7420,15364968,2011,1,1
7421,15366968,2025,0,1
7422,15368968,2057,0,1
7423,15370968,2057,0,1
7424,15372968,2068,0,1
7425,15374968,2044,0,1
7426,15376968,2028,0,1
7427,15378968,2041,0,1
7428,15380968,2037,0,1
7429,15382968,2020,1,1
7430,15384968,1997,1,1
7431,15386968,2045,0,1
7432,15388968,2075,0,1
7433,15390968,2087,0,1
7434,15392968,2077,0,1
7435,15394968,2057,0,1
7436,15396968,2036,0,1
7437,15398968,2031,0,1
7438,15400968,2023,0,1
7439,15402968,2029,1,1
7440,15404968,2023,1,1
7441,15406968,2079,0,1
7442,15408968,2109,0,1
7443,15410968,2109,0,1
7444,15412968,2099,0,1
7445,15414968,2068,0,1
7446,15416968,2027,0,1
7447,15418968,2024,0,1
7448,15420968,2007,0,1
7449,15422968,2023,1,1
7450,15424968,2037,1,1
7451,15426968,2093,0,1
7452,15428968,2133,0,1
7453,15430968,2125,0,1
7454,15432968,2095,0,1
7455,15434968,2045,0,1
7456,15436968,2029,0,1
7457,15438968,2025,0,1
7458,15440968,2011,0,1
7459,15442969,2019,0,1
7460,15444968,2095,1,1
7461,15446968,2271,0,1
7462,15448968,2349,0,1
7463,15450968,2321,0,1
7464,15452968,2223,0,1
7465,15454968,2111,0,1
7466,15456968,2034,0,1
7467,15458968,1984,0,1
7468,15460968,1973,0,1
7469,15462968,1965,1,1
7470,15464968,2022,1,1
7471,15466968,2124,0,1
7472,15468968,2163,0,1
7473,15470968,2169,0,1
7474,15472968,2131,0,1
7475,15474968,2069,0,1
7476,15476968,2031,0,1
7477,15478968,2025,0,1
7478,15480968,2011,0,1
7479,15482969,2025,1,1
7480,15484968,2125,1,1
7481,15486968,2397,0,1
7482,15488968,2507,0,1
7483,15490968,2461,0,1
7484,15492968,2315,0,1
7485,15494968,2152,0,1
7486,15496968,2035,0,1
7487,15498968,1959,0,1
7488,15500968,1931,0,1
7489,15502968,1941,1,1
7490,15504968,2651,1,1
7491,15506968,4095,0,0
7492,15508968,4095,0,0
7493,15510968,4095,0,0
7494,15512968,3671,0,1
7495,15514968,2908,0,1
7496,15516968,2287,0,1
7497,15518968,1864,0,1
7498,15520968,1657,0,1
7499,15522968,1606,1,1
7500,15524968,1759,1,1
7501,15526968,2063,0,1
7502,15528968,2277,0,1
7503,15530968,2339,0,1
7504,15532968,2269,0,1
7505,15534968,2154,0,1
7506,15536968,2041,0,1
7507,15538968,1957,0,1
7508,15540968,1917,0,1
7509,15542968,1911,1,1
7510,15544968,1947,1,1
7511,15546968,2093,0,1
7512,15548968,2157,0,1
7513,15550968,2163,0,1
7514,15552968,2101,0,1
7515,15554968,2041,0,1
7516,15556968,1977,0,1
7517,15558968,1945,0,1
7518,15560968,1944,0,1
7519,15562969,1947,1,1
7520,15564968,2036,1,1
7521,15566968,2301,0,1
7522,15568968,2411,0,1
7523,15570968,2368,0,1
7524,15572968,2236,0,1
7525,15574968,2042,0,1
7526,15576968,1965,0,1
7527,15578968,1915,0,1
7528,15580968,1891,0,1
7529,15582968,1891,1,1
7530,15584968,2687,1,1
7531,15586968,4095,0,0
7532,15588968,4095,0,0
7533,15590968,4095,0,0
7534,15592968,3707,0,1
7535,15594968,2954,0,1
7536,15596968,2323,0,1
7537,15598968,1874,0,1
7538,15600968,1660,0,1
7539,15602969,1596,1,1
7540,15604968,1883,1,1
7541,15606968,2453,0,1
7542,15608968,2767,0,1
7543,15610968,2765,0,1
7544,15612968,2537,0,1
7545,15614968,2261,0,1
7546,15616968,2045,0,1
7547,15618968,1890,0,1
7548,15620968,1823,0,1
7549,15622968,1815,1,1
7550,15624968,1968,1,1
7551,15626968,2331,0,1
7552,15628968,2514,0,1
7553,15630968,2487,0,1
7554,15632968,2331,0,1
7555,15634968,2153,0,1
7556,15636968,1993,0,1
7557,15638968,1900,0,1
7558,15640968,1880,0,1
7559,15642969,1863,1,1
7560,15644968,1867,1,1
7561,15646968,1955,0,1
7562,15648968,2008,0,1
7563,15650968,2043,0,1
7564,15652968,2041,0,1
7565,15654968,2011,0,1
7566,15656968,1999,0,1
7567,15658968,1975,0,1
7568,15660968,1967,0,1
7569,15662968,1972,1,1
7570,15664968,1963,1,1
7571,15666968,2015,0,1
7572,15668968,2044,0,1
7573,15670968,2056,0,1
7574,15672968,2021,0,1
7575,15674968,2011,0,1
7576,15676968,1995,0,1
7577,15678968,1979,0,1
7578,15680968,1979,0,1
7579,15682969,1994,1,1
7580,15684968,2039,1,1
7581,15686968,2232,0,1
7582,15688968,2296,0,1
7583,15690968,2269,0,1
7584,15692968,2159,0,1
7585,15694968,2043,0,1
7586,15696968,1959,0,1
7587,15698968,1917,0,1
7588,15700968,1911,0,1
7589,15702968,1910,1,1
7590,15704968,1885,1,1
7591,15706968,1871,0,1
7592,15708968,1885,0,1
7593,15710968,1919,0,1
7594,15712968,1949,0,1
7595,15714968,1965,0,1
7596,15716968,1997,0,1
7597,15718968,2005,0,1
7598,15720968,2005,0,1
7599,15722969,1996,1,1
7600,15724968,1999,1,1
7601,15726968,2030,0,1
7602,15728968,2031,0,1
7603,15730968,2023,0,1
7604,15732968,2003,0,1
7605,15734968,1983,0,1
7606,15736968,1966,0,1
7607,15738968,1973,0,1
7608,15740968,1959,0,1
7609,15742968,1950,1,1
7610,15744968,1979,1,1
7611,15746968,2031,0,1
7612,15748968,2030,0,1
7613,15750968,2030,0,1
7614,15752968,2015,0,1
7615,15754968,2005,0,1
7616,15756968,1977,0,1
7617,15758968,1964,0,1
7618,15760968,1977,0,1
7619,15762969,1957,1,1
7620,15764968,1959,1,1
7621,15766968,1967,0,1
7622,15768968,1989,0,1
7623,15770968,1991,0,1
7624,15772968,2002,0,1
7625,15774968,1990,0,1
7626,15776968,1979,0,1
7627,15778968,1983,0,1
7628,15780968,1979,0,1
7629,15782968,1961,1,1
7630,15784968,1965,1,1
7631,15786968,2053,0,1
7632,15788968,2043,0,1
7633,15790968,2039,0,1
7634,15792968,2029,0,1
7635,15794968,1998,0,1
7636,15796968,1979,0,1
7637,15798968,1975,0,1
7638,15800968,1971,0,1
7639,15802969,1964,1,1
7640,15804968,1950,1,1
7641,15806968,2008,0,1
7642,15808968,2029,0,1
7643,15810968,2040,0,1
7644,15812968,2028,0,1
7645,15814968,2010,0,1
7646,15816968,1992,0,1
7647,15818968,1981,0,1
7648,15820968,1972,0,1
7649,15822968,1978,1,1
7650,15824968,1971,1,1
7651,15826968,2019,0,1
7652,15828968,2027,0,1
7653,15830968,2026,0,1
7654,15832968,2015,0,1
7655,15834968,1991,0,1
7656,15836968,1989,0,1
7657,15838968,1977,0,1
7658,15840968,1974,0,1
7659,15842969,1957,1,1
7660,15844968,1973,1,1
7661,15846968,2025,0,1
7662,15848968,2055,0,1
7663,15850968,2053,0,1
7664,15852968,2025,0,1
7665,15854968,1999,0,1
7666,15856968,1989,0,1
7667,15858968,1983,0,1
7668,15860968,1971,0,1
7669,15862968,1955,1,1
7670,15864968,2019,1,1
7671,15866968,2072,0,1
7672,15868968,2094,0,1
7673,15870968,2075,0,1
7674,15872968,2037,0,1
7675,15874968,2008,0,1
7676,15876968,1989,0,1
7677,15878968,1975,0,1
7678,15880968,1977,0,1
7679,15882969,1945,1,1
7680,15884968,1975,1,1
7681,15886968,2020,0,1
7682,15888968,2095,0,1
7683,15890968,2039,0,1
7684,15892968,2021,0,1
7685,15894968,2007,0,1
7686,15896968,2001,0,1
7687,15898968,1982,0,1
7688,15900968,1973,0,1
7689,15902968,1961,1,1
7690,15904968,1975,1,1
7691,15906968,2019,0,1
7692,15908968,2045,0,1
7693,15910968,2038,0,1
7694,15912968,2013,0,1
7695,15914968,2005,0,1
7696,15916968,1997,0,1
7697,15918968,1983,0,1
7698,15920968,1979,0,1
7699,15922969,1939,1,1
7700,15924968,1901,1,1
7701,15926968,1940,0,1
7702,15928968,1989,0,1
7703,15930968,2004,0,1
7704,15932968,2009,0,1
7705,15934968,2021,0,1
7706,15936968,2002,0,1
7707,15938968,1997,0,1
7708,15940968,2007,0,1
7709,15942968,1949,1,1
7710,15944968,1929,1,1
7711,15946968,1961,0,1
7712,15948968,1999,0,1
7713,15950968,2021,0,1
7714,15952968,2019,0,1
7715,15954968,2011,0,1
7716,15956968,2011,0,1
7717,15958968,1995,0,1
7718,15960968,1995,0,1
7719,15962969,1949,1,1
7720,15964968,1917,1,1
7721,15966968,1963,0,1
7722,15968968,1991,0,1
7723,15970968,2008,0,1
7724,15972968,2011,0,1
7725,15974968,2005,0,1
7726,15976968,2003,0,1
7727,15978968,1997,0,1
7728,15980968,1995,0,1
7729,15982968,1963,1,1
7730,15984968,1975,1,1
7731,15986968,2009,0,1
7732,15988968,2037,0,1
7733,15990968,2030,0,1
7734,15992968,2029,0,1
7735,15994968,2005,0,1
7736,15996968,2005,0,1
7737,15998968,1993,0,1
7738,16000968,1989,0,1
7739,16002969,1995,1,1
7740,16004968,2013,1,1
7741,16006968,2031,0,1
7742,16008968,2036,0,1
7743,16010968,2031,0,1
7744,16012968,2011,0,1
7745,16014968,2005,0,1
7746,16016968,1997,0,1
7747,16018968,1982,0,1
7748,16020968,1982,0,1
7749,16022968,1975,1,1
7750,16024968,2013,1,1
7751,16026968,2073,0,1
7752,16028968,2083,0,1
7753,16030968,2068,0,1
7754,16032968,2039,0,1
7755,16034968,1995,0,1
7756,16036968,1996,0,1
7757,16038968,1971,0,1
7758,16040968,1973,0,1
7759,16042969,1957,1,1
7760,16044968,1950,1,1
7761,16046968,1996,0,1
7762,16048968,2013,0,1
7763,16050968,2023,0,1
7764,16052968,2027,0,1
7765,16054968,2014,0,1
7766,16056968,2001,0,1
7767,16058968,1998,0,1
7768,16060968,2008,0,1
7769,16062968,1971,1,1
7770,16064968,1991,1,1
7771,16066968,2037,0,1
7772,16068968,2043,0,1
7773,16070968,2058,0,1
7774,16072968,2039,0,1
7775,16074968,2004,0,1
7776,16076968,1993,0,1
7777,16078968,1978,0,1
7778,16080968,1983,0,1
7779,16082969,1992,1,1
7780,16084968,2032,1,1
7781,16086968,2065,0,1
7782,16088968,2074,0,1
7783,16090968,2071,0,1
7784,16092968,2030,0,1
7785,16094968,2011,0,1
7786,16096968,1993,0,1
7787,16098968,1983,0,1
7788,16100968,1990,0,1
7789,16102968,1989,1,1
7790,16104968,2009,1,1
7791,16106968,2021,0,1
7792,16108968,2031,0,1
7793,16110968,2023,0,1
7794,16112968,2007,0,1
7795,16114968,1983,0,1
7796,16116968,1989,0,1
7797,16118968,1977,0,1
7798,16120968,2011,0,1
7799,16122969,1951,1,1
7800,16124968,1945,1,1
7801,16126968,1980,0,1
7802,16128968,2007,0,1
7803,16130968,2032,0,1
7804,16132968,2023,0,1
7805,16134968,2009,0,1
7806,16136968,1998,0,1
7807,16138968,2003,0,1
7808,16140968,2011,0,1
7809,16142968,1974,1,1
7810,16144968,2021,1,1
7811,16146968,2043,0,1
7812,16148968,2065,0,1
7813,16150968,2059,0,1
7814,16152968,2035,0,1
7815,16154968,2005,0,1
7816,16156968,1991,0,1
7817,16158968,1997,0,1
7818,16160968,1995,0,1
7819,16162969,1993,1,1
7820,16164968,2027,1,1
7821,16166968,2067,0,1
7822,16168968,2063,0,1
7823,16170968,2065,0,1
7824,16172968,2012,0,1
7825,16174968,1995,0,1
7826,16176968,1989,0,1
7827,16178968,1980,0,1
7828,16180968,2004,0,1
7829,16182968,1996,1,1
7830,16184968,2041,0,1
7831,16186968,2086,0,1
7832,16188968,2095,0,1
7833,16190968,2083,0,1
7834,16192968,2035,0,1
7835,16194968,2007,0,1
7836,16196968,1995,0,1
7837,16198968,1980,0,1
7838,16200968,1996,0,1
7839,16202969,1979,1,1
7840,16204968,2043,0,1
7841,16206968,2084,0,1
7842,16208968,2095,0,1
7843,16210968,2073,0,1
7844,16212968,2043,0,1
7845,16214968,1996,0,1
7846,16216968,1991,0,1
7847,16218968,1977,0,1
7848,16220968,1989,0,1
7849,16222968,1988,1,1
7850,16224968,2025,0,1
7851,16226968,2043,0,1
7852,16228968,2071,0,1
7853,16230968,2057,0,1
7854,16232968,2025,0,1
7855,16234968,2010,0,1
7856,16236968,1991,0,1
7857,16238968,1993,0,1
7858,16240968,1991,0,1
7859,16242969,1972,1,1
7860,16244968,1993,0,1
7861,16246968,2043,0,1
7862,16248968,2043,0,1
7863,16250968,2042,0,1
7864,16252968,2027,0,1
7865,16254968,2009,0,1
7866,16256968,2003,0,1
7867,16258968,1995,0,1
7868,16260968,1983,0,1
7869,16262968,2005,1,1
7870,16264968,2053,0,1
7871,16266968,2053,0,1
7872,16268968,2053,0,1
7873,16270968,2037,0,1
7874,16272968,2013,0,1
7875,16274968,2004,0,1
7876,16276968,1994,0,1
7877,16278968,1988,0,1
7878,16280968,1995,0,1
7879,16282969,1989,1,1
7880,16284968,2031,0,1
7881,16286968,2084,0,1
7882,16288968,2071,0,1
7883,16290968,2055,0,1
7884,16292968,2027,0,1
7885,16294968,1998,0,1
7886,16296968,1983,0,1
7887,16298968,1975,0,1
7888,16300968,1978,0,1
7889,16302968,1971,1,1
7890,16304968,2005,0,1
7891,16306968,2031,0,1
7892,16308968,2039,0,1
7893,16310968,2045,0,1
7894,16312968,2028,0,1
7895,16314968,2006,0,1
7896,16316968,2002,0,1
7897,16318968,1991,0,1
7898,16320968,1980,0,1
7899,16322969,1979,1,1
7900,16324968,2018,0,1
7901,16326968,2024,0,1
7902,16328968,2031,0,1
7903,16330968,2024,0,1
7904,16332968,2008,0,1
7905,16334968,2001,0,1
7906,16336968,2006,0,1
7907,16338968,2008,0,1
7908,16340968,2005,0,1
7909,16342968,2037,1,1
7910,16344968,2211,0,1
7911,16346968,2351,0,1
7912,16348968,2347,0,1
7913,16350968,2261,0,1
7914,16352968,2121,0,1
7915,16354968,2013,0,1
7916,16356968,1943,0,1
7917,16358968,1927,0,1
7918,16360968,1911,0,1
7919,16362969,1933,1,1
7920,16364968,1944,0,1
7921,16366968,1949,0,1
7922,16368968,1956,0,1
7923,16370968,1961,0,1
7924,16372968,1989,0,1
7925,16374968,2006,0,1
7926,16376968,2011,0,1
7927,16378968,2009,0,1
7928,16380968,2005,0,1
7929,16382968,1988,1,1
7930,16384968,2041,0,1
7931,16386968,2057,0,1
7932,16388968,2055,0,1
7933,16390968,2036,0,1
7934,16392968,2021,0,1
7935,16394968,1999,0,1
7936,16396968,1993,0,1
7937,16398968,1979,0,1
7938,16400968,1991,0,1
7939,16402969,1981,1,1
7940,16404968,2013,0,1
7941,16406968,2043,0,1
7942,16408968,2040,0,1
7943,16410968,2041,0,1
7944,16412968,2027,0,1
7945,16414968,2011,0,1
7946,16416968,2001,0,1
7947,16418968,1992,0,1
7948,16420968,1997,0,1
7949,16422968,1947,1,1
7950,16424968,1996,0,1
7951,16426968,2037,0,1
7952,16428968,2059,0,1
7953,16430968,2040,0,1
7954,16432968,2029,0,1
7955,16434968,2019,0,1
7956,16436968,2007,0,1
7957,16438968,2005,0,1
7958,16440968,1988,0,1
7959,16442969,1982,1,1
7960,16444968,2009,0,1
7961,16446968,2036,0,1
7962,16448968,2045,0,1
7963,16450968,2026,0,1
7964,16452968,2019,0,1
7965,16454968,2005,0,1
7966,16456968,2001,0,1
7967,16458968,1993,0,1
7968,16460968,1998,0,1
7969,16462968,1998,1,1
7970,16464968,2057,0,1
7971,16466968,2083,0,1
7972,16468968,2067,0,1
7973,16470968,2067,0,1
7974,16472968,2031,0,1
7975,16474968,2006,0,1
7976,16476968,1999,0,1
7977,16478968,1989,0,1
7978,16480968,1993,0,1
7979,16482969,1989,1,1
7980,16484968,2035,0,1
7981,16486968,2073,0,1
7982,16488968,2077,0,1
7983,16490968,2068,0,1
7984,16492968,2031,0,1
7985,16494968,2010,0,1
7986,16496968,1997,0,1
7987,16498968,2007,0,1
7988,16500968,1993,1,1
7989,16502968,1991,1,1
7990,16504968,2043,0,1
7991,16506968,2070,0,1
7992,16508968,2091,0,1
7993,16510968,2043,0,1
7994,16512968,2020,0,1
7995,16514968,2005,0,1
7996,16516968,1993,0,1
7997,16518968,1996,0,1
7998,16520968,1990,1,1
7999,16522968,1963,1,1
8000,16524968,2032,0,1
8001,16526968,2067,0,1
8002,16528968,2084,0,1
8003,16530968,2071,0,1
8004,16532968,2027,0,1
8005,16534968,2007,0,1
8006,16536968,1997,0,1
8007,16538968,1991,0,1
8008,16540968,1999,1,1
8009,16542968,1974,1,1
8010,16544968,2040,0,1
8011,16546968,2084,0,1
8012,16548968,2079,0,1
8013,16550968,2055,0,1
8014,16552968,2035,0,1
8015,16554968,2011,0,1
8016,16556968,2003,0,1
8017,16558968,2004,0,1
8018,16560968,1980,1,1
8019,16562969,1964,1,1
8020,16564968,2010,0,1
8021,16566968,2057,0,1
8022,16568968,2059,0,1
8023,16570968,2045,0,1
8024,16572968,2035,0,1
8025,16574968,2013,0,1
8026,16576968,2008,0,1
8027,16578968,1996,0,1
8028,16580968,1993,1,1
8029,16582968,1978,1,1
8030,16584968,2021,0,1
8031,16586968,2055,0,1
8032,16588968,2059,0,1
8033,16590968,2054,0,1
8034,16592968,2021,0,1
8035,16594968,2004,0,1
8036,16596968,1999,0,1
8037,16598968,2005,0,1
8038,16600968,1993,1,1
8039,16602969,1955,1,1
8040,16604968,2003,0,1
8041,16606968,2035,0,1
8042,16608968,2063,0,1
8043,16610968,2040,0,1
8044,16612968,2025,0,1
8045,16614968,2015,0,1
8046,16616968,2006,0,1
8047,16618968,2003,0,1
8048,16620968,1984,1,1
8049,16622968,1943,1,1
8050,16624968,1977,0,1
8051,16626968,2007,0,1
8052,16628968,2029,0,1
8053,16630968,2014,0,1
8054,16632968,2023,0,1
8055,16634968,2011,0,1
8056,16636968,2005,0,1
8057,16638968,2012,0,1
8058,16640968,1994,1,1
8059,16642969,2029,1,1
8060,16644968,2083,0,1
8061,16646968,2101,0,1
8062,16648968,2096,0,1
8063,16650968,2072,0,1
8064,16652968,2031,0,1
8065,16654968,2004,0,1
8066,16656968,1989,0,1
8067,16658968,1976,0,1
8068,16660968,1975,1,1
8069,16662968,1967,1,1
8070,16664968,2020,0,1
8071,16666968,2041,0,1
8072,16668968,2071,0,1
8073,16670968,2044,0,1
8074,16672968,2035,0,1
8075,16674968,2005,0,1
8076,16676968,2008,0,1
8077,16678968,1995,0,1
8078,16680968,1995,1,1
8079,16682969,1975,1,1
8080,16684968,1995,0,1
8081,16686968,2024,0,1
8082,16688968,2029,0,1
8083,16690968,2027,0,1
8084,16692968,2014,0,1
8085,16694968,2008,0,1
8086,16696968,2007,0,1
8087,16698968,1994,0,1
8088,16700968,1977,1,1
8089,16702968,1967,1,1
8090,16704968,2013,0,1
8091,16706968,2039,0,1
8092,16708968,2039,0,1
8093,16710968,2035,0,1
8094,16712968,2015,0,1
8095,16714968,2012,0,1
8096,16716968,2008,0,1
8097,16718968,2002,0,1
8098,16720968,1977,1,1
8099,16722969,2005,1,1
8100,16724968,1909,0,1
8101,16726968,1815,0,1
8102,16728968,1779,0,1
8103,16730968,1836,0,1
8104,16732968,1901,0,1
8105,16734968,1976,0,1
8106,16736968,2030,0,1
8107,16738968,2043,0,1
8108,16740968,2054,1,1
8109,16742968,2039,1,1
8110,16744968,2045,0,1
8111,16746968,2041,0,1
8112,16748968,2029,0,1
8113,16750968,2007,0,1
8114,16752968,1991,0,1
8115,16754968,1979,0,1
8116,16756968,1993,0,1
8117,16758968,2005,0,1
8118,16760968,1993,1,1
8119,16762969,2039,1,1
8120,16764968,2084,0,1
8121,16766968,2116,0,1
8122,16768968,2091,0,1
8123,16770968,2055,0,1
8124,16772968,2025,0,1
8125,16774968,1995,0,1
8126,16776968,1990,0,1
8127,16778968,1989,0,1
8128,16780968,1989,1,1
8129,16782968,1975,1,1
8130,16784968,2008,0,1
8131,16786968,2036,0,1
8132,16788968,2042,0,1
8133,16790968,2041,0,1
8134,16792968,2013,0,1
8135,16794968,2009,0,1
8136,16796968,2009,0,1
8137,16798968,1988,0,1
8138,16800968,1976,1,1
8139,16802969,1997,1,1
8140,16804968,2029,0,1
8141,16806968,2063,0,1
8142,16808968,2059,0,1
8143,16810968,2041,0,1
8144,16812968,2029,0,1
8145,16814968,2005,0,1
8146,16816968,1995,0,1
8147,16818968,1981,0,1
8148,16820968,1957,1,1
8149,16822968,1980,1,1
8150,16824968,2039,0,1
8151,16826968,2071,0,1
8152,16828968,2073,0,1
8153,16830968,2056,0,1
8154,16832968,2029,0,1
8155,16834968,2006,0,1
8156,16836968,1995,0,1
8157,16838968,1997,0,1
8158,16840968,1973,1,1
8159,16842969,2002,1,1
8160,16844968,2031,0,1
8161,16846968,2063,0,1
8162,16848968,2066,0,1
8163,16850968,2031,0,1
8164,16852968,2013,0,1
8165,16854968,2009,0,1
8166,16856968,1997,0,1
8167,16858968,2001,0,1
8168,16860968,1973,1,1
8169,16862968,1960,1,1
8170,16864968,1980,0,1
8171,16866968,2013,0,1
8172,16868968,2013,0,1
8173,16870968,2022,0,1
8174,16872968,2028,0,1
8175,16874968,2013,0,1
8176,16876968,2009,0,1
8177,16878968,2001,0,1
8178,16880968,2003,1,1
8179,16882969,2043,1,1
8180,16884968,2116,0,1
8181,16886968,2124,0,1
8182,16888968,2103,0,1
8183,16890968,2065,0,1
8184,16892968,2021,0,1
8185,16894968,1993,0,1
8186,16896968,1990,0,1
8187,16898968,1981,0,1
8188,16900968,1963,1,1
8189,16902968,2007,1,1
8190,16904968,2037,0,1
8191,16906968,2054,0,1
8192,16908968,2057,0,1
8193,16910968,2023,0,1
8194,16912968,2018,0,1
8195,16914968,1997,0,1
8196,16916968,1996,0,1
8197,16918968,2003,0,1
8198,16920968,2008,1,1
8199,16922969,2029,1,1
8200,16924968,2071,0,1
8201,16926968,2087,0,1
8202,16928968,2075,0,1
8203,16930968,2054,0,1
8204,16932968,2020,0,1
8205,16934968,1997,0,1
8206,16936968,1999,0,1
8207,16938968,1990,0,1
8208,16940968,1968,1,1
8209,16942968,1975,1,1
8210,16944968,2031,0,1
8211,16946968,2053,0,1
8212,16948968,2037,0,1
8213,16950968,2023,0,1
8214,16952968,2024,0,1
8215,16954968,2005,0,1
8216,16956968,2001,0,1
8217,16958968,2005,0,1
8218,16960968,1956,1,1
8219,16962969,1983,1,1
8220,16964968,2009,0,1
8221,16966968,2021,0,1
8222,16968968,2027,0,1
8223,16970968,2038,0,1
8224,16972968,2013,0,1
8225,16974968,2013,0,1
8226,16976968,1995,0,1
8227,16978968,1995,0,1
8228,16980968,1973,1,1
8229,16982968,1943,1,1
8230,16984968,1984,0,1
8231,16986968,2005,0,1
8232,16988968,2031,0,1
8233,16990968,2023,0,1
8234,16992968,2018,0,1
8235,16994968,2018,0,1
8236,16996968,2011,0,1
8237,16998968,2004,0,1
8238,17000968,1945,1,1
8239,17002969,1955,1,1
8240,17004968,1981,0,1
8241,17006968,2009,0,1
8242,17008968,2024,0,1
8243,17010968,2021,0,1
8244,17012968,2024,0,1
8245,17014968,2011,0,1
8246,17016968,2009,0,1
8247,17018968,2019,0,1
8248,17020968,1991,1,1
8249,17022968,2063,1,1
8250,17024968,2212,0,1
8251,17026968,2268,0,1
8252,17028968,2251,0,1
8253,17030968,2168,0,1
8254,17032968,2072,0,1
8255,17034968,2012,0,1
8256,17036968,1965,0,1
8257,17038968,1975,0,1
8258,17040968,1963,1,1
8259,17042969,2005,1,1
8260,17044968,1972,0,1
8261,17046968,1961,0,1
8262,17048968,1963,0,1
8263,17050968,1972,0,1
8264,17052968,1981,0,1
8265,17054968,2002,0,1
8266,17056968,2004,0,1
8267,17058968,2023,0,1
8268,17060968,2004,1,1
8269,17062968,1995,1,1
8270,17064968,1993,0,1
8271,17066968,1999,0,1
8272,17068968,1997,0,1
8273,17070968,1990,0,1
8274,17072968,2010,0,1
8275,17074968,2011,0,1
8276,17076968,2007,0,1
8277,17078968,2014,0,1
8278,17080968,2005,1,1
8279,17082969,2063,1,1
8280,17084968,2077,0,1
8281,17086968,2076,0,1
8282,17088968,2063,0,1
8283,17090968,2025,0,1
8284,17092968,1997,0,1
8285,17094968,1983,0,1
8286,17096968,1983,0,1
8287,17098968,2008,0,1
8288,17100968,1972,1,1
8289,17102968,2004,1,1
8290,17104968,2045,0,1
8291,17106968,2074,0,1
8292,17108968,2087,0,1
8293,17110968,2057,0,1
8294,17112968,2030,0,1
8295,17114968,2002,0,1
8296,17116968,1991,0,1
8297,17118968,1995,0,1
8298,17120968,1972,1,1
8299,17122969,1989,1,1
8300,17124968,2029,0,1
8301,17126968,2040,0,1
8302,17128968,2057,0,1
8303,17130968,2031,0,1
8304,17132968,2022,0,1
8305,17134968,2009,0,1
8306,17136968,1997,0,1
8307,17138968,2007,0,1
8308,17140968,1964,1,1
8309,17142968,2003,1,1
8310,17144968,2063,0,1
8311,17146968,2069,0,1
8312,17148968,2075,0,1
8313,17150968,2029,0,1
8314,17152968,2006,0,1
8315,17154968,1993,0,1
8316,17156968,2003,0,1
8317,17158968,2005,0,1
8318,17160968,1975,1,1
8319,17162969,2003,1,1
8320,17164968,2028,0,1
8321,17166968,2043,0,1
8322,17168968,2056,0,1
8323,17170968,2040,0,1
8324,17172968,2011,0,1
8325,17174968,2005,0,1
8326,17176968,2003,0,1
8327,17178968,2005,0,1
8328,17180968,1984,1,1
8329,17182968,2043,1,1
8330,17184968,2090,0,1
8331,17186968,2104,0,1
8332,17188968,2092,0,1
8333,17190968,2043,0,1
8334,17192968,2023,0,1
8335,17194968,1999,0,1
8336,17196968,1983,0,1
8337,17198968,2005,0,1
8338,17200968,1965,1,1
8339,17202969,1996,1,1
8340,17204968,2037,0,1
8341,17206968,2056,0,1
8342,17208968,2054,0,1
8343,17210968,2025,0,1
8344,17212968,2009,0,1
8345,17214968,2009,0,1
8346,17216968,1997,0,1
8347,17218968,1989,0,1
8348,17220968,2001,1,1
8349,17222968,2059,1,1
8350,17224968,2101,0,1
8351,17226968,2106,0,1
8352,17228968,2079,0,1
8353,17230968,2045,0,1
8354,17232968,2015,0,1
8355,17234968,1996,0,1
8356,17236968,1989,0,1
8357,17238968,1990,0,1
8358,17240968,1946,1,1
8359,17242969,1993,1,1
8360,17244968,2015,0,1
8361,17246968,2039,0,1
8362,17248968,2040,0,1
8363,17250968,2037,0,1
8364,17252968,2027,0,1
8365,17254968,2005,0,1
8366,17256968,2004,0,1
8367,17258968,1991,0,1
8368,17260968,1971,1,1
8369,17262968,2008,0,1
8370,17264968,2025,0,1
8371,17266968,2040,0,1
8372,17268968,2037,0,1
8373,17270968,2029,0,1
8374,17272968,2021,0,1
8375,17274968,2012,0,1
8376,17276968,1995,0,1
8377,17278968,1997,0,1
8378,17280968,1971,1,1
8379,17282969,2038,0,1
8380,17284968,2073,0,1
8381,17286968,2078,0,1
8382,17288968,2059,0,1
8383,17290968,2037,0,1
8384,17292968,2015,0,1
8385,17294968,2002,0,1
8386,17296968,1993,0,1
8387,17298968,1995,0,1
8388,17300968,1973,1,1
8389,17302968,1999,0,1
8390,17304968,2029,0,1
8391,17306968,2059,0,1
8392,17308968,2043,0,1
8393,17310968,2038,0,1
8394,17312968,2027,0,1
8395,17314968,2006,0,1
8396,17316968,1995,0,1
8397,17318968,2003,0,1
8398,17320968,1981,1,1
8399,17322969,2015,0,1
8400,17324968,2060,0,1
8401,17326968,2079,0,1
8402,17328968,2063,0,1
8403,17330968,2041,0,1
8404,17332968,2023,0,1
8405,17334968,1996,0,1
8406,17336968,1995,0,1
8407,17338968,1989,0,1
8408,17340968,1974,1,1
8409,17342968,2027,0,1
8410,17344968,2073,0,1
8411,17346968,2089,0,1
8412,17348968,2071,0,1
8413,17350968,2057,0,1
8414,17352968,2009,0,1
8415,17354968,1995,0,1
8416,17356968,1998,0,1
8417,17358968,1995,0,1
8418,17360968,1915,1,1
8419,17362969,1965,0,1
8420,17364968,2007,0,1
8421,17366968,2040,0,1
8422,17368968,2058,0,1
8423,17370968,2035,0,1
8424,17372968,2039,0,1
8425,17374968,2013,0,1
8426,17376968,2009,0,1
8427,17378968,2005,0,1
8428,17380968,2035,1,1
8429,17382968,2103,0,1
8430,17384968,2149,0,1
8431,17386968,2137,0,1
8432,17388968,2095,0,1
8433,17390968,2039,0,1
8434,17392968,2005,0,1
8435,17394968,1987,0,1
8436,17396968,1965,0,1
8437,17398968,1983,0,1
8438,17400968,1909,1,1
8439,17402969,1947,0,1
8440,17404968,1989,0,1
8441,17406968,2022,0,1
8442,17408968,2023,0,1
8443,17410968,2025,0,1
8444,17412968,2031,0,1
8445,17414968,2018,0,1
8446,17416968,2003,0,1
8447,17418968,1999,0,1
8448,17420968,1981,1,1
8449,17422968,2019,0,1
8450,17424968,2059,0,1
8451,17426968,2073,0,1
8452,17428968,2054,0,1
8453,17430968,2036,0,1
8454,17432968,2015,0,1
8455,17434968,1999,0,1
8456,17436968,1989,0,1
8457,17438968,2002,0,1
8458,17440968,1963,1,1
8459,17442969,1996,0,1
8460,17444968,2037,0,1
8461,17446968,2055,0,1
8462,17448968,2058,0,1
8463,17450968,2031,0,1
8464,17452968,2019,0,1
8465,17454968,2008,0,1
8466,17456968,2005,0,1
8467,17458968,1989,0,1
8468,17460968,1980,1,1
8469,17462968,2035,0,1
8470,17464968,2069,0,1
8471,17466968,2087,0,1
8472,17468968,2045,0,1
8473,17470968,2031,0,1
8474,17472968,2015,0,1
8475,17474968,2005,0,1
8476,17476968,1996,0,1
8477,17478968,1993,1,1
8478,17480968,2013,1,1
8479,17482969,2037,0,1
8480,17484968,2059,0,1
8481,17486968,2059,0,1
8482,17488968,2053,0,1
8483,17490968,2023,0,1
8484,17492968,2007,0,1
8485,17494968,1996,0,1
8486,17496968,1997,0,1
8487,17498968,1997,0,1
8488,17500968,1959,1,1
8489,17502968,1997,0,1
8490,17504968,2024,0,1
8491,17506968,2069,0,1
8492,17508968,2055,0,1
8493,17510968,2035,0,1
8494,17512968,2023,0,1
8495,17514968,2012,0,1
8496,17516968,2010,0,1
8497,17518968,1993,1,1
8498,17520968,1964,1,1
8499,17522968,2009,0,1
8500,17524968,2045,0,1
8501,17526968,2075,0,1
8502,17528968,2063,0,1
8503,17530968,2029,0,1
8504,17532968,2023,0,1
8505,17534968,2007,0,1
8506,17536968,2009,0,1
8507,17538968,1983,1,1
8508,17540968,1949,1,1
8509,17542968,2022,0,1
8510,17544968,2067,0,1
8511,17546968,2072,0,1
8512,17548968,2055,0,1
8513,17550968,2036,0,1
8514,17552968,2015,0,1
8515,17554968,1997,0,1
8516,17556968,1997,0,1
8517,17558968,1992,1,1
8518,17560968,2004,1,1
8519,17562969,2063,0,1
8520,17564968,2086,0,1
8521,17566968,2093,0,1
8522,17568968,2057,0,1
8523,17570968,2028,0,1
8524,17572968,2013,0,1
8525,17574968,1993,0,1
8526,17576968,2003,0,1
8527,17578968,1979,1,1
8528,17580968,1931,1,1
8529,17582968,1963,0,1
8530,17584968,1983,0,1
8531,17586968,2015,0,1
8532,17588968,2029,0,1
8533,17590968,2015,0,1
8534,17592968,2011,0,1
8535,17594968,2023,0,1
8536,17596968,2023,0,1
8537,17598968,2002,1,1
8538,17600968,1959,1,1
8539,17602969,1997,0,1
8540,17604968,2025,0,1
8541,17606968,2063,0,1
8542,17608968,2043,0,1
8543,17610968,2040,0,1
8544,17612968,2018,0,1
8545,17614968,2011,0,1
8546,17616968,2007,0,1
8547,17618968,2003,1,1
8548,17620968,2009,1,1
8549,17622968,2060,0,1
8550,17624968,2083,0,1
8551,17626968,2091,0,1
8552,17628968,2065,0,1
8553,17630968,2019,0,1
8554,17632968,2009,0,1
8555,17634968,1983,0,1
8556,17636968,2003,0,1
8557,17638968,2005,1,1
8558,17640968,1997,1,1
8559,17642969,2068,0,1
8560,17644968,2099,0,1
8561,17646968,2087,0,1
8562,17648968,2054,0,1
8563,17650968,2029,0,1
8564,17652968,2006,0,1
8565,17654968,1991,0,1
8566,17656968,1989,0,1
8567,17658968,1983,1,1
8568,17660968,1991,1,1
8569,17662968,2035,0,1
8570,17664968,2067,0,1
8571,17666968,2070,0,1
8572,17668968,2063,0,1
8573,17670968,2026,0,1
8574,17672968,2008,0,1
8575,17674968,2005,0,1
8576,17676968,1993,0,1
8577,17678968,1981,1,1
8578,17680968,1999,1,1
8579,17682969,2060,0,1
8580,17684968,2077,0,1
8581,17686968,2086,0,1
8582,17688968,2059,0,1
8583,17690968,2027,0,1
8584,17692968,2019,0,1
8585,17694968,1989,0,1
8586,17696968,1983,0,1
8587,17698968,1989,1,1
8588,17700968,1989,1,1
8589,17702968,2073,0,1
8590,17704968,2095,0,1
8591,17706968,2086,0,1
8592,17708968,2079,0,1
8593,17710968,2027,0,1
8594,17712968,2007,0,1
8595,17714968,1998,0,1
8596,17716968,1995,0,1
8597,17718968,1974,1,1
8598,17720968,1977,1,1
8599,17722969,2013,0,1
8600,17724968,2031,0,1
8601,17726968,2044,0,1
8602,17728968,2023,0,1
8603,17730968,2023,0,1
8604,17732968,2007,0,1
8605,17734968,1999,0,1
8606,17736968,1996,0,1
8607,17738968,1995,1,1
8608,17740968,2055,1,1
8609,17742968,2259,0,1
8610,17744968,2358,0,1
8611,17746968,2331,0,1
8612,17748968,2248,0,1
8613,17750968,2121,0,1
8614,17752968,2024,0,1
8615,17754968,1975,0,1
8616,17756968,1947,0,1
8617,17758968,1957,1,1
8618,17760968,1945,1,1
8619,17762969,1875,0,1
8620,17764968,1829,0,1
8621,17766968,1849,0,1
8622,17768968,1896,0,1
8623,17770968,1951,0,1
8624,17772968,2003,0,1
8625,17774968,2031,0,1
8626,17776968,2041,0,1
8627,17778968,2034,1,1
8628,17780968,1995,1,1
8629,17782968,1994,0,1
8630,17784968,2004,0,1
8631,17786968,1994,0,1
8632,17788968,1997,0,1
8633,17790968,1999,0,1
8634,17792968,2003,0,1
8635,17794968,2007,0,1
8636,17796968,2011,0,1
8637,17798968,2005,1,1
8638,17800968,2029,1,1
8639,17802969,2072,0,1
8640,17804968,2091,0,1
8641,17806968,2087,0,1
8642,17808968,2054,0,1
8643,17810968,2014,0,1
8644,17812968,2008,0,1
8645,17814968,1993,0,1
8646,17816968,1981,0,1
8647,17818968,1971,1,1
8648,17820968,1959,1,1
8649,17822968,2013,0,1
8650,17824968,2037,0,1
8651,17826968,2038,0,1
8652,17828968,2043,0,1
8653,17830968,2025,0,1
8654,17832968,2021,0,1
8655,17834968,2003,0,1
8656,17836968,1990,0,1
8657,17838968,1973,1,1
8658,17840968,1997,1,1
8659,17842968,2069,0,1
8660,17844968,2079,0,1
8661,17846968,2080,0,1
8662,17848968,2057,0,1
8663,17850968,2029,0,1
8664,17852968,2009,0,1
8665,17854968,1981,0,1
8666,17856968,1996,0,1
8667,17858968,1975,1,1
8668,17860968,1981,1,1
8669,17862968,2055,0,1
8670,17864968,2078,0,1
8671,17866968,2091,0,1
8672,17868968,2068,0,1
8673,17870968,2034,0,1
8674,17872968,2015,0,1
8675,17874968,2001,0,1
8676,17876968,1990,0,1
8677,17878968,1983,1,1
8678,17880968,2010,1,1
8679,17882968,2071,0,1
8680,17884968,2099,0,1
8681,17886968,2090,0,1
8682,17888968,2057,0,1
8683,17890968,2031,0,1
8684,17892968,1992,0,1
8685,17894968,1996,0,1
8686,17896968,1995,0,1
8687,17898968,1978,1,1
8688,17900968,2019,1,1
8689,17902968,2087,0,1
8690,17904968,2104,0,1
8691,17906968,2091,0,1
8692,17908968,2065,0,1
8693,17910968,2028,0,1
8694,17912968,2009,0,1
8695,17914968,1983,0,1
8696,17916968,1977,0,1
8697,17918968,1990,1,1
8698,17920968,2034,1,1
8699,17922968,2060,0,1
8700,17924968,2082,0,1
8701,17926968,2067,0,1
8702,17928968,2037,0,1
8703,17930968,2009,0,1
8704,17932968,2008,0,1
8705,17934968,1989,0,1
8706,17936968,1982,0,1
8707,17938968,1959,1,1
8708,17940968,1961,1,1
8709,17942968,2015,0,1
8710,17944968,2036,0,1
8711,17946968,2055,0,1
8712,17948968,2042,0,1
8713,17950968,2024,0,1
8714,17952968,2011,0,1
8715,17954968,2009,0,1
8716,17956968,2005,0,1
8717,17958968,1980,1,1
8718,17960968,2030,1,1
8719,17962968,2103,0,1
8720,17964968,2123,0,1
8721,17966968,2105,0,1
8722,17968968,2063,0,1
8723,17970968,2024,0,1
8724,17972968,1995,0,1
8725,17974968,1981,0,1
8726,17976968,1997,0,1
8727,17978968,1949,1,1
8728,17980968,1931,1,1
8729,17982968,2004,0,1
8730,17984968,2043,0,1
8731,17986968,2072,0,1
8732,17988968,2066,0,1
8733,17990968,2041,0,1
8734,17992968,2020,0,1
8735,17994968,2009,0,1
8736,17996968,2003,0,1
8737,17998968,2003,1,1
8738,18000968,2040,1,1
8739,18002968,2127,0,1
8740,18004968,2146,0,1
8741,18006968,2116,0,1
8742,18008968,2063,0,1
8743,18010968,2024,0,1
8744,18012968,1999,0,1
8745,18014968,1979,0,1
8746,18016968,1991,0,1
8747,18018968,1963,1,1
8748,18020968,1999,1,1
8749,18022968,2045,0,1
8750,18024968,2073,0,1
8751,18026968,2078,0,1
8752,18028968,2054,0,1
8753,18030968,2031,0,1
8754,18032968,2009,0,1
8755,18034968,2004,0,1
8756,18036968,2006,0,1
8757,18038968,1925,1,1
8758,18040968,1891,1,1
8759,18042968,1948,0,1
8760,18044968,1983,0,1
8761,18046968,2029,0,1
8762,18048968,2037,0,1
8763,18050968,2036,0,1
8764,18052968,2031,0,1
8765,18054968,2013,0,1
8766,18056968,2019,0,1
8767,18058968,1973,1,1
8768,18060968,1992,1,1
8769,18062968,2036,0,1
8770,18064968,2040,0,1
8771,18066968,2065,0,1
8772,18068968,2040,0,1
8773,18070968,2027,0,1
8774,18072968,2007,0,1
8775,18074968,1996,0,1
8776,18076968,2008,0,1
8777,18078968,1971,1,1
8778,18080968,1965,1,1
8779,18082968,2029,0,1
8780,18084968,2057,0,1
8781,18086968,2059,0,1
8782,18088968,2043,0,1
8783,18090968,2025,0,1
8784,18092968,2006,0,1
8785,18094968,1997,0,1
8786,18096968,2009,0,1
8787,18098968,1957,1,1
8788,18100968,1963,1,1
8789,18102968,2012,0,1
8790,18104968,2037,0,1
8791,18106968,2044,0,1
8792,18108968,2031,0,1
8793,18110968,2013,0,1
8794,18112968,2023,0,1
8795,18114968,2004,0,1
8796,18116968,2019,0,1
8797,18118968,1993,1,1
8798,18120968,2023,1,1
8799,18122968,2075,0,1
8800,18124968,2072,0,1
8801,18126968,2077,0,1
8802,18128968,2039,0,1
8803,18130968,2020,0,1
8804,18132968,2005,0,1
8805,18134968,1984,0,1
8806,18136968,1998,0,1
8807,18138968,1995,1,1
8808,18140968,2019,1,1
8809,18142968,2088,0,1
8810,18144968,2101,0,1
8811,18146968,2079,0,1
8812,18148968,2040,0,1
8813,18150968,2010,0,1
8814,18152968,2004,0,1
8815,18154968,1981,0,1
8816,18156968,1992,0,1
8817,18158968,1981,1,1
8818,18160968,2006,1,1
8819,18162968,2065,0,1
8820,18164968,2072,0,1
8821,18166968,2065,0,1
8822,18168968,2055,0,1
8823,18170968,2013,0,1
8824,18172968,2008,0,1
8825,18174968,1997,0,1
8826,18176968,1993,0,1
8827,18178968,1951,1,1
8828,18180968,1973,1,1
8829,18182968,2037,0,1
8830,18184968,2073,0,1
8831,18186968,2057,0,1
8832,18188968,2044,0,1
8833,18190968,2013,0,1
8834,18192968,2011,0,1
8835,18194968,1996,0,1
8836,18196968,1989,0,1
8837,18198968,1977,1,1
8838,18200968,2027,1,1
8839,18202968,2085,0,1
8840,18204968,2095,0,1
8841,18206968,2069,0,1
8842,18208968,2057,0,1
8843,18210968,2021,0,1
8844,18212968,2009,0,1
8845,18214968,1992,0,1
8846,18216968,1993,0,1
8847,18218968,1979,1,1
8848,18220968,2039,1,1
8849,18222968,2094,0,1
8850,18224968,2089,0,1
8851,18226968,2072,0,1
8852,18228968,2043,0,1
8853,18230968,2015,0,1
8854,18232968,1998,0,1
8855,18234968,1993,0,1
8856,18236968,1995,0,1
8857,18238968,1977,1,1
8858,18240968,2038,1,1
8859,18242968,2095,0,1
8860,18244968,2117,0,1
8861,18246968,2086,0,1
8862,18248968,2045,0,1
8863,18250968,2024,0,1
8864,18252968,1999,0,1
8865,18254968,1984,0,1
8866,18256968,1977,0,1
8867,18258968,1973,1,1
8868,18260968,2019,1,1
8869,18262968,2065,0,1
8870,18264968,2083,0,1
8871,18266968,2069,0,1
8872,18268968,2043,0,1
8873,18270968,2024,0,1
8874,18272968,1995,0,1
8875,18274968,1997,0,1
8876,18276968,1996,0,1
8877,18278968,1997,1,1
8878,18280968,2013,1,1
8879,18282968,2057,0,1
8880,18284968,2060,0,1
8881,18286968,2043,0,1
8882,18288968,2030,0,1
8883,18290968,2009,0,1
8884,18292968,2005,0,1
8885,18294968,1997,0,1
8886,18296968,1983,0,1
8887,18298968,1978,1,1
8888,18300968,2014,1,1
8889,18302968,2072,0,1
8890,18304968,2073,0,1
8891,18306968,2072,0,1
8892,18308968,2023,0,1
8893,18310968,2011,0,1
8894,18312968,2005,0,1
8895,18314968,1993,0,1
8896,18316968,1975,0,1
8897,18318968,1982,1,1
8898,18320968,2024,0,1
8899,18322968,2077,0,1
8900,18324968,2093,0,1
8901,18326968,2074,0,1
8902,18328968,2037,0,1
8903,18330968,2009,0,1
8904,18332968,2001,0,1
8905,18334968,2003,0,1
8906,18336968,1989,0,1
8907,18338968,1967,1,1
8908,18340968,2035,0,1
8909,18342968,2075,0,1
8910,18344968,2079,0,1
8911,18346968,2071,0,1
8912,18348968,2043,0,1
8913,18350968,2021,0,1
8914,18352968,1997,0,1
8915,18354968,1989,0,1
8916,18356968,1993,0,1
8917,18358968,1929,1,1
8918,18360968,1976,0,1
8919,18362968,2026,0,1
8920,18364968,2041,0,1
8921,18366968,2056,0,1
8922,18368968,2037,0,1
8923,18370968,2019,0,1
8924,18372968,2011,0,1
8925,18374968,1995,0,1
8926,18376968,1994,0,1
8927,18378968,1955,1,1
8928,18380968,1991,0,1
8929,18382968,2045,0,1
8930,18384968,2071,0,1
8931,18386968,2071,0,1
8932,18388968,2037,0,1
8933,18390968,2011,0,1
8934,18392968,2011,0,1
8935,18394968,1993,0,1
8936,18396968,1988,0,1
8937,18398968,1991,1,1
8938,18400968,2052,0,1
8939,18402968,2103,0,1
8940,18404968,2092,0,1
8941,18406968,2085,0,1
8942,18408968,2043,0,1
8943,18410968,2019,0,1
8944,18412968,2003,0,1
8945,18414968,2007,0,1
8946,18416968,1989,0,1
8947,18418968,1951,1,1
8948,18420968,1996,0,1
8949,18422968,2035,0,1
8950,18424968,2072,0,1
8951,18426968,2057,0,1
8952,18428968,2036,0,1
8953,18430968,2014,0,1
8954,18432968,2003,0,1
8955,18434968,2010,0,1
8956,18436968,2005,0,1
8957,18438968,1959,1,1
8958,18440968,2009,0,1
8959,18442968,2041,0,1
8960,18444968,2059,0,1
8961,18446968,2039,0,1
8962,18448968,2029,0,1
8963,18450968,2005,0,1
8964,18452968,1999,0,1
8965,18454968,2009,0,1
8966,18456968,2003,0,1
8967,18458968,1974,1,1
8968,18460968,2094,0,1
8969,18462968,2190,0,1
8970,18464968,2203,0,1
8971,18466968,2158,0,1
8972,18468968,2099,0,1
8973,18470968,2045,0,1
8974,18472968,2009,0,1
8975,18474968,1989,0,1
8976,18476968,1973,0,1
8977,18478968,1991,1,1
8978,18480968,2088,0,1
8979,18482968,2138,0,1
8980,18484968,2147,0,1
8981,18486968,2088,0,1
8982,18488968,2041,0,1
8983,18490968,2005,0,1
8984,18492968,1979,0,1
8985,18494968,1979,0,1
8986,18496968,1979,0,1
8987,18498968,1960,1,1
8988,18500968,1979,0,1
8989,18502968,2005,0,1
8990,18504968,2022,0,1
8991,18506968,2005,0,1
8992,18508968,2003,0,1
8993,18510968,1999,0,1
8994,18512968,2019,0,1
8995,18514968,2015,0,1
8996,18516968,2014,0,1
8997,18518968,2028,1,1
8998,18520968,2067,0,1
8999,18522968,2091,0,1
9000,18524968,2093,0,1
9001,18526968,2073,0,1
9002,18528968,2020,0,1
9003,18530968,2009,0,1
9004,18532968,1997,0,1
9005,18534968,1999,0,1
9006,18536968,1993,0,1
9007,18538968,1990,1,1
9008,18540968,2054,0,1
9009,18542968,2107,0,1
9010,18544968,2109,0,1
9011,18546968,2083,0,1
9012,18548968,2045,0,1
9013,18550968,2013,0,1
9014,18552968,1993,0,1
9015,18554968,1996,0,1
9016,18556968,1981,1,1
9017,18558968,1972,1,1
9018,18560968,2035,0,1
9019,18562968,2065,0,1
9020,18564968,2080,0,1
9021,18566968,2063,0,1
9022,18568968,2040,0,1
9023,18570968,2013,0,1
9024,18572968,2004,0,1
9025,18574968,2007,0,1
9026,18576968,1990,1,1
9027,18578968,1984,1,1
9028,18580968,2030,0,1
9029,18582968,2075,0,1
9030,18584968,2079,0,1
9031,18586968,2067,0,1
9032,18588968,2040,0,1
9033,18590968,2011,0,1
9034,18592968,2003,0,1
9035,18594968,2005,0,1
9036,18596968,2011,1,1
9037,18598968,1975,1,1
9038,18600968,2022,0,1
9039,18602968,2063,0,1
9040,18604968,2075,0,1
9041,18606968,2066,0,1
9042,18608968,2025,0,1
9043,18610968,2008,0,1
9044,18612968,2013,0,1
9045,18614968,1991,0,1
9046,18616968,1994,1,1
9047,18618968,1995,1,1
9048,18620968,2027,0,1
9049,18622968,2059,0,1
9050,18624968,2065,0,1
9051,18626968,2058,0,1
9052,18628968,2031,0,1
9053,18630968,2011,0,1
9054,18632968,1998,0,1
9055,18634968,2003,0,1
9056,18636968,2003,1,1
9057,18638968,1961,1,1
9058,18640968,2021,0,1
9059,18642968,2063,0,1
9060,18644968,2052,0,1
9061,18646968,2040,0,1
9062,18648968,2025,0,1
9063,18650968,2013,0,1
9064,18652968,2004,0,1
9065,18654968,2003,0,1
9066,18656968,1999,1,1
9067,18658968,1993,1,1
9068,18660968,2054,0,1
9069,18662968,2099,0,1
9070,18664968,2086,0,1
9071,18666968,2066,0,1
9072,18668968,2025,0,1
9073,18670968,2007,0,1
9074,18672968,1997,0,1
9075,18674968,1990,0,1
9076,18676968,1978,1,1
9077,18678968,1983,1,1
9078,18680968,2063,0,1
9079,18682968,2085,0,1
9080,18684968,2090,0,1
9081,18686968,2066,0,1
9082,18688968,2023,0,1
9083,18690968,2007,0,1
9084,18692968,1993,0,1
9085,18694968,1993,0,1
9086,18696968,1982,1,1
9087,18698968,1983,1,1
9088,18700968,2071,0,1
9089,18702968,2111,0,1
9090,18704968,2108,0,1
9091,18706968,2087,0,1
9092,18708968,2027,0,1
9093,18710968,2009,0,1
9094,18712968,1995,0,1
9095,18714968,1976,0,1
9096,18716968,1989,1,1
9097,18718968,2003,1,1
9098,18720968,2063,0,1
9099,18722968,2090,0,1
9100,18724968,2095,0,1
9101,18726968,2083,0,1
9102,18728968,2041,0,1
9103,18730968,2018,0,1
9104,18732968,1983,0,1
9105,18734968,1981,0,1
9106,18736968,1979,1,1
9107,18738968,1967,1,1
9108,18740968,2037,0,1
9109,18742968,2076,0,1
9110,18744968,2077,0,1
9111,18746968,2069,0,1
9112,18748968,2026,0,1
9113,18750968,2021,0,1
9114,18752968,1998,0,1
9115,18754968,1996,0,1
9116,18756968,1963,1,1
9117,18758968,1971,1,1
9118,18760968,2039,0,1
9119,18762968,2065,0,1
9120,18764968,2075,0,1
9121,18766968,2057,0,1
9122,18768968,2025,0,1
9123,18770968,2009,0,1
9124,18772968,1999,0,1
9125,18774968,1995,0,1
9126,18776968,1979,1,1
9127,18778968,2005,1,1
9128,18780968,2063,0,1
9129,18782968,2079,0,1
9130,18784968,2075,0,1
9131,18786968,2065,0,1
9132,18788968,2023,0,1
9133,18790968,2006,0,1
9134,18792968,1994,0,1
9135,18794968,1993,0,1
9136,18796968,1983,1,1
9137,18798968,2005,1,1
9138,18800968,2090,0,1
9139,18802968,2107,0,1
9140,18804968,2099,0,1
9141,18806968,2058,0,1
9142,18808968,2025,0,1
9143,18810968,2003,0,1
9144,18812968,1991,0,1
9145,18814968,1990,0,1
9146,18816968,1983,1,1
9147,18818968,1940,1,1
9148,18820968,1984,0,1
9149,18822968,2033,0,1
9150,18824968,2030,0,1
9151,18826968,2037,0,1
9152,18828968,2029,0,1
9153,18830968,2005,0,1
9154,18832968,2007,0,1
9155,18834968,2007,0,1
9156,18836968,1979,1,1
9157,18838968,1963,1,1
9158,18840968,1988,0,1
9159,18842968,2015,0,1
9160,18844968,2042,0,1
9161,18846968,2037,0,1
9162,18848968,2028,0,1
9163,18850968,2009,0,1
9164,18852968,2021,0,1
9165,18854968,1999,0,1
9166,18856968,1993,1,1
9167,18858968,1996,1,1
9168,18860968,2044,0,1
9169,18862968,2071,0,1
9170,18864968,2063,0,1
9171,18866968,2057,0,1
9172,18868968,2029,0,1
9173,18870968,2007,0,1
9174,18872968,2005,0,1
9175,18874968,1994,0,1
9176,18876968,1991,1,1
9177,18878968,2023,1,1
9178,18880968,2105,0,1
9179,18882968,2123,0,1
9180,18884968,2099,0,1
9181,18886968,2059,0,1
9182,18888968,2031,0,1
9183,18890968,1997,0,1
9184,18892968,1980,0,1
9185,18894968,1979,0,1
9186,18896968,1971,1,1
9187,18898968,2008,1,1
9188,18900968,2103,0,1
9189,18902968,2127,0,1
9190,18904968,2105,0,1
9191,18906968,2065,0,1
9192,18908968,2031,0,1
9193,18910968,1997,0,1
9194,18912968,1992,0,1
9195,18914968,1995,0,1
9196,18916968,1996,1,1
9197,18918968,2035,1,1
9198,18920968,2076,0,1
9199,18922968,2089,0,1
9200,18924968,2067,0,1
9201,18926968,2040,0,1
9202,18928968,2011,0,1
9203,18930968,2006,0,1
9204,18932968,1996,0,1
9205,18934968,1989,0,1
9206,18936968,1974,1,1
9207,18938968,1981,1,1
9208,18940968,2018,0,1
9209,18942968,2045,0,1
9210,18944968,2057,0,1
9211,18946968,2039,0,1
9212,18948968,2019,0,1
9213,18950968,2007,0,1
9214,18952968,2007,0,1
9215,18954968,1996,0,1
9216,18956968,2024,1,1
9217,18958968,2464,1,1
9218,18960968,3044,0,1
9219,18962968,3187,0,1
9220,18964968,2951,0,1
9221,18966968,2554,0,1
9222,18968968,2201,0,1
9223,18970968,1933,0,1
9224,18972968,1803,0,1
9225,18974968,1779,0,1
9226,18976968,1791,1,1
9227,18978968,1863,1,1
9228,18980968,1983,0,1
9229,18982968,2063,0,1
9230,18984968,2099,0,1
9231,18986968,2091,0,1
9232,18988968,2065,0,1
9233,18990968,2028,0,1
9234,18992968,2007,0,1
9235,18994968,1993,0,1
9236,18996968,1961,1,1
9237,18998968,1983,1,1
9238,19000968,2032,0,1
9239,19002968,2066,0,1
9240,19004968,2071,0,1
9241,19006968,2044,0,1
9242,19008968,2025,0,1
9243,19010968,2008,0,1
9244,19012968,2005,0,1
9245,19014968,2005,0,1
9246,19016968,1957,1,1
9247,19018968,1975,1,1
9248,19020968,2025,0,1
9249,19022968,2072,0,1
9250,19024968,2079,0,1
9251,19026968,2045,0,1
9252,19028968,2015,0,1
9253,19030968,2017,0,1
9254,19032968,1992,0,1
9255,19034968,2004,0,1
9256,19036968,1977,1,1
9257,19038968,1993,1,1
9258,19040968,2057,0,1
9259,19042968,2089,0,1
9260,19044968,2093,0,1
9261,19046968,2056,0,1
9262,19048968,2023,0,1
9263,19050968,2012,0,1
9264,19052968,1989,0,1
9265,19054968,2001,0,1
9266,19056968,1972,1,1
9267,19058968,2029,1,1
9268,19060968,2069,0,1
9269,19062968,2092,0,1
9270,19064968,2083,0,1
9271,19066968,2057,0,1
9272,19068968,2026,0,1
9273,19070968,1995,0,1
9274,19072968,1994,0,1
9275,19074968,1993,0,1
9276,19076968,1965,1,1
9277,19078968,1983,1,1
9278,19080968,2039,0,1
9279,19082968,2085,0,1
9280,19084968,2091,0,1
9281,19086968,2059,0,1
9282,19088968,2027,0,1
9283,19090968,2007,0,1
9284,19092968,1995,0,1
9285,19094968,1995,0,1
9286,19096968,1975,1,1
9287,19098968,2003,1,1
9288,19100968,2063,0,1
9289,19102968,2077,0,1
9290,19104968,2080,0,1
9291,19106968,2039,0,1
9292,19108968,2023,0,1
9293,19110968,2005,0,1
9294,19112968,1989,0,1
9295,19114968,2003,0,1
9296,19116968,1951,1,1
9297,19118968,1928,1,1
9298,19120968,1959,0,1
9299,19122968,1999,0,1
9300,19124968,2030,0,1
9301,19126968,2030,0,1
9302,19128968,2022,0,1
9303,19130968,2022,0,1
9304,19132968,2024,0,1
9305,19134968,2010,0,1
9306,19136968,1963,1,1
9307,19138968,1982,1,1
9308,19140968,1997,0,1
9309,19142968,2031,0,1
9310,19144968,2031,0,1
9311,19146968,2031,0,1
9312,19148968,2009,0,1
9313,19150968,2008,0,1
9314,19152968,2011,0,1
9315,19154968,2001,0,1
9316,19156968,1946,1,1
9317,19158968,1977,1,1
9318,19160968,1995,0,1
9319,19162968,2015,0,1
9320,19164968,2023,0,1
9321,19166968,2027,0,1
9322,19168968,2013,0,1
9323,19170968,2008,0,1
9324,19172968,2015,0,1
9325,19174968,1993,0,1
9326,19176968,1995,1,1
9327,19178968,1995,1,1
9328,19180968,1997,0,1
9329,19182968,2008,0,1
9330,19184968,2007,0,1
9331,19186968,2019,0,1
9332,19188968,2006,0,1
9333,19190968,2010,0,1
9334,19192968,2020,0,1
9335,19194968,2019,0,1
9336,19196968,2023,1,1
9337,19198968,2205,1,1
9338,19200968,2464,0,1
9339,19202968,2508,0,1
9340,19204968,2403,0,1
9341,19206968,2249,0,1
9342,19208968,2076,0,1
9343,19210968,1971,0,1
9344,19212968,1911,0,1
9345,19214968,1883,0,1
9346,19216968,1887,1,1
9347,19218968,1851,1,1
9348,19220968,1791,0,1
9349,19222968,1812,0,1
9350,19224968,1867,0,1
9351,19226968,1927,0,1
9352,19228968,1989,0,1
9353,19230968,2032,0,1
9354,19232968,2053,0,1
9355,19234968,2057,0,1
9356,19236968,2006,1,1
9357,19238968,1995,1,1
9358,19240968,2005,0,1
9359,19242968,2005,0,1
9360,19244968,2012,0,1
9361,19246968,2013,0,1
9362,19248968,2007,0,1
9363,19250968,2010,0,1
9364,19252968,2004,0,1
9365,19254968,2004,0,1
9366,19256968,2013,1,1
9367,19258968,2043,1,1
9368,19260968,2063,0,1
9369,19262968,2046,0,1
9370,19264968,2039,0,1
9371,19266968,2025,0,1
9372,19268968,1996,0,1
9373,19270968,1997,0,1
9374,19272968,1981,0,1
9375,19274968,1990,0,1
9376,19276968,1955,1,1
9377,19278968,1977,1,1
9378,19280968,2013,0,1
9379,19282968,2037,0,1
9380,19284968,2031,0,1
9381,19286968,2026,0,1
9382,19288968,2019,0,1
9383,19290968,2007,0,1
9384,19292968,1999,0,1
9385,19294968,1999,0,1
9386,19296968,1957,1,1
9387,19298968,1980,1,1
9388,19300968,2043,0,1
9389,19302968,2071,0,1
9390,19304968,2060,0,1
9391,19306968,2037,0,1
9392,19308968,2019,0,1
9393,19310968,2003,0,1
9394,19312968,2001,0,1
9395,19314968,1997,0,1
9396,19316968,1958,1,1
9397,19318968,1976,1,1
9398,19320968,2045,0,1
9399,19322968,2059,0,1
9400,19324968,2066,0,1
9401,19326968,2041,0,1
9402,19328968,2019,0,1
9403,19330968,2007,0,1
9404,19332968,1993,0,1
9405,19334968,1991,0,1
9406,19336968,1963,1,1
9407,19338968,1974,1,1
9408,19340968,2029,0,1
9409,19342968,2055,0,1
9410,19344968,2055,0,1
9411,19346968,2031,0,1
9412,19348968,2019,0,1
9413,19350968,2003,0,1
9414,19352968,2003,0,1
9415,19354968,2003,0,1
9416,19356968,1995,1,1
9417,19358968,2054,0,1
9418,19360968,2076,0,1
9419,19362968,2085,0,1
9420,19364968,2074,0,1
9421,19366968,2027,0,1
9422,19368968,2004,0,1
9423,19370968,2003,0,1
9424,19372968,1995,0,1
9425,19374968,1995,0,1
9426,19376968,1975,1,1
9427,19378968,2029,0,1
9428,19380968,2072,0,1
9429,19382968,2072,0,1
9430,19384968,2069,0,1
9431,19386968,2041,0,1
9432,19388968,2011,0,1
9433,19390968,1999,0,1
9434,19392968,1999,0,1
9435,19394968,1983,0,1
9436,19396968,2015,1,1
9437,19398968,2088,0,1
9438,19400968,2123,0,1
9439,19402968,2136,0,1
9440,19404968,2095,0,1
9441,19406968,2041,0,1
9442,19408968,2003,0,1
9443,19410968,1983,0,1
9444,19412968,1995,0,1
9445,19414968,1971,0,1
9446,19416968,1999,1,1
9447,19418968,2073,0,1
9448,19420968,2105,0,1
9449,19422968,2109,0,1
9450,19424968,2079,0,1
9451,19426968,2030,0,1
9452,19428968,2009,0,1
9453,19430968,1983,0,1
9454,19432968,1999,0,1
9455,19434968,1983,0,1
9456,19436968,2010,1,1
9457,19438968,2057,0,1
9458,19440968,2107,0,1
9459,19442968,2117,0,1
9460,19444968,2085,0,1
9461,19446968,2041,0,1
9462,19448968,2008,0,1
9463,19450968,1995,0,1
9464,19452968,1991,0,1
9465,19454968,1977,0,1
9466,19456968,1949,1,1
9467,19458968,1998,0,1
9468,19460968,2035,0,1
9469,19462968,2071,0,1
9470,19464968,2063,0,1
9471,19466968,2037,0,1
9472,19468968,2015,0,1
9473,19470968,2003,0,1
9474,19472968,2003,0,1
9475,19474968,1989,0,1
9476,19476968,1951,1,1
9477,19478968,1965,0,1
9478,19480968,2002,0,1
9479,19482968,2032,0,1
9480,19484968,2027,0,1
9481,19486968,2024,0,1
9482,19488968,2019,0,1
9483,19490968,2019,0,1
9484,19492968,2009,0,1
9485,19494968,2003,0,1
9486,19496968,1955,1,1
9487,19498968,1963,0,1
9488,19500968,1993,0,1
9489,19502968,2022,0,1
9490,19504968,2021,0,1
9491,19506968,2031,0,1
9492,19508968,2023,0,1
9493,19510968,2019,0,1
9494,19512968,2007,0,1
9495,19514968,2002,0,1
9496,19516968,1974,1,1
9497,19518968,2013,0,1
9498,19520968,2057,0,1
9499,19522968,2063,0,1
9500,19524968,2052,0,1
9501,19526968,2025,0,1
9502,19528968,2019,0,1
9503,19530968,2009,0,1
9504,19532968,2009,0,1
9505,19534968,1991,0,1
9506,19536968,1933,1,1
9507,19538968,1967,0,1
9508,19540968,2025,0,1
9509,19542968,2058,0,1
9510,19544968,2060,0,1
9511,19546968,2031,0,1
9512,19548968,2026,0,1
9513,19550968,2008,0,1
9514,19552968,2005,0,1
9515,19554968,1997,0,1
9516,19556968,2019,1,1
9517,19558968,2087,0,1
9518,19560968,2123,0,1
9519,19562968,2111,0,1
9520,19564968,2065,0,1
9521,19566968,2037,0,1
9522,19568968,1994,0,1
9523,19570968,1993,0,1
9524,19572968,1992,0,1
9525,19574968,1980,0,1
9526,19576968,1957,1,1
9527,19578968,2013,0,1
9528,19580968,2045,0,1
9529,19582968,2075,0,1
9530,19584968,2053,0,1
9531,19586968,2037,0,1
9532,19588968,2019,0,1
9533,19590968,1995,0,1
9534,19592968,2005,0,1
9535,19594968,1995,1,1
9536,19596968,1973,1,1
9537,19598968,2007,0,1
9538,19600968,2055,0,1
9539,19602968,2066,0,1
9540,19604968,2045,0,1
9541,19606968,2027,0,1
9542,19608968,2014,0,1
9543,19610968,1999,0,1
9544,19612968,1997,0,1
9545,19614968,1992,1,1
9546,19616968,1997,1,1
9547,19618968,2065,0,1
9548,19620968,2088,0,1
9549,19622968,2079,0,1
9550,19624968,2059,0,1
9551,19626968,2027,0,1
9552,19628968,1995,0,1
9553,19630968,1991,0,1
9554,19632968,1991,0,1
9555,19634968,1976,1,1
9556,19636968,1965,1,1
9557,19638968,1994,0,1
9558,19640968,2023,0,1
9559,19642968,2038,0,1
9560,19644968,2031,0,1
9561,19646968,2029,0,1
9562,19648968,2019,0,1
9563,19650968,2009,0,1
9564,19652968,1995,0,1
9565,19654968,1991,1,1
9566,19656968,1955,1,1
9567,19658968,1967,0,1
9568,19660968,1995,0,1
9569,19662968,2011,0,1
9570,19664968,2019,0,1
9571,19666968,2009,0,1
9572,19668968,2020,0,1
9573,19670968,2013,0,1
9574,19672968,2010,0,1
9575,19674968,2005,1,1
9576,19676968,1960,1,1
9577,19678968,1989,0,1
9578,19680968,2023,0,1
9579,19682968,2032,0,1
9580,19684968,2031,0,1
9581,19686968,2021,0,1
9582,19688968,2009,0,1
9583,19690968,2012,0,1
9584,19692968,1997,0,1
9585,19694968,2008,1,1
9586,19696968,2012,1,1
9587,19698968,2069,0,1
9588,19700968,2093,0,1
9589,19702968,2079,0,1
9590,19704968,2063,0,1
9591,19706968,2019,0,1
9592,19708968,2003,0,1
9593,19710968,2003,0,1
9594,19712968,1983,0,1
9595,19714968,1979,1,1
9596,19716968,1990,1,1
9597,19718968,2035,0,1
9598,19720968,2061,0,1
9599,19722968,2067,0,1
9600,19724968,2052,0,1
9601,19726968,2031,0,1
9602,19728968,2006,0,1
9603,19730968,2003,0,1
9604,19732968,1990,0,1
9605,19734968,1994,1,1
9606,19736968,2023,1,1
9607,19738968,2091,0,1
9608,19740968,2123,0,1
9609,19742968,2099,0,1
9610,19744968,2075,0,1
9611,19746968,2029,0,1
9612,19748968,1991,0,1
9613,19750968,1993,0,1
9614,19752968,1979,0,1
9615,19754968,1983,1,1
9616,19756968,2037,1,1
9617,19758968,2105,0,1
9618,19760968,2127,0,1
9619,19762968,2104,0,1
9620,19764968,2079,0,1
9621,19766968,2023,0,1
9622,19768968,1974,0,1
9623,19770968,1983,0,1
9624,19772968,1981,0,1
9625,19774968,1967,1,1
9626,19776968,1959,1,1
9627,19778968,1989,0,1
9628,19780968,2023,0,1
9629,19782968,2032,0,1
9630,19784968,2031,0,1
9631,19786968,2027,0,1
9632,19788968,2026,0,1
9633,19790968,2005,0,1
9634,19792968,2001,0,1
9635,19794968,1991,1,1
9636,19796968,1934,1,1
9637,19798968,1975,0,1
9638,19800968,2015,0,1
9639,19802968,2029,0,1
9640,19804968,2027,0,1
9641,19806968,2023,0,1
9642,19808968,2013,0,1
9643,19810968,2019,0,1
9644,19812968,1995,0,1
9645,19814968,1983,1,1
9646,19816968,1957,1,1
9647,19818968,2004,0,1
9648,19820968,2029,0,1
9649,19822968,2031,0,1
9650,19824968,2034,0,1
9651,19826968,2026,0,1
9652,19828968,2011,0,1
9653,19830968,2009,0,1
9654,19832968,2008,0,1
9655,19834968,2008,1,1
9656,19836968,2004,1,1
9657,19838968,2072,0,1
9658,19840968,2095,0,1
9659,19842968,2085,0,1
9660,19844968,2056,0,1
9661,19846968,2025,0,1
9662,19848968,2008,0,1
9663,19850968,1997,0,1
9664,19852968,1991,0,1
9665,19854968,1967,1,1
9666,19856968,1959,1,1
9667,19858968,2005,0,1
9668,19860968,2026,0,1
9669,19862968,2043,0,1
9670,19864968,2043,0,1
9671,19866968,2023,0,1
9672,19868968,2013,0,1
9673,19870968,2011,0,1
9674,19872968,2003,0,1
9675,19874968,1997,1,1
9676,19876968,2013,1,1
9677,19878968,2077,0,1
9678,19880968,2103,0,1
9679,19882968,2079,0,1
9680,19884968,2043,0,1
9681,19886968,2027,0,1
9682,19888968,1997,0,1
9683,19890968,1994,0,1
9684,19892968,1991,0,1
9685,19894968,2005,1,1
9686,19896968,2025,1,1
9687,19898968,2073,0,1
9688,19900968,2078,0,1
9689,19902968,2059,0,1
9690,19904968,2045,0,1
9691,19906968,2013,0,1
9692,19908968,1995,0,1
9693,19910968,1995,0,1
9694,19912968,1997,0,1
9695,19914968,1991,1,1
9696,19916968,2091,1,1
9697,19918968,2322,0,1
9698,19920968,2420,0,1
9699,19922968,2361,0,1
9700,19924968,2239,0,1
9701,19926968,2117,0,1
9702,19928968,2015,0,1
9703,19930968,1951,0,1
9704,19932968,1931,0,1
9705,19934968,1912,1,1
9706,19936968,1884,1,1
9707,19938968,1797,0,1
9708,19940968,1764,0,1
9709,19942968,1819,0,1
9710,19944968,1869,0,1
9711,19946968,1952,0,1
9712,19948968,2013,0,1
9713,19950968,2043,0,1
9714,19952968,2087,0,1
9715,19954968,2055,1,1
9716,19956968,2038,1,1
9717,19958968,2056,0,1
9718,19960968,2035,0,1
9719,19962968,2035,0,1
9720,19964968,2009,0,1
9721,19966968,1995,0,1
9722,19968968,1989,0,1
9723,19970968,1992,0,1
9724,19972968,2015,0,1
9725,19974968,1994,1,1
9726,19976968,1995,1,1
9727,19978968,2032,0,1
9728,19980968,2039,0,1
9729,19982968,2053,0,1
9730,19984968,2029,0,1
9731,19986968,2013,0,1
9732,19988968,2003,0,1
9733,19990968,2002,0,1
9734,19992968,2005,0,1
9735,19994968,1978,1,1
9736,19996968,1977,1,1
9737,19998968,1955,0,1
9738,20000968,2045,0,1
9739,20002968,2059,0,1
9740,20004968,2037,0,1
9741,20006968,2013,0,1
9742,20008968,2011,0,1
9743,20010968,1996,0,1
9744,20012968,2003,0,1
9745,20014968,1989,1,1
9746,20016968,2027,1,1
9747,20018968,2093,0,1
9748,20020968,2108,0,1
9749,20022968,2117,0,1
9750,20024968,2067,0,1
9751,20026968,2027,0,1
9752,20028968,2003,0,1
9753,20030968,1983,0,1
9754,20032968,1994,0,1
9755,20034968,1967,1,1
9756,20036968,2028,1,1
9757,20038968,2059,0,1
9758,20040968,2075,0,1
9759,20042968,2073,0,1
9760,20044968,2053,0,1
9761,20046968,2009,0,1
9762,20048968,2011,0,1
9763,20050968,1988,0,1
9764,20052968,1998,0,1
9765,20054968,1951,1,1
9766,20056968,1940,1,1
9767,20058968,1979,0,1
9768,20060968,2009,0,1
9769,20062968,2037,0,1
9770,20064968,2027,0,1
9771,20066968,2023,0,1
9772,20068968,2027,0,1
9773,20070968,2007,0,1
9774,20072968,2023,0,1
9775,20074968,1962,1,1
9776,20076968,1978,1,1
9777,20078968,2035,0,1
9778,20080968,2041,0,1
9779,20082968,2055,0,1
9780,20084968,2031,0,1
9781,20086968,2022,0,1
9782,20088968,2005,0,1
9783,20090968,2003,0,1
9784,20092968,2004,0,1
9785,20094968,1992,1,1
9786,20096968,2039,1,1
9787,20098968,2086,0,1
9788,20100968,2101,0,1
9789,20102968,2090,0,1
9790,20104968,2045,0,1
9791,20106968,2011,0,1
9792,20108968,1993,0,1
9793,20110968,1994,0,1
9794,20112968,2003,0,1
9795,20114968,1979,1,1
9796,20116968,2031,1,1
9797,20118968,2105,0,1
9798,20120968,2110,0,1
9799,20122968,2091,0,1
9800,20124968,2056,0,1
9801,20126968,2018,0,1
9802,20128968,1991,0,1
9803,20130968,1983,0,1
9804,20132968,1995,0,1
9805,20134968,1976,1,1
9806,20136968,2030,1,1
9807,20138968,2083,0,1
9808,20140968,2095,0,1
9809,20142968,2092,0,1
9810,20144968,2042,0,1
9811,20146968,2026,0,1
9812,20148968,2003,0,1
9813,20150968,1981,0,1
9814,20152968,1989,0,1
9815,20154968,1977,1,1
9816,20156968,2011,1,1
9817,20158968,2085,0,1
9818,20160968,2096,0,1
9819,20162968,2077,0,1
9820,20164968,2053,0,1
9821,20166968,2012,0,1
9822,20168968,1994,0,1
9823,20170968,1996,0,1
9824,20172968,1981,0,1
9825,20174968,1942,1,1
9826,20176968,1963,1,1
9827,20178968,2001,0,1
9828,20180968,2013,0,1
9829,20182968,2025,0,1
9830,20184968,2036,0,1
9831,20186968,2023,0,1
9832,20188968,2019,0,1
9833,20190968,2023,0,1
9834,20192968,1999,0,1
9835,20194968,1978,1,1
9836,20196968,1991,1,1
9837,20198968,2045,0,1
9838,20200968,2063,0,1
9839,20202968,2058,0,1
9840,20204968,2028,0,1
9841,20206968,2020,0,1
9842,20208968,2009,0,1
9843,20210968,2002,0,1
9844,20212968,1991,0,1
9845,20214968,1933,1,1
9846,20216968,1941,1,1
9847,20218968,1976,0,1
9848,20220968,2018,0,1
9849,20222968,2031,0,1
9850,20224968,2029,0,1
9851,20226968,2031,0,1
9852,20228968,2021,0,1
9853,20230968,2011,0,1
9854,20232968,2013,0,1
9855,20234968,1983,1,1
9856,20236968,2025,1,1
9857,20238968,2071,0,1
9858,20240968,2069,0,1
9859,20242968,2056,0,1
9860,20244968,2038,0,1
9861,20246968,2009,0,1
9862,20248968,1999,0,1
9863,20250968,1995,0,1
9864,20252968,1994,0,1
9865,20254968,1991,1,1
9866,20256968,2039,1,1
9867,20258968,2088,0,1
9868,20260968,2099,0,1
9869,20262968,2063,0,1
9870,20264968,2045,0,1
9871,20266968,2019,0,1
9872,20268968,2003,0,1
9873,20270968,1994,0,1
9874,20272968,1983,0,1
9875,20274968,2008,1,1
9876,20276968,2031,1,1
9877,20278968,2066,0,1
9878,20280968,2067,0,1
9879,20282968,2043,0,1
9880,20284968,2029,0,1
9881,20286968,2003,0,1
9882,20288968,1998,0,1
9883,20290968,1999,0,1
9884,20292968,2006,0,1
9885,20294968,1970,1,1
9886,20296968,2013,1,1
9887,20298968,2063,0,1
9888,20300968,2063,0,1
9889,20302968,2055,0,1
9890,20304968,2039,0,1
9891,20306968,2009,0,1
9892,20308968,1999,0,1
9893,20310968,1995,0,1
9894,20312969,2007,0,1
9895,20314968,1929,1,1
9896,20316968,1943,1,1
9897,20318968,1989,0,1
9898,20320968,2012,0,1
9899,20322968,2035,0,1
9900,20324968,2027,0,1
9901,20326968,2025,0,1
9902,20328968,2015,0,1
9903,20330968,2007,0,1
9904,20332968,2004,0,1
9905,20334968,1990,1,1
9906,20336968,2039,1,1
9907,20338968,2091,0,1
9908,20340968,2091,0,1
9909,20342968,2065,0,1
9910,20344968,2043,0,1
9911,20346968,2012,0,1
9912,20348968,1997,0,1
9913,20350968,1977,0,1
9914,20352969,1983,0,1
9915,20354968,1976,1,1
9916,20356968,1995,1,1
9917,20358968,2029,0,1
9918,20360968,2055,0,1
9919,20362968,2057,0,1
9920,20364968,2037,0,1
9921,20366968,2023,0,1
9922,20368968,2007,0,1
9923,20370968,1991,0,1
9924,20372968,2009,0,1
9925,20374968,1984,1,1
9926,20376968,2015,1,1
9927,20378968,2046,0,1
9928,20380968,2069,0,1
9929,20382968,2065,0,1
9930,20384968,2041,0,1
9931,20386968,2004,0,1
9932,20388968,2010,0,1
9933,20390968,1999,0,1
9934,20392969,2003,0,1
9935,20394968,1929,1,1
9936,20396968,1958,0,1
9937,20398968,2019,0,1
9938,20400968,2059,0,1
9939,20402968,2063,0,1
9940,20404968,2055,0,1
9941,20406968,2035,0,1
9942,20408968,2012,0,1
9943,20410968,2023,0,1
9944,20412968,2003,0,1
9945,20414968,1957,1,1
9946,20416968,1976,0,1
9947,20418968,1991,0,1
9948,20420968,2012,0,1
9949,20422968,2009,0,1
9950,20424968,2007,0,1
9951,20426968,2008,0,1
9952,20428968,2021,0,1
9953,20430968,2011,0,1
9954,20432969,2007,0,1
9955,20434968,2001,1,1
9956,20436968,2065,0,1
9957,20438968,2095,0,1
9958,20440968,2101,0,1
9959,20442968,2071,0,1
9960,20444968,2029,0,1
9961,20446968,2015,0,1
9962,20448968,1981,0,1
9963,20450968,1982,0,1
9964,20452968,1981,0,1
9965,20454968,1963,1,1
9966,20456968,2012,0,1
9967,20458968,2041,0,1
9968,20460968,2069,0,1
9969,20462968,2053,0,1
9970,20464968,2034,0,1
9971,20466968,2019,0,1
9972,20468968,2009,0,1
9973,20470968,2005,0,1
9974,20472969,2005,0,1
9975,20474968,2004,1,1
9976,20476968,2021,0,1
9977,20478968,2031,0,1
9978,20480968,2055,0,1
9979,20482968,2040,0,1
9980,20484968,2015,0,1
9981,20486968,2005,0,1
9982,20488968,2003,0,1
9983,20490968,1998,0,1
9984,20492968,2007,0,1
9985,20494968,2001,1,1
9986,20496968,2068,0,1
9987,20498968,2111,0,1
9988,20500968,2123,0,1
9989,20502968,2085,0,1
9990,20504968,2041,0,1
9991,20506968,2006,0,1
9992,20508968,1990,0,1
9993,20510968,1989,0,1
9994,20512969,1979,0,1
9995,20514968,1975,1,1
9996,20516968,2023,0,1
9997,20518968,2066,0,1
9998,20520968,2079,0,1
9999,20522968,2073,0,1
10000,20524968,2039,0,1
10001,20526968,2009,0,1
10002,20528968,1995,0,1
10003,20530968,2003,0,1
10004,20532968,2003,0,1
10005,20534968,1951,1,1
10006,20536968,2005,0,1
10007,20538968,2045,0,1
10008,20540968,2073,0,1
10009,20542968,2056,0,1
10010,20544968,2054,0,1
10011,20546968,2023,0,1
10012,20548968,2005,0,1
10013,20550968,2011,0,1
10014,20552969,2004,0,1
10015,20554968,1991,1,1
10016,20556968,2057,0,1
10017,20558968,2088,0,1
10018,20560968,2096,0,1
10019,20562968,2079,0,1
10020,20564968,2039,0,1
10021,20566968,2011,0,1
10022,20568968,1995,0,1
10023,20570968,1993,0,1
10024,20572968,1984,0,1
10025,20574968,1955,1,1
10026,20576968,2025,0,1
10027,20578968,2085,0,1
10028,20580968,2107,0,1
10029,20582968,2092,0,1
10030,20584968,2045,0,1
10031,20586968,2021,0,1
10032,20588968,1998,0,1
10033,20590968,1996,0,1
10034,20592969,1992,0,1
10035,20594968,1997,1,1
10036,20596968,2071,0,1
10037,20598968,2123,0,1
10038,20600968,2123,0,1
10039,20602968,2091,0,1
10040,20604968,2040,0,1
10041,20606968,2023,0,1
10042,20608968,1991,0,1
10043,20610968,1981,0,1
10044,20612968,1991,1,1
10045,20614968,1974,1,1
10046,20616968,2009,0,1
10047,20618968,2028,0,1
10048,20620968,2038,0,1
10049,20622968,2041,0,1
10050,20624968,2021,0,1
10051,20626968,2007,0,1
10052,20628968,2012,0,1
10053,20630968,2003,0,1
10054,20632969,2005,1,1
10055,20634968,2053,1,1
10056,20636968,2281,0,1
10057,20638968,2446,0,1
10058,20640968,2425,0,1
10059,20642968,2308,0,1
10060,20644968,2153,0,1
10061,20646968,2027,0,1
10062,20648968,1949,0,1
10063,20650968,1928,0,1
10064,20652968,1903,1,1
10065,20654968,1909,1,1
10066,20656968,1838,0,1
10067,20658968,1791,0,1
10068,20660968,1826,0,1
10069,20662968,1885,0,1
10070,20664968,1955,0,1
10071,20666968,2001,0,1
10072,20668968,2031,0,1
10073,20670968,2063,0,1
10074,20672969,2067,1,1
10075,20674968,2029,1,1
10076,20676968,2027,0,1
10077,20678968,2035,0,1
10078,20680968,2023,0,1
10079,20682968,2013,0,1
10080,20684968,2003,0,1
10081,20686968,1997,0,1
10082,20688968,1995,0,1
10083,20690968,2001,0,1
10084,20692968,1997,1,1
10085,20694968,2053,1,1
10086,20696968,2103,0,1
10087,20698968,2137,0,1
10088,20700968,2123,0,1
10089,20702968,2077,0,1
10090,20704968,2026,0,1
10091,20706968,2001,0,1
10092,20708968,1983,0,1
10093,20710968,1965,0,1
10094,20712969,1977,1,1
10095,20714968,1956,1,1
10096,20716968,1991,0,1
10097,20718968,2041,0,1
10098,20720968,2071,0,1
10099,20722968,2066,0,1
10100,20724968,2035,0,1
10101,20726968,2022,0,1
10102,20728968,2007,0,1
10103,20730968,1990,0,1
10104,20732968,1990,1,1
10105,20734968,1977,1,1
10106,20736968,2037,0,1
10107,20738968,2092,0,1
10108,20740968,2101,0,1
10109,20742968,2079,0,1
10110,20744968,2054,0,1
10111,20746968,2015,0,1
10112,20748968,1998,0,1
10113,20750968,1989,0,1
10114,20752969,1988,1,1
10115,20754968,1993,1,1
10116,20756968,2069,0,1
10117,20758968,2100,0,1
10118,20760968,2105,0,1
10119,20762968,2073,0,1
10120,20764968,2027,0,1
10121,20766968,2012,0,1
10122,20768968,1994,0,1
10123,20770968,1979,0,1
10124,20772968,1996,1,1
10125,20774968,2014,1,1
10126,20776968,2107,0,1
10127,20778968,2149,0,1
10128,20780968,2135,0,1
10129,20782968,2093,0,1
10130,20784968,2053,0,1
10131,20786968,1997,0,1
10132,20788968,1990,0,1
10133,20790968,1981,0,1
10134,20792969,1964,1,1
10135,20794968,1907,1,1
10136,20796968,1956,0,1
10137,20798968,1989,0,1
10138,20800968,2010,0,1
10139,20802968,2030,0,1
10140,20804968,2031,0,1
10141,20806968,2019,0,1
10142,20808968,2026,0,1
10143,20810968,2011,0,1
10144,20812968,2003,1,1
10145,20814968,1949,1,1
10146,20816968,1991,0,1
10147,20818968,2025,0,1
10148,20820968,2056,0,1
10149,20822968,2041,0,1
10150,20824968,2031,0,1
10151,20826968,2019,0,1
10152,20828968,2002,0,1
10153,20830968,2003,0,1
10154,20832969,1983,1,1
10155,20834968,1968,1,1
10156,20836968,2027,0,1
10157,20838968,2069,0,1
10158,20840968,2085,0,1
10159,20842968,2060,0,1
10160,20844968,2041,0,1
10161,20846968,2023,0,1
10162,20848968,2007,0,1
10163,20850968,1989,0,1
10164,20852968,1965,1,1
10165,20854968,1959,1,1
10166,20856968,2031,0,1
10167,20858968,2078,0,1
10168,20860968,2085,0,1
10169,20862968,2066,0,1
10170,20864968,2036,0,1
10171,20866968,2013,0,1
10172,20868968,2005,0,1
10173,20870968,1993,0,1
10174,20872969,1977,1,1
10175,20874968,1965,1,1
10176,20876968,2029,0,1
10177,20878968,2068,0,1
10178,20880968,2077,0,1
10179,20882968,2071,0,1
10180,20884968,2039,0,1
10181,20886968,2011,0,1
10182,20888968,2005,0,1
10183,20890968,1995,0,1
10184,20892968,1964,1,1
10185,20894968,1945,1,1
10186,20896968,2005,0,1
10187,20898968,2054,0,1
10188,20900968,2057,0,1
10189,20902968,2059,0,1
10190,20904968,2035,0,1
10191,20906968,2014,0,1
10192,20908968,2003,0,1
10193,20910968,1993,0,1
10194,20912969,2024,1,1
10195,20914968,2228,1,1
10196,20916968,2551,0,1
10197,20918968,2641,0,1
10198,20920968,2537,0,1
10199,20922968,2331,0,1
10200,20924968,2119,0,1
10201,20926968,1967,0,1
10202,20928968,1903,0,1
10203,20930968,1884,0,1
10204,20932968,1867,1,1
10205,20934968,1868,1,1
10206,20936968,1979,0,1
10207,20938968,2040,0,1
10208,20940968,2089,0,1
10209,20942968,2083,0,1
10210,20944968,2063,0,1
10211,20946968,2043,0,1
10212,20948968,2009,0,1
10213,20950968,2003,0,1
10214,20952969,1961,1,1
10215,20954968,1977,1,1
10216,20956968,2037,0,1
10217,20958968,2056,0,1
10218,20960968,2063,0,1
10219,20962968,2053,0,1
10220,20964968,2023,0,1
10221,20966968,1999,0,1
10222,20968968,1996,0,1
10223,20970968,1998,0,1
10224,20972968,1975,1,1
10225,20974968,1981,1,1
10226,20976968,2030,0,1
10227,20978968,2065,0,1
10228,20980968,2085,0,1
10229,20982968,2053,0,1
10230,20984968,2039,0,1
10231,20986968,2007,0,1
10232,20988968,2004,0,1
10233,20990968,1993,0,1
10234,20992969,1957,1,1
10235,20994968,1940,1,1
10236,20996968,1992,0,1
10237,20998968,2040,0,1
10238,21000968,2063,0,1
10239,21002968,2045,0,1
10240,21004968,2042,0,1
10241,21006968,2021,0,1
10242,21008968,2009,0,1
10243,21010968,2010,0,1
10244,21012968,1967,1,1
10245,21014968,1943,1,1
10246,21016968,1961,0,1
10247,21018968,1991,0,1
10248,21020968,2011,0,1
10249,21022968,2014,0,1
10250,21024968,2013,0,1
10251,21026968,2012,0,1
10252,21028968,2021,0,1
10253,21030968,2007,0,1
10254,21032969,1981,1,1
10255,21034968,2015,1,1
10256,21036968,2089,0,1
10257,21038968,2107,0,1
10258,21040968,2107,0,1
10259,21042968,2067,0,1
10260,21044968,2037,0,1
10261,21046968,2004,0,1
10262,21048968,1983,0,1
10263,21050968,1993,0,1
10264,21052968,1965,1,1
10265,21054968,1996,1,1
10266,21056968,2083,0,1
10267,21058968,2116,0,1
10268,21060968,2125,0,1
10269,21062968,2085,0,1
10270,21064968,2039,0,1
10271,21066968,2011,0,1
10272,21068968,1991,0,1
10273,21070968,1991,0,1
10274,21072969,1965,1,1
10275,21074968,1997,1,1
10276,21076968,2077,0,1
10277,21078968,2098,0,1
10278,21080968,2105,0,1
10279,21082968,2074,0,1
10280,21084968,2023,0,1
10281,21086968,2007,0,1
10282,21088968,1995,0,1
10283,21090968,1992,0,1
10284,21092968,1959,1,1
10285,21094968,1964,1,1
10286,21096968,2041,0,1
10287,21098968,2076,0,1
10288,21100968,2093,0,1
10289,21102968,2065,0,1
10290,21104968,2035,0,1
10291,21106968,2009,0,1
10292,21108968,1997,0,1
10293,21110968,2003,0,1
10294,21112969,1977,1,1
10295,21114968,1978,1,1
10296,21116968,2039,0,1
10297,21118968,2073,0,1
10298,21120968,2076,0,1
10299,21122968,2056,0,1
10300,21124968,2023,0,1
10301,21126968,2012,0,1
10302,21128968,2003,0,1
10303,21130968,1997,0,1
10304,21132968,2005,1,1
10305,21134968,2005,1,1
10306,21136968,1991,0,1
10307,21138968,1997,0,1
10308,21140968,2005,0,1
10309,21142968,2011,0,1
10310,21144968,2006,0,1
10311,21146968,2010,0,1
10312,21148968,2011,0,1
10313,21150968,2011,0,1
10314,21152969,1963,1,1
10315,21154968,1973,1,1
10316,21156968,2027,0,1
10317,21158968,2053,0,1
10318,21160968,2043,0,1
10319,21162968,2039,0,1
10320,21164968,2023,0,1
10321,21166968,2008,0,1
10322,21168968,1998,0,1
10323,21170968,1992,0,1
10324,21172968,1941,1,1
10325,21174968,1932,1,1
10326,21176968,1981,0,1
10327,21178968,2019,0,1
10328,21180968,2054,0,1
10329,21182968,2036,0,1
10330,21184968,2035,0,1
10331,21186968,2025,0,1
10332,21188968,2008,0,1
10333,21190968,2003,0,1
10334,21192969,1961,1,1
10335,21194968,1979,1,1
10336,21196968,2029,0,1
10337,21198968,2063,0,1
10338,21200968,2063,0,1
10339,21202968,2044,0,1
10340,21204968,2025,0,1
10341,21206968,2013,0,1
10342,21208968,2009,0,1
10343,21210968,1999,0,1
10344,21212968,1971,1,1
10345,21214968,1980,1,1
10346,21216968,2056,0,1
10347,21218968,2085,0,1
10348,21220968,2077,0,1
10349,21222968,2055,0,1
10350,21224968,2028,0,1
10351,21226968,2005,0,1
10352,21228968,1998,0,1
10353,21230968,1990,0,1
10354,21232969,1973,1,1
10355,21234968,2001,1,1
10356,21236968,2083,0,1
10357,21238968,2111,0,1
10358,21240968,2084,0,1
10359,21242968,2071,0,1
10360,21244968,2025,0,1
10361,21246968,2005,0,1
10362,21248968,1989,0,1
10363,21250968,1976,0,1
10364,21252968,1959,1,1
10365,21254968,1983,1,1
10366,21256968,2044,0,1
10367,21258968,2079,0,1
10368,21260968,2073,0,1
10369,21262968,2067,0,1
10370,21264968,2027,0,1
10371,21266968,2011,0,1
10372,21268968,2007,0,1
10373,21270968,1995,0,1
10374,21272969,1959,1,1
10375,21274968,1989,1,1
10376,21276968,2085,0,1
10377,21278968,2103,0,1
10378,21280968,2101,0,1
10379,21282968,2072,0,1
10380,21284968,2027,0,1
10381,21286968,2013,0,1
10382,21288968,1983,0,1
10383,21290968,1991,0,1
10384,21292968,1961,1,1
10385,21294968,2028,1,1
10386,21296968,2106,0,1
10387,21298968,2124,0,1
10388,21300968,2105,0,1
10389,21302968,2069,0,1
10390,21304968,2022,0,1
10391,21306968,2005,0,1
10392,21308968,1977,0,1
10393,21310968,1975,0,1
10394,21312969,2003,1,1
10395,21314968,1993,1,1
10396,21316968,1997,0,1
10397,21318968,2008,0,1
10398,21320968,2005,0,1
10399,21322968,2015,0,1
10400,21324968,2002,0,1
10401,21326968,2005,0,1
10402,21328968,2011,0,1
10403,21330968,1999,0,1
10404,21332968,1980,1,1
10405,21334968,2041,1,1
10406,21336968,2120,0,1
10407,21338968,2139,0,1
10408,21340968,2117,0,1
10409,21342968,2085,0,1
10410,21344968,2025,0,1
10411,21346968,2009,0,1
10412,21348968,2003,0,1
10413,21350968,1989,0,1
10414,21352969,1975,1,1
10415,21354968,2043,1,1
10416,21356968,2167,0,1
10417,21358968,2200,0,1
10418,21360968,2159,0,1
10419,21362968,2094,0,1
10420,21364968,2031,0,1
10421,21366968,1981,0,1
10422,21368968,1961,0,1
10423,21370968,1959,0,1
10424,21372968,1913,1,1
10425,21374968,1929,1,1
10426,21376968,1931,0,1
10427,21378968,1967,0,1
10428,21380968,1984,0,1
10429,21382968,1998,0,1
10430,21384968,2012,0,1
10431,21386968,2020,0,1
10432,21388968,2025,0,1
10433,21390968,2017,0,1
10434,21392969,1947,1,1
10435,21394968,1961,0,1
10436,21396968,2009,0,1
10437,21398968,2037,0,1
10438,21400968,2053,0,1
10439,21402968,2043,0,1
10440,21404968,2026,0,1
10441,21406968,2021,0,1
10442,21408968,2013,0,1
10443,21410968,2002,0,1
10444,21412968,1933,1,1
10445,21414968,1991,0,1
10446,21416968,2059,0,1
10447,21418968,2079,0,1
10448,21420968,2074,0,1
10449,21422968,2053,0,1
10450,21424968,2031,0,1
10451,21426968,2011,0,1
10452,21428968,2008,0,1
10453,21430968,2003,0,1
10454,21432969,1930,1,1
10455,21434968,1971,0,1
10456,21436968,2030,0,1
10457,21438968,2072,0,1
10458,21440968,2072,0,1
10459,21442968,2056,0,1
10460,21444968,2035,0,1
10461,21446968,2008,0,1
10462,21448968,2015,0,1
10463,21450968,2005,0,1
10464,21452968,1935,1,1
10465,21454968,1981,0,1
10466,21456968,2035,0,1
10467,21458968,2085,0,1
10468,21460968,2068,0,1
10469,21462968,2060,0,1
10470,21464968,2030,0,1
10471,21466968,2007,0,1
10472,21468968,2003,0,1
10473,21470968,1997,1,1
10474,21472969,1961,1,1
10475,21474968,2019,0,1
10476,21476968,2079,0,1
10477,21478968,2110,0,1
10478,21480968,2087,0,1
10479,21482968,2063,0,1
10480,21484968,2015,0,1
10481,21486968,2005,0,1
10482,21488968,1993,0,1
10483,21490968,1957,0,1
10484,21492968,1959,1,1
10485,21494968,2009,0,1
10486,21496968,2075,0,1
10487,21498968,2094,0,1
10488,21500968,2073,0,1
10489,21502968,2045,0,1
10490,21504968,2020,0,1
10491,21506968,2007,0,1
10492,21508968,2004,0,1
10493,21510968,1995,0,1
10494,21512969,1912,1,1
10495,21514968,1959,0,1
10496,21516968,2021,0,1
10497,21518968,2058,0,1
10498,21520968,2073,0,1
10499,21522968,2057,0,1
10500,21524968,2028,0,1
10501,21526968,2019,0,1
10502,21528968,2011,0,1
10503,21530968,1997,0,1
10504,21532968,1925,1,1
10505,21534968,1960,0,1
10506,21536968,2019,0,1
10507,21538968,2044,0,1
10508,21540968,2042,0,1
10509,21542968,2043,0,1
10510,21544968,2027,0,1
10511,21546968,2023,0,1
10512,21548968,2011,0,1
10513,21550968,1989,0,1
10514,21552969,1951,1,1
10515,21554968,2021,0,1
10516,21556968,2083,0,1
10517,21558968,2101,0,1
10518,21560968,2086,0,1
10519,21562968,2055,0,1
10520,21564968,2023,0,1
10521,21566968,1997,0,1
10522,21568968,2002,0,1
10523,21570968,1991,0,1
10524,21572968,1900,1,1
10525,21574968,1948,0,1
10526,21576968,2010,0,1
10527,21578968,2063,0,1
10528,21580968,2075,0,1
10529,21582968,2059,0,1
10530,21584968,2027,0,1
10531,21586968,2015,0,1
10532,21588968,2007,0,1
10533,21590968,1997,0,1
10534,21592969,1958,1,1
10535,21594968,2024,0,1
10536,21596968,2087,0,1
10537,21598968,2091,0,1
10538,21600968,2075,0,1
10539,21602968,2036,0,1
10540,21604968,2019,0,1
10541,21606968,1997,0,1
10542,21608968,1991,0,1
10543,21610968,1977,0,1
10544,21612968,1940,1,1
10545,21614968,2021,0,1
10546,21616968,2072,0,1
10547,21618968,2086,0,1
10548,21620968,2068,0,1
10549,21622968,2030,0,1
10550,21624968,2027,0,1
10551,21626968,1997,0,1
10552,21628968,1991,0,1
10553,21630968,1993,0,1
10554,21632969,1959,1,1
10555,21634968,2020,0,1
10556,21636968,2077,0,1
10557,21638968,2085,0,1
10558,21640968,2073,0,1
10559,21642968,2045,0,1
10560,21644968,2025,0,1
10561,21646968,2005,0,1
10562,21648968,1990,0,1
10563,21650968,1993,1,1
10564,21652968,1939,1,1
10565,21654968,1973,0,1
10566,21656968,2008,0,1
10567,21658968,2039,0,1
10568,21660968,2055,0,1
10569,21662968,2039,0,1
10570,21664968,2030,0,1
10571,21666968,2011,0,1
10572,21668968,2014,0,1
10573,21670968,1994,1,1
10574,21672969,1932,1,1
10575,21674968,1972,0,1
10576,21676968,2028,0,1
10577,21678968,2055,0,1
10578,21680968,2060,0,1
10579,21682968,2039,0,1
10580,21684968,2024,0,1
10581,21686968,2005,0,1
10582,21688968,1998,0,1
10583,21690968,1998,1,1
10584,21692968,1883,1,1
10585,21694968,1899,1,1
10586,21696968,1955,0,1
10587,21698968,2003,0,1
10588,21700968,2025,0,1
10589,21702968,2031,0,1
10590,21704968,2039,0,1
10591,21706968,2029,0,1
10592,21708968,2013,0,1
10593,21710968,1977,1,1
10594,21712969,1978,1,1
10595,21714968,2021,0,1
10596,21716968,2063,0,1
10597,21718968,2073,0,1
10598,21720968,2061,0,1
10599,21722968,2039,0,1
10600,21724968,2012,0,1
10601,21726968,2005,0,1
10602,21728968,1991,0,1
10603,21730968,1989,1,1
10604,21732968,1957,1,1
10605,21734968,2035,0,1
10606,21736968,2093,0,1
10607,21738968,2100,0,1
10608,21740968,2090,0,1
10609,21742968,2059,0,1
10610,21744968,2012,0,1
10611,21746968,1995,0,1
10612,21748968,1979,0,1
10613,21750968,1975,1,1
10614,21752969,1951,1,1
10615,21754968,2043,0,1
10616,21756968,2106,0,1
10617,21758968,2109,0,1
10618,21760968,2093,0,1
10619,21762968,2053,0,1
10620,21764968,2024,0,1
10621,21766968,2001,0,1
10622,21768968,1976,0,1
10623,21770968,1982,1,1
10624,21772968,1972,1,1
10625,21774968,2027,0,1
10626,21776968,2087,0,1
10627,21778968,2093,0,1
10628,21780968,2079,0,1
10629,21782968,2055,0,1
10630,21784968,2023,0,1
10631,21786968,1993,0,1
10632,21788968,1991,0,1
10633,21790968,1958,1,1
10634,21792969,1886,1,1
10635,21794968,1911,0,1
10636,21796968,1977,0,1
10637,21798968,2008,0,1
10638,21800968,2023,0,1
10639,21802968,2036,0,1
10640,21804968,2023,0,1
10641,21806968,2023,0,1
10642,21808968,2013,0,1
10643,21810968,2003,1,1
10644,21812968,1998,1,1
10645,21814968,2055,0,1
10646,21816968,2091,0,1
10647,21818968,2085,0,1
10648,21820968,2063,0,1
10649,21822968,2031,0,1
10650,21824968,2011,0,1
10651,21826968,1992,0,1
10652,21828968,1991,0,1
10653,21830968,1981,1,1
10654,21832969,1967,1,1
10655,21834968,2012,0,1
10656,21836968,2057,0,1
10657,21838968,2066,0,1
10658,21840968,2058,0,1
10659,21842968,2028,0,1
10660,21844968,2021,0,1
10661,21846968,2007,0,1
10662,21848968,1992,0,1
10663,21850968,1995,1,1
10664,21852968,1973,1,1
10665,21854968,2026,0,1
10666,21856968,2065,0,1
10667,21858968,2071,0,1
10668,21860968,2063,0,1
10669,21862968,2029,0,1
10670,21864968,2011,0,1
10671,21866968,2005,0,1
10672,21868968,1995,0,1
10673,21870968,1967,1,1
10674,21872969,1959,1,1
10675,21874968,2029,0,1
10676,21876968,2072,0,1
10677,21878968,2068,0,1
10678,21880968,2065,0,1
10679,21882968,2029,0,1
10680,21884968,2015,0,1
10681,21886968,2003,0,1
10682,21888968,1989,0,1
10683,21890968,1971,1,1
10684,21892968,1991,1,1
10685,21894968,2028,0,1
10686,21896968,2063,0,1
10687,21898968,2043,0,1
10688,21900968,2043,0,1
10689,21902968,2031,0,1
10690,21904968,2020,0,1
10691,21906968,2008,0,1
10692,21908968,1992,0,1
10693,21910968,1977,1,1
10694,21912969,1997,1,1
10695,21914968,2069,0,1
10696,21916968,2116,0,1
10697,21918968,2117,0,1
10698,21920968,2087,0,1
10699,21922968,2044,0,1
10700,21924968,2012,0,1
10701,21926968,1999,0,1
10702,21928968,1995,0,1
10703,21930968,1963,1,1
10704,21932968,1961,1,1
10705,21934968,2054,0,1
10706,21936968,2103,0,1
10707,21938968,2119,0,1
10708,21940968,2088,0,1
10709,21942968,2053,0,1
10710,21944968,2019,0,1
10711,21946968,1999,0,1
10712,21948968,1996,0,1
10713,21950968,1980,1,1
10714,21952969,2025,1,1
10715,21954968,2057,0,1
10716,21956968,2075,0,1
10717,21958968,2073,0,1
10718,21960968,2041,0,1
10719,21962968,2020,0,1
10720,21964968,1996,0,1
10721,21966968,1992,0,1
10722,21968968,1993,0,1
10723,21970968,1993,1,1
10724,21972968,1983,1,1
10725,21974968,2057,0,1
10726,21976968,2079,0,1
10727,21978968,2085,0,1
10728,21980968,2068,0,1
10729,21982968,2037,0,1
10730,21984968,2013,0,1
10731,21986968,1993,0,1
10732,21988968,2003,0,1
10733,21990968,1963,1,1
10734,21992969,1981,1,1
10735,21994968,2023,0,1
10736,21996968,2063,0,1
10737,21998968,2075,0,1
10738,22000968,2044,0,1
10739,22002968,2025,0,1
10740,22004968,2008,0,1
10741,22006968,1999,0,1
10742,22008968,1989,0,1
10743,22010968,1970,1,1
10744,22012968,1967,1,1
10745,22014968,2029,1,1
10746,22016968,2057,0,1
10747,22018968,2071,0,1
10748,22020968,2043,0,1
10749,22022968,2031,0,1
10750,22024968,2019,0,1
10751,22026968,2009,0,1
10752,22028968,2023,0,1
10753,22030968,1997,1,1
10754,22032969,2077,1,1
10755,22034968,2277,0,1
10756,22036968,2347,0,1
10757,22038968,2317,0,1
10758,22040968,2200,0,1
10759,22042968,2083,0,1
10760,22044968,1993,0,1
10761,22046968,1933,0,1
10762,22048968,1939,0,1
10763,22050968,1925,1,1
10764,22052968,1919,1,1
10765,22054968,1943,0,1
10766,22056968,1963,0,1
10767,22058968,2007,0,1
10768,22060968,2003,0,1
10769,22062968,2023,0,1
10770,22064968,2018,0,1
10771,22066968,2013,0,1
10772,22068968,2014,0,1
10773,22070968,1993,1,1
10774,22072969,1991,1,1
10775,22074968,2023,0,1
10776,22076968,2039,0,1
10777,22078968,2039,0,1
10778,22080968,2024,0,1
10779,22082968,2012,0,1
10780,22084968,2004,0,1
10781,22086968,2005,0,1
10782,22088968,2002,0,1
10783,22090968,1982,1,1
10784,22092968,1965,1,1
10785,22094968,2036,0,1
10786,22096968,2071,0,1
10787,22098968,2093,0,1
10788,22100968,2063,0,1
10789,22102968,2027,0,1
10790,22104968,2020,0,1
10791,22106968,1996,0,1
10792,22108968,2003,0,1
10793,22110968,1947,1,1
10794,22112969,1981,1,1
10795,22114968,2069,0,1
10796,22116968,2121,0,1
10797,22118968,2129,0,1
10798,22120968,2102,0,1
10799,22122968,2065,0,1
10800,22124968,2025,0,1
10801,22126968,1995,0,1
10802,22128968,1981,0,1
10803,22130968,1939,1,1
10804,22132968,1915,1,1
10805,22134968,1983,0,1
10806,22136968,2026,0,1
10807,22138968,2057,0,1
10808,22140968,2044,0,1
10809,22142968,2031,0,1
10810,22144968,2021,0,1
10811,22146968,2015,0,1
10812,22148968,1999,0,1
10813,22150968,1965,1,1
10814,22152969,1977,1,1
10815,22154968,2045,0,1
10816,22156968,2087,0,1
10817,22158968,2089,0,1
10818,22160968,2068,0,1
10819,22162968,2041,0,1
10820,22164968,2017,0,1
10821,22166968,1993,0,1
10822,22168968,1991,0,1
10823,22170968,1961,1,1
10824,22172968,1975,1,1
10825,22174968,2042,0,1
10826,22176968,2075,0,1
10827,22178968,2067,0,1
10828,22180968,2042,0,1
10829,22182968,2035,0,1
10830,22184968,2021,0,1
10831,22186968,1991,0,1
10832,22188968,2003,0,1
10833,22190968,1965,1,1
10834,22192969,1996,1,1
10835,22194968,2045,0,1
10836,22196968,2069,0,1
10837,22198968,2069,0,1
10838,22200968,2036,0,1
10839,22202968,2018,0,1
10840,22204968,2007,0,1
10841,22206968,2001,0,1
10842,22208968,1991,0,1
10843,22210968,1919,1,1
10844,22212968,1918,1,1
10845,22214968,1980,0,1
10846,22216968,2027,0,1
10847,22218968,2043,0,1
10848,22220968,2043,0,1
10849,22222968,2031,0,1
10850,22224968,2025,0,1
10851,22226968,2011,0,1
10852,22228968,2004,0,1
10853,22230968,1975,1,1
10854,22232969,1957,1,1
10855,22234968,1880,0,1
10856,22236968,1820,0,1
10857,22238968,1820,0,1
10858,22240968,1880,0,1
10859,22242968,1943,0,1
10860,22244968,2005,0,1
10861,22246968,2029,0,1
10862,22248968,2059,0,1
10863,22250968,2029,1,1
10864,22252968,2079,1,1
10865,22254968,2151,0,1
10866,22256968,2152,0,1
10867,22258968,2104,0,1
10868,22260968,2059,0,1
10869,22262968,2013,0,1
10870,22264968,1989,0,1
10871,22266968,1965,0,1
10872,22268968,1967,0,1
10873,22270968,1947,1,1
10874,22272969,2007,0,1
10875,22274968,2058,0,1
10876,22276968,2086,0,1
10877,22278968,2083,0,1
10878,22280968,2045,0,1
10879,22282968,2023,0,1
10880,22284968,2008,0,1
10881,22286968,1999,0,1
10882,22288968,1989,0,1
10883,22290968,1964,1,1
10884,22292968,1992,1,1
10885,22294968,2063,0,1
10886,22296968,2077,0,1
10887,22298968,2077,0,1
10888,22300968,2059,0,1
10889,22302968,2021,0,1
10890,22304968,2005,0,1
10891,22306968,1990,0,1
10892,22308968,1982,0,1
10893,22310968,1931,1,1
10894,22312969,1957,0,1
10895,22314968,1978,0,1
10896,22316968,2013,0,1
10897,22318968,2029,0,1
10898,22320968,2027,0,1
10899,22322968,2021,0,1
10900,22324968,2015,0,1
10901,22326968,2003,0,1
10902,22328968,1999,0,1
10903,22330968,1961,1,1
10904,22332968,1938,1,1
10905,22334968,1963,0,1
10906,22336968,1981,0,1
10907,22338968,2009,0,1
10908,22340968,2011,0,1
10909,22342968,2020,0,1
10910,22344968,2021,0,1
10911,22346968,2013,0,1
10912,22348968,2015,0,1
10913,22350968,1972,1,1
10914,22352969,2005,0,1
10915,22354968,2045,0,1
10916,22356968,2071,0,1
10917,22358968,2065,0,1
10918,22360968,2038,0,1
10919,22362968,2021,0,1
10920,22364968,2011,0,1
10921,22366968,1999,0,1
10922,22368968,1999,0,1
10923,22370968,2007,1,1
10924,22372968,2040,1,1
10925,22374968,2093,0,1
10926,22376968,2103,0,1
10927,22378968,2083,0,1
10928,22380968,2040,0,1
10929,22382968,2011,0,1
10930,22384968,1999,0,1
10931,22386968,1999,0,1
10932,22388968,1993,0,1
10933,22390968,1942,1,1
10934,22392969,1965,0,1
10935,22394968,2007,0,1
10936,22396968,2053,0,1
10937,22398968,2041,0,1
10938,22400968,2041,0,1
10939,22402968,2021,0,1
10940,22404968,2018,0,1
10941,22406968,2007,0,1
10942,22408968,1997,0,1
10943,22410968,1956,1,1
10944,22412968,1997,1,1
10945,22414968,2043,0,1
10946,22416968,2073,0,1
10947,22418968,2069,0,1
10948,22420968,2058,0,1
10949,22422968,2024,0,1
10950,22424968,2011,0,1
10951,22426968,1992,0,1
10952,22428968,1997,0,1
10953,22430968,1919,1,1
10954,22432969,1941,0,1
10955,22434968,1995,0,1
10956,22436968,2040,0,1
10957,22438968,2044,0,1
10958,22440968,2043,0,1
10959,22442968,2039,0,1
10960,22444968,2022,0,1
10961,22446968,2022,0,1
10962,22448968,2001,0,1
10963,22450968,1956,1,1
10964,22452968,1973,1,1
10965,22454968,2029,0,1
10966,22456968,2059,0,1
10967,22458968,2053,0,1
10968,22460968,2045,0,1
10969,22462968,2027,0,1
10970,22464968,2010,0,1
10971,22466968,2011,0,1
10972,22468968,1997,0,1
10973,22470968,1925,1,1
10974,22472969,1963,0,1
10975,22474968,1993,0,1
10976,22476968,2022,0,1
10977,22478968,2020,0,1
10978,22480968,2021,0,1
10979,22482968,2021,0,1
10980,22484968,2019,0,1
10981,22486968,2024,0,1
10982,22488968,2007,0,1
10983,22490968,1959,1,1
10984,22492968,1998,0,1
10985,22494968,2027,0,1
10986,22496968,2060,0,1
10987,22498968,2057,0,1
10988,22500968,2034,0,1
10989,22502968,2011,0,1
10990,22504968,2001,0,1
10991,22506968,2012,0,1
10992,22508968,1992,0,1
10993,22510968,1961,1,1
10994,22512969,1981,0,1
10995,22514968,2028,0,1
10996,22516968,2063,0,1
10997,22518968,2044,0,1
10998,22520968,2028,0,1
10999,22522968,2023,0,1
11000,22524968,2007,0,1
11001,22526968,2004,0,1
11002,22528968,1989,0,1
11003,22530968,1950,1,1
11004,22532968,2025,0,1
11005,22534968,2053,0,1
11006,22536968,2069,0,1
11007,22538968,2039,0,1
11008,22540968,2022,0,1
11009,22542968,2008,0,1
11010,22544968,1995,0,1
11011,22546968,1996,0,1
11012,22548968,1992,0,1
11013,22550968,1959,1,1
11014,22552969,2006,0,1
11015,22554968,2034,0,1
11016,22556968,2072,0,1
11017,22558968,2056,0,1
11018,22560968,2041,0,1
11019,22562968,2023,0,1
11020,22564968,2012,0,1
11021,22566968,2008,0,1
11022,22568968,1997,0,1
11023,22570968,1968,1,1
11024,22572968,2025,0,1
11025,22574968,2085,0,1
11026,22576968,2099,0,1
11027,22578968,2083,0,1
11028,22580968,2042,0,1
11029,22582968,2010,0,1
11030,22584968,2007,0,1
11031,22586968,1996,0,1
11032,22588968,1980,0,1
11033,22590968,1966,1,1
11034,22592969,2032,0,1
11035,22594968,2092,0,1
11036,22596968,2094,0,1
11037,22598968,2083,0,1
11038,22600968,2057,0,1
11039,22602968,2014,0,1
11040,22604968,1995,0,1
11041,22606968,1991,0,1
11042,22608968,1975,0,1
11043,22610968,1946,1,1
11044,22612968,2024,0,1
11045,22614968,2068,0,1
11046,22616968,2087,0,1
11047,22618968,2071,0,1
11048,22620968,2053,0,1
11049,22622968,2024,0,1
11050,22624968,2005,0,1
11051,22626968,1993,0,1
11052,22628968,1981,1,1
11053,22630968,1968,1,1
11054,22632969,2035,0,1
11055,22634968,2067,0,1
11056,22636968,2068,0,1
11057,22638968,2057,0,1
11058,22640968,2026,0,1
11059,22642968,2013,0,1
11060,22644968,2006,0,1
11061,22646968,2003,0,1
11062,22648968,1983,1,1
11063,22650968,1978,1,1
11064,22652968,2023,0,1
11065,22654968,2059,0,1
11066,22656968,2068,0,1
11067,22658968,2056,0,1
11068,22660968,2029,0,1
11069,22662968,2013,0,1
11070,22664968,1994,0,1
11071,22666968,1995,0,1
11072,22668968,1981,1,1
11073,22670968,1979,1,1
11074,22672969,2040,0,1
11075,22674968,2041,0,1
11076,22676968,2039,0,1
11077,22678968,2025,0,1
11078,22680968,2015,0,1
11079,22682968,2007,0,1
11080,22684968,2012,0,1
11081,22686968,2009,0,1
11082,22688968,2005,1,1
11083,22690968,2027,1,1
11084,22692968,2141,0,1
11085,22694968,2231,0,1
11086,22696968,2231,0,1
11087,22698968,2167,0,1
11088,22700968,2084,0,1
11089,22702968,2008,0,1
11090,22704968,1975,0,1
11091,22706968,1945,0,1
11092,22708968,1947,1,1
11093,22710968,1933,1,1
11094,22712969,1963,0,1
11095,22714968,1973,0,1
11096,22716968,1990,0,1
11097,22718968,2004,0,1
11098,22720968,1999,0,1
11099,22722968,2013,0,1
11100,22724968,2009,0,1
11101,22726968,2011,0,1
11102,22728968,2013,1,1
11103,22730968,1947,1,1
11104,22732968,1992,0,1
11105,22734968,2011,0,1
11106,22736968,2030,0,1
11107,22738968,2037,0,1
11108,22740968,2027,0,1
11109,22742968,2014,0,1
11110,22744968,2009,0,1
11111,22746968,2004,0,1
11112,22748968,1984,1,1
11113,22750968,1981,1,1
11114,22752969,2041,0,1
11115,22754968,2076,0,1
11116,22756968,2077,0,1
11117,22758968,2069,0,1
11118,22760968,2031,0,1
11119,22762968,2013,0,1
11120,22764968,1999,0,1
11121,22766968,1981,0,1
11122,22768968,1995,1,1
11123,22770968,1971,1,1
11124,22772968,2055,0,1
11125,22774968,2099,0,1
11126,22776968,2109,0,1
11127,22778968,2088,0,1
11128,22780968,2039,0,1
11129,22782968,2008,0,1
11130,22784968,1999,0,1
11131,22786968,1977,0,1
11132,22788968,1980,1,1
11133,22790968,1945,1,1
11134,22792968,2041,0,1
11135,22794968,2091,0,1
11136,22796968,2101,0,1
11137,22798968,2077,0,1
11138,22800968,2045,0,1
11139,22802968,2021,0,1
11140,22804968,2002,0,1
11141,22806968,1989,0,1
11142,22808968,1973,1,1
11143,22810968,1994,1,1
11144,22812968,2057,0,1
11145,22814968,2103,0,1
11146,22816968,2099,0,1
11147,22818968,2085,0,1
11148,22820968,2044,0,1
11149,22822968,2015,0,1
11150,22824968,2001,0,1
11151,22826968,1989,0,1
11152,22828968,1975,1,1
11153,22830968,1950,1,1
11154,22832968,2009,0,1
11155,22834968,2044,0,1
11156,22836968,2076,0,1
11157,22838968,2066,0,1
11158,22840968,2041,0,1
11159,22842968,2020,0,1
11160,22844968,2006,0,1
11161,22846968,2003,0,1
11162,22848968,1973,1,1
11163,22850968,1883,1,1
11164,22852968,1927,0,1
11165,22854968,1981,0,1
11166,22856968,2013,0,1
11167,22858968,2031,0,1
11168,22860968,2028,0,1
11169,22862968,2029,0,1
11170,22864968,2023,0,1
11171,22866968,2022,0,1
11172,22868968,1996,1,1
11173,22870968,1955,1,1
11174,22872968,1976,0,1
11175,22874968,2011,0,1
11176,22876968,2027,0,1
11177,22878968,2032,0,1
11178,22880968,2026,0,1
11179,22882968,2025,0,1
11180,22884968,2015,0,1
11181,22886968,2013,0,1
11182,22888968,1975,1,1
11183,22890968,1971,1,1
11184,22892968,2026,0,1
11185,22894968,2060,0,1
11186,22896968,2073,0,1
11187,22898968,2063,0,1
11188,22900968,2023,0,1
11189,22902968,2012,0,1
11190,22904968,2011,0,1
11191,22906968,1991,0,1
11192,22908968,1982,1,1
11193,22910968,2003,1,1
11194,22912968,2059,0,1
11195,22914968,2098,0,1
11196,22916968,2093,0,1
11197,22918968,2075,0,1
11198,22920968,2029,0,1
11199,22922968,2011,0,1
11200,22924968,2001,0,1
11201,22926968,1991,0,1
11202,22928968,1963,1,1
11203,22930968,1959,1,1
11204,22932968,2021,0,1
11205,22934968,2043,0,1
11206,22936968,2072,0,1
11207,22938968,2055,0,1
11208,22940968,2035,0,1
11209,22942968,2009,0,1
11210,22944968,1998,0,1
11211,22946968,2005,0,1
11212,22948968,1964,1,1
11213,22950968,1956,1,1
11214,22952968,2027,0,1
11215,22954968,2076,0,1
11216,22956968,2079,0,1
11217,22958968,2066,0,1
11218,22960968,2026,0,1
11219,22962968,2019,0,1
11220,22964968,2002,0,1
11221,22966968,2007,0,1
11222,22968968,1975,1,1
11223,22970968,1965,1,1
11224,22972968,2023,0,1
11225,22974968,2059,0,1
11226,22976968,2059,0,1
11227,22978968,2045,0,1
11228,22980968,2030,0,1
11229,22982968,2011,0,1
11230,22984968,1994,0,1
11231,22986968,2005,0,1
11232,22988968,2001,1,1
11233,22990968,2045,1,1
11234,22992968,2123,0,1
11235,22994968,2122,0,1
11236,22996968,2109,0,1
11237,22998968,2060,0,1
11238,23000968,2011,0,1
11239,23002968,1999,0,1
11240,23004968,1975,0,1
11241,23006968,1991,0,1
11242,23008968,1945,1,1
11243,23010968,1917,1,1
11244,23012968,1989,0,1
11245,23014968,2011,0,1
11246,23016968,2054,0,1
11247,23018968,2045,0,1
11248,23020968,2028,0,1
11249,23022968,2018,0,1
11250,23024968,2007,0,1
11251,23026968,2008,0,1
11252,23028968,2035,1,1
11253,23030968,2725,1,1
11254,23032968,3863,0,1
11255,23034968,4095,0,0
11256,23036968,3695,0,1
11257,23038968,2980,0,1
11258,23040968,2361,0,1
11259,23042968,1911,0,1
11260,23044968,1704,0,1
11261,23046968,1641,0,1
11262,23048968,1678,1,1
11263,23050968,1800,1,1
11264,23052968,1971,0,1
11265,23054968,2096,0,1
11266,23056968,2167,0,1
11267,23058968,2147,0,1
11268,23060968,2111,0,1
11269,23062968,2063,0,1
11270,23064968,2015,0,1
11271,23066968,1991,0,1
11272,23068968,1991,1,1
11273,23070968,2055,1,1
11274,23072968,2175,0,1
11275,23074968,2204,0,1
11276,23076968,2185,0,1
11277,23078968,2117,0,1
11278,23080968,2040,0,1
11279,23082968,1993,0,1
11280,23084968,1971,0,1
11281,23086968,1965,0,1
11282,23088968,1941,1,1
11283,23090968,1963,1,1
11284,23092968,2053,0,1
11285,23094968,2091,0,1
11286,23096968,2109,0,1
11287,23098968,2079,0,1
11288,23100968,2040,0,1
11289,23102968,2015,0,1
11290,23104968,1993,0,1
11291,23106968,1991,0,1
11292,23108968,1979,1,1
11293,23110968,1995,1,1
11294,23112968,2028,0,1
11295,23114968,2025,0,1
11296,23116968,2027,0,1
11297,23118968,2013,0,1
11298,23120968,2008,0,1
11299,23122968,1999,0,1
11300,23124968,2008,0,1
11301,23126968,2005,0,1
11302,23128968,1971,1,1
11303,23130968,2005,1,1
11304,23132968,2073,0,1
11305,23134968,2105,0,1
11306,23136968,2095,0,1
11307,23138968,2059,0,1
11308,23140968,2035,0,1
11309,23142968,2007,0,1
11310,23144968,1992,0,1
11311,23146968,1993,0,1
11312,23148968,1995,1,1
11313,23150968,2067,1,1
11314,23152968,2121,0,1
11315,23154968,2119,0,1
11316,23156968,2089,0,1
11317,23158968,2057,0,1
11318,23160968,2005,0,1
11319,23162968,1992,0,1
11320,23164968,1966,0,1
11321,23166968,1981,0,1
11322,23168968,1942,1,1
11323,23170968,1971,1,1
11324,23172968,2031,0,1
11325,23174968,2070,0,1
11326,23176968,2063,0,1
11327,23178968,2055,0,1
11328,23180968,2020,0,1
11329,23182968,2002,0,1
11330,23184968,2009,0,1
11331,23186968,1995,0,1
11332,23188968,1958,1,1
11333,23190968,1989,1,1
11334,23192968,2025,0,1
11335,23194968,2059,0,1
11336,23196968,2065,0,1
11337,23198968,2032,0,1
11338,23200968,2027,0,1
11339,23202968,2011,0,1
11340,23204968,2003,0,1
11341,23206968,2004,0,1
11342,23208968,1951,1,1
11343,23210968,1913,1,1
11344,23212968,1932,0,1
11345,23214968,1973,0,1
11346,23216968,2005,0,1
11347,23218968,2023,0,1
11348,23220968,2029,0,1
11349,23222968,2027,0,1
11350,23224968,2028,0,1
11351,23226968,2020,0,1
11352,23228968,1998,1,1
11353,23230968,1975,1,1
11354,23232968,1951,0,1
11355,23234968,1957,0,1
11356,23236968,1974,0,1
11357,23238968,1991,0,1
11358,23240968,1995,0,1
11359,23242968,2008,0,1
11360,23244968,2019,0,1
11361,23246968,2020,0,1
11362,23248968,1997,1,1
11363,23250968,2072,1,1
11364,23252968,2117,0,1
11365,23254968,2120,0,1
11366,23256968,2084,0,1
11367,23258968,2055,0,1
11368,23260968,2018,0,1
11369,23262968,1983,0,1
11370,23264968,1978,0,1
11371,23266968,1989,0,1
11372,23268968,1997,1,1
11373,23270968,2056,1,1
11374,23272968,2137,0,1
11375,23274968,2139,0,1
11376,23276968,2109,0,1
11377,23278968,2065,0,1
11378,23280968,2012,0,1
11379,23282968,1981,0,1
11380,23284968,1982,0,1
11381,23286968,1981,0,1
11382,23288968,1957,1,1
11383,23290968,2011,1,1
11384,23292968,2071,0,1
11385,23294968,2070,0,1
11386,23296968,2072,0,1
11387,23298968,2035,0,1
11388,23300968,2021,0,1
11389,23302968,1995,0,1
11390,23304968,1990,0,1
11391,23306968,1984,0,1
11392,23308968,2009,1,1
11393,23310968,2095,1,1
11394,23312968,2227,0,1
11395,23314968,2254,0,1
11396,23316968,2202,0,1
11397,23318968,2125,0,1
11398,23320968,2055,0,1
11399,23322968,2007,0,1
11400,23324968,1976,0,1
11401,23326968,1963,0,1
11402,23328968,1963,1,1
11403,23330968,2005,1,1
11404,23332968,2007,0,1
11405,23334968,2010,0,1
11406,23336968,2013,0,1
11407,23338968,2001,0,1
11408,23340968,1999,0,1
11409,23342968,1995,0,1
11410,23344968,1989,0,1
11411,23346968,1989,0,1
11412,23348968,2009,1,1
11413,23350968,1997,1,1
11414,23352968,1991,0,1
11415,23354968,1993,0,1
11416,23356968,1992,0,1
11417,23358968,1992,0,1
11418,23360968,1993,0,1
11419,23362968,1997,0,1
11420,23364968,2011,0,1
11421,23366968,2004,0,1
11422,23368968,1891,1,1
11423,23370968,1849,1,1
11424,23372968,1881,0,1
11425,23374968,1932,0,1
11426,23376968,1979,0,1
11427,23378968,2019,0,1
11428,23380968,2031,0,1
11429,23382968,2040,0,1
11430,23384968,2040,0,1
11431,23386968,2025,0,1
11432,23388968,1896,1,1
11433,23390968,1837,1,1
11434,23392968,1883,0,1
11435,23394968,1946,0,1
11436,23396968,1979,0,1
11437,23398968,2029,0,1
11438,23400968,2031,0,1
11439,23402968,2055,0,1
11440,23404968,2053,0,1
11441,23406968,2025,0,1
11442,23408968,1963,1,1
11443,23410968,1991,0,1
11444,23412968,2015,0,1
11445,23414968,2043,0,1
11446,23416968,2031,0,1
11447,23418968,2026,0,1
11448,23420968,2011,0,1
11449,23422968,2011,0,1
11450,23424968,2011,0,1
11451,23426968,1995,0,1
11452,23428968,1997,1,1
11453,23430968,2040,0,1
11454,23432968,2103,0,1
11455,23434968,2125,0,1
11456,23436968,2088,0,1
11457,23438968,2065,0,1
11458,23440968,2020,0,1
11459,23442968,1998,0,1
11460,23444968,1993,0,1
11461,23446968,1981,0,1
11462,23448968,1965,1,1
11463,23450968,2015,0,1
11464,23452968,2073,0,1
11465,23454968,2088,0,1
11466,23456968,2076,0,1
11467,23458968,2043,0,1
11468,23460968,2021,0,1
11469,23462968,2008,0,1
11470,23464968,1996,0,1
11471,23466968,1989,0,1
11472,23468968,1935,1,1
11473,23470968,1980,0,1
11474,23472968,2026,0,1
11475,23474968,2059,0,1
11476,23476968,2059,0,1
11477,23478968,2040,0,1
11478,23480968,2015,0,1
11479,23482968,2013,0,1
11480,23484968,2007,0,1
11481,23486968,1995,0,1
11482,23488968,1939,1,1
11483,23490968,1959,0,1
11484,23492968,2009,0,1
11485,23494968,2036,0,1
11486,23496968,2042,0,1
11487,23498968,2029,0,1
11488,23500968,2010,0,1
11489,23502968,2013,0,1
11490,23504968,2017,0,1
11491,23506968,1999,0,1
11492,23508968,1978,1,1
11493,23510968,2023,0,1
11494,23512968,2075,0,1
11495,23514968,2092,0,1
11496,23516968,2073,0,1
11497,23518968,2031,0,1
11498,23520968,2019,0,1
11499,23522968,1997,0,1
11500,23524968,1993,0,1
11501,23526968,1995,0,1
11502,23528968,1957,1,1
11503,23530968,2003,0,1
11504,23532968,2043,0,1
11505,23534968,2059,0,1
11506,23536968,2042,0,1
11507,23538968,2031,0,1
11508,23540968,2011,0,1
11509,23542968,2008,0,1
11510,23544968,2007,0,1
11511,23546968,1997,0,1
11512,23548968,1975,1,1
11513,23550968,2060,0,1
11514,23552968,2103,0,1
11515,23554968,2103,0,1
11516,23556968,2076,0,1
11517,23558968,2041,0,1
11518,23560968,2006,0,1
11519,23562968,1995,0,1
11520,23564968,1996,0,1
11521,23566968,1991,0,1
11522,23568968,1931,1,1
11523,23570968,1990,0,1
11524,23572968,2031,0,1
11525,23574968,2061,0,1
11526,23576968,2059,0,1
11527,23578968,2043,0,1
11528,23580968,2027,0,1
11529,23582968,2019,0,1
11530,23584968,2005,0,1
11531,23586968,2002,0,1
11532,23588968,1945,1,1
11533,23590968,1976,0,1
11534,23592968,2029,0,1
11535,23594968,2041,0,1
11536,23596968,2045,0,1
11537,23598968,2041,0,1
11538,23600968,2025,0,1
11539,23602968,2013,0,1
11540,23604968,1999,0,1
11541,23606968,1996,0,1
11542,23608968,1991,1,1
11543,23610968,2059,0,1
11544,23612968,2121,0,1
11545,23614968,2119,0,1
11546,23616968,2095,0,1
11547,23618968,2057,0,1
11548,23620968,2007,0,1
11549,23622968,1989,0,1
11550,23624968,1981,0,1
11551,23626968,1977,0,1
11552,23628968,1977,1,1
11553,23630968,2035,0,1
11554,23632968,2099,0,1
11555,23634968,2105,0,1
11556,23636968,2077,0,1
11557,23638968,2061,0,1
11558,23640968,2014,0,1
11559,23642968,2001,0,1
11560,23644968,1992,0,1
11561,23646968,1989,0,1
11562,23648968,1962,1,1
11563,23650968,2028,0,1
11564,23652968,2073,0,1
11565,23654968,2085,0,1
11566,23656968,2065,0,1
11567,23658968,2039,0,1
11568,23660968,2021,0,1
11569,23662968,2005,0,1
11570,23664968,1981,0,1
11571,23666968,1999,1,1
11572,23668968,1941,1,1
11573,23670968,1982,0,1
11574,23672968,2025,0,1
11575,23674968,2045,0,1
11576,23676968,2043,0,1
11577,23678968,2027,0,1
11578,23680968,2015,0,1
11579,23682968,2011,0,1
11580,23684968,1997,0,1
11581,23686968,1992,1,1
11582,23688968,1965,1,1
11583,23690968,2011,0,1
11584,23692968,2043,0,1
11585,23694968,2044,0,1
11586,23696968,2045,0,1
11587,23698968,2021,0,1
11588,23700968,2005,0,1
11589,23702968,2003,0,1
11590,23704968,1995,0,1
11591,23706968,1991,1,1
11592,23708968,1930,1,1
11593,23710968,2014,0,1
11594,23712968,2059,0,1
11595,23714968,2090,0,1
11596,23716968,2079,0,1
11597,23718968,2043,0,1
11598,23720968,2024,0,1
11599,23722968,2011,0,1
11600,23724968,2003,0,1
11601,23726968,1977,1,1
11602,23728968,1964,1,1
11603,23730968,2037,0,1
11604,23732968,2091,0,1
11605,23734968,2092,0,1
11606,23736968,2075,0,1
11607,23738968,2053,0,1
11608,23740968,2010,0,1
11609,23742968,2002,0,1
11610,23744968,1990,0,1
11611,23746968,1982,1,1
11612,23748968,1955,1,1
11613,23750968,2003,0,1
11614,23752968,2036,0,1
11615,23754968,2046,0,1
11616,23756968,2042,0,1
11617,23758968,2035,0,1
11618,23760968,2010,0,1
11619,23762968,2001,0,1
11620,23764968,2005,0,1
11621,23766968,1996,1,1
11622,23768968,1944,1,1
11623,23770968,2008,0,1
11624,23772968,2072,0,1
11625,23774968,2089,0,1
11626,23776968,2072,0,1
11627,23778968,2053,0,1
11628,23780968,2029,0,1
11629,23782968,2001,0,1
11630,23784968,1997,0,1
11631,23786968,1988,1,1
11632,23788968,1917,1,1
11633,23790968,1944,0,1
11634,23792968,1993,0,1
11635,23794968,2007,0,1
11636,23796968,2027,0,1
11637,23798968,2027,0,1
11638,23800968,2019,0,1
11639,23802968,2021,0,1
11640,23804968,2006,0,1
11641,23806968,2007,1,1
11642,23808968,1967,1,1
11643,23810968,2037,0,1
11644,23812968,2075,0,1
11645,23814968,2088,0,1
11646,23816968,2065,0,1
11647,23818968,2037,0,1
11648,23820968,2015,0,1
11649,23822968,2005,0,1
11650,23824968,1997,0,1
11651,23826968,1972,1,1
11652,23828968,1919,1,1
11653,23830968,1983,0,1
11654,23832968,2015,0,1
11655,23834968,2036,0,1
11656,23836968,2035,0,1
11657,23838968,2031,0,1
11658,23840968,2018,0,1
11659,23842968,2021,0,1
11660,23844968,2002,0,1
11661,23846968,1977,1,1
11662,23848968,1926,1,1
11663,23850968,1980,0,1
11664,23852968,2013,0,1
11665,23854968,2036,0,1
11666,23856968,2044,0,1
11667,23858968,2035,0,1
11668,23860968,2025,0,1
11669,23862968,2013,0,1
11670,23864968,1995,0,1
11671,23866968,1972,1,1
11672,23868968,1901,1,1
11673,23870968,1946,0,1
11674,23872968,1981,0,1
11675,23874968,2014,0,1
11676,23876968,2015,0,1
11677,23878968,2025,0,1
11678,23880968,2019,0,1
11679,23882968,2027,0,1
11680,23884968,2010,0,1
11681,23886968,1987,1,1
11682,23888968,1935,1,1
11683,23890968,1971,0,1
11684,23892968,2005,0,1
11685,23894968,2021,0,1
11686,23896968,2035,0,1
11687,23898968,2021,0,1
11688,23900968,2014,0,1
11689,23902968,2013,0,1
11690,23904968,2002,0,1
11691,23906968,2014,1,1
11692,23908968,2009,1,1
11693,23910968,2007,0,1
11694,23912968,1999,0,1
11695,23914968,2008,0,1
11696,23916968,2005,0,1
11697,23918968,2007,0,1
11698,23920968,1997,0,1
11699,23922968,2013,0,1
11700,23924968,2019,0,1
11701,23926968,1975,1,1
11702,23928968,1943,1,1
11703,23930968,1939,0,1
11704,23932968,1961,0,1
11705,23934968,2008,0,1
11706,23936968,2005,0,1
11707,23938968,2021,0,1
11708,23940968,2025,0,1
11709,23942968,2025,0,1
11710,23944968,2039,0,1
11711,23946968,2017,1,1
11712,23948968,2106,1,1
11713,23950968,2364,0,1
11714,23952968,2463,0,1
11715,23954968,2412,0,1
11716,23956968,2264,0,1
11717,23958968,2107,0,1
11718,23960968,1981,0,1
11719,23962968,1931,0,1
11720,23964968,1903,0,1
11721,23966968,1881,1,1
11722,23968968,1885,1,1
11723,23970968,1898,0,1
11724,23972968,1919,0,1
11725,23974968,1975,0,1
11726,23976968,1994,0,1
11727,23978968,2011,0,1
11728,23980968,2024,0,1
11729,23982968,2025,0,1
11730,23984968,2037,0,1
11731,23986968,2011,1,1
11732,23988968,2035,1,1
11733,23990968,2070,0,1
11734,23992968,2091,0,1
11735,23994968,2087,0,1
11736,23996968,2045,0,1
11737,23998968,2009,0,1
11738,24000968,1998,0,1
11739,24002968,1995,0,1
11740,24004968,1997,0,1
11741,24006968,1982,1,1
11742,24008968,1981,1,1
11743,24010968,2037,0,1
11744,24012968,2071,0,1
11745,24014968,2071,0,1
11746,24016968,2040,0,1
11747,24018968,2023,0,1
11748,24020968,2011,0,1
11749,24022968,1999,0,1
11750,24024968,1998,0,1
11751,24026968,1944,1,1
11752,24028968,1928,1,1
11753,24030968,1961,0,1
11754,24032968,2009,0,1
11755,24034968,2041,0,1
11756,24036968,2042,0,1
11757,24038968,2037,0,1
11758,24040968,2024,0,1
11759,24042968,2023,0,1
11760,24044968,2025,0,1
11761,24046968,1987,1,1
11762,24048968,2029,1,1
11763,24050968,2111,0,1
11764,24052968,2149,0,1
11765,24054968,2137,0,1
11766,24056968,2087,0,1
11767,24058968,2021,0,1
11768,24060968,1993,0,1
11769,24062968,1991,0,1
11770,24064968,1983,0,1
11771,24066968,1942,1,1
11772,24068968,1933,1,1
11773,24070968,2007,0,1
11774,24072968,2041,0,1
11775,24074968,2072,0,1
11776,24076968,2057,0,1
11777,24078968,2030,0,1
11778,24080968,2014,0,1
11779,24082968,2001,0,1
11780,24084968,2008,0,1
11781,24086968,1973,1,1
11782,24088968,1991,1,1
11783,24090968,2054,0,1
11784,24092968,2075,0,1
11785,24094968,2083,0,1
11786,24096968,2040,0,1
11787,24098968,2026,0,1
11788,24100968,2011,0,1
11789,24102968,1993,0,1
11790,24104968,1995,0,1
11791,24106968,1989,1,1
11792,24108968,2031,1,1
11793,24110968,2105,0,1
11794,24112968,2131,0,1
11795,24114968,2119,0,1
11796,24116968,2073,0,1
11797,24118968,2032,0,1
11798,24120968,2008,0,1
11799,24122968,1976,0,1
11800,24124968,1975,0,1
11801,24126968,1979,1,1
11802,24128968,2028,1,1
11803,24130968,2120,0,1
11804,24132968,2147,0,1
11805,24134968,2120,0,1
11806,24136968,2078,0,1
11807,24138968,2027,0,1
11808,24140968,2004,0,1
11809,24142968,1989,0,1
11810,24144968,1965,0,1
11811,24146968,1997,1,1
11812,24148968,2057,1,1
11813,24150968,2133,0,1
11814,24152968,2153,0,1
11815,24154968,2126,0,1
11816,24156968,2083,0,1
11817,24158968,2022,0,1
11818,24160968,1998,0,1
11819,24162968,1977,0,1
11820,24164968,1977,0,1
11821,24166968,1973,1,1
11822,24168968,2023,1,1
11823,24170968,2090,0,1
11824,24172968,2107,0,1
11825,24174968,2086,0,1
11826,24176968,2056,0,1
11827,24178968,2023,0,1
11828,24180968,2003,0,1
11829,24182968,1993,0,1
11830,24184968,1973,0,1
11831,24186968,1990,1,1
11832,24188968,2044,1,1
11833,24190968,2107,0,1
11834,24192968,2133,0,1
11835,24194968,2107,0,1
11836,24196968,2065,0,1
11837,24198968,2025,0,1
11838,24200968,1998,0,1
11839,24202968,1981,0,1
11840,24204968,1979,0,1
11841,24206968,1971,1,1
11842,24208968,2004,1,1
11843,24210968,2091,0,1
11844,24212968,2109,0,1
11845,24214968,2095,0,1
11846,24216968,2070,0,1
11847,24218968,2027,0,1
11848,24220968,2003,0,1
11849,24222968,1979,0,1
11850,24224968,1983,0,1
11851,24226968,1973,1,1
11852,24228968,2037,1,1
11853,24230968,2108,0,1
11854,24232968,2133,0,1
11855,24234968,2103,0,1
11856,24236968,2067,0,1
11857,24238968,2021,0,1
11858,24240968,1999,0,1
11859,24242968,1995,0,1
11860,24244968,1973,0,1
11861,24246968,1983,1,1
11862,24248968,1979,1,1
11863,24250968,1983,0,1
11864,24252968,1976,0,1
11865,24254968,1992,0,1
11866,24256968,1989,0,1
11867,24258968,1995,0,1
11868,24260968,2007,0,1
11869,24262968,2004,0,1
11870,24264968,2011,0,1
11871,24266968,1978,1,1
11872,24268968,2009,1,1
11873,24270968,2078,0,1
11874,24272968,2089,0,1
11875,24274968,2072,0,1
11876,24276968,2037,0,1
11877,24278968,2014,0,1
11878,24280968,1993,0,1
11879,24282968,1991,0,1
11880,24284968,1989,0,1
11881,24286968,1945,1,1
11882,24288968,1978,1,1
11883,24290968,2038,0,1
11884,24292968,2071,0,1
11885,24294968,2063,0,1
11886,24296968,2055,0,1
11887,24298968,2029,0,1
11888,24300968,2007,0,1
11889,24302968,2007,0,1
11890,24304968,1997,0,1
11891,24306968,1971,1,1
11892,24308968,2055,1,1
11893,24310968,2101,0,1
11894,24312968,2118,0,1
11895,24314968,2099,0,1
11896,24316968,2055,0,1
11897,24318968,2025,0,1
11898,24320968,1994,0,1
11899,24322968,1991,0,1
11900,24324968,1974,0,1
11901,24326968,1965,1,1
11902,24328968,2006,1,1
11903,24330968,2073,0,1
11904,24332968,2090,0,1
11905,24334968,2074,0,1
11906,24336968,2037,0,1
11907,24338968,2009,0,1
11908,24340968,1996,0,1
11909,24342968,1983,0,1
11910,24344968,1989,0,1
11911,24346968,1993,1,1
11912,24348968,2037,1,1
11913,24350968,2125,0,1
11914,24352968,2132,0,1
11915,24354968,2095,0,1
11916,24356968,2065,0,1
11917,24358968,2021,0,1
11918,24360968,1997,0,1
11919,24362968,1978,0,1
11920,24364968,1978,0,1
11921,24366968,1975,1,1
11922,24368968,2023,1,1
11923,24370968,2102,0,1
11924,24372968,2125,0,1
11925,24374968,2095,0,1
11926,24376968,2057,0,1
11927,24378968,2019,0,1
11928,24380968,2004,0,1
11929,24382968,2003,0,1
11930,24384968,1977,0,1
11931,24386968,1941,1,1
11932,24388968,1980,1,1
11933,24390968,2031,0,1
11934,24392968,2101,0,1
11935,24394968,2078,0,1
11936,24396968,2057,0,1
11937,24398968,2035,0,1
11938,24400968,2003,0,1
11939,24402968,1999,0,1
11940,24404968,1995,0,1
11941,24406968,1907,1,1
11942,24408968,1919,1,1
11943,24410968,1959,0,1
11944,24412968,2012,0,1
11945,24414968,2028,0,1
11946,24416968,2027,0,1
11947,24418968,2027,0,1
11948,24420968,2027,0,1
11949,24422968,2019,0,1
11950,24424968,2013,0,1
11951,24426968,2003,1,1
11952,24428968,2044,0,1
11953,24430968,2101,0,1
11954,24432968,2119,0,1
11955,24434968,2086,0,1
11956,24436968,2043,0,1
11957,24438968,2007,0,1
11958,24440968,2003,0,1
11959,24442968,2005,0,1
11960,24444968,1991,0,1
11961,24446968,1973,1,1
11962,24448968,2007,0,1
11963,24450968,2059,0,1
11964,24452968,2077,0,1
11965,24454968,2079,0,1
11966,24456968,2043,0,1
11967,24458968,2012,0,1
11968,24460968,2003,0,1
11969,24462968,1995,0,1
11970,24464968,1980,0,1
11971,24466968,1959,1,1
11972,24468968,2023,0,1
11973,24470968,2071,0,1
11974,24472968,2094,0,1
11975,24474968,2083,0,1
11976,24476968,2042,0,1
11977,24478968,2019,0,1
11978,24480968,1999,0,1
11979,24482968,1992,0,1
11980,24484968,1982,0,1
11981,24486968,1939,1,1
11982,24488968,1979,0,1
11983,24490968,2019,0,1
11984,24492968,2067,0,1
11985,24494968,2063,0,1
11986,24496968,2053,0,1
11987,24498968,2025,0,1
11988,24500968,2008,0,1
11989,24502968,2011,0,1
11990,24504968,2003,0,1
11991,24506968,2006,1,1
11992,24508968,2075,0,1
11993,24510968,2139,0,1
11994,24512968,2141,0,1
11995,24514968,2116,0,1
11996,24516968,2063,0,1
11997,24518968,2008,0,1
11998,24520968,1983,0,1
11999,24522968,1982,0,1
12000,24524968,1971,0,1
12001,24526968,1975,1,1
12002,24528968,1979,0,1
12003,24530968,1997,0,1
12004,24532968,2007,0,1
12005,24534968,1996,0,1
12006,24536968,2011,0,1
12007,24538968,2011,0,1
12008,24540968,2015,0,1
12009,24542968,2013,0,1
12010,24544968,1997,0,1
12011,24546968,2026,1,1
12012,24548968,2091,0,1
12013,24550968,2129,0,1
12014,24552968,2119,0,1
12015,24554968,2077,0,1
12016,24556968,2040,0,1
12017,24558968,2002,0,1
12018,24560968,1981,0,1
12019,24562968,1990,0,1
12020,24564968,1977,0,1
12021,24566968,1963,1,1
12022,24568968,1959,0,1
12023,24570968,1983,0,1
12024,24572968,2021,0,1
12025,24574968,2025,0,1
12026,24576968,2025,0,1
12027,24578968,2029,0,1
12028,24580968,2015,0,1
12029,24582968,2019,0,1
12030,24584968,2024,0,1
12031,24586968,2035,1,1
12032,24588968,2213,0,1
12033,24590968,2348,0,1
12034,24592968,2329,0,1
12035,24594968,2235,0,1
12036,24596968,2121,0,1
12037,24598968,2013,0,1
12038,24600968,1957,0,1
12039,24602968,1925,0,1
12040,24604968,1931,0,1
12041,24606968,1947,1,1
12042,24608968,1971,0,1
12043,24610968,2001,0,1
12044,24612968,2010,0,1
12045,24614968,2015,0,1
12046,24616968,2008,0,1
12047,24618968,2007,0,1
12048,24620968,2011,0,1
12049,24622968,1998,0,1
12050,24624968,2008,0,1
12051,24626968,1977,1,1
12052,24628968,2040,0,1
12053,24630968,2078,0,1
12054,24632968,2088,0,1
12055,24634968,2063,0,1
12056,24636968,2030,0,1
12057,24638968,2009,0,1
12058,24640968,1999,0,1
12059,24642968,1991,0,1
12060,24644968,1977,0,1
12061,24646968,1975,1,1
12062,24648968,2056,0,1
12063,24650968,2095,0,1
12064,24652968,2103,0,1
12065,24654968,2071,0,1
12066,24656968,2031,0,1
12067,24658968,1999,0,1
12068,24660968,1991,0,1
12069,24662968,1993,0,1
12070,24664968,1977,0,1
12071,24666968,1990,1,1
12072,24668968,2067,0,1
12073,24670968,2071,0,1
12074,24672968,2067,0,1
12075,24674968,2059,0,1
12076,24676968,2027,0,1
12077,24678968,1997,0,1
12078,24680968,1999,0,1
12079,24682968,1979,0,1
12080,24684968,1999,1,1
12081,24686968,1917,1,1
12082,24688968,1943,0,1
12083,24690968,1979,0,1
12084,24692968,2012,0,1
12085,24694968,2041,0,1
12086,24696968,2037,0,1
12087,24698968,2025,0,1
12088,24700968,2022,0,1
12089,24702968,2002,0,1
12090,24704968,2007,1,1
12091,24706968,1916,1,1
12092,24708968,1919,0,1
12093,24710968,1949,0,1
12094,24712968,1983,0,1
12095,24714968,2009,0,1
12096,24716968,2025,0,1
12097,24718968,2027,0,1
12098,24720968,2019,0,1
12099,24722968,2013,0,1
12100,24724968,2011,1,1
12101,24726968,1939,1,1
12102,24728968,1989,0,1
12103,24730968,2028,0,1
12104,24732968,2043,0,1
12105,24734968,2039,0,1
12106,24736968,2031,0,1
12107,24738968,2012,0,1
12108,24740968,2015,0,1
12109,24742968,1995,0,1
12110,24744968,2003,1,1
12111,24746968,1951,1,1
12112,24748968,1981,0,1
12113,24750968,2008,0,1
12114,24752968,2031,0,1
12115,24754968,2031,0,1
12116,24756968,2022,0,1
12117,24758968,2009,0,1
12118,24760968,2015,0,1
12119,24762968,2008,0,1
12120,24764968,2006,1,1
12121,24766968,1933,1,1
12122,24768968,1977,0,1
12123,24770968,2007,0,1
12124,24772968,2021,0,1
12125,24774968,2030,0,1
12126,24776968,2022,0,1
12127,24778968,2009,0,1
12128,24780968,2013,0,1
12129,24782968,1997,0,1
12130,24784968,1991,1,1
12131,24786968,1917,1,1
12132,24788968,1963,0,1
12133,24790968,2009,0,1
12134,24792968,2031,0,1
12135,24794968,2055,0,1
12136,24796968,2028,0,1
12137,24798968,2013,0,1
12138,24800968,2011,0,1
12139,24802968,2003,0,1
12140,24804968,1993,1,1
12141,24806968,1903,1,1
12142,24808968,1963,0,1
12143,24810968,2015,0,1
12144,24812968,2039,0,1
12145,24814968,2054,0,1
12146,24816968,2040,0,1
12147,24818968,2029,0,1
12148,24820968,2008,0,1
12149,24822968,2003,0,1
12150,24824968,1981,1,1
12151,24826968,1934,1,1
12152,24828968,1995,0,1
12153,24830968,2028,0,1
12154,24832968,2065,0,1
12155,24834968,2055,0,1
12156,24836968,2040,0,1
12157,24838968,2019,0,1
12158,24840968,2009,0,1
12159,24842968,2010,0,1
12160,24844968,2002,1,1
12161,24846968,1996,1,1
12162,24848968,2068,0,1
12163,24850968,2105,0,1
12164,24852968,2095,0,1
12165,24854968,2071,0,1
12166,24856968,2041,0,1
12167,24858968,1997,0,1
12168,24860968,1983,0,1
12169,24862968,1980,0,1
12170,24864968,1974,1,1
12171,24866968,1980,1,1
12172,24868968,2063,0,1
12173,24870968,2087,0,1
12174,24872968,2095,0,1
12175,24874968,2082,0,1
12176,24876968,2037,0,1
12177,24878968,2003,0,1
12178,24880968,1995,0,1
12179,24882968,1981,0,1
12180,24884968,1981,1,1
12181,24886968,2005,1,1
12182,24888968,2056,0,1
12183,24890968,2089,0,1
12184,24892968,2099,0,1
12185,24894968,2057,0,1
12186,24896968,2036,0,1
12187,24898968,2001,0,1
12188,24900968,1981,0,1
12189,24902968,1983,0,1
12190,24904968,1979,1,1
12191,24906968,2005,1,1
12192,24908968,2085,0,1
12193,24910968,2119,0,1
12194,24912968,2101,0,1
12195,24914968,2077,0,1
12196,24916968,2031,0,1
12197,24918968,1999,0,1
12198,24920968,1981,0,1
12199,24922968,1993,0,1
12200,24924968,1978,1,1
12201,24926968,2003,1,1
12202,24928968,2083,0,1
12203,24930968,2107,0,1
12204,24932968,2101,0,1
12205,24934968,2071,0,1
12206,24936968,2029,0,1
12207,24938968,2002,0,1
12208,24940968,1989,0,1
12209,24942968,1995,0,1
12210,24944968,1973,1,1
12211,24946968,1993,1,1
12212,24948968,2063,0,1
12213,24950968,2089,0,1
12214,24952968,2101,0,1
12215,24954968,2063,0,1
12216,24956968,2035,0,1
12217,24958968,1998,0,1
12218,24960968,1993,0,1
12219,24962968,1991,0,1
12220,24964968,1979,1,1
12221,24966968,2021,1,1
12222,24968968,2089,0,1
12223,24970968,2109,0,1
12224,24972968,2107,0,1
12225,24974968,2074,0,1
12226,24976968,2025,0,1
12227,24978968,2003,0,1
12228,24980968,1989,0,1
12229,24982968,1983,0,1
12230,24984968,1989,1,1
12231,24986968,2022,1,1
12232,24988968,2104,0,1
12233,24990968,2125,0,1
12234,24992968,2121,0,1
12235,24994968,2071,0,1
12236,24996968,2021,0,1
12237,24998968,1995,0,1
12238,25000968,1977,0,1
12239,25002968,1980,0,1
12240,25004968,1976,1,1
12241,25006968,1996,1,1
12242,25008968,2053,0,1
12243,25010968,2085,0,1
12244,25012968,2095,0,1
12245,25014968,2057,0,1
12246,25016968,2029,0,1
12247,25018968,1999,0,1
12248,25020968,2005,0,1
12249,25022968,1999,0,1
12250,25024968,1973,1,1
12251,25026968,1965,1,1
12252,25028968,1983,0,1
12253,25030968,2005,0,1
12254,25032968,2015,0,1
12255,25034968,2017,0,1
12256,25036968,2023,0,1
12257,25038968,2019,0,1
12258,25040968,2003,0,1
12259,25042968,2011,0,1
12260,25044968,1999,1,1
12261,25046968,2031,1,1
12262,25048968,2095,0,1
12263,25050968,2103,0,1
12264,25052968,2106,0,1
12265,25054968,2067,0,1
12266,25056968,2023,0,1
12267,25058968,1995,0,1
12268,25060968,1989,0,1
12269,25062968,1990,0,1
12270,25064968,1991,1,1
12271,25066968,2013,1,1
12272,25068968,2120,0,1
12273,25070968,2142,0,1
12274,25072968,2126,0,1
12275,25074968,2085,0,1
12276,25076968,2036,0,1
12277,25078968,2005,0,1
12278,25080968,1990,0,1
12279,25082968,1989,0,1
12280,25084968,1981,1,1
12281,25086968,2007,1,1
12282,25088968,2089,0,1
12283,25090968,2107,0,1
12284,25092968,2111,0,1
12285,25094968,2075,0,1
12286,25096968,2031,0,1
12287,25098968,2009,0,1
12288,25100968,1998,0,1
12289,25102968,1991,0,1
12290,25104968,1973,1,1
12291,25106968,2007,1,1
12292,25108968,2077,0,1
12293,25110968,2101,0,1
12294,25112968,2105,0,1
12295,25114968,2059,0,1
12296,25116968,2037,0,1
12297,25118968,2002,0,1
12298,25120968,1990,0,1
12299,25122968,1988,0,1
12300,25124968,1977,1,1
12301,25126968,2015,1,1
12302,25128968,2091,0,1
12303,25130968,2110,0,1
12304,25132968,2121,0,1
12305,25134968,2072,0,1
12306,25136968,2035,0,1
12307,25138968,1997,0,1
12308,25140968,1983,0,1
12309,25142968,1978,0,1
12310,25144968,1956,1,1
12311,25146968,1925,1,1
12312,25148968,1983,0,1
12313,25150968,2012,0,1
12314,25152968,2041,0,1
12315,25154968,2054,0,1
12316,25156968,2029,0,1
12317,25158968,2021,0,1
12318,25160968,2010,0,1
12319,25162968,1991,0,1
12320,25164968,1991,1,1
12321,25166968,2024,1,1
12322,25168968,2031,0,1
12323,25170968,2038,0,1
12324,25172968,2020,0,1
12325,25174968,2011,0,1
12326,25176968,1995,0,1
12327,25178968,1994,0,1
12328,25180968,1995,0,1
12329,25182968,1989,0,1
12330,25184968,1977,1,1
12331,25186968,1979,1,1
12332,25188968,2043,0,1
12333,25190968,2071,0,1
12334,25192968,2063,0,1
12335,25194968,2040,0,1
12336,25196968,2014,0,1
12337,25198968,2013,0,1
12338,25200968,2007,0,1
12339,25202968,1999,0,1
12340,25204968,1965,1,1
12341,25206968,2040,1,1
12342,25208968,2235,0,1
12343,25210968,2325,0,1
12344,25212968,2296,0,1
12345,25214968,2195,0,1
12346,25216968,2099,0,1
12347,25218968,2021,0,1
12348,25220968,1961,0,1
12349,25222968,1941,0,1
12350,25224968,1933,1,1
12351,25226968,1895,1,1
12352,25228968,1855,0,1
12353,25230968,1871,0,1
12354,25232968,1895,0,1
12355,25234968,1951,0,1
12356,25236968,1997,0,1
12357,25238968,2023,0,1
12358,25240968,2035,0,1
12359,25242968,2025,0,1
12360,25244968,1997,1,1
12361,25246968,2027,1,1
12362,25248968,2054,0,1
12363,25250968,2029,0,1
12364,25252968,2023,0,1
12365,25254968,2005,0,1
12366,25256968,1993,0,1
12367,25258968,2005,0,1
12368,25260968,2002,0,1
12369,25262968,1993,0,1
12370,25264968,1914,1,1
12371,25266968,1870,1,1
12372,25268968,1929,0,1
12373,25270968,1982,0,1
12374,25272968,2015,0,1
12375,25274968,2039,0,1
12376,25276968,2040,0,1
12377,25278968,2023,0,1
12378,25280968,2025,0,1
12379,25282968,2013,0,1
12380,25284968,1933,1,1
12381,25286968,1881,1,1
12382,25288968,1937,0,1
12383,25290968,1982,0,1
12384,25292968,2015,0,1
12385,25294968,2036,0,1
12386,25296968,2036,0,1
12387,25298968,2025,0,1
12388,25300968,2020,0,1
12389,25302969,2007,0,1
12390,25304968,1926,1,1
12391,25306968,1917,1,1
12392,25308968,1991,0,1
12393,25310968,2027,0,1
12394,25312968,2041,0,1
12395,25314968,2053,0,1
12396,25316968,2036,0,1
12397,25318968,2011,0,1
12398,25320968,2002,0,1
12399,25322968,1996,0,1
12400,25324968,1999,1,1
12401,25326968,2009,1,1
12402,25328968,2029,0,1
12403,25330968,2024,0,1
12404,25332968,2022,0,1
12405,25334968,2011,0,1
12406,25336968,2001,0,1
12407,25338968,1997,0,1
12408,25340968,2005,0,1
12409,25342969,2002,0,1
12410,25344968,1972,1,1
12411,25346968,1977,1,1
12412,25348968,2028,0,1
12413,25350968,2059,0,1
12414,25352968,2065,0,1
12415,25354968,2041,0,1
12416,25356968,2025,0,1
12417,25358968,2011,0,1
12418,25360968,1997,0,1
12419,25362968,1981,0,1
12420,25364968,1913,1,1
12421,25366968,1919,1,1
12422,25368968,1979,0,1
12423,25370968,2022,0,1
12424,25372968,2031,0,1
12425,25374968,2039,0,1
12426,25376968,2031,0,1
12427,25378968,2023,0,1
12428,25380968,2009,0,1
12429,25382969,2001,0,1
12430,25384968,1960,1,1
12431,25386968,1974,1,1
12432,25388968,2037,0,1
12433,25390968,2079,0,1
12434,25392968,2065,0,1
12435,25394968,2058,0,1
12436,25396968,2027,0,1
12437,25398968,2012,0,1
12438,25400968,2005,0,1
12439,25402968,1995,0,1
12440,25404968,1899,1,1
12441,25406968,1878,1,1
12442,25408968,1943,0,1
12443,25410968,1995,0,1
12444,25412968,2022,0,1
12445,25414968,2038,0,1
12446,25416968,2042,0,1
12447,25418968,2029,0,1
12448,25420968,2021,0,1
12449,25422969,2013,0,1
12450,25424968,1949,1,1
12451,25426968,1990,0,1
12452,25428968,2023,0,1
12453,25430968,2067,0,1
12454,25432968,2067,0,1
12455,25434968,2037,0,1
12456,25436968,2028,0,1
12457,25438968,2017,0,1
12458,25440968,2013,0,1
12459,25442968,1993,0,1
12460,25444968,1911,1,1
12461,25446968,1919,0,1
12462,25448968,1973,0,1
12463,25450968,2025,0,1
12464,25452968,2053,0,1
12465,25454968,2034,0,1
12466,25456968,2037,0,1
12467,25458968,2025,0,1
12468,25460968,2008,0,1
12469,25462969,2015,0,1
12470,25464968,2020,1,1
12471,25466968,2065,0,1
12472,25468968,2092,0,1
12473,25470968,2109,0,1
12474,25472968,2080,0,1
12475,25474968,2043,0,1
12476,25476968,2003,0,1
12477,25478968,1994,0,1
12478,25480968,1992,0,1
12479,25482968,1989,0,1
12480,25484968,1900,1,1
12481,25486968,1911,0,1
12482,25488968,1971,0,1
12483,25490968,2027,0,1
12484,25492968,2043,0,1
12485,25494968,2035,0,1
12486,25496968,2031,0,1
12487,25498968,2037,0,1
12488,25500968,2025,0,1
12489,25502969,1996,0,1
12490,25504968,2013,1,1
12491,25506968,2065,0,1
12492,25508968,2109,0,1
12493,25510968,2109,0,1
12494,25512968,2083,0,1
12495,25514968,2037,0,1
12496,25516968,1999,0,1
12497,25518968,1992,0,1
12498,25520968,1999,0,1
12499,25522968,1989,0,1
12500,25524968,1887,1,1
12501,25526968,1903,0,1
12502,25528968,1956,0,1
12503,25530968,2006,0,1
12504,25532968,2031,0,1
12505,25534968,2037,0,1
12506,25536968,2031,0,1
12507,25538968,2027,0,1
12508,25540968,2015,0,1
12509,25542969,2003,0,1
12510,25544968,1988,1,1
12511,25546968,2034,0,1
12512,25548968,2063,0,1
12513,25550968,2083,0,1
12514,25552968,2056,0,1
12515,25554968,2031,0,1
12516,25556968,2004,0,1
12517,25558968,1999,0,1
12518,25560968,2002,0,1
12519,25562968,1979,0,1
12520,25564968,1876,1,1
12521,25566968,1884,0,1
12522,25568968,1932,0,1
12523,25570968,1994,0,1
12524,25572968,2029,0,1
12525,25574968,2040,0,1
12526,25576968,2037,0,1
12527,25578968,2043,0,1
12528,25580968,2031,0,1
12529,25582969,2019,0,1
12530,25584968,2440,1,1
12531,25586968,4095,0,0
12532,25588968,4095,0,0
12533,25590968,4095,0,0
12534,25592968,3928,0,1
12535,25594968,3164,0,1
12536,25596968,2509,0,1
12537,25598968,2003,0,1
12538,25600968,1711,0,1
12539,25602968,1639,0,1
12540,25604968,1624,1,1
12541,25606968,1766,0,1
12542,25608968,1909,0,1
12543,25610968,2024,0,1
12544,25612968,2100,0,1
12545,25614968,2118,0,1
12546,25616968,2093,0,1
12547,25618968,2068,0,1
12548,25620968,2032,0,1
12549,25622969,1998,0,1
12550,25624968,2053,1,1
12551,25626968,2231,0,1
12552,25628968,2339,0,1
12553,25630968,2317,0,1
12554,25632968,2229,0,1
12555,25634968,2102,0,1
12556,25636968,2011,0,1
12557,25638968,1964,0,1
12558,25640968,1932,0,1
12559,25642968,1934,0,1
12560,25644968,1844,1,1
12561,25646968,1886,0,1
12562,25648968,1965,0,1
12563,25650968,2028,0,1
12564,25652968,2042,0,1
12565,25654968,2063,0,1
12566,25656968,2059,0,1
12567,25658968,2023,0,1
12568,25660968,2013,0,1
12569,25662969,2006,0,1
12570,25664968,2015,1,1
12571,25666968,2101,0,1
12572,25668968,2137,0,1
12573,25670968,2137,0,1
12574,25672968,2099,0,1
12575,25674968,2030,0,1
12576,25676968,2005,0,1
12577,25678968,1991,0,1
12578,25680968,1989,0,1
12579,25682968,1967,1,1
12580,25684968,1919,1,1
12581,25686968,1973,0,1
12582,25688968,2021,0,1
12583,25690968,2046,0,1
12584,25692968,2063,0,1
12585,25694968,2039,0,1
12586,25696968,2023,0,1
12587,25698968,2022,0,1
12588,25700968,1998,0,1
12589,25702969,2005,0,1
12590,25704968,1901,1,1
12591,25706968,1695,0,1
12592,25708968,1573,0,1
12593,25710968,1613,0,1
12594,25712968,1736,0,1
12595,25714968,1880,0,1
12596,25716968,1994,0,1
12597,25718968,2072,0,1
12598,25720968,2100,0,1
12599,25722968,2093,1,1
12600,25724968,2075,1,1
12601,25726968,2077,0,1
12602,25728968,2077,0,1
12603,25730968,2055,0,1
12604,25732968,2034,0,1
12605,25734968,2004,0,1
12606,25736968,1993,0,1
12607,25738968,1992,0,1
12608,25740968,1977,0,1
12609,25742969,1999,0,1
12610,25744968,2277,1,1
12611,25746968,3083,0,1
12612,25748968,3499,0,1
12613,25750968,3311,0,1
12614,25752968,2867,0,1
12615,25754968,2397,0,1
12616,25756968,2024,0,1
12617,25758968,1811,0,1
12618,25760968,1724,0,1
12619,25762968,1765,1,1
12620,25764968,1870,1,1
12621,25766968,2031,0,1
12622,25768968,2147,0,1
12623,25770968,2186,0,1
12624,25772968,2169,0,1
12625,25774968,2094,0,1
12626,25776968,2037,0,1
12627,25778968,1995,0,1
12628,25780968,1972,0,1
12629,25782969,1975,1,1
12630,25784968,2392,1,1
12631,25786968,3319,0,1
12632,25788968,3821,0,1
12633,25790968,3531,0,1
12634,25792968,2974,0,1
12635,25794968,2422,0,1
12636,25796968,1993,0,1
12637,25798968,1763,0,1
12638,25800968,1689,0,1
12639,25802968,1721,1,1
12640,25804968,2378,1,1
12641,25806968,3961,0,1
12642,25808968,4095,0,0
12643,25810968,4095,0,0
12644,25812968,3496,0,1
12645,25814968,2791,0,1
12646,25816968,2203,0,1
12647,25818968,1817,0,1
12648,25820968,1646,0,1
12649,25822969,1625,1,1
12650,25824968,2317,1,1
12651,25826968,4015,0,1
12652,25828968,4095,0,0
12653,25830968,4095,0,0
12654,25832968,3603,0,1
12655,25834968,2863,0,1
12656,25836968,2260,0,1
12657,25838968,1853,0,1
12658,25840968,1657,0,1
12659,25842968,1623,1,1
12660,25844968,1876,1,1
12661,25846968,2383,0,1
12662,25848968,2683,0,1
12663,25850968,2668,0,1
12664,25852968,2513,0,1
12665,25854968,2261,0,1
12666,25856968,2057,0,1
12667,25858968,1926,0,1
12668,25860968,1863,0,1
12669,25862969,1851,1,1
12670,25864968,2377,1,1
12671,25866968,3438,0,1
12672,25868968,3959,0,1
12673,25870968,3639,0,1
12674,25872968,3031,0,1
12675,25874968,2451,0,1
12676,25876968,2003,0,1
12677,25878968,1765,0,1
12678,25880968,1682,0,1
12679,25882968,1709,1,1
12680,25884968,2429,1,1
12681,25886968,3983,0,1
12682,25888968,4095,0,0
12683,25890968,4095,0,0
12684,25892968,3403,0,1
12685,25894968,2687,0,1
12686,25896968,2119,0,1
12687,25898968,1771,0,1
12688,25900968,1627,0,1
12689,25902969,1623,1,1
12690,25904968,1844,1,1
12691,25906968,2231,0,1
12692,25908968,2460,0,1
12693,25910968,2483,0,1
12694,25912968,2375,0,1
12695,25914968,2208,0,1
12696,25916968,2041,0,1
12697,25918968,1945,0,1
12698,25920968,1907,0,1
12699,25922968,1881,1,1
12700,25924968,2091,1,1
12701,25926968,2589,0,1
12702,25928968,2795,0,1
12703,25930968,2732,0,1
12704,25932968,2484,0,1
12705,25934968,2215,0,1
12706,25936968,1996,0,1
12707,25938968,1880,0,1
12708,25940968,1848,0,1
12709,25942969,1813,1,1
12710,25944968,1896,1,1
12711,25946968,2157,0,1
12712,25948968,2285,0,1
12713,25950968,2311,0,1
12714,25952968,2229,0,1
12715,25954968,2110,0,1
12716,25956968,2025,0,1
12717,25958968,1963,0,1
12718,25960968,1943,0,1
12719,25962968,1911,1,1
12720,25964968,1924,1,1
12721,25966968,2007,0,1
12722,25968968,2057,0,1
12723,25970968,2071,0,1
12724,25972968,2069,0,1
12725,25974968,2030,0,1
12726,25976968,2014,0,1
12727,25978968,1990,0,1
12728,25980968,1996,0,1
12729,25982969,1991,1,1
12730,25984968,2223,1,1
12731,25986968,2661,0,1
12732,25988968,2799,0,1
12733,25990968,2680,0,1
12734,25992968,2430,0,1
12735,25994968,2164,0,1
12736,25996968,1959,0,1
12737,25998968,1867,0,1
12738,26000968,1839,0,1
12739,26002968,1804,1,1
12740,26004968,1799,1,1
12741,26006968,1895,0,1
12742,26008968,1965,0,1
12743,26010968,2031,0,1
12744,26012968,2060,0,1
12745,26014968,2055,0,1
12746,26016968,2045,0,1
12747,26018968,2018,0,1
12748,26020968,2012,0,1
12749,26022969,1951,1,1
12750,26024968,1919,1,1
12751,26026968,1974,0,1
12752,26028968,2011,0,1
12753,26030968,2037,0,1
12754,26032968,2037,0,1
12755,26034968,2023,0,1
12756,26036968,2011,0,1
12757,26038968,2008,0,1
12758,26040968,2003,0,1
12759,26042968,1975,1,1
12760,26044968,1947,1,1
12761,26046968,1997,0,1
12762,26048968,2019,0,1
12763,26050968,2041,0,1
12764,26052968,2040,0,1
12765,26054968,2010,0,1
12766,26056968,2005,0,1
12767,26058968,1996,0,1
12768,26060968,1990,0,1
12769,26062969,1983,1,1
12770,26064968,1996,1,1
12771,26066968,2043,0,1
12772,26068968,2065,0,1
12773,26070968,2056,0,1
12774,26072968,2035,0,1
12775,26074968,2011,0,1
12776,26076968,1995,0,1
12777,26078968,1977,0,1
12778,26080968,1991,0,1
12779,26082968,1965,1,1
12780,26084968,2013,1,1
12781,26086968,2084,0,1
12782,26088968,2101,0,1
12783,26090968,2091,0,1
12784,26092968,2063,0,1
12785,26094968,2013,0,1
12786,26096968,1995,0,1
12787,26098968,1989,0,1
12788,26100968,1981,0,1
12789,26102969,1959,1,1
12790,26104968,1995,1,1
12791,26106968,2068,0,1
12792,26108968,2094,0,1
12793,26110968,2080,0,1
12794,26112968,2053,0,1
12795,26114968,2025,0,1
12796,26116968,1997,0,1
12797,26118968,1983,0,1
12798,26120968,1984,0,1
12799,26122968,1995,1,1
12800,26124968,2019,1,1
12801,26126968,2041,0,1
12802,26128968,2035,0,1
12803,26130968,2030,0,1
12804,26132968,2013,0,1
12805,26134968,1999,0,1
12806,26136968,1995,0,1
12807,26138968,1997,0,1
12808,26140968,1995,0,1
12809,26142969,1963,1,1
12810,26144968,2002,1,1
12811,26146968,2088,0,1
12812,26148968,2111,0,1
12813,26150968,2087,0,1
12814,26152968,2058,0,1
12815,26154968,2026,0,1
12816,26156968,1994,0,1
12817,26158968,1983,0,1
12818,26160968,1975,0,1
12819,26162968,1964,1,1
12820,26164968,1999,1,1
12821,26166968,2075,0,1
12822,26168968,2094,0,1
12823,26170968,2079,0,1
12824,26172968,2054,0,1
12825,26174968,2015,0,1
12826,26176968,1992,0,1
12827,26178968,1983,0,1
12828,26180968,1963,0,1
12829,26182969,1979,1,1
12830,26184968,2015,1,1
12831,26186968,2085,0,1
12832,26188968,2100,0,1
12833,26190968,2089,0,1
12834,26192968,2045,0,1
12835,26194968,2015,0,1
12836,26196968,1996,0,1
12837,26198968,1975,0,1
12838,26200968,1975,0,1
12839,26202968,1971,1,1
12840,26204968,2004,1,1
12841,26206968,2091,0,1
12842,26208968,2102,0,1
12843,26210968,2087,0,1
12844,26212968,2065,0,1
12845,26214968,2005,0,1
12846,26216968,1990,0,1
12847,26218968,1978,0,1
12848,26220968,1978,0,1
12849,26222969,1967,1,1
12850,26224968,1996,1,1
12851,26226968,2060,0,1
12852,26228968,2086,0,1
12853,26230968,2070,0,1
12854,26232968,2036,0,1
12855,26234968,2013,0,1
12856,26236968,1998,0,1
12857,26238968,1991,0,1
12858,26240968,1991,0,1
12859,26242968,1996,1,1
12860,26244968,2015,1,1
12861,26246968,2057,0,1
12862,26248968,2068,0,1
12863,26250968,2043,0,1
12864,26252968,2029,0,1
12865,26254968,2008,0,1
12866,26256968,1995,0,1
12867,26258968,1988,0,1
12868,26260968,1981,0,1
12869,26262969,1983,1,1
12870,26264968,2031,1,1
12871,26266968,2089,0,1
12872,26268968,2103,0,1
12873,26270968,2088,0,1
12874,26272968,2046,0,1
12875,26274968,2010,0,1
12876,26276968,1991,0,1
12877,26278968,1981,0,1
12878,26280968,1980,0,1
12879,26282968,1980,1,1
12880,26284968,2023,1,1
12881,26286968,2083,0,1
12882,26288968,2085,0,1
12883,26290968,2075,0,1
12884,26292968,2041,0,1
12885,26294968,2019,0,1
12886,26296968,1991,0,1
12887,26298968,1972,0,1
12888,26300968,1976,0,1
12889,26302969,1973,1,1
12890,26304968,2029,1,1
12891,26306968,2100,0,1
12892,26308968,2106,0,1
12893,26310968,2089,0,1
12894,26312968,2057,0,1
12895,26314968,2011,0,1
12896,26316968,1995,0,1
12897,26318968,1979,0,1
12898,26320968,1974,0,1
12899,26322968,1983,1,1
12900,26324968,2037,1,1
12901,26326968,2093,0,1
12902,26328968,2096,0,1
12903,26330968,2077,0,1
12904,26332968,2041,0,1
12905,26334968,2013,0,1
12906,26336968,1995,0,1
12907,26338968,1981,0,1
12908,26340968,1975,0,1
12909,26342969,1996,1,1
12910,26344968,2085,0,1
12911,26346968,2157,0,1
12912,26348968,2154,0,1
12913,26350968,2130,0,1
12914,26352968,2071,0,1
12915,26354968,2021,0,1
12916,26356968,1980,0,1
12917,26358968,1971,0,1
12918,26360968,1968,0,1
12919,26362968,1979,1,1
12920,26364968,2022,0,1
12921,26366968,2045,0,1
12922,26368968,2058,0,1
12923,26370968,2042,0,1
12924,26372968,2019,0,1
12925,26374968,2001,0,1
12926,26376968,2003,0,1
12927,26378968,1995,0,1
12928,26380968,1994,0,1
12929,26382969,2008,1,1
12930,26384968,2057,0,1
12931,26386968,2091,0,1
12932,26388968,2103,0,1
12933,26390968,2074,0,1
12934,26392968,2037,0,1
12935,26394968,2001,0,1
12936,26396968,1996,0,1
12937,26398968,1995,0,1
12938,26400968,1975,0,1
12939,26402968,1981,1,1
12940,26404968,2052,0,1
12941,26406968,2109,0,1
12942,26408968,2126,0,1
12943,26410968,2092,0,1
12944,26412968,2053,0,1
12945,26414968,2006,0,1
12946,26416968,1996,0,1
12947,26418968,1979,0,1
12948,26420968,1977,0,1
12949,26422969,2001,1,1
12950,26424968,2065,0,1
12951,26426968,2121,0,1
12952,26428968,2140,0,1
12953,26430968,2107,0,1
12954,26432968,2042,0,1
12955,26434968,2011,0,1
12956,26436968,1980,0,1
12957,26438968,1983,0,1
12958,26440968,1977,0,1
12959,26442968,1995,1,1
12960,26444968,2055,0,1
12961,26446968,2107,0,1
12962,26448968,2117,0,1
12963,26450968,2088,0,1
12964,26452968,2045,0,1
12965,26454968,2013,0,1
12966,26456968,2004,0,1
12967,26458968,1999,0,1
12968,26460968,1989,0,1
12969,26462969,1981,1,1
12970,26464968,2053,0,1
12971,26466968,2103,0,1
12972,26468968,2109,0,1
12973,26470968,2089,0,1
12974,26472968,2055,0,1
12975,26474968,2004,0,1
12976,26476968,1998,0,1
12977,26478968,1975,0,1
12978,26480968,1978,0,1
12979,26482968,1984,1,1
12980,26484968,2056,0,1
12981,26486968,2116,0,1
12982,26488968,2120,0,1
12983,26490968,2093,0,1
12984,26492968,2043,0,1
12985,26494968,2020,0,1
12986,26496968,1993,0,1
12987,26498968,1981,0,1
12988,26500968,1981,0,1
12989,26502969,1978,1,1
12990,26504968,2041,0,1
12991,26506968,2109,0,1
12992,26508968,2131,0,1
12993,26510968,2099,0,1
12994,26512968,2065,0,1
12995,26514968,2019,0,1
12996,26516968,1991,0,1
12997,26518968,1983,0,1
12998,26520968,1982,0,1
12999,26522968,2005,1,1
13000,26524968,2045,0,1
13001,26526968,2067,0,1
13002,26528968,2067,0,1
13003,26530968,2052,0,1
13004,26532968,2019,0,1
13005,26534968,1997,0,1
13006,26536968,1992,0,1
13007,26538968,1993,0,1
13008,26540968,1991,0,1
13009,26542969,1983,1,1
13010,26544968,2043,0,1
13011,26546968,2087,0,1
13012,26548968,2089,0,1
13013,26550968,2063,0,1
13014,26552968,2031,0,1
13015,26554968,2004,0,1
13016,26556968,1991,0,1
13017,26558968,1991,0,1
13018,26560968,1983,0,1
13019,26562968,1989,1,1
13020,26564968,2012,0,1
13021,26566968,2027,0,1
13022,26568968,2041,0,1
13023,26570968,2030,0,1
13024,26572968,2023,0,1
13025,26574968,1995,0,1
13026,26576968,2007,0,1
13027,26578968,1997,0,1
13028,26580968,2009,0,1
13029,26582969,2021,1,1
13030,26584968,2268,0,1
13031,26586968,2431,0,1
13032,26588968,2441,0,1
13033,26590968,2324,0,1
13034,26592968,2171,0,1
13035,26594968,2042,0,1
13036,26596968,1950,0,1
13037,26598968,1912,0,1
13038,26600968,1901,0,1
13039,26602968,1938,1,1
13040,26604968,1883,0,1
13041,26606968,1867,0,1
13042,26608968,1881,0,1
13043,26610968,1914,0,1
13044,26612968,1959,0,1
13045,26614968,1995,0,1
13046,26616968,2019,0,1
13047,26618968,2032,0,1
13048,26620968,2030,0,1
13049,26622969,2024,1,1
13050,26624968,2069,0,1
13051,26626968,2073,0,1
13052,26628968,2071,0,1
13053,26630968,2044,0,1
13054,26632968,2012,0,1
13055,26634968,1990,0,1
13056,26636968,1983,0,1
13057,26638968,1973,0,1
13058,26640968,1992,0,1
13059,26642968,1983,1,1
13060,26644968,2068,0,1
13061,26646968,2095,0,1
13062,26648968,2092,0,1
13063,26650968,2077,0,1
13064,26652968,2039,0,1
13065,26654968,2007,0,1
13066,26656968,1989,0,1
13067,26658968,1980,0,1
13068,26660968,1979,0,1
13069,26662969,1993,1,1
13070,26664968,2056,0,1
13071,26666968,2108,0,1
13072,26668968,2109,0,1
13073,26670968,2079,0,1
13074,26672968,2040,0,1
13075,26674968,2003,0,1
13076,26676968,1992,0,1
13077,26678968,1991,0,1
13078,26680968,1979,0,1
13079,26682968,1966,1,1
13080,26684968,2031,0,1
13081,26686968,2067,0,1
13082,26688968,2071,0,1
13083,26690968,2057,0,1
13084,26692968,2027,0,1
13085,26694968,2001,0,1
13086,26696968,1999,0,1
13087,26698968,1995,0,1
13088,26700968,1995,0,1
13089,26702969,1991,1,1
13090,26704968,2043,0,1
13091,26706968,2085,0,1
13092,26708968,2089,0,1
13093,26710968,2068,0,1
13094,26712968,2037,0,1
13095,26714968,2010,0,1
13096,26716968,1995,0,1
13097,26718968,1983,0,1
13098,26720968,1981,1,1
13099,26722968,1979,1,1
13100,26724968,2027,0,1
13101,26726968,2063,0,1
13102,26728968,2067,0,1
13103,26730968,2063,0,1
13104,26732968,2023,0,1
13105,26734968,2003,0,1
13106,26736968,1995,0,1
13107,26738968,1999,0,1
13108,26740968,1995,1,1
13109,26742969,1979,1,1
13110,26744968,2059,0,1
13111,26746968,2087,0,1
13112,26748968,2091,0,1
13113,26750968,2059,0,1
13114,26752968,2031,0,1
13115,26754968,2007,0,1
13116,26756968,1995,0,1
13117,26758968,1993,0,1
13118,26760968,1991,1,1
13119,26762968,1993,1,1
13120,26764968,2069,0,1
13121,26766968,2101,0,1
13122,26768968,2093,0,1
13123,26770968,2073,0,1
13124,26772968,2025,0,1
13125,26774968,1996,0,1
13126,26776968,1978,0,1
13127,26778968,1983,0,1
13128,26780968,1994,1,1
13129,26782969,1951,1,1
13130,26784968,1982,0,1
13131,26786968,2012,0,1
13132,26788968,2023,0,1
13133,26790968,2027,0,1
13134,26792968,2025,0,1
13135,26794968,2010,0,1
13136,26796968,2017,0,1
13137,26798968,1998,0,1
13138,26800968,1999,1,1
13139,26802968,1975,1,1
13140,26804968,2039,0,1
13141,26806968,2083,0,1
13142,26808968,2083,0,1
13143,26810968,2074,0,1
13144,26812968,2031,0,1
13145,26814968,2011,0,1
13146,26816968,1992,0,1
13147,26818968,1992,0,1
13148,26820968,1982,1,1
13149,26822969,2003,1,1
13150,26824968,2073,0,1
13151,26826968,2121,0,1
13152,26828968,2124,0,1
13153,26830968,2090,0,1
13154,26832968,2031,0,1
13155,26834968,2009,0,1
13156,26836968,1991,0,1
13157,26838968,1975,0,1
13158,26840968,1993,1,1
13159,26842968,2007,1,1
13160,26844968,2101,0,1
13161,26846968,2132,0,1
13162,26848968,2123,0,1
13163,26850968,2089,0,1
13164,26852968,2041,0,1
13165,26854968,2002,0,1
13166,26856968,1991,0,1
13167,26858968,1976,0,1
13168,26860968,1963,1,1
13169,26862969,2019,1,1
13170,26864968,2079,0,1
13171,26866968,2092,0,1
13172,26868968,2083,0,1
13173,26870968,2060,0,1
13174,26872968,2019,0,1
13175,26874968,1998,0,1
13176,26876968,1983,0,1
13177,26878968,1981,0,1
13178,26880968,1989,1,1
13179,26882968,2013,1,1
13180,26884968,2099,0,1
13181,26886968,2123,0,1
13182,26888968,2118,0,1
13183,26890968,2084,0,1
13184,26892968,2042,0,1
13185,26894968,2003,0,1
13186,26896968,1983,0,1
13187,26898968,1971,0,1
13188,26900968,1991,1,1
13189,26902969,2007,1,1
13190,26904968,2055,0,1
13191,26906968,2079,0,1
13192,26908968,2090,0,1
13193,26910968,2061,0,1
13194,26912968,2035,0,1
13195,26914968,2008,0,1
13196,26916968,1992,0,1
13197,26918968,1980,0,1
13198,26920968,1993,1,1
13199,26922968,1995,1,1
13200,26924968,2063,0,1
13201,26926968,2089,0,1
13202,26928968,2085,0,1
13203,26930968,2059,0,1
13204,26932968,2025,0,1
13205,26934968,2003,0,1
13206,26936968,1995,0,1
13207,26938968,2004,0,1
13208,26940968,1971,1,1
13209,26942969,2005,1,1
13210,26944968,2073,0,1
13211,26946968,2100,0,1
13212,26948968,2101,0,1
13213,26950968,2072,0,1
13214,26952968,2025,0,1
13215,26954968,1996,0,1
13216,26956968,1991,0,1
13217,26958968,1980,0,1
13218,26960968,1990,1,1
13219,26962968,2015,1,1
13220,26964968,2088,0,1
13221,26966968,2111,0,1
13222,26968968,2105,0,1
13223,26970968,2066,0,1
13224,26972968,2028,0,1
13225,26974968,1995,0,1
13226,26976968,1995,0,1
13227,26978968,1988,0,1
13228,26980968,1963,1,1
13229,26982969,2003,1,1
13230,26984968,2058,0,1
13231,26986968,2079,0,1
13232,26988968,2079,0,1
13233,26990968,2056,0,1
13234,26992968,2025,0,1
13235,26994968,1999,0,1
13236,26996968,2004,0,1
13237,26998968,2001,0,1
13238,27000968,1989,1,1
13239,27002968,1997,1,1
13240,27004968,2088,0,1
13241,27006968,2111,0,1
13242,27008968,2120,0,1
13243,27010968,2071,0,1
13244,27012968,2029,0,1
13245,27014968,2002,0,1
13246,27016968,1988,0,1
13247,27018968,1995,0,1
13248,27020968,1983,1,1
13249,27022969,2019,1,1
13250,27024968,2088,0,1
13251,27026968,2104,0,1
13252,27028968,2103,0,1
13253,27030968,2072,0,1
13254,27032968,2031,0,1
13255,27034968,2005,0,1
13256,27036968,1991,0,1
13257,27038968,1989,0,1
13258,27040968,1979,1,1
13259,27042968,2027,1,1
13260,27044968,2103,0,1
13261,27046968,2121,0,1
13262,27048968,2116,0,1
13263,27050968,2068,0,1
13264,27052968,2026,0,1
13265,27054968,2007,0,1
13266,27056968,1989,0,1
13267,27058968,1981,0,1
13268,27060968,1971,1,1
13269,27062969,1995,1,1
13270,27064968,2069,0,1
13271,27066968,2093,0,1
13272,27068968,2094,0,1
13273,27070968,2065,0,1
13274,27072968,2021,0,1
13275,27074968,2009,0,1
13276,27076968,2001,0,1
13277,27078968,1996,0,1
13278,27080968,1981,1,1
13279,27082968,2005,1,1
13280,27084968,2075,0,1
13281,27086968,2085,0,1
13282,27088968,2087,0,1
13283,27090968,2063,0,1
13284,27092968,2025,0,1
13285,27094968,2005,0,1
13286,27096968,2003,0,1
13287,27098968,1994,0,1
13288,27100968,1975,1,1
13289,27102969,2009,1,1
13290,27104968,2082,0,1
13291,27106968,2094,0,1
13292,27108968,2105,0,1
13293,27110968,2063,0,1
13294,27112968,2031,0,1
13295,27114968,2007,0,1
13296,27116968,1997,0,1
13297,27118968,1990,0,1
13298,27120968,1982,1,1
13299,27122968,2013,1,1
13300,27124968,2059,0,1
13301,27126968,2063,0,1
13302,27128968,2055,0,1
13303,27130968,2028,0,1
13304,27132968,2019,0,1
13305,27134968,2003,0,1
13306,27136968,1993,0,1
13307,27138968,1994,0,1
13308,27140968,1973,1,1
13309,27142969,2029,1,1
13310,27144968,2083,0,1
13311,27146968,2095,0,1
13312,27148968,2086,0,1
13313,27150968,2055,0,1
13314,27152968,2021,0,1
13315,27154968,2005,0,1
13316,27156968,1993,0,1
13317,27158968,1988,0,1
13318,27160968,1980,1,1
13319,27162968,2009,1,1
13320,27164968,2075,0,1
13321,27166968,2088,0,1
13322,27168968,2090,0,1
13323,27170968,2063,0,1
13324,27172968,2031,0,1
13325,27174968,1996,0,1
13326,27176968,1992,0,1
13327,27178968,1983,0,1
13328,27180968,1983,1,1
13329,27182969,2073,1,1
13330,27184968,2137,0,1
13331,27186968,2163,0,1
13332,27188968,2134,0,1
13333,27190968,2078,0,1
13334,27192968,2017,0,1
13335,27194968,1997,0,1
13336,27196968,1975,0,1
13337,27198968,1965,0,1
13338,27200968,1980,1,1
13339,27202968,2011,1,1
13340,27204968,2073,0,1
13341,27206968,2083,0,1
13342,27208968,2067,0,1
13343,27210968,2043,0,1
13344,27212968,2019,0,1
13345,27214968,1999,0,1
13346,27216968,1998,0,1
13347,27218968,1991,0,1
13348,27220968,1975,1,1
13349,27222969,2029,1,1
13350,27224968,2075,0,1
13351,27226968,2092,0,1
13352,27228968,2087,0,1
13353,27230968,2041,0,1
13354,27232968,2027,0,1
13355,27234968,1995,0,1
13356,27236968,1980,0,1
13357,27238968,1976,0,1
13358,27240968,1945,1,1
13359,27242968,1976,1,1
13360,27244968,2009,0,1
13361,27246968,2025,0,1
13362,27248968,2012,0,1
13363,27250968,2008,0,1
13364,27252968,2011,0,1
13365,27254968,2003,0,1
13366,27256968,2007,0,1
13367,27258968,2004,0,1
13368,27260968,2003,1,1
13369,27262969,2031,1,1
13370,27264968,2067,0,1
13371,27266968,2073,0,1
13372,27268968,2069,0,1
13373,27270968,2031,0,1
13374,27272968,2013,0,1
13375,27274968,2003,0,1
13376,27276968,1982,0,1
13377,27278968,1982,0,1
13378,27280968,1981,1,1
13379,27282968,2039,1,1
13380,27284968,2109,0,1
13381,27286968,2130,0,1
13382,27288968,2103,0,1
13383,27290968,2065,0,1
13384,27292968,2031,0,1
13385,27294968,1989,0,1
13386,27296968,1971,0,1
13387,27298968,1975,0,1
13388,27300968,1980,1,1
13389,27302969,2005,0,1
13390,27304968,2003,0,1
13391,27306968,1999,0,1
13392,27308968,2010,0,1
13393,27310968,2003,0,1
13394,27312968,2003,0,1
13395,27314968,2007,0,1
13396,27316968,1994,0,1
13397,27318968,2005,0,1
13398,27320968,1991,1,1
13399,27322968,2063,0,1
13400,27324968,2126,0,1
13401,27326968,2133,0,1
13402,27328968,2095,0,1
13403,27330968,2053,0,1
13404,27332968,2018,0,1
13405,27334968,2003,0,1
13406,27336968,1993,0,1
13407,27338968,2003,0,1
13408,27340968,2006,1,1
13409,27342969,2140,0,1
13410,27344968,2269,0,1
13411,27346968,2279,0,1
13412,27348968,2219,0,1
13413,27350968,2117,0,1
13414,27352968,2026,0,1
13415,27354968,1966,0,1
13416,27356968,1934,0,1
13417,27358968,1942,0,1
13418,27360968,1947,1,1
13419,27362968,1975,0,1
13420,27364968,1975,0,1
13421,27366968,1997,0,1
13422,27368968,2003,0,1
13423,27370968,2007,0,1
13424,27372968,2013,0,1
13425,27374968,2018,0,1
13426,27376968,2028,0,1
13427,27378968,2008,0,1
13428,27380968,1989,1,1
13429,27382969,2065,0,1
13430,27384968,2095,0,1
13431,27386968,2117,0,1
13432,27388968,2073,0,1
13433,27390968,2031,0,1
13434,27392968,2008,0,1
13435,27394968,1981,0,1
13436,27396968,1983,0,1
13437,27398968,1976,0,1
13438,27400968,1951,1,1
13439,27402968,2011,0,1
13440,27404968,2059,0,1
13441,27406968,2078,0,1
13442,27408968,2065,0,1
13443,27410968,2035,0,1
13444,27412968,2026,0,1
13445,27414968,2009,0,1
13446,27416968,2002,0,1
13447,27418968,1992,0,1
13448,27420968,1959,1,1
13449,27422969,2009,0,1
13450,27424968,2044,0,1
13451,27426968,2075,0,1
13452,27428968,2068,0,1
13453,27430968,2037,0,1
13454,27432968,2024,0,1
13455,27434968,2006,0,1
13456,27436968,2008,0,1
13457,27438968,2003,0,1
13458,27440968,1993,1,1
13459,27442968,2057,0,1
13460,27444968,2103,0,1
13461,27446968,2117,0,1
13462,27448968,2086,0,1
13463,27450968,2042,0,1
13464,27452968,2014,0,1
13465,27454968,1989,0,1
13466,27456968,1997,0,1
13467,27458968,1981,0,1
13468,27460968,1992,1,1
13469,27462969,2071,0,1
13470,27464968,2107,0,1
13471,27466968,2117,0,1
13472,27468968,2086,0,1
13473,27470968,2041,0,1
13474,27472968,2013,0,1
13475,27474968,1996,0,1
13476,27476968,1981,0,1
13477,27478968,1981,0,1
13478,27480968,1992,1,1
13479,27482968,2079,0,1
13480,27484968,2120,0,1
13481,27486968,2134,0,1
13482,27488968,2088,0,1
13483,27490968,2063,0,1
13484,27492968,2021,0,1
13485,27494968,1984,0,1
13486,27496968,1995,0,1
13487,27498968,1976,0,1
13488,27500968,1978,1,1
13489,27502969,1997,0,1
13490,27504968,2018,0,1
13491,27506968,2027,0,1
13492,27508968,2035,0,1
13493,27510968,2011,0,1
13494,27512968,2010,0,1
13495,27514968,2003,0,1
13496,27516968,2013,0,1
13497,27518968,1997,0,1
13498,27520968,2001,1,1
13499,27522968,2092,0,1
13500,27524968,2141,0,1
13501,27526968,2143,0,1
13502,27528968,2100,0,1
13503,27530968,2044,0,1
13504,27532968,2013,0,1
13505,27534968,1979,0,1
13506,27536968,1975,0,1
13507,27538968,1977,0,1
13508,27540968,1962,1,1
13509,27542969,2041,0,1
13510,27544968,2093,0,1
13511,27546968,2119,0,1
13512,27548968,2087,0,1
13513,27550968,2058,0,1
13514,27552968,2025,0,1
13515,27554968,1995,0,1
13516,27556968,1992,0,1
13517,27558968,1988,0,1
13518,27560968,1994,1,1
13519,27562968,2056,0,1
13520,27564968,2105,0,1
13521,27566968,2116,0,1
13522,27568968,2084,0,1
13523,27570968,2037,0,1
13524,27572968,2022,0,1
13525,27574968,1995,0,1
13526,27576968,1993,0,1
13527,27578968,1983,0,1
13528,27580968,1967,1,1
13529,27582969,2042,0,1
13530,27584968,2079,0,1
13531,27586968,2075,0,1
13532,27588968,2063,0,1
13533,27590968,2026,0,1
13534,27592968,2003,0,1
13535,27594968,1996,0,1
13536,27596968,1993,0,1
13537,27598968,1995,0,1
13538,27600968,1981,1,1
13539,27602968,2065,0,1
13540,27604968,2109,0,1
13541,27606968,2099,0,1
13542,27608968,2092,0,1
13543,27610968,2037,0,1
13544,27612968,2019,0,1
13545,27614968,1993,0,1
13546,27616968,1991,0,1
13547,27618968,1983,0,1
13548,27620968,1991,1,1
13549,27622969,2072,0,1
13550,27624968,2101,0,1
13551,27626968,2095,0,1
13552,27628968,2079,0,1
13553,27630968,2027,0,1
13554,27632968,2009,0,1
13555,27634968,1989,0,1
13556,27636968,1993,0,1
13557,27638968,1989,0,1
13558,27640968,1979,1,1
13559,27642968,2037,0,1
13560,27644968,2072,0,1
13561,27646968,2088,0,1
13562,27648968,2072,0,1
13563,27650968,2037,0,1
13564,27652968,2021,0,1
13565,27654968,1997,0,1
13566,27656968,1997,0,1
13567,27658968,1984,0,1
13568,27660968,1980,1,1
13569,27662969,2058,0,1
13570,27664968,2090,0,1
13571,27666968,2109,0,1
13572,27668968,2079,0,1
13573,27670968,2039,0,1
13574,27672968,2008,0,1
13575,27674968,2004,0,1
13576,27676968,1981,0,1
13577,27678968,1989,0,1
13578,27680968,2012,1,1
13579,27682968,2085,0,1
13580,27684968,2110,0,1
13581,27686968,2111,0,1
13582,27688968,2075,0,1
13583,27690968,2042,0,1
13584,27692968,2011,0,1
13585,27694968,1994,0,1
13586,27696968,1981,0,1
13587,27698968,1981,0,1
13588,27700968,2004,1,1
13589,27702969,2093,0,1
13590,27704968,2140,0,1
13591,27706968,2126,0,1
13592,27708968,2091,0,1
13593,27710968,2040,0,1
13594,27712968,2007,0,1
13595,27714968,1990,0,1
13596,27716968,1977,0,1
13597,27718968,1979,0,1
13598,27720968,1975,1,1
13599,27722968,2037,0,1
13600,27724968,2078,0,1
13601,27726968,2084,0,1
13602,27728968,2065,0,1
13603,27730968,2031,0,1
13604,27732968,2007,0,1
13605,27734968,1996,0,1
13606,27736968,1989,0,1
13607,27738968,1982,0,1
13608,27740968,2002,1,1
13609,27742969,2075,0,1
13610,27744968,2099,0,1
13611,27746968,2100,0,1
13612,27748968,2071,0,1
13613,27750968,2037,0,1
13614,27752968,2004,0,1
13615,27754968,2001,0,1
13616,27756968,1980,0,1
13617,27758968,1983,1,1
13618,27760968,1977,1,1
13619,27762968,2059,0,1
13620,27764968,2093,0,1
13621,27766968,2095,0,1
13622,27768968,2075,0,1
13623,27770968,2031,0,1
13624,27772968,2013,0,1
13625,27774968,1992,0,1
13626,27776968,1993,0,1
13627,27778968,1983,1,1
13628,27780968,1989,1,1
13629,27782968,2053,0,1
13630,27784968,2091,0,1
13631,27786968,2095,0,1
13632,27788968,2070,0,1
13633,27790968,2035,0,1
13634,27792968,2003,0,1
13635,27794968,1996,0,1
13636,27796968,1989,0,1
13637,27798968,1994,1,1
13638,27800968,2028,1,1
13639,27802968,2085,0,1
13640,27804968,2105,0,1
13641,27806968,2105,0,1
13642,27808968,2067,0,1
13643,27810968,2037,0,1
13644,27812968,1999,0,1
13645,27814968,1997,0,1
13646,27816968,1989,0,1
13647,27818968,1981,1,1
13648,27820968,1997,1,1
13649,27822968,2057,0,1
13650,27824968,2093,0,1
13651,27826968,2083,0,1
13652,27828968,2063,0,1
13653,27830968,2035,0,1
13654,27832968,2011,0,1
13655,27834968,1997,0,1
13656,27836968,1983,0,1
13657,27838968,1973,1,1
13658,27840968,2013,1,1
13659,27842968,2089,0,1
13660,27844968,2127,0,1
13661,27846968,2111,0,1
13662,27848968,2085,0,1
13663,27850968,2035,0,1
13664,27852968,2004,0,1
13665,27854968,1979,0,1
13666,27856968,1977,0,1
13667,27858968,1979,1,1
13668,27860968,1989,1,1
13669,27862968,2071,0,1
13670,27864968,2091,0,1
13671,27866968,2108,0,1
13672,27868968,2075,0,1
13673,27870968,2042,0,1
13674,27872968,2009,0,1
13675,27874968,1995,0,1
13676,27876968,1989,0,1
13677,27878968,1995,1,1
13678,27880968,2004,1,1
13679,27882968,2072,0,1
13680,27884968,2086,0,1
13681,27886968,2079,0,1
13682,27888968,2059,0,1
13683,27890968,2027,0,1
13684,27892968,1997,0,1
13685,27894968,1993,0,1
13686,27896968,1980,0,1
13687,27898968,1990,1,1
13688,27900968,2017,1,1
13689,27902968,2043,0,1
13690,27904968,2075,0,1
13691,27906968,2065,0,1
13692,27908968,2044,0,1
13693,27910968,2019,0,1
13694,27912968,1996,0,1
13695,27914968,1996,0,1
13696,27916968,2005,0,1
13697,27918968,1995,1,1
13698,27920968,2056,1,1
13699,27922968,2101,0,1
13700,27924968,2105,0,1
13701,27926968,2104,0,1
13702,27928968,2045,0,1
13703,27930968,2025,0,1
13704,27932968,1996,0,1
13705,27934968,1981,0,1
13706,27936968,2003,0,1
13707,27938968,1975,1,1
13708,27940968,1964,1,1
13709,27942968,2059,0,1
13710,27944968,2089,0,1
13711,27946968,2102,0,1
13712,27948968,2067,0,1
13713,27950968,2031,0,1
13714,27952968,2023,0,1
13715,27954968,2004,0,1
13716,27956968,1992,0,1
13717,27958968,1975,1,1
13718,27960968,1997,1,1
13719,27962968,2068,0,1
13720,27964968,2095,0,1
13721,27966968,2089,0,1
13722,27968968,2065,0,1
13723,27970968,2023,0,1
13724,27972968,2006,0,1
13725,27974968,1991,0,1
13726,27976968,1999,0,1
13727,27978968,1999,1,1
13728,27980968,1981,1,1
13729,27982968,2069,0,1
13730,27984968,2103,0,1
13731,27986968,2117,0,1
13732,27988968,2085,0,1
13733,27990968,2037,0,1
13734,27992968,2005,0,1
13735,27994968,1997,0,1
13736,27996968,1994,0,1
13737,27998968,1967,1,1
13738,28000968,2014,1,1
13739,28002968,2085,0,1
13740,28004968,2117,0,1
13741,28006968,2112,0,1
13742,28008968,2083,0,1
13743,28010968,2043,0,1
13744,28012968,2009,0,1
13745,28014968,1998,0,1
13746,28016968,1977,0,1
13747,28018968,1977,1,1
13748,28020968,2023,1,1
13749,28022968,2101,0,1
13750,28024968,2107,0,1
13751,28026968,2117,0,1
13752,28028968,2077,0,1
13753,28030968,2026,0,1
13754,28032968,2003,0,1
13755,28034968,1989,0,1
13756,28036968,1990,0,1
13757,28038968,1957,1,1
13758,28040968,1996,1,1
13759,28042968,2063,0,1
13760,28044968,2102,0,1
13761,28046968,2101,0,1
13762,28048968,2059,0,1
13763,28050968,2039,0,1
13764,28052968,2015,0,1
13765,28054968,1991,0,1
13766,28056968,2005,0,1
13767,28058968,1977,1,1
13768,28060968,1995,1,1
13769,28062968,2040,0,1
13770,28064968,2078,0,1
13771,28066968,2077,0,1
13772,28068968,2041,0,1
13773,28070968,2019,0,1
13774,28072968,2007,0,1
13775,28074968,1987,0,1
13776,28076968,2008,0,1
13777,28078968,1979,1,1
13778,28080968,2045,1,1
13779,28082968,2223,0,1
13780,28084968,2287,0,1
13781,28086968,2255,0,1
13782,28088968,2171,0,1
13783,28090968,2072,0,1
13784,28092968,2012,0,1
13785,28094968,1967,0,1
13786,28096968,1955,0,1
13787,28098968,1961,1,1
13788,28100968,1951,1,1
13789,28102968,1898,0,1
13790,28104968,1879,0,1
13791,28106968,1901,0,1
13792,28108968,1916,0,1
13793,28110968,1971,0,1
13794,28112968,1999,0,1
13795,28114968,2027,0,1
13796,28116968,2037,0,1
13797,28118968,2009,1,1
13798,28120968,2029,1,1
13799,28122968,2053,0,1
13800,28124968,2043,0,1
13801,28126968,2023,0,1
13802,28128968,2015,0,1
13803,28130968,2003,0,1
13804,28132968,1993,0,1
13805,28134968,2004,0,1
13806,28136968,1997,0,1
13807,28138968,1963,1,1
13808,28140968,1919,1,1
13809,28142968,1964,0,1
13810,28144968,1983,0,1
13811,28146968,2007,0,1
13812,28148968,2023,0,1
13813,28150968,2014,0,1
13814,28152968,2011,0,1
13815,28154968,2020,0,1
13816,28156968,2009,0,1
13817,28158968,1983,1,1
13818,28160968,2003,1,1
13819,28162968,2067,0,1
13820,28164968,2075,0,1
13821,28166968,2075,0,1
13822,28168968,2044,0,1
13823,28170968,2008,0,1
13824,28172968,2003,0,1
13825,28174968,1993,0,1
13826,28176968,1989,0,1
13827,28178968,1991,1,1
13828,28180968,2041,1,1
13829,28182968,2123,0,1
13830,28184968,2125,0,1
13831,28186968,2093,0,1
13832,28188968,2065,0,1
13833,28190968,2029,0,1
13834,28192968,1995,0,1
13835,28194968,1989,0,1
13836,28196968,1971,0,1
13837,28198968,1959,1,1
13838,28200968,1997,1,1
13839,28202968,2072,0,1
13840,28204968,2095,0,1
13841,28206968,2093,0,1
13842,28208968,2059,0,1
13843,28210968,2029,0,1
13844,28212968,2013,0,1
13845,28214968,1983,0,1
13846,28216968,1991,0,1
13847,28218968,1991,1,1
13848,28220968,2025,1,1
13849,28222968,2077,0,1
13850,28224968,2091,0,1
13851,28226968,2087,0,1
13852,28228968,2035,0,1
13853,28230968,2013,0,1
13854,28232968,2001,0,1
13855,28234968,1981,0,1
13856,28236968,1977,0,1
13857,28238968,1997,1,1
13858,28240968,2039,1,1
13859,28242968,2058,0,1
13860,28244968,2069,0,1
13861,28246968,2039,0,1
13862,28248968,2020,0,1
13863,28250968,2012,0,1
13864,28252968,1997,0,1
13865,28254968,1993,0,1
13866,28256968,1991,0,1
13867,28258968,1997,1,1
13868,28260968,2025,1,1
13869,28262968,2087,0,1
13870,28264968,2094,0,1
13871,28266968,2088,0,1
13872,28268968,2043,0,1
13873,28270968,2014,0,1
13874,28272968,1995,0,1
13875,28274968,1983,0,1
13876,28276968,1989,0,1
13877,28278968,1975,1,1
13878,28280968,2013,1,1
13879,28282968,2078,0,1
13880,28284968,2093,0,1
13881,28286968,2089,0,1
13882,28288968,2059,0,1
13883,28290968,2012,0,1
13884,28292968,1998,0,1
13885,28294968,1989,0,1
13886,28296968,1991,0,1
13887,28298968,1971,1,1
13888,28300968,2015,1,1
13889,28302968,2059,0,1
13890,28304968,2073,0,1
13891,28306968,2063,0,1
13892,28308968,2035,0,1
13893,28310968,2014,0,1
13894,28312968,2001,0,1
13895,28314968,1991,0,1
13896,28316968,1993,0,1
13897,28318968,1999,1,1
13898,28320968,2056,1,1
13899,28322968,2090,0,1
13900,28324968,2093,0,1
13901,28326968,2075,0,1
13902,28328968,2055,0,1
13903,28330968,2013,0,1
13904,28332968,1995,0,1
13905,28334968,1983,0,1
13906,28336968,1991,0,1
13907,28338968,1977,1,1
13908,28340968,2004,0,1
13909,28342968,2019,0,1
13910,28344968,2028,0,1
13911,28346968,2025,0,1
13912,28348968,2021,0,1
13913,28350968,1999,0,1
13914,28352968,2003,0,1
13915,28354968,2002,0,1
13916,28356968,2003,0,1
13917,28358968,2009,1,1
13918,28360968,2057,1,1
13919,28362968,2103,0,1
13920,28364968,2107,0,1
13921,28366968,2087,0,1
13922,28368968,2042,0,1
13923,28370968,2011,0,1
13924,28372968,1993,0,1
13925,28374968,1980,0,1
13926,28376968,1992,0,1
13927,28378968,1981,1,1
13928,28380968,2040,0,1
13929,28382968,2095,0,1
13930,28384968,2105,0,1
13931,28386968,2091,0,1
13932,28388968,2058,0,1
13933,28390968,2012,0,1
13934,28392968,1995,0,1
13935,28394968,1994,0,1
13936,28396968,1977,0,1
13937,28398968,1978,1,1
13938,28400968,2043,0,1
13939,28402968,2087,0,1
13940,28404968,2105,0,1
13941,28406968,2075,0,1
13942,28408968,2038,0,1
13943,28410968,2019,0,1
13944,28412968,1997,0,1
13945,28414968,1994,0,1
13946,28416968,1991,0,1
13947,28418968,1993,1,1
13948,28420968,2031,0,1
13949,28422968,2086,0,1
13950,28424968,2099,0,1
13951,28426968,2079,0,1
13952,28428968,2035,0,1
13953,28430968,2021,0,1
13954,28432968,1995,0,1
13955,28434968,2007,0,1
13956,28436968,1989,0,1
13957,28438968,1993,1,1
13958,28440968,2020,0,1
13959,28442968,2067,0,1
13960,28444968,2080,0,1
13961,28446968,2063,0,1
13962,28448968,2041,0,1
13963,28450968,2013,0,1
13964,28452968,2006,0,1
13965,28454968,2005,0,1
13966,28456968,1995,0,1
13967,28458968,1979,1,1
13968,28460968,2026,0,1
13969,28462968,2085,0,1
13970,28464968,2091,0,1
13971,28466968,2077,0,1
13972,28468968,2043,0,1
13973,28470968,2015,0,1
13974,28472968,2004,0,1
13975,28474968,1993,0,1
13976,28476968,1995,0,1
13977,28478968,1992,1,1
13978,28480968,2027,0,1
13979,28482968,2079,0,1
13980,28484968,2071,0,1
13981,28486968,2067,0,1
13982,28488968,2035,0,1
13983,28490968,2017,0,1
13984,28492968,1992,0,1
13985,28494968,1995,0,1
13986,28496968,1996,0,1
13987,28498968,1978,1,1
13988,28500968,2041,0,1
13989,28502968,2095,0,1
13990,28504968,2102,0,1
13991,28506968,2082,0,1
13992,28508968,2041,0,1
13993,28510968,2022,0,1
13994,28512968,1993,0,1
13995,28514968,1996,0,1
13996,28516968,1993,0,1
13997,28518968,1991,1,1
13998,28520968,2043,0,1
13999,28522968,2101,0,1
14000,28524968,2129,0,1
14001,28526968,2099,0,1
14002,28528968,2043,0,1
14003,28530968,2025,0,1
14004,28532968,2002,0,1
14005,28534968,1993,0,1
14006,28536968,1979,0,1
14007,28538968,1975,1,1
14008,28540968,2071,0,1
14009,28542968,2121,0,1
14010,28544968,2135,0,1
14011,28546968,2093,0,1
14012,28548968,2045,0,1
14013,28550968,2003,0,1
14014,28552968,1997,0,1
14015,28554968,1995,0,1
14016,28556968,1981,0,1
14017,28558968,1971,1,1
14018,28560968,2044,0,1
14019,28562968,2101,0,1
14020,28564968,2107,0,1
14021,28566968,2083,0,1
14022,28568968,2029,0,1
14023,28570968,2023,0,1
14024,28572968,1963,0,1
14025,28574968,2002,0,1
14026,28576968,1981,0,1
14027,28578968,1978,1,1
14028,28580968,2058,0,1
14029,28582968,2099,0,1
14030,28584968,2119,0,1
14031,28586968,2100,0,1
14032,28588968,2039,0,1
14033,28590968,2017,0,1
14034,28592968,1997,0,1
14035,28594968,1981,0,1
14036,28596968,1976,0,1
14037,28598968,1977,1,1
14038,28600968,2028,0,1
14039,28602968,2085,0,1
14040,28604968,2089,0,1
14041,28606968,2077,0,1
14042,28608968,2045,0,1
14043,28610968,2018,0,1
14044,28612968,1995,0,1
14045,28614968,1982,0,1
14046,28616968,1996,0,1
14047,28618968,1965,1,1
14048,28620968,1991,0,1
14049,28622968,2019,0,1
14050,28624968,2029,0,1
14051,28626968,2031,0,1
14052,28628968,2023,0,1
14053,28630968,2013,0,1
14054,28632968,2017,0,1
14055,28634968,1999,0,1
14056,28636968,1999,0,1
14057,28638968,1991,1,1
14058,28640968,2029,0,1
14059,28642968,2079,0,1
14060,28644968,2083,0,1
14061,28646968,2071,0,1
14062,28648968,2040,0,1
14063,28650968,2021,0,1
14064,28652968,1995,0,1
14065,28654968,1996,0,1
14066,28656968,1992,0,1
14067,28658968,1991,1,1
14068,28660968,2056,0,1
14069,28662968,2103,0,1
14070,28664968,2121,0,1
14071,28666968,2085,0,1
14072,28668968,2052,0,1
14073,28670968,2003,0,1
14074,28672968,1992,0,1
14075,28674968,1975,0,1
14076,28676968,1991,0,1
14077,28678968,1997,1,1
14078,28680968,2070,0,1
14079,28682968,2116,0,1
14080,28684968,2109,0,1
14081,28686968,2078,0,1
14082,28688968,2041,0,1
14083,28690968,2005,0,1
14084,28692968,1980,0,1
14085,28694968,1980,0,1
14086,28696968,1977,0,1
14087,28698968,1981,1,1
14088,28700968,2067,0,1
14089,28702968,2103,0,1
14090,28704968,2105,0,1
14091,28706968,2076,0,1
14092,28708968,2032,0,1
14093,28710968,2007,0,1
14094,28712968,1990,0,1
14095,28714968,1982,0,1
14096,28716968,1993,0,1
14097,28718968,1989,1,1
14098,28720968,2056,0,1
14099,28722968,2083,0,1
14100,28724968,2105,0,1
14101,28726968,2072,0,1
14102,28728968,2037,0,1
14103,28730968,2018,0,1
14104,28732968,2005,0,1
14105,28734968,1993,0,1
14106,28736968,1981,0,1
14107,28738968,2001,1,1
14108,28740968,2039,0,1
14109,28742968,2079,0,1
14110,28744968,2087,0,1
14111,28746968,2065,0,1
14112,28748968,2026,0,1
14113,28750968,2005,0,1
14114,28752968,1993,0,1
14115,28754968,1988,0,1
14116,28756968,1997,0,1
14117,28758968,2006,1,1
14118,28760968,2070,0,1
14119,28762968,2116,0,1
14120,28764968,2107,0,1
14121,28766968,2072,0,1
14122,28768968,2044,0,1
14123,28770968,2011,0,1
14124,28772968,1993,0,1
14125,28774968,1982,0,1
14126,28776968,1979,1,1
14127,28778968,1980,1,1
14128,28780968,2031,0,1
14129,28782968,2073,0,1
14130,28784968,2077,0,1
14131,28786968,2066,0,1
14132,28788968,2034,0,1
14133,28790968,2005,0,1
14134,28792968,2003,0,1
14135,28794968,1995,0,1
14136,28796968,1992,1,1
14137,28798968,1951,1,1
14138,28800968,2008,0,1
14139,28802968,2071,0,1
14140,28804968,2090,0,1
14141,28806968,2093,0,1
14142,28808968,2063,0,1
14143,28810968,2031,0,1
14144,28812968,2019,0,1
14145,28814968,2011,0,1
14146,28816968,2005,1,1
14147,28818968,1967,1,1
14148,28820968,2075,0,1
14149,28822968,2141,0,1
14150,28824968,2140,0,1
14151,28826968,2101,0,1
14152,28828968,2059,0,1
14153,28830968,2009,0,1
14154,28832968,1991,0,1
14155,28834968,1967,0,1
14156,28836968,1978,1,1
14157,28838968,1943,1,1
14158,28840968,1958,0,1
14159,28842968,1980,0,1
14160,28844968,1989,0,1
14161,28846968,2018,0,1
14162,28848968,2018,0,1
14163,28850968,2015,0,1
14164,28852968,2021,0,1
14165,28854968,2020,0,1
14166,28856968,2010,1,1
14167,28858968,1939,1,1
14168,28860968,1956,0,1
14169,28862968,2003,0,1
14170,28864968,2019,0,1
14171,28866968,2036,0,1
14172,28868968,2037,0,1
14173,28870968,2011,0,1
14174,28872968,2019,0,1
14175,28874968,1999,0,1
14176,28876968,1992,1,1
14177,28878968,1901,1,1
14178,28880968,1934,0,1
14179,28882968,1971,0,1
14180,28884968,2015,0,1
14181,28886968,2019,0,1
14182,28888968,2023,0,1
14183,28890968,2023,0,1
14184,28892968,2023,0,1
14185,28894968,2019,0,1
14186,28896968,2011,1,1
14187,28898968,2003,1,1
14188,28900968,2056,0,1
14189,28902968,2095,0,1
14190,28904968,2087,0,1
14191,28906968,2063,0,1
14192,28908968,2031,0,1
14193,28910968,2003,0,1
14194,28912968,1999,0,1
14195,28914968,1983,0,1
14196,28916968,1983,1,1
14197,28918968,1963,1,1
14198,28920968,2010,0,1
14199,28922968,2043,0,1
14200,28924968,2057,0,1
14201,28926968,2055,0,1
14202,28928968,2036,0,1
14203,28930968,2008,0,1
14204,28932968,2005,0,1
14205,28934968,2005,0,1
14206,28936968,1980,1,1
14207,28938968,1994,1,1
14208,28940968,2035,0,1
14209,28942968,2038,0,1
14210,28944968,2043,0,1
14211,28946968,2021,0,1
14212,28948968,2005,0,1
14213,28950968,1998,0,1
14214,28952968,1998,0,1
14215,28954968,2005,0,1
14216,28956968,2004,1,1
14217,28958968,2022,1,1
14218,28960968,2077,0,1
14219,28962968,2092,0,1
14220,28964968,2085,0,1
14221,28966968,2067,0,1
14222,28968968,2021,0,1
14223,28970968,2007,0,1
14224,28972968,1993,0,1
14225,28974968,1991,0,1
14226,28976968,1983,1,1
14227,28978968,1995,1,1
14228,28980968,2068,0,1
14229,28982968,2088,0,1
14230,28984968,2085,0,1
14231,28986968,2053,0,1
14232,28988968,2027,0,1
14233,28990968,2012,0,1
14234,28992968,1991,0,1
14235,28994968,1999,0,1
14236,28996968,1971,1,1
14237,28998968,1928,1,1
14238,29000968,1983,0,1
14239,29002968,2035,0,1
14240,29004968,2069,0,1
14241,29006968,2045,0,1
14242,29008968,2031,0,1
14243,29010968,2015,0,1
14244,29012968,2011,0,1
14245,29014968,2003,0,1
14246,29016968,1961,1,1
14247,29018968,1895,1,1
14248,29020968,1939,0,1
14249,29022968,1977,0,1
14250,29024968,2023,0,1
14251,29026968,2037,0,1
14252,29028968,2039,0,1
14253,29030968,2029,0,1
14254,29032968,2025,0,1
14255,29034968,2017,0,1
14256,29036968,1993,1,1
14257,29038968,1948,1,1
14258,29040968,1992,0,1
14259,29042968,2037,0,1
14260,29044968,2060,0,1
14261,29046968,2041,0,1
14262,29048968,2041,0,1
14263,29050968,2011,0,1
14264,29052968,2015,0,1
14265,29054968,2001,0,1
14266,29056968,1979,1,1
14267,29058968,2013,1,1
14268,29060968,2089,0,1
14269,29062968,2107,0,1
14270,29064968,2103,0,1
14271,29066968,2055,0,1
14272,29068968,2027,0,1
14273,29070968,2006,0,1
14274,29072968,1995,0,1
14275,29074968,1990,0,1
14276,29076968,1927,1,1
14277,29078968,1861,1,1
14278,29080968,1873,0,1
14279,29082968,1919,0,1
14280,29084968,1975,0,1
14281,29086968,2009,0,1
14282,29088968,2025,0,1
14283,29090968,2029,0,1
14284,29092968,2039,0,1
14285,29094968,2031,0,1
14286,29096968,2013,1,1
14287,29098968,2017,1,1
14288,29100968,2069,0,1
14289,29102968,2086,0,1
14290,29104968,2091,0,1
14291,29106968,2045,0,1
14292,29108968,2023,0,1
14293,29110968,1998,0,1
14294,29112968,1997,0,1
14295,29114968,2004,0,1
14296,29116968,1989,1,1
14297,29118968,1977,1,1
14298,29120968,2063,0,1
14299,29122968,2077,0,1
14300,29124968,2083,0,1
14301,29126968,2056,0,1
14302,29128968,2020,0,1
14303,29130968,2007,0,1
14304,29132968,1997,0,1
14305,29134968,1999,0,1
14306,29136968,1979,1,1
14307,29138968,1971,1,1
14308,29140968,2037,0,1
14309,29142968,2086,0,1
14310,29144968,2083,0,1
14311,29146968,2055,0,1
14312,29148968,2029,0,1
14313,29150968,2013,0,1
14314,29152968,1999,0,1
14315,29154968,1989,0,1
14316,29156968,1993,1,1
14317,29158968,1995,1,1
14318,29160968,2041,0,1
14319,29162968,2059,0,1
14320,29164968,2058,0,1
14321,29166968,2039,0,1
14322,29168968,2011,0,1
14323,29170968,2013,0,1
14324,29172968,1992,0,1
14325,29174968,1982,0,1
14326,29176968,1993,1,1
14327,29178968,2025,1,1
14328,29180968,2111,0,1
14329,29182968,2134,0,1
14330,29184968,2108,0,1
14331,29186968,2069,0,1
14332,29188968,2035,0,1
14333,29190968,1991,0,1
14334,29192968,1983,0,1
14335,29194968,1975,0,1
14336,29196968,1959,1,1
14337,29198968,1981,1,1
14338,29200968,2060,0,1
14339,29202968,2088,0,1
14340,29204968,2080,0,1
14341,29206968,2068,0,1
14342,29208968,2024,0,1
14343,29210968,2009,0,1
14344,29212968,2003,0,1
14345,29214968,1993,0,1
14346,29216968,1991,1,1
14347,29218968,2027,1,1
14348,29220968,2090,0,1
14349,29222968,2123,0,1
14350,29224968,2103,0,1
14351,29226968,2075,0,1
14352,29228968,2029,0,1
14353,29230968,2009,0,1
14354,29232968,1998,0,1
14355,29234968,1971,0,1
14356,29236968,1997,1,1
14357,29238968,2029,1,1
14358,29240968,2053,0,1
14359,29242968,2045,0,1
14360,29244968,2039,0,1
14361,29246968,2032,0,1
14362,29248968,2015,0,1
14363,29250968,2003,0,1
14364,29252968,1998,0,1
14365,29254968,1992,0,1
14366,29256968,1982,1,1
14367,29258968,2013,1,1
14368,29260968,2063,0,1
14369,29262968,2079,0,1
14370,29264968,2069,0,1
14371,29266968,2037,0,1
14372,29268968,2019,0,1
14373,29270968,1998,0,1
14374,29272968,1983,0,1
14375,29274968,1992,0,1
14376,29276968,1973,1,1
14377,29278968,2013,1,1
14378,29280968,2054,0,1
14379,29282968,2073,0,1
14380,29284968,2057,0,1
14381,29286968,2037,0,1
14382,29288968,2015,0,1
14383,29290968,1994,0,1
14384,29292968,1993,0,1
14385,29294968,2003,0,1
14386,29296968,1967,1,1
14387,29298968,2013,1,1
14388,29300968,2058,0,1
14389,29302968,2077,0,1
14390,29304968,2071,0,1
14391,29306968,2035,0,1
14392,29308968,2011,0,1
14393,29310968,1999,0,1
14394,29312968,1999,0,1
14395,29314968,1992,0,1
14396,29316968,1988,1,1
14397,29318968,1997,1,1
14398,29320968,2072,0,1
14399,29322968,2089,0,1
14400,29324968,2069,0,1
14401,29326968,2045,0,1
14402,29328968,2019,0,1
14403,29330968,2009,0,1
14404,29332968,1983,0,1
14405,29334968,1982,0,1
14406,29336968,1970,1,1
14407,29338968,1992,1,1
14408,29340968,2021,0,1
14409,29342968,2024,0,1
14410,29344968,2027,0,1
14411,29346968,2024,0,1
14412,29348968,2011,0,1
14413,29350968,2003,0,1
14414,29352968,2013,0,1
14415,29354968,2008,0,1
14416,29356968,1982,1,1
14417,29358968,2014,1,1
14418,29360968,2075,0,1
14419,29362968,2085,0,1
14420,29364968,2079,0,1
14421,29366968,2037,0,1
14422,29368968,2017,0,1
14423,29370968,2003,0,1
14424,29372968,1993,0,1
14425,29374968,1992,0,1
14426,29376968,1991,1,1
14427,29378968,2043,1,1
14428,29380968,2103,0,1
14429,29382968,2136,0,1
14430,29384968,2093,0,1
14431,29386968,2055,0,1
14432,29388968,2019,0,1
14433,29390968,1998,0,1
14434,29392968,1993,0,1
14435,29394968,1976,0,1
14436,29396968,1981,1,1
14437,29398968,2079,1,1
14438,29400968,2147,0,1
14439,29402968,2151,0,1
14440,29404968,2117,0,1
14441,29406968,2059,0,1
14442,29408968,2013,0,1
14443,29410968,1993,0,1
14444,29412968,1977,0,1
14445,29414968,1976,0,1
14446,29416968,1961,1,1
14447,29418968,1975,1,1
14448,29420968,2039,0,1
14449,29422968,2075,0,1
14450,29424968,2075,0,1
14451,29426968,2043,0,1
14452,29428968,2013,0,1
14453,29430968,2013,0,1
14454,29432968,1997,0,1
14455,29434968,1990,0,1
14456,29436968,1932,1,1
14457,29438968,1962,0,1
14458,29440968,1982,0,1
14459,29442968,2021,0,1
14460,29444968,2025,0,1
14461,29446968,2019,0,1
14462,29448968,2021,0,1
14463,29450968,2023,0,1
14464,29452968,2019,0,1
14465,29454968,2008,0,1
14466,29456968,1993,1,1
14467,29458968,2003,0,1
14468,29460968,2025,0,1
14469,29462968,2035,0,1
14470,29464968,2020,0,1
14471,29466968,2023,0,1
14472,29468968,2021,0,1
14473,29470968,1999,0,1
14474,29472968,1997,0,1
14475,29474968,1994,0,1
14476,29476968,1979,1,1
14477,29478968,2021,0,1
14478,29480968,2070,0,1
14479,29482968,2079,0,1
14480,29484968,2067,0,1
14481,29486968,2055,0,1
14482,29488968,2011,0,1
14483,29490968,1997,0,1
14484,29492968,1999,0,1
14485,29494968,1987,0,1
14486,29496968,1998,1,1
14487,29498968,2008,0,1
14488,29500968,2031,0,1
14489,29502968,2052,0,1
14490,29504968,2032,0,1
14491,29506968,2018,0,1
14492,29508968,2008,0,1
14493,29510968,2005,0,1
14494,29512968,2007,0,1
14495,29514968,2006,0,1
14496,29516968,1981,1,1
14497,29518968,2009,0,1
14498,29520968,2030,0,1
14499,29522968,2035,0,1
14500,29524968,2019,0,1
14501,29526968,2013,0,1
14502,29528968,2010,0,1
14503,29530968,2007,0,1
14504,29532968,2009,0,1
14505,29534968,2008,0,1
14506,29536968,1997,1,1
14507,29538968,2199,0,1
14508,29540968,2381,0,1
14509,29542968,2415,0,1
14510,29544968,2321,0,1
14511,29546968,2195,0,1
14512,29548968,2057,0,1
14513,29550968,1967,0,1
14514,29552968,1939,0,1
14515,29554968,1928,0,1
14516,29556968,1941,1,1
14517,29558968,1941,0,1
14518,29560968,1911,0,1
14519,29562968,1929,0,1
14520,29564968,1951,0,1
14521,29566968,1964,0,1
14522,29568968,1995,0,1
14523,29570968,2023,0,1
14524,29572968,2025,0,1
14525,29574968,2024,0,1
14526,29576968,2007,1,1
14527,29578968,2041,0,1
14528,29580968,2068,0,1
14529,29582968,2068,0,1
14530,29584968,2053,0,1
14531,29586968,2027,0,1
14532,29588968,2008,0,1
14533,29590968,1996,0,1
14534,29592968,1989,0,1
14535,29594968,1993,0,1
14536,29596968,1963,1,1
14537,29598968,2036,0,1
14538,29600968,2072,0,1
14539,29602968,2083,0,1
14540,29604968,2073,0,1
14541,29606968,2039,0,1
14542,29608968,2019,0,1
14543,29610968,2005,0,1
14544,29612968,1995,0,1
14545,29614968,1995,0,1
14546,29616968,1999,1,1
14547,29618968,2021,0,1
14548,29620968,2029,0,1
14549,29622968,2023,0,1
14550,29624968,2019,0,1
14551,29626968,2011,0,1
14552,29628968,1996,0,1
14553,29630968,2005,0,1
14554,29632968,1998,0,1
14555,29634968,2007,0,1
14556,29636968,1960,1,1
14557,29638968,2009,0,1
14558,29640968,2055,0,1
14559,29642968,2077,0,1
14560,29644968,2065,0,1
14561,29646968,2040,0,1
14562,29648968,2003,0,1
14563,29650968,2011,0,1
14564,29652968,1995,0,1
14565,29654968,1995,0,1
14566,29656968,1971,1,1
14567,29658968,2035,0,1
14568,29660968,2079,0,1
14569,29662968,2079,0,1
14570,29664968,2078,0,1
14571,29666968,2042,0,1
14572,29668968,2007,0,1
14573,29670968,1992,0,1
14574,29672968,1989,0,1
14575,29674968,1993,0,1
14576,29676968,1975,1,1
14577,29678968,2031,0,1
14578,29680968,2086,0,1
14579,29682968,2088,0,1
14580,29684968,2077,0,1
14581,29686968,2030,0,1
14582,29688968,2011,0,1
14583,29690968,1996,0,1
14584,29692968,1989,0,1
14585,29694968,1991,0,1
14586,29696968,1955,1,1
14587,29698968,2005,0,1
14588,29700968,2036,0,1
14589,29702968,2045,0,1
14590,29704968,2057,0,1
14591,29706968,2031,0,1
14592,29708968,2015,0,1
14593,29710968,2004,0,1
14594,29712968,2007,0,1
14595,29714968,1993,0,1
14596,29716968,1994,1,1
14597,29718968,2068,0,1
14598,29720968,2127,0,1
14599,29722968,2131,0,1
14600,29724968,2093,0,1
14601,29726968,2059,0,1
14602,29728968,2003,0,1
14603,29730968,1999,0,1
14604,29732968,1981,0,1
14605,29734968,1975,0,1
14606,29736968,1945,1,1
14607,29738968,1995,0,1
14608,29740968,2044,0,1
14609,29742968,2058,0,1
14610,29744968,2067,0,1
14611,29746968,2055,0,1
14612,29748968,2020,0,1
14613,29750968,2011,0,1
14614,29752968,1993,0,1
14615,29754968,1993,0,1
14616,29756968,2013,1,1
14617,29758968,2055,0,1
14618,29760968,2073,0,1
14619,29762968,2059,0,1
14620,29764968,2043,0,1
14621,29766968,2011,0,1
14622,29768968,2019,0,1
14623,29770968,1995,0,1
14624,29772968,1983,0,1
14625,29774968,1993,0,1
14626,29776968,1964,1,1
14627,29778968,1981,0,1
14628,29780968,2001,0,1
14629,29782968,1995,0,1
14630,29784968,2006,0,1
14631,29786968,2007,0,1
14632,29788968,2007,0,1
14633,29790968,2018,0,1
14634,29792968,2007,0,1
14635,29794968,2014,1,1
14636,29796968,1982,1,1
14637,29798968,2070,0,1
14638,29800968,2095,0,1
14639,29802968,2104,0,1
14640,29804968,2075,0,1
14641,29806968,2043,0,1
14642,29808968,2003,0,1
14643,29810968,1993,0,1
14644,29812968,1979,0,1
14645,29814968,1990,1,1
14646,29816968,1941,1,1
14647,29818968,1997,0,1
14648,29820968,2029,0,1
14649,29822968,2055,0,1
14650,29824968,2053,0,1
14651,29826968,2043,0,1
14652,29828968,2025,0,1
14653,29830968,2006,0,1
14654,29832968,2004,0,1
14655,29834968,1998,1,1
14656,29836968,1979,1,1
14657,29838968,2035,0,1
14658,29840968,2073,0,1
14659,29842968,2087,0,1
14660,29844968,2072,0,1
14661,29846968,2040,0,1
14662,29848968,2013,0,1
14663,29850968,2001,0,1
14664,29852968,1988,0,1
14665,29854968,1991,1,1
14666,29856968,1972,1,1
14667,29858968,2045,0,1
14668,29860968,2087,0,1
14669,29862968,2103,0,1
14670,29864968,2077,0,1
14671,29866968,2039,0,1
14672,29868968,2015,0,1
14673,29870968,1988,0,1
14674,29872968,1983,0,1
14675,29874968,1997,1,1
14676,29876968,1981,1,1
14677,29878968,1993,0,1
14678,29880968,2001,0,1
14679,29882968,2007,0,1
14680,29884968,2011,0,1
14681,29886968,2005,0,1
14682,29888968,2003,0,1
14683,29890968,2005,0,1
14684,29892968,2009,0,1
14685,29894968,2009,1,1
14686,29896968,1981,1,1
14687,29898968,2059,0,1
14688,29900968,2092,0,1
14689,29902968,2103,0,1
14690,29904968,2074,0,1
14691,29906968,2031,0,1
14692,29908968,2011,0,1
14693,29910968,1996,0,1
14694,29912968,1991,0,1
14695,29914968,1979,1,1
14696,29916968,1997,1,1
14697,29918968,2037,0,1
14698,29920968,2043,0,1
14699,29922968,2053,0,1
14700,29924968,2025,0,1
14701,29926968,2013,0,1
14702,29928968,1997,0,1
14703,29930968,1991,0,1
14704,29932968,1997,0,1
14705,29934968,1995,1,1
14706,29936968,2001,1,1
14707,29938968,2074,0,1
14708,29940968,2102,0,1
14709,29942968,2098,0,1
14710,29944968,2079,0,1
14711,29946968,2031,0,1
14712,29948968,1997,0,1
14713,29950968,1996,0,1
14714,29952968,1984,0,1
14715,29954968,1993,1,1
14716,29956968,1975,1,1
14717,29958968,1947,0,1
14718,29960968,1836,0,1
14719,29962968,1831,0,1
14720,29964968,1844,0,1
14721,29966968,1903,0,1
14722,29968968,1961,0,1
14723,29970968,2022,0,1
14724,29972968,2056,0,1
14725,29974968,2032,1,1
14726,29976968,2031,1,1
14727,29978968,2091,0,1
14728,29980968,2111,0,1
14729,29982968,2117,0,1
14730,29984968,2059,0,1
14731,29986968,2027,0,1
14732,29988968,1997,0,1
14733,29990968,1977,0,1
14734,29992968,1997,0,1
14735,29994968,1972,1,1
14736,29996968,1997,1,1
14737,29998968,2039,0,1
14738,30000968,2069,0,1
14739,30002968,2074,0,1
14740,30004968,2059,0,1
14741,30006968,2021,0,1
14742,30008968,2007,0,1
14743,30010968,1996,0,1
14744,30012968,1991,0,1
14745,30014968,1973,1,1
14746,30016968,1919,1,1
14747,30018968,1967,0,1
14748,30020968,2023,0,1
14749,30022968,2063,0,1
14750,30024968,2053,0,1
14751,30026968,2043,0,1
14752,30028968,2023,0,1
14753,30030968,2008,0,1
14754,30032968,2011,0,1
14755,30034968,1983,1,1
14756,30036968,1964,1,1
14757,30038968,1999,0,1
14758,30040968,2030,0,1
14759,30042968,2052,0,1
14760,30044968,2052,0,1
14761,30046968,2037,0,1
14762,30048968,2011,0,1
14763,30050968,2007,0,1
14764,30052968,2002,0,1
14765,30054968,1973,1,1
14766,30056968,1950,1,1
14767,30058968,2007,0,1
14768,30060968,2040,0,1
14769,30062968,2059,0,1
14770,30064968,2055,0,1
14771,30066968,2035,0,1
14772,30068968,2011,0,1
14773,30070968,2005,0,1
14774,30072968,2005,0,1
14775,30074968,1963,1,1
14776,30076968,1925,1,1
14777,30078968,1967,0,1
14778,30080968,2025,0,1
14779,30082968,2059,0,1
14780,30084968,2053,0,1
14781,30086968,2045,0,1
14782,30088968,2027,0,1
14783,30090968,2011,0,1
14784,30092968,2009,0,1
14785,30094968,1975,1,1
14786,30096968,1917,1,1
14787,30098968,1999,0,1
14788,30100968,2038,0,1
14789,30102968,2063,0,1
14790,30104968,2054,0,1
14791,30106968,2027,0,1
14792,30108968,2019,0,1
14793,30110968,2003,0,1
14794,30112968,1993,0,1
14795,30114968,1994,1,1
14796,30116968,2041,1,1
14797,30118968,2125,0,1
14798,30120968,2149,0,1
14799,30122968,2123,0,1
14800,30124968,2085,0,1
14801,30126968,2029,0,1
14802,30128968,1991,0,1
14803,30130968,1982,0,1
14804,30132968,1983,0,1
14805,30134968,1971,1,1
14806,30136968,1965,1,1
14807,30138968,2045,0,1
14808,30140968,2093,0,1
14809,30142968,2088,0,1
14810,30144968,2073,0,1
14811,30146968,2037,0,1
14812,30148968,2011,0,1
14813,30150968,1997,0,1
14814,30152968,1995,0,1
14815,30154968,1951,1,1
14816,30156968,1900,1,1
14817,30158968,1949,0,1
14818,30160968,2007,0,1
14819,30162968,2039,0,1
14820,30164968,2039,0,1
14821,30166968,2026,0,1
14822,30168968,2031,0,1
14823,30170968,2022,0,1
14824,30172968,2004,0,1
14825,30174968,1941,1,1
14826,30176968,1881,1,1
14827,30178968,1927,0,1
14828,30180968,1989,0,1
14829,30182968,2022,0,1
14830,30184968,2031,0,1
14831,30186968,2041,0,1
14832,30188968,2037,0,1
14833,30190968,2026,0,1
14834,30192968,2003,0,1
14835,30194968,1951,1,1
14836,30196968,1885,1,1
14837,30198968,1939,0,1
14838,30200968,1997,0,1
14839,30202968,2023,0,1
14840,30204968,2053,0,1
14841,30206968,2040,0,1
14842,30208968,2027,0,1
14843,30210968,2021,0,1
14844,30212968,2005,0,1
14845,30214968,2003,1,1
14846,30216968,2035,1,1
14847,30218968,2084,0,1
14848,30220968,2094,0,1
14849,30222968,2083,0,1
14850,30224968,2045,0,1
14851,30226968,2013,0,1
14852,30228968,1998,0,1
14853,30230968,1990,0,1
14854,30232968,1991,0,1
14855,30234968,1931,1,1
14856,30236968,1885,1,1
14857,30238968,1967,0,1
14858,30240968,2019,0,1
14859,30242968,2067,0,1
14860,30244968,2057,0,1
14861,30246968,2063,0,1
14862,30248968,2039,0,1
14863,30250968,2027,0,1
14864,30252969,2019,0,1
14865,30254968,1977,1,1
14866,30256968,2073,1,1
14867,30258968,2237,0,1
14868,30260968,2300,0,1
14869,30262968,2255,0,1
14870,30264968,2163,0,1
14871,30266968,2070,0,1
14872,30268968,1993,0,1
14873,30270968,1943,0,1
14874,30272968,1929,0,1
14875,30274968,1961,1,1
14876,30276968,1981,1,1
14877,30278968,1996,0,1
14878,30280968,2003,0,1
14879,30282968,2003,0,1
14880,30284968,1999,0,1
14881,30286968,2009,0,1
14882,30288968,2007,0,1
14883,30290968,2002,0,1
14884,30292969,1996,0,1
14885,30294968,1977,1,1
14886,30296968,2030,1,1
14887,30298968,2079,0,1
14888,30300968,2089,0,1
14889,30302968,2071,0,1
14890,30304968,2044,0,1
14891,30306968,2021,0,1
14892,30308968,2003,0,1
14893,30310968,1978,0,1
14894,30312968,1979,0,1
14895,30314968,1944,1,1
14896,30316968,1945,1,1
14897,30318968,2011,0,1
14898,30320968,2069,0,1
14899,30322968,2079,0,1
14900,30324968,2075,0,1
14901,30326968,2031,0,1
14902,30328968,2020,0,1
14903,30330968,2007,0,1
14904,30332969,1997,0,1
14905,30334968,1963,1,1
14906,30336968,1951,1,1
14907,30338968,2053,0,1
14908,30340968,2078,0,1
14909,30342968,2083,0,1
14910,30344968,2071,0,1
14911,30346968,2039,0,1
14912,30348968,2019,0,1
14913,30350968,2005,0,1
14914,30352968,1991,0,1
14915,30354968,1963,1,1
14916,30356968,1967,1,1
14917,30358968,2007,0,1
14918,30360968,2023,0,1
14919,30362968,2031,0,1
14920,30364968,2026,0,1
14921,30366968,2022,0,1
14922,30368968,2013,0,1
14923,30370968,2009,0,1
14924,30372969,1993,0,1
14925,30374968,1957,1,1
14926,30376968,1967,1,1
14927,30378968,2037,0,1
14928,30380968,2088,0,1
14929,30382968,2084,0,1
14930,30384968,2066,0,1
14931,30386968,2031,0,1
14932,30388968,2007,0,1
14933,30390968,2006,0,1
14934,30392968,1995,0,1
14935,30394968,1945,1,1
14936,30396968,1955,1,1
14937,30398968,2024,0,1
14938,30400968,2067,0,1
14939,30402968,2067,0,1
14940,30404968,2059,0,1
14941,30406968,2040,0,1
14942,30408968,2020,0,1
14943,30410968,2010,0,1
14944,30412969,1993,0,1
14945,30414968,1913,1,1
14946,30416968,1899,1,1
14947,30418968,1970,0,1
14948,30420968,2039,0,1
14949,30422968,2059,0,1
14950,30424968,2057,0,1
14951,30426968,2035,0,1
14952,30428968,2028,0,1
14953,30430968,2019,0,1
14954,30432968,2002,0,1
14955,30434968,1935,1,1
14956,30436968,1957,1,1
14957,30438968,2029,0,1
14958,30440968,2066,0,1
14959,30442968,2063,0,1
14960,30444968,2040,0,1
14961,30446968,2023,0,1
14962,30448968,2015,0,1
14963,30450968,2005,0,1
14964,30452969,1991,0,1
14965,30454968,1932,1,1
14966,30456968,1919,1,1
14967,30458968,1973,0,1
14968,30460968,2036,0,1
14969,30462968,2045,0,1
14970,30464968,2063,0,1
14971,30466968,2039,0,1
14972,30468968,2031,0,1
14973,30470968,2028,0,1
14974,30472968,2011,0,1
14975,30474968,1907,1,1
14976,30476968,1896,1,1
14977,30478968,1967,0,1
14978,30480968,2019,0,1
14979,30482968,2054,0,1
14980,30484968,2035,0,1
14981,30486968,2041,0,1
14982,30488968,2023,0,1
14983,30490968,2023,0,1
14984,30492969,1997,0,1
14985,30494968,1944,1,1
14986,30496968,1987,1,1
14987,30498968,2029,0,1
14988,30500968,2059,0,1
14989,30502968,2067,0,1
14990,30504968,2035,0,1
14991,30506968,2025,0,1
14992,30508968,2008,0,1
14993,30510968,2003,0,1
14994,30512968,1993,0,1
14995,30514968,1971,1,1
14996,30516968,2031,0,1
14997,30518968,2093,0,1
14998,30520968,2121,0,1
14999,30522968,2084,0,1
15000,30524968,2044,0,1
15001,30526968,2027,0,1
15002,30528968,2003,0,1
15003,30530968,2002,0,1
15004,30532969,1991,0,1
15005,30534968,1947,1,1
15006,30536968,2013,0,1
15007,30538968,1928,0,1
15008,30540968,1915,0,1
15009,30542968,1920,0,1
15010,30544968,1944,0,1
15011,30546968,1976,0,1
15012,30548968,2009,0,1
15013,30550968,2021,0,1
15014,30552968,2031,0,1
15015,30554968,2029,1,1
15016,30556968,2022,0,1
15017,30558968,2015,0,1
15018,30560968,2011,0,1
15019,30562968,2007,0,1
15020,30564968,1995,0,1
15021,30566968,1993,0,1
15022,30568968,1992,0,1
15023,30570968,1999,0,1
15024,30572969,2011,0,1
15025,30574968,1997,1,1
15026,30576968,2079,0,1
15027,30578968,2139,0,1
15028,30580968,2139,0,1
15029,30582968,2120,0,1
15030,30584968,2060,0,1
15031,30586968,2023,0,1
15032,30588968,1999,0,1
15033,30590968,1971,0,1
15034,30592968,1981,0,1
15035,30594968,1908,1,1
15036,30596968,1925,0,1
15037,30598968,1989,0,1
15038,30600968,2027,0,1
15039,30602968,2065,0,1
15040,30604968,2057,0,1
15041,30606968,2035,0,1
15042,30608968,2031,0,1
15043,30610968,2007,0,1
15044,30612969,1999,0,1
15045,30614968,1933,1,1
15046,30616968,1939,0,1
15047,30618968,1977,0,1
15048,30620968,2019,0,1
15049,30622968,2052,0,1
15050,30624968,2035,0,1
15051,30626968,2039,0,1
15052,30628968,2028,0,1
15053,30630968,2023,0,1
15054,30632968,2006,0,1
15055,30634968,1910,1,1
15056,30636968,1933,0,1
15057,30638968,1987,0,1
15058,30640968,2020,0,1
15059,30642968,2045,0,1
15060,30644968,2057,0,1
15061,30646968,2037,0,1
15062,30648968,2021,0,1
15063,30650968,2012,0,1
15064,30652969,2013,0,1
15065,30654968,2025,1,1
15066,30656968,2118,0,1
15067,30658968,2172,0,1
15068,30660968,2166,0,1
15069,30662968,2120,0,1
15070,30664968,2065,0,1
15071,30666968,2014,0,1
15072,30668968,1983,0,1
15073,30670968,1961,0,1
15074,30672968,1975,0,1
15075,30674968,1927,1,1
15076,30676968,1965,0,1
15077,30678968,2031,0,1
15078,30680968,2063,0,1
15079,30682968,2071,0,1
15080,30684968,2053,0,1
15081,30686968,2029,0,1
15082,30688968,2013,0,1
15083,30690968,2007,0,1
15084,30692969,1999,0,1
15085,30694968,2437,1,1
15086,30696968,4095,0,0
15087,30698968,4095,0,0
15088,30700968,4095,0,0
15089,30702968,3981,0,1
15090,30704968,3220,0,1
15091,30706968,2548,0,1
15092,30708968,2031,0,1
15093,30710968,1749,0,1
15094,30712968,1626,0,1
15095,30714968,1567,1,1
15096,30716968,1723,0,1
15097,30718968,1899,0,1
15098,30720968,2045,0,1
15099,30722968,2123,0,1
15100,30724968,2141,0,1
15101,30726968,2122,0,1
15102,30728968,2079,0,1
15103,30730968,2023,0,1
15104,30732969,1997,0,1
15105,30734968,2023,1,1
15106,30736968,2198,0,1
15107,30738968,2296,0,1
15108,30740968,2280,0,1
15109,30742968,2207,0,1
15110,30744968,2103,0,1
15111,30746968,2021,0,1
15112,30748968,1959,0,1
15113,30750968,1931,0,1
15114,30752968,1947,0,1
15115,30754968,1883,1,1
15116,30756968,1964,0,1
15117,30758968,2023,0,1
15118,30760968,2078,0,1
15119,30762968,2076,0,1
15120,30764968,2063,0,1
15121,30766968,2031,0,1
15122,30768968,2019,0,1
15123,30770968,2009,0,1
15124,30772969,1993,0,1
15125,30774968,2187,1,1
15126,30776968,2927,0,1
15127,30778968,3388,0,1
15128,30780968,3299,0,1
15129,30782968,2891,0,1
15130,30784968,2427,0,1
15131,30786968,2057,0,1
15132,30788968,1835,0,1
15133,30790968,1750,0,1
15134,30792968,1759,0,1
15135,30794968,1781,1,1
15136,30796968,1935,0,1
15137,30798968,2063,0,1
15138,30800968,2130,0,1
15139,30802968,2149,0,1
15140,30804968,2105,0,1
15141,30806968,2067,0,1
15142,30808968,2020,0,1
15143,30810968,1991,0,1
15144,30812969,1987,0,1
15145,30814968,1991,1,1
15146,30816968,2069,0,1
15147,30818968,2111,0,1
15148,30820968,2110,0,1
15149,30822968,2079,0,1
15150,30824968,2031,0,1
15151,30826968,2008,0,1
15152,30828968,1997,0,1
15153,30830968,1983,0,1
15154,30832968,1975,0,1
15155,30834968,2011,1,1
15156,30836968,2109,0,1
15157,30838968,2151,0,1
15158,30840968,2155,0,1
15159,30842968,2103,0,1
15160,30844968,2041,0,1
15161,30846968,2013,0,1
15162,30848968,1967,0,1
15163,30850968,1972,0,1
15164,30852969,1976,0,1
15165,30854968,2008,1,1
15166,30856968,2095,0,1
15167,30858968,2148,0,1
15168,30860968,2131,0,1
15169,30862968,2099,0,1
15170,30864968,2039,0,1
15171,30866968,2005,0,1
15172,30868968,1983,0,1
15173,30870968,1968,0,1
15174,30872968,1975,1,1
15175,30874968,1884,1,1
15176,30876968,1907,0,1
15177,30878968,1971,0,1
15178,30880968,2017,0,1
15179,30882968,2039,0,1
15180,30884968,2039,0,1
15181,30886968,2026,0,1
15182,30888968,2023,0,1
15183,30890968,2025,0,1
15184,30892969,2014,0,1
15185,30894968,2003,1,1
15186,30896968,2067,0,1
15187,30898968,2093,0,1
15188,30900968,2101,0,1
15189,30902968,2065,0,1
15190,30904968,2028,0,1
15191,30906968,2011,0,1
15192,30908968,1982,0,1
15193,30910968,1992,0,1
15194,30912968,1982,1,1
15195,30914968,1955,1,1
15196,30916968,1979,0,1
15197,30918968,2023,0,1
15198,30920968,2039,0,1
15199,30922968,2053,0,1
15200,30924968,2025,0,1
15201,30926968,2025,0,1
15202,30928968,2011,0,1
15203,30930968,2005,0,1
15204,30932969,2003,1,1
15205,30934968,2105,1,1
15206,30936968,2519,0,1
15207,30938968,2741,0,1
15208,30940968,2698,0,1
15209,30942968,2484,0,1
15210,30944968,2237,0,1
15211,30946968,2029,0,1
15212,30948968,1913,0,1
15213,30950968,1874,0,1
15214,30952968,1855,1,1
15215,30954968,2360,1,1
15216,30956968,3356,0,1
15217,30958968,3884,0,1
15218,30960968,3607,0,1
15219,30962968,3007,0,1
15220,30964968,2439,0,1
15221,30966968,1995,0,1
15222,30968968,1751,0,1
15223,30970968,1685,0,1
15224,30972969,1723,1,1
15225,30974968,2303,1,1
15226,30976968,3641,0,1
15227,30978968,4095,0,0
15228,30980968,4063,0,1
15229,30982968,3317,0,1
15230,30984968,2634,0,1
15231,30986968,2089,0,1
15232,30988968,1759,0,1
15233,30990968,1639,0,1
15234,30992968,1657,1,1
15235,30994968,2565,1,1
15236,30996968,4095,0,0
15237,30998968,4095,0,0
15238,31000968,4095,0,0
15239,31002968,4095,0,0
15240,31004968,3420,0,1
15241,31006968,2713,0,1
15242,31008968,2139,0,1
15243,31010968,1798,0,1
15244,31012969,1671,1,1
15245,31014968,1715,1,1
15246,31016968,1989,0,1
15247,31018968,2201,0,1
15248,31020968,2297,0,1
15249,31022968,2259,0,1
15250,31024968,2187,0,1
15251,31026968,2084,0,1
15252,31028968,2012,0,1
15253,31030968,1967,0,1
15254,31032968,1945,1,1
15255,31034968,2121,1,1
15256,31036968,2474,0,1
15257,31038968,2611,0,1
15258,31040968,2551,0,1
15259,31042968,2359,0,1
15260,31044968,2152,0,1
15261,31046968,1993,0,1
15262,31048968,1913,0,1
15263,31050968,1883,0,1
15264,31052969,1895,1,1
15265,31054968,1891,1,1
15266,31056968,1817,0,1
15267,31058968,1799,0,1
15268,31060968,1839,0,1
15269,31062968,1899,0,1
15270,31064968,1957,0,1
15271,31066968,2012,0,1
15272,31068968,2046,0,1
15273,31070968,2063,0,1
15274,31072968,2043,1,1
15275,31074968,2172,1,1
15276,31076968,2515,0,1
15277,31078968,2633,0,1
15278,31080968,2543,0,1
15279,31082968,2344,0,1
15280,31084968,2138,0,1
15281,31086968,1979,0,1
15282,31088968,1893,0,1
15283,31090968,1875,0,1
15284,31092969,1875,1,1
15285,31094968,2019,1,1
15286,31096968,2355,0,1
15287,31098968,2527,0,1
15288,31100968,2477,0,1
15289,31102968,2344,0,1
15290,31104968,2159,0,1
15291,31106968,2015,0,1
15292,31108968,1935,0,1
15293,31110968,1885,0,1
15294,31112968,1883,1,1
15295,31114968,2014,1,1
15296,31116968,2402,0,1
15297,31118968,2579,0,1
15298,31120968,2511,0,1
15299,31122968,2363,0,1
15300,31124968,2168,0,1
15301,31126968,2021,0,1
15302,31128968,1915,0,1
15303,31130968,1885,0,1
15304,31132969,1855,1,1
15305,31134968,1907,1,1
15306,31136968,2123,0,1
15307,31138968,2251,0,1
15308,31140968,2267,0,1
15309,31142968,2197,0,1
15310,31144968,2117,0,1
15311,31146968,2039,0,1
15312,31148968,1976,0,1
15313,31150968,1949,0,1
15314,31152968,1913,1,1
15315,31154968,1894,1,1
15316,31156968,1989,0,1
15317,31158968,2063,0,1
15318,31160968,2091,0,1
15319,31162968,2079,0,1
15320,31164968,2069,0,1
15321,31166968,2029,0,1
15322,31168968,2011,0,1
15323,31170968,1992,0,1
15324,31172969,1955,1,1
15325,31174968,1880,1,1
15326,31176968,1912,0,1
15327,31178968,1960,0,1
15328,31180968,2005,0,1
15329,31182968,2019,0,1
15330,31184968,2030,0,1
15331,31186968,2024,0,1
15332,31188968,2015,0,1
15333,31190968,2003,0,1
15334,31192968,1971,1,1
15335,31194968,1943,1,1
15336,31196968,2005,0,1
15337,31198968,2053,0,1
15338,31200968,2055,0,1
15339,31202968,2041,0,1
15340,31204968,2021,0,1
15341,31206968,2012,0,1
15342,31208968,1990,0,1
15343,31210968,1983,0,1
15344,31212969,1963,1,1
15345,31214968,1892,1,1
15346,31216968,1968,0,1
15347,31218968,2023,0,1
15348,31220968,2043,0,1
15349,31222968,2059,0,1
15350,31224968,2040,0,1
15351,31226968,2021,0,1
15352,31228968,2004,0,1
15353,31230968,1992,0,1
15354,31232968,1956,1,1
15355,31234968,1944,1,1
15356,31236968,1999,0,1
15357,31238968,2053,0,1
15358,31240968,2073,0,1
15359,31242968,2071,0,1
15360,31244968,2032,0,1
15361,31246968,2011,0,1
15362,31248968,1997,0,1
15363,31250968,1992,0,1
15364,31252969,1944,1,1
15365,31254968,1893,1,1
15366,31256968,1964,0,1
15367,31258968,2019,0,1
15368,31260968,2055,0,1
15369,31262968,2046,0,1
15370,31264968,2041,0,1
15371,31266968,2023,0,1
15372,31268968,2004,0,1
15373,31270968,1999,0,1
15374,31272968,1941,1,1
15375,31274968,1887,1,1
15376,31276968,1927,0,1
15377,31278968,1961,0,1
15378,31280968,2011,0,1
15379,31282968,2035,0,1
15380,31284968,2031,0,1
15381,31286968,2023,0,1
15382,31288968,2013,0,1
15383,31290968,1999,0,1
15384,31292969,1951,1,1
15385,31294968,1914,1,1
15386,31296968,1965,0,1
15387,31298968,2009,0,1
15388,31300968,2038,0,1
15389,31302968,2042,0,1
15390,31304968,2027,0,1
15391,31306968,2011,0,1
15392,31308968,2003,0,1
15393,31310968,1995,0,1
15394,31312968,1965,1,1
15395,31314968,1928,1,1
15396,31316968,1983,0,1
15397,31318968,2020,0,1
15398,31320968,2037,0,1
15399,31322968,2040,0,1
15400,31324968,2021,0,1
15401,31326968,2013,0,1
15402,31328968,2006,0,1
15403,31330968,1991,0,1
15404,31332969,1965,1,1
15405,31334968,1961,1,1
15406,31336968,2027,0,1
15407,31338968,2070,0,1
15408,31340968,2063,0,1
15409,31342968,2056,0,1
15410,31344968,2028,0,1
15411,31346968,2008,0,1
15412,31348968,1995,0,1
15413,31350968,1990,0,1
15414,31352968,1933,1,1
15415,31354968,1949,1,1
15416,31356968,1998,0,1
15417,31358968,2043,0,1
15418,31360968,2040,0,1
15419,31362968,2057,0,1
15420,31364968,2030,0,1
15421,31366968,2007,0,1
15422,31368968,2007,0,1
15423,31370968,1995,0,1
15424,31372969,1913,1,1
15425,31374968,1821,1,1
15426,31376968,1847,0,1
15427,31378968,1917,0,1
15428,31380968,1975,0,1
15429,31382968,2019,0,1
15430,31384968,2029,0,1
15431,31386968,2040,0,1
15432,31388968,2040,0,1
15433,31390968,2021,0,1
15434,31392968,1947,1,1
15435,31394968,1951,1,1
15436,31396968,2009,0,1
15437,31398968,2066,0,1
15438,31400968,2065,0,1
15439,31402968,2063,0,1
15440,31404968,2027,0,1
15441,31406968,2009,0,1
15442,31408968,2009,0,1
15443,31410968,2003,0,1
15444,31412969,1989,1,1
15445,31414968,2015,1,1
15446,31416968,2087,0,1
15447,31418968,2109,0,1
15448,31420968,2105,0,1
15449,31422968,2063,0,1
15450,31424968,2028,0,1
15451,31426968,2003,0,1
15452,31428968,1997,0,1
15453,31430968,1989,0,1
15454,31432968,1897,1,1
15455,31434968,1861,1,1
15456,31436968,1939,0,1
15457,31438968,1999,0,1
15458,31440968,2024,0,1
15459,31442968,2055,0,1
15460,31444968,2057,0,1
15461,31446968,2037,0,1
15462,31448968,2027,0,1
15463,31450968,2010,0,1
15464,31452969,1929,1,1
15465,31454968,1895,1,1
15466,31456968,1916,0,1
15467,31458968,1951,0,1
15468,31460968,1979,0,1
15469,31462968,2007,0,1
15470,31464968,2018,0,1
15471,31466968,2029,0,1
15472,31468968,2027,0,1
15473,31470968,2013,0,1
15474,31472968,1937,1,1
15475,31474968,1907,1,1
15476,31476968,1971,0,1
15477,31478968,2023,0,1
15478,31480968,2039,0,1
15479,31482968,2053,0,1
15480,31484968,2025,0,1
15481,31486968,2029,0,1
15482,31488968,2023,0,1
15483,31490968,2007,0,1
15484,31492969,1939,1,1
15485,31494968,1919,1,1
15486,31496968,1967,0,1
15487,31498968,2025,0,1
15488,31500968,2044,0,1
15489,31502968,2053,0,1
15490,31504968,2035,0,1
15491,31506968,2021,0,1
15492,31508968,2023,0,1
15493,31510968,2004,0,1
15494,31512968,1907,1,1
15495,31514968,1898,1,1
15496,31516968,1927,0,1
15497,31518968,1995,0,1
15498,31520968,2023,0,1
15499,31522968,2023,0,1
15500,31524968,2036,0,1
15501,31526968,2035,0,1
15502,31528968,2024,0,1
15503,31530968,2006,0,1
15504,31532969,1961,1,1
15505,31534968,1981,1,1
15506,31536968,2045,0,1
15507,31538968,2068,0,1
15508,31540968,2069,0,1
15509,31542968,2039,0,1
15510,31544968,2025,0,1
15511,31546968,2006,0,1
15512,31548968,1997,0,1
15513,31550968,1990,0,1
15514,31552968,1899,1,1
15515,31554968,1897,1,1
15516,31556968,1962,0,1
15517,31558968,2020,0,1
15518,31560968,2044,0,1
15519,31562968,2055,0,1
15520,31564968,2039,0,1
15521,31566968,2027,0,1
15522,31568968,2015,0,1
15523,31570968,2005,0,1
15524,31572969,1884,1,1
15525,31574968,1885,1,1
15526,31576968,1948,0,1
15527,31578968,2015,0,1
15528,31580968,2056,0,1
15529,31582968,2059,0,1
15530,31584968,2043,0,1
15531,31586968,2035,0,1
15532,31588968,2009,0,1
15533,31590968,1994,0,1
15534,31592968,1933,1,1
15535,31594968,1951,1,1
15536,31596968,2010,0,1
15537,31598968,2037,0,1
15538,31600968,2043,0,1
15539,31602968,2039,0,1
15540,31604968,2023,0,1
15541,31606968,2019,0,1
15542,31608968,2005,0,1
15543,31610968,1999,0,1
15544,31612969,1919,1,1
15545,31614968,2019,1,1
15546,31616968,2236,0,1
15547,31618968,2327,0,1
15548,31620968,2302,0,1
15549,31622968,2205,0,1
15550,31624968,2095,0,1
15551,31626968,2021,0,1
15552,31628968,1957,0,1
15553,31630968,1944,0,1
15554,31632968,1875,1,1
15555,31634968,1767,1,1
15556,31636968,1659,0,1
15557,31638968,1693,0,1
15558,31640968,1789,0,1
15559,31642968,1901,0,1
15560,31644968,1981,0,1
15561,31646968,2056,0,1
15562,31648968,2087,0,1
15563,31650968,2075,0,1
15564,31652969,2019,1,1
15565,31654968,1975,1,1
15566,31656968,1971,0,1
15567,31658968,1991,0,1
15568,31660968,1991,0,1
15569,31662968,1991,0,1
15570,31664968,1998,0,1
15571,31666968,2011,0,1
15572,31668968,2019,0,1
15573,31670968,2010,0,1
15574,31672968,1918,1,1
15575,31674968,1935,1,1
15576,31676968,1982,0,1
15577,31678968,2019,0,1
15578,31680968,2032,0,1
15579,31682968,2037,0,1
15580,31684968,2030,0,1
15581,31686968,2019,0,1
15582,31688968,2012,0,1
15583,31690968,1995,0,1
15584,31692969,1929,1,1
15585,31694968,1950,0,1
15586,31696968,1998,0,1
15587,31698968,2027,0,1
15588,31700968,2038,0,1
15589,31702968,2040,0,1
15590,31704968,2031,0,1
15591,31706968,2015,0,1
15592,31708968,2009,0,1
15593,31710968,2009,0,1
15594,31712968,1911,1,1
15595,31714968,1946,0,1
15596,31716968,2008,0,1
15597,31718968,2039,0,1
15598,31720968,2070,0,1
15599,31722968,2063,0,1
15600,31724968,2037,0,1
15601,31726968,2011,0,1
15602,31728968,2007,0,1
15603,31730968,1998,0,1
15604,31732969,1941,1,1
15605,31734968,1952,0,1
15606,31736968,2014,0,1
15607,31738968,2041,0,1
15608,31740968,2069,0,1
15609,31742968,2043,0,1
15610,31744968,2026,0,1
15611,31746968,2025,0,1
15612,31748968,2007,0,1
15613,31750968,2004,0,1
15614,31752968,1939,1,1
15615,31754968,1981,0,1
15616,31756968,2058,0,1
15617,31758968,2095,0,1
15618,31760968,2091,0,1
15619,31762968,2063,0,1
15620,31764968,2027,0,1
15621,31766968,2008,0,1
15622,31768968,1997,0,1
15623,31770968,2003,0,1
15624,31772969,1914,1,1
15625,31774968,1935,0,1
15626,31776968,1993,0,1
15627,31778968,2053,0,1
15628,31780968,2043,0,1
15629,31782968,2045,0,1
15630,31784968,2041,0,1
15631,31786968,2025,0,1
15632,31788968,2007,0,1
15633,31790968,1996,0,1
15634,31792968,1944,1,1
15635,31794968,1977,0,1
15636,31796968,2032,0,1
15637,31798968,2068,0,1
15638,31800968,2068,0,1
15639,31802968,2041,0,1
15640,31804968,2019,0,1
15641,31806968,2013,0,1
15642,31808968,2003,0,1
15643,31810968,2005,0,1
15644,31812969,1927,1,1
15645,31814968,1934,0,1
15646,31816968,1993,0,1
15647,31818968,2029,0,1
15648,31820968,2057,0,1
15649,31822968,2040,0,1
15650,31824968,2030,0,1
15651,31826968,2021,0,1
15652,31828968,2008,0,1
15653,31830968,2003,0,1
15654,31832968,1947,1,1
15655,31834968,1961,0,1
15656,31836968,2024,0,1
15657,31838968,2054,0,1
15658,31840968,2065,0,1
15659,31842968,2056,0,1
15660,31844968,2029,0,1
15661,31846968,2015,0,1
15662,31848968,2005,0,1
15663,31850968,1995,0,1
15664,31852969,1966,1,1
15665,31854968,1991,0,1
15666,31856968,2040,0,1
15667,31858968,2069,0,1
15668,31860968,2055,0,1
15669,31862968,2038,0,1
15670,31864968,2022,0,1
15671,31866968,2013,0,1
15672,31868968,2010,0,1
15673,31870968,1988,0,1
15674,31872968,1927,1,1
15675,31874968,1994,0,1
15676,31876968,2063,0,1
15677,31878968,2104,0,1
15678,31880968,2079,0,1
15679,31882968,2053,0,1
15680,31884968,2029,0,1
15681,31886968,2012,0,1
15682,31888968,2009,0,1
15683,31890968,1981,0,1
15684,31892969,1875,1,1
15685,31894968,1899,0,1
15686,31896968,1968,0,1
15687,31898968,2030,0,1
15688,31900968,2045,0,1
15689,31902968,2070,0,1
15690,31904968,2043,0,1
15691,31906968,2031,0,1
15692,31908968,2019,0,1
15693,31910968,2013,0,1
15694,31912968,1900,1,1
15695,31914968,1939,0,1
15696,31916968,1992,0,1
15697,31918968,2031,0,1
15698,31920968,2041,0,1
15699,31922968,2041,0,1
15700,31924968,2036,0,1
15701,31926968,2021,0,1
15702,31928968,2022,0,1
15703,31930968,1997,1,1
15704,31932969,1963,1,1
15705,31934968,2026,0,1
15706,31936968,2085,0,1
15707,31938968,2105,0,1
15708,31940968,2089,0,1
15709,31942968,2056,0,1
15710,31944968,2020,0,1
15711,31946968,2003,0,1
15712,31948968,2005,0,1
15713,31950968,1992,1,1
15714,31952968,1925,1,1
15715,31954968,1962,0,1
15716,31956968,2007,0,1
15717,31958968,2071,0,1
15718,31960968,2065,0,1
15719,31962968,2055,0,1
15720,31964968,2039,0,1
15721,31966968,2025,0,1
15722,31968968,2013,0,1
15723,31970968,1997,1,1
15724,31972969,1864,1,1
15725,31974968,1895,0,1
15726,31976968,1951,0,1
15727,31978968,2005,0,1
15728,31980968,2029,0,1
15729,31982968,2027,0,1
15730,31984968,2030,0,1
15731,31986968,2036,0,1
15732,31988968,2031,0,1
15733,31990968,2013,1,1
15734,31992968,1956,1,1
15735,31994968,1981,0,1
15736,31996968,2041,0,1
15737,31998968,2063,0,1
15738,32000968,2056,0,1
15739,32002968,2039,0,1
15740,32004968,2013,0,1
15741,32006968,2013,0,1
15742,32008968,2006,0,1
15743,32010968,1991,1,1
15744,32012969,1947,1,1
15745,32014968,1993,0,1
15746,32016968,2031,0,1
15747,32018968,2073,0,1
15748,32020968,2068,0,1
15749,32022968,2055,0,1
15750,32024968,2028,0,1
15751,32026968,2007,0,1
15752,32028968,2007,0,1
15753,32030968,1989,1,1
15754,32032968,1927,1,1
15755,32034968,1993,0,1
15756,32036968,2039,0,1
15757,32038968,2079,0,1
15758,32040968,2075,0,1
15759,32042968,2053,0,1
15760,32044968,2021,0,1
15761,32046968,2011,0,1
15762,32048968,2008,0,1
15763,32050968,1980,1,1
15764,32052969,1916,1,1
15765,32054968,1971,0,1
15766,32056968,2040,0,1
15767,32058968,2086,0,1
15768,32060968,2077,0,1
15769,32062968,2057,0,1
15770,32064968,2026,0,1
15771,32066968,2022,0,1
15772,32068968,2005,0,1
15773,32070968,1983,1,1
15774,32072968,1894,1,1
15775,32074968,1927,0,1
15776,32076968,1980,0,1
15777,32078968,2027,0,1
15778,32080968,2055,0,1
15779,32082968,2055,0,1
15780,32084968,2028,0,1
15781,32086968,2019,0,1
15782,32088968,2013,0,1
15783,32090968,1999,1,1
15784,32092969,1996,1,1
15785,32094968,2007,0,1
15786,32096968,2020,0,1
15787,32098968,2023,0,1
15788,32100968,2028,0,1
15789,32102968,2023,0,1
15790,32104968,2013,0,1
15791,32106968,2011,0,1
15792,32108968,2011,0,1
15793,32110968,2002,1,1
15794,32112968,1981,1,1
15795,32114968,2059,0,1
15796,32116968,2085,0,1
15797,32118968,2091,0,1
15798,32120968,2077,0,1
15799,32122968,2038,0,1
15800,32124968,2006,0,1
15801,32126968,1998,0,1
15802,32128968,1993,0,1
15803,32130968,1974,1,1
15804,32132969,1933,1,1
15805,32134968,1948,0,1
15806,32136968,1995,0,1
15807,32138968,2025,0,1
15808,32140968,2040,0,1
15809,32142968,2038,0,1
15810,32144968,2026,0,1
15811,32146968,2023,0,1
15812,32148968,2021,0,1
15813,32150968,1994,1,1
15814,32152968,1961,1,1
15815,32154968,2005,0,1
15816,32156968,2045,0,1
15817,32158968,2071,0,1
15818,32160968,2069,0,1
15819,32162968,2045,0,1
15820,32164968,2021,0,1
15821,32166968,2010,0,1
15822,32168968,1996,0,1
15823,32170968,1964,1,1
15824,32172969,1931,1,1
15825,32174968,1963,0,1
15826,32176968,2003,0,1
15827,32178968,2029,0,1
15828,32180968,2039,0,1
15829,32182968,2039,0,1
15830,32184968,2021,0,1
15831,32186968,2015,0,1
15832,32188968,2008,0,1
15833,32190968,1983,1,1
15834,32192968,1925,1,1
15835,32194968,1960,0,1
15836,32196968,2089,0,1
15837,32198968,2029,0,1
15838,32200968,2043,0,1
15839,32202968,2041,0,1
15840,32204968,2027,0,1
15841,32206968,2014,0,1
15842,32208968,2011,0,1
15843,32210968,1979,1,1
15844,32212969,1932,1,1
15845,32214968,1962,0,1
15846,32216968,2005,0,1
15847,32218968,2041,0,1
15848,32220968,2055,0,1
15849,32222968,2032,0,1
15850,32224968,2036,0,1
15851,32226968,2023,0,1
15852,32228968,2019,0,1
15853,32230968,1968,1,1
15854,32232968,1877,1,1
15855,32234968,1925,0,1
15856,32236968,1972,0,1
15857,32238968,2012,0,1
15858,32240968,2039,0,1
15859,32242968,2056,0,1
15860,32244968,2037,0,1
15861,32246968,2037,0,1
15862,32248968,2012,0,1
15863,32250968,1967,1,1
15864,32252969,1919,1,1
15865,32254968,1976,0,1
15866,32256968,2019,0,1
15867,32258968,2040,0,1
15868,32260968,2055,0,1
15869,32262968,2032,0,1
15870,32264968,2024,0,1
15871,32266968,2013,0,1
15872,32268968,2004,0,1
15873,32270968,1979,1,1
15874,32272968,1943,1,1
15875,32274968,1976,0,1
15876,32276968,2023,0,1
15877,32278968,2059,0,1
15878,32280968,2059,0,1
15879,32282968,2031,0,1
15880,32284968,2027,0,1
15881,32286968,2005,0,1
15882,32288968,2005,0,1
15883,32290968,1957,1,1
15884,32292969,1915,1,1
15885,32294968,1957,0,1
15886,32296968,2015,0,1
15887,32298968,2067,0,1
15888,32300968,2063,0,1
15889,32302968,2063,0,1
15890,32304968,2041,0,1
15891,32306968,2030,0,1
15892,32308968,2022,0,1
15893,32310968,2009,1,1
15894,32312968,2044,1,1
15895,32314968,2172,0,1
15896,32316968,2221,0,1
15897,32318968,2205,0,1
15898,32320968,2127,0,1
15899,32322968,2057,0,1
15900,32324968,1994,0,1
15901,32326968,1977,0,1
15902,32328968,1946,0,1
15903,32330968,1907,1,1
15904,32332969,1835,1,1
15905,32334968,1854,0,1
15906,32336968,1918,0,1
15907,32338968,1982,0,1
15908,32340968,2023,0,1
15909,32342968,2041,0,1
15910,32344968,2055,0,1
15911,32346968,2059,0,1
15912,32348968,2029,0,1
15913,32350968,1967,1,1
15914,32352968,1943,1,1
15915,32354968,1965,0,1
15916,32356968,2007,0,1
15917,32358968,2024,0,1
15918,32360968,2026,0,1
15919,32362968,2037,0,1
15920,32364968,2024,0,1
15921,32366968,2023,0,1
15922,32368968,2007,0,1
15923,32370968,1940,1,1
15924,32372969,1896,1,1
15925,32374968,1927,0,1
15926,32376968,1973,0,1
15927,32378968,2013,0,1
15928,32380968,2031,0,1
15929,32382968,2037,0,1
15930,32384968,2031,0,1
15931,32386968,2031,0,1
15932,32388968,2019,0,1
15933,32390968,1971,1,1
15934,32392968,1989,1,1
15935,32394968,2040,0,1
15936,32396968,2092,0,1
15937,32398968,2090,0,1
15938,32400968,2078,0,1
15939,32402968,2039,0,1
15940,32404968,2025,0,1
15941,32406968,2011,0,1
15942,32408968,1993,0,1
15943,32410968,1939,1,1
15944,32412969,1916,1,1
15945,32414968,1944,0,1
15946,32416968,1990,0,1
15947,32418968,2019,0,1
15948,32420968,2027,0,1
15949,32422968,2028,0,1
15950,32424968,2035,0,1
15951,32426968,2021,0,1
15952,32428968,2011,0,1
15953,32430968,1917,1,1
15954,32432968,1869,1,1
15955,32434968,1912,0,1
15956,32436968,1973,0,1
15957,32438968,2003,0,1
15958,32440968,2025,0,1
15959,32442968,2035,0,1
15960,32444968,2037,0,1
15961,32446968,2038,0,1
15962,32448968,2011,0,1
15963,32450968,1928,1,1
15964,32452969,1837,1,1
15965,32454968,1844,0,1
15966,32456968,1898,0,1
15967,32458968,1947,0,1
15968,32460968,1999,0,1
15969,32462968,2029,0,1
15970,32464968,2053,0,1
15971,32466968,2065,0,1
15972,32468968,2035,0,1
15973,32470968,1965,1,1
15974,32472968,1943,1,1
15975,32474968,1975,0,1
15976,32476968,2009,0,1
15977,32478968,2021,0,1
15978,32480968,2036,0,1
15979,32482968,2037,0,1
15980,32484968,2030,0,1
15981,32486968,2021,0,1
15982,32488968,2018,0,1
15983,32490968,1959,1,1
15984,32492969,1927,0,1
15985,32494968,1941,0,1
15986,32496968,1971,0,1
15987,32498968,1995,0,1
15988,32500968,2005,0,1
15989,32502968,2021,0,1
15990,32504968,2035,0,1
15991,32506968,2029,0,1
15992,32508968,2010,0,1
15993,32510968,1962,1,1
15994,32512968,1913,1,1
15995,32514968,1928,0,1
15996,32516968,1955,0,1
15997,32518968,1981,0,1
15998,32520968,2008,0,1
15999,32522968,2015,0,1
16000,32524968,2031,0,1
16001,32526968,2029,0,1
16002,32528968,2021,0,1
16003,32530968,1947,1,1
16004,32532969,1865,1,1
16005,32534968,1844,0,1
16006,32536968,1893,0,1
16007,32538968,1939,0,1
16008,32540968,1995,0,1
16009,32542968,2025,0,1
16010,32544968,2041,0,1
16011,32546968,2039,0,1
16012,32548968,2041,0,1
16013,32550968,1961,1,1
16014,32552968,1785,1,1
16015,32554968,1959,0,1
16016,32556968,1981,0,1
16017,32558968,2007,0,1
16018,32560968,2013,0,1
16019,32562968,2015,0,1
16020,32564968,2031,0,1
16021,32566968,2021,0,1
16022,32568968,2013,0,1
16023,32570968,1947,1,1
16024,32572969,1977,0,1
16025,32574968,2023,0,1
16026,32576968,2040,0,1
16027,32578968,2056,0,1
16028,32580968,2038,0,1
16029,32582968,2031,0,1
16030,32584968,2011,0,1
16031,32586968,1993,0,1
16032,32588968,1998,0,1
16033,32590968,1957,1,1
16034,32592968,1975,1,1
16035,32594968,1997,0,1
16036,32596968,2026,0,1
16037,32598968,2021,0,1
16038,32600968,2021,0,1
16039,32602968,2029,0,1
16040,32604968,2021,0,1
16041,32606968,2013,0,1
16042,32608968,2009,0,1
16043,32610968,1935,1,1
16044,32612969,1907,0,1
16045,32614968,1945,0,1
16046,32616968,1993,0,1
16047,32618968,2018,0,1
16048,32620968,2039,0,1
16049,32622968,2027,0,1
16050,32624968,2035,0,1
16051,32626968,2026,0,1
16052,32628968,2020,0,1
16053,32630968,1971,1,1
16054,32632968,1981,1,1
16055,32634968,1995,0,1
16056,32636968,2007,0,1
16057,32638968,2022,0,1
16058,32640968,2014,0,1
16059,32642968,2019,0,1
16060,32644968,2021,0,1
16061,32646968,2015,0,1
16062,32648968,2019,0,1
16063,32650968,2038,1,1
16064,32652969,2207,0,1
16065,32654968,2332,0,1
16066,32656968,2323,0,1
16067,32658968,2232,0,1
16068,32660968,2121,0,1
16069,32662968,2024,0,1
16070,32664968,1963,0,1
16071,32666968,1948,0,1
16072,32668968,1943,0,1
16073,32670968,1934,1,1
16074,32672968,1974,1,1
16075,32674968,2024,0,1
16076,32676968,2058,0,1
16077,32678968,2067,0,1
16078,32680968,2056,0,1
16079,32682968,2037,0,1
16080,32684968,2023,0,1
16081,32686968,2007,0,1
16082,32688968,1995,0,1
16083,32690968,1926,1,1
16084,32692969,1918,0,1
16085,32694968,1926,0,1
16086,32696968,1958,0,1
16087,32698968,1979,0,1
16088,32700968,1999,0,1
16089,32702968,2027,0,1
16090,32704968,2029,0,1
16091,32706968,2028,0,1
16092,32708968,2025,0,1
16093,32710968,1991,1,1
16094,32712968,2020,0,1
16095,32714968,2057,0,1
16096,32716968,2071,0,1
16097,32718968,2063,0,1
16098,32720968,2035,0,1
16099,32722968,2009,0,1
16100,32724968,2011,0,1
16101,32726968,2003,0,1
16102,32728968,1996,0,1
16103,32730968,1926,1,1
16104,32732968,1935,0,1
16105,32734968,1981,0,1
16106,32736968,2003,0,1
16107,32738968,2031,0,1
16108,32740968,2040,0,1
16109,32742968,2039,0,1
16110,32744968,2027,0,1
16111,32746968,2013,0,1
16112,32748968,2009,0,1
16113,32750968,1925,1,1
16114,32752968,1917,0,1
16115,32754968,1974,0,1
16116,32756968,2015,0,1
16117,32758968,2035,0,1
16118,32760968,2037,0,1
16119,32762968,2035,0,1
16120,32764968,2028,0,1
16121,32766968,2018,0,1
16122,32768968,2009,0,1
16123,32770968,1951,1,1
16124,32772968,1983,0,1
16125,32774968,2023,0,1
16126,32776968,2057,0,1
16127,32778968,2043,0,1
16128,32780968,2043,0,1
16129,32782968,2018,0,1
16130,32784968,2008,0,1
16131,32786968,2012,0,1
16132,32788968,2007,0,1
16133,32790968,1968,1,1
16134,32792968,1976,0,1
16135,32794968,1999,0,1
16136,32796968,2011,0,1
16137,32798968,2023,0,1
16138,32800968,2029,0,1
16139,32802968,2013,0,1
16140,32804968,2023,0,1
16141,32806968,2010,0,1
16142,32808968,2011,0,1
16143,32810968,1963,1,1
16144,32812968,2011,0,1
16145,32814968,2059,0,1
16146,32816968,2072,0,1
16147,32818968,2069,0,1
16148,32820968,2053,0,1
16149,32822968,2025,0,1
16150,32824968,2009,0,1
16151,32826968,2005,0,1
16152,32828968,1998,0,1
16153,32830968,1973,1,1
16154,32832968,1992,0,1
16155,32834968,2023,0,1
16156,32836968,2055,0,1
16157,32838968,2043,0,1
16158,32840968,2037,0,1
16159,32842968,2012,0,1
16160,32844968,2015,0,1
16161,32846968,2011,0,1
16162,32848968,2005,0,1
16163,32850968,1967,1,1
16164,32852968,1995,0,1
16165,32854968,2041,0,1
16166,32856968,2065,0,1
16167,32858968,2065,0,1
16168,32860968,2039,0,1
16169,32862968,2024,0,1
16170,32864968,2010,0,1
16171,32866968,1995,0,1
16172,32868968,2005,0,1
16173,32870968,1938,1,1
16174,32872968,1951,0,1
16175,32874968,2004,0,1
16176,32876968,2041,0,1
16177,32878968,2041,0,1
16178,32880968,2053,0,1
16179,32882968,2035,0,1
16180,32884968,2025,0,1
16181,32886968,2015,0,1
16182,32888968,2007,0,1
16183,32890968,1934,1,1
16184,32892968,1961,0,1
16185,32894968,2021,0,1
16186,32896968,2065,0,1
16187,32898968,2056,0,1
16188,32900968,2044,0,1
16189,32902968,2035,0,1
16190,32904968,2020,0,1
16191,32906968,2013,0,1
16192,32908968,1995,0,1
16193,32910968,1931,1,1
16194,32912968,1951,0,1
16195,32914968,1999,0,1
16196,32916968,2039,0,1
16197,32918968,2056,0,1
16198,32920968,2039,0,1
16199,32922968,2028,0,1
16200,32924968,2019,0,1
16201,32926968,2014,0,1
16202,32928968,2012,0,1
16203,32930968,1948,1,1
16204,32932968,1967,0,1
16205,32934968,2024,0,1
16206,32936968,2057,0,1
16207,32938968,2056,0,1
16208,32940968,2041,0,1
16209,32942968,2026,0,1
16210,32944968,2019,0,1
16211,32946968,2011,0,1
16212,32948968,2002,0,1
16213,32950968,1966,1,1
16214,32952968,2003,0,1
16215,32954968,2031,0,1
16216,32956968,2069,0,1
16217,32958968,2058,0,1
16218,32960968,2039,0,1
16219,32962968,2024,0,1
16220,32964968,2011,0,1
16221,32966968,2009,0,1
16222,32968968,1996,0,1
16223,32970968,1934,1,1
16224,32972968,1945,0,1
16225,32974968,1961,0,1
16226,32976968,1991,0,1
16227,32978968,2007,0,1
16228,32980968,2019,0,1
16229,32982968,2025,0,1
16230,32984968,2028,0,1
16231,32986968,2041,0,1
16232,32988968,2029,0,1
16233,32990968,2021,1,1
16234,32992968,2249,0,1
16235,32994968,2407,0,1
16236,32996968,2411,0,1
16237,32998968,2313,0,1
16238,33000968,2151,0,1
16239,33002968,2027,0,1
16240,33004968,1948,0,1
16241,33006968,1927,0,1
16242,33008968,1903,0,1
16243,33010968,1817,1,1
16244,33012968,1759,0,1
16245,33014968,1773,0,1
16246,33016968,1849,0,1
16247,33018968,1927,0,1
16248,33020968,1989,0,1
16249,33022968,2043,0,1
16250,33024968,2070,0,1
16251,33026968,2079,0,1
16252,33028968,2055,0,1
16253,33030968,1933,1,1
16254,33032968,1943,0,1
16255,33034968,1967,0,1
16256,33036968,2010,0,1
16257,33038968,2019,0,1
16258,33040968,2023,0,1
16259,33042968,2015,0,1
16260,33044968,2028,0,1
16261,33046968,2019,0,1
16262,33048968,2023,1,1
16263,33050968,2009,1,1
16264,33052968,2013,0,1
16265,33054968,2008,0,1
16266,33056968,2027,0,1
16267,33058968,2011,0,1
16268,33060968,2005,0,1
16269,33062968,2014,0,1
16270,33064968,2007,0,1
16271,33066968,2025,0,1
16272,33068968,2003,0,1
16273,33070968,1983,1,1
16274,33072968,2059,0,1
16275,33074968,2092,0,1
16276,33076968,2095,0,1
16277,33078968,2084,0,1
16278,33080968,2039,0,1
16279,33082968,2023,0,1
16280,33084968,1999,0,1
16281,33086968,1993,0,1
16282,33088968,1983,0,1
16283,33090968,1957,1,1
16284,33092968,2023,0,1
16285,33094968,2058,0,1
16286,33096968,2060,0,1
16287,33098968,2043,0,1
16288,33100968,2029,0,1
16289,33102968,2011,0,1
16290,33104968,2013,0,1
16291,33106968,1994,0,1
16292,33108968,1997,1,1
16293,33110968,1875,1,1
16294,33112968,1913,0,1
16295,33114968,1947,0,1
16296,33116968,1995,0,1
16297,33118968,2031,0,1
16298,33120968,2042,0,1
16299,33122968,2039,0,1
16300,33124968,2027,0,1
16301,33126968,2023,0,1
16302,33128968,2019,1,1
16303,33130968,1993,1,1
16304,33132968,2043,0,1
16305,33134968,2077,0,1
16306,33136968,2080,0,1
16307,33138968,2075,0,1
16308,33140968,2027,0,1
16309,33142968,2011,0,1
16310,33144968,2011,0,1
16311,33146968,2007,0,1
16312,33148968,1992,1,1
16313,33150968,1892,1,1
16314,33152968,1893,0,1
16315,33154968,1941,0,1
16316,33156968,1995,0,1
16317,33158968,2021,0,1
16318,33160968,2030,0,1
16319,33162968,2045,0,1
16320,33164968,2028,0,1
16321,33166968,2031,0,1
16322,33168968,2011,1,1
16323,33170968,1943,1,1
16324,33172968,2017,0,1
16325,33174968,2063,0,1
16326,33176968,2077,0,1
16327,33178968,2060,0,1
16328,33180968,2053,0,1
16329,33182968,2027,0,1
16330,33184968,2008,0,1
16331,33186968,2005,0,1
16332,33188968,2009,1,1
16333,33190968,1929,1,1
16334,33192968,1955,0,1
16335,33194968,2009,0,1
16336,33196968,2028,0,1
16337,33198968,2055,0,1
16338,33200968,2043,0,1
16339,33202968,2035,0,1
16340,33204968,2022,0,1
16341,33206968,2007,0,1
16342,33208968,1993,1,1
16343,33210968,1941,1,1
16344,33212968,1993,0,1
16345,33214968,2045,0,1
16346,33216968,2071,0,1
16347,33218968,2059,0,1
16348,33220968,2043,0,1
16349,33222968,2021,0,1
16350,33224968,2012,0,1
16351,33226968,2003,0,1
16352,33228968,1991,1,1
16353,33230968,1899,1,1
16354,33232968,1939,0,1
16355,33234968,1992,0,1
16356,33236968,2040,0,1
16357,33238968,2041,0,1
16358,33240968,2054,0,1
16359,33242968,2031,0,1
16360,33244968,2015,0,1
16361,33246968,2013,0,1
16362,33248968,2008,1,1
16363,33250968,2005,1,1
16364,33252968,2075,0,1
16365,33254968,2111,0,1
16366,33256968,2099,0,1
16367,33258968,2076,0,1
16368,33260968,2039,0,1
16369,33262968,2012,0,1
16370,33264968,2001,0,1
16371,33266968,1983,0,1
16372,33268968,1981,1,1
16373,33270968,1948,1,1
16374,33272968,1983,0,1
16375,33274968,2021,0,1
16376,33276968,2037,0,1
16377,33278968,2058,0,1
16378,33280968,2043,0,1
16379,33282968,2027,0,1
16380,33284968,2012,0,1
16381,33286968,2003,0,1
16382,33288968,1981,1,1
16383,33290968,1994,1,1
16384,33292968,2043,0,1
16385,33294968,2067,0,1
16386,33296968,2063,0,1
16387,33298968,2044,0,1
16388,33300968,2026,0,1
16389,33302968,2007,0,1
16390,33304968,2004,0,1
16391,33306968,1998,0,1
16392,33308968,1973,1,1
16393,33310968,1903,1,1
16394,33312968,1977,0,1
16395,33314968,2026,0,1
16396,33316968,2055,0,1
16397,33318968,2056,0,1
16398,33320968,2055,0,1
16399,33322968,2031,0,1
16400,33324968,2024,0,1
16401,33326968,2009,0,1
16402,33328968,1989,1,1
16403,33330968,1965,1,1
16404,33332968,2022,0,1
16405,33334968,2069,0,1
16406,33336968,2071,0,1
16407,33338968,2060,0,1
16408,33340968,2023,0,1
16409,33342968,2019,0,1
16410,33344968,2021,0,1
16411,33346968,1999,0,1
16412,33348968,1989,1,1
16413,33350968,1915,1,1
16414,33352968,1952,0,1
16415,33354968,1995,0,1
16416,33356968,2011,0,1
16417,33358968,2012,0,1
16418,33360968,2021,0,1
16419,33362968,2025,0,1
16420,33364968,2021,0,1
16421,33366968,2015,0,1
16422,33368968,1979,1,1
16423,33370968,1929,1,1
16424,33372968,1960,0,1
16425,33374968,2008,0,1
16426,33376968,2036,0,1
16427,33378968,2042,0,1
16428,33380968,2031,0,1
16429,33382968,2035,0,1
16430,33384968,2024,0,1
16431,33386968,2003,0,1
16432,33388968,1981,1,1
16433,33390968,1999,1,1
16434,33392968,2041,0,1
16435,33394968,2100,0,1
16436,33396968,2091,0,1
16437,33398968,2065,0,1
16438,33400968,2041,0,1
16439,33402968,2020,0,1
16440,33404968,2011,0,1
16441,33406968,1993,0,1
16442,33408968,1989,1,1
16443,33410968,1971,1,1
16444,33412968,2055,0,1
16445,33414968,2101,0,1
16446,33416968,2095,0,1
16447,33418968,2076,0,1
16448,33420968,2037,0,1
16449,33422968,2025,0,1
16450,33424968,2005,0,1
16451,33426968,1997,0,1
16452,33428968,1959,1,1
16453,33430968,1935,1,1
16454,33432968,1995,0,1
16455,33434968,2040,0,1
16456,33436968,2059,0,1
16457,33438968,2057,0,1
16458,33440968,2042,0,1
16459,33442968,2023,0,1
16460,33444968,2007,0,1
16461,33446968,2008,0,1
16462,33448968,2015,1,1
16463,33450968,2077,1,1
16464,33452968,2144,1,1
16465,33454968,2171,0,1
16466,33456968,2146,0,1
16467,33458968,2091,0,1
16468,33460968,2031,0,1
16469,33462968,2005,0,1
16470,33464968,1992,0,1
16471,33466968,1983,0,1
16472,33468968,1955,1,1
16473,33470968,1931,1,1
16474,33472968,1974,0,1
16475,33474968,2023,0,1
16476,33476968,2041,0,1
16477,33478968,2058,0,1
16478,33480968,2039,0,1
16479,33482968,2037,0,1
16480,33484968,2023,0,1
16481,33486968,2009,0,1
16482,33488968,2011,1,1
16483,33490968,2041,1,1
16484,33492968,2091,0,1
16485,33494968,2121,0,1
16486,33496968,2083,0,1
16487,33498968,2059,0,1
16488,33500968,2029,0,1
16489,33502968,2003,0,1
16490,33504968,1995,0,1
16491,33506968,1997,0,1
16492,33508968,1978,1,1
16493,33510968,1992,1,1
16494,33512968,2031,0,1
16495,33514968,2076,0,1
16496,33516968,2063,0,1
16497,33518968,2055,0,1
16498,33520968,2038,0,1
16499,33522968,2019,0,1
16500,33524968,2014,0,1
16501,33526968,1995,0,1
16502,33528968,2006,1,1
16503,33530968,2072,1,1
16504,33532968,2131,0,1
16505,33534968,2148,0,1
16506,33536968,2127,0,1
16507,33538968,2079,0,1
16508,33540968,2028,0,1
16509,33542968,2009,0,1
16510,33544968,1992,0,1
16511,33546968,1975,0,1
16512,33548968,1955,1,1
16513,33550968,1935,1,1
16514,33552968,2003,0,1
16515,33554968,2027,0,1
16516,33556968,2056,0,1
16517,33558968,2053,0,1
16518,33560968,2043,0,1
16519,33562968,2021,0,1
16520,33564968,2012,0,1
16521,33566968,1996,0,1
16522,33568968,2036,1,1
16523,33570968,2487,1,1
16524,33572968,3060,0,1
16525,33574968,3175,0,1
16526,33576968,2932,0,1
16527,33578968,2539,0,1
16528,33580968,2175,0,1
16529,33582968,1933,0,1
16530,33584968,1809,0,1
16531,33586968,1786,0,1
16532,33588968,1805,1,1
16533,33590968,1873,1,1
16534,33592968,2015,1,1
16535,33594968,2083,0,1
16536,33596968,2136,0,1
16537,33598968,2125,0,1
16538,33600968,2079,0,1
16539,33602968,2031,0,1
16540,33604968,2009,0,1
16541,33606968,1991,0,1
16542,33608968,1996,1,1
16543,33610968,2216,1,1
16544,33612968,2461,0,1
16545,33614968,2506,0,1
16546,33616968,2408,0,1
16547,33618968,2233,0,1
16548,33620968,2077,0,1
16549,33622968,1972,0,1
16550,33624968,1912,0,1
16551,33626968,1901,0,1
16552,33628968,1879,1,1
16553,33630968,1907,1,1
16554,33632968,2011,0,1
16555,33634968,2059,0,1
16556,33636968,2073,0,1
16557,33638968,2083,0,1
16558,33640968,2041,0,1
16559,33642968,2031,0,1
16560,33644968,1997,0,1
16561,33646968,1999,0,1
16562,33648968,1997,1,1
16563,33650968,2041,1,1
16564,33652968,2109,0,1
16565,33654968,2119,0,1
16566,33656968,2095,0,1
16567,33658968,2055,0,1
16568,33660968,2011,0,1
16569,33662968,1997,0,1
16570,33664968,1991,0,1
16571,33666968,1991,0,1
16572,33668968,1967,1,1
16573,33670968,2036,1,1
16574,33672968,2222,0,1
16575,33674968,2285,0,1
16576,33676968,2254,0,1
16577,33678968,2185,0,1
16578,33680968,2089,0,1
16579,33682968,2017,0,1
16580,33684968,1975,0,1
16581,33686968,1955,0,1
16582,33688968,1962,1,1
16583,33690968,1911,1,1
16584,33692968,1842,0,1
16585,33694968,1837,0,1
16586,33696968,1869,0,1
16587,33698968,1925,0,1
16588,33700968,1978,0,1
16589,33702968,2019,0,1
16590,33704968,2032,0,1
16591,33706968,2042,0,1
16592,33708968,1973,1,1
16593,33710968,1891,1,1
16594,33712968,1890,0,1
16595,33714968,1916,0,1
16596,33716968,1958,0,1
16597,33718968,1996,0,1
16598,33720968,2015,0,1
16599,33722968,2031,0,1
16600,33724968,2027,0,1
16601,33726968,2029,0,1
16602,33728968,2032,1,1
16603,33730968,2212,1,1
16604,33732968,2404,0,1
16605,33734968,2415,0,1
16606,33736968,2317,0,1
16607,33738968,2181,0,1
16608,33740968,2053,0,1
16609,33742968,1961,0,1
16610,33744968,1927,0,1
16611,33746968,1919,0,1
16612,33748968,1903,1,1
16613,33750968,1954,1,1
16614,33752968,2035,0,1
16615,33754968,2086,0,1
16616,33756968,2099,0,1
16617,33758968,2076,0,1
16618,33760968,2057,0,1
16619,33762968,2028,0,1
16620,33764968,2011,0,1
16621,33766968,1999,0,1
16622,33768968,1991,1,1
16623,33770968,2117,1,1
16624,33772968,2231,0,1
16625,33774968,2258,0,1
16626,33776968,2195,0,1
16627,33778968,2123,0,1
16628,33780968,2035,0,1
16629,33782968,1994,0,1
16630,33784968,1950,0,1
16631,33786968,1949,0,1
16632,33788968,1967,1,1
16633,33790968,2055,1,1
16634,33792968,2137,0,1
16635,33794968,2152,0,1
16636,33796968,2131,0,1
16637,33798968,2073,0,1
16638,33800968,2028,0,1
16639,33802968,2001,0,1
16640,33804968,1967,0,1
16641,33806968,1971,0,1
16642,33808968,2075,1,1
16643,33810968,2805,1,1
16644,33812968,3481,0,1
16645,33814968,3483,0,1
16646,33816968,3089,0,1
16647,33818968,2588,0,1
16648,33820968,2145,0,1
16649,33822968,1868,0,1
16650,33824968,1736,0,1
16651,33826968,1733,0,1
16652,33828968,1809,1,1
16653,33830968,2118,1,1
16654,33832968,2409,0,1
16655,33834968,2483,0,1
16656,33836968,2396,0,1
16657,33838968,2237,0,1
16658,33840968,2090,0,1
16659,33842968,1978,0,1
16660,33844968,1915,0,1
16661,33846968,1911,0,1
16662,33848968,1965,1,1
16663,33850968,2409,1,1
16664,33852968,2809,0,1
16665,33854968,2843,0,1
16666,33856968,2655,0,1
16667,33858968,2360,0,1
16668,33860968,2105,0,1
16669,33862968,1925,0,1
16670,33864968,1843,0,1
16671,33866968,1835,0,1
16672,33868968,1897,1,1
16673,33870968,2088,0,1
16674,33872968,2287,0,1
16675,33874968,2345,0,1
16676,33876968,2271,0,1
16677,33878968,2162,0,1
16678,33880968,2057,0,1
16679,33882968,1991,0,1
16680,33884968,1962,0,1
16681,33886968,1926,0,1
16682,33888968,1994,1,1
16683,33890968,2229,0,1
16684,33892968,2387,0,1
16685,33894968,2396,0,1
16686,33896968,2285,0,1
16687,33898968,2159,0,1
16688,33900968,2037,0,1
16689,33902968,1955,0,1
16690,33904968,1929,0,1
16691,33906968,1913,0,1
16692,33908968,2068,1,1
16693,33910968,2778,0,1
16694,33912968,3359,0,1
16695,33914968,3365,0,1
16696,33916968,2988,0,1
16697,33918968,2518,0,1
16698,33920968,2111,0,1
16699,33922968,1863,0,1
16700,33924968,1755,0,1
16701,33926968,1739,0,1
16702,33928968,1949,1,1
16703,33930968,3100,0,1
16704,33932968,4095,0,0
16705,33934968,4095,0,0
16706,33936968,3565,0,1
16707,33938968,2847,0,1
16708,33940968,2248,0,1
16709,33942968,1849,0,1
16710,33944968,1669,0,1
16711,33946968,1620,0,1
16712,33948968,1903,1,1
16713,33950968,3601,0,1
16714,33952968,4095,0,0
16715,33954968,4095,0,0
16716,33956968,4095,0,0
16717,33958968,3450,0,1
16718,33960968,2735,0,1
16719,33962968,2157,0,1
16720,33964968,1804,0,1
16721,33966968,1653,0,1
16722,33968968,1675,1,1
16723,33970968,2275,0,1
16724,33972968,2843,0,1
16725,33974968,2980,0,1
16726,33976968,2805,0,1
16727,33978968,2493,0,1
16728,33980968,2175,0,1
16729,33982968,1961,0,1
16730,33984968,1843,0,1
16731,33986968,1801,0,1
16732,33988968,1869,1,1
16733,33990968,2265,0,1
16734,33992968,2616,0,1
16735,33994968,2679,0,1
16736,33996968,2531,0,1
16737,33998968,2297,0,1
16738,34000968,2091,0,1
16739,34002968,1949,0,1
16740,34004968,1887,0,1
16741,34006968,1863,0,1
16742,34008968,1847,1,1
16743,34010968,2013,0,1
16744,34012968,2191,0,1
16745,34014968,2259,0,1
16746,34016968,2221,0,1
16747,34018968,2139,0,1
16748,34020968,2059,0,1
16749,34022968,1999,0,1
16750,34024968,1971,0,1
16751,34026968,1947,0,1
16752,34028968,1891,1,1
16753,34030968,1971,0,1
16754,34032968,2031,0,1
16755,34034968,2069,0,1
16756,34036968,2075,0,1
16757,34038968,2063,0,1
16758,34040968,2022,0,1
16759,34042968,2005,0,1
16760,34044968,1999,0,1
16761,34046968,1983,0,1
16762,34048968,1926,1,1
16763,34050968,1934,0,1
16764,34052968,2004,0,1
16765,34054968,2036,0,1
16766,34056968,2039,0,1
16767,34058968,2043,0,1
16768,34060968,2027,0,1
16769,34062968,2010,0,1
16770,34064968,2012,0,1
16771,34066968,1991,0,1
16772,34068968,1913,1,1
16773,34070968,1934,0,1
16774,34072968,1983,0,1
16775,34074968,2024,0,1
16776,34076968,2035,0,1
16777,34078968,2027,0,1
16778,34080968,2015,0,1
16779,34082968,2011,0,1
16780,34084968,2004,0,1
16781,34086968,1995,0,1
16782,34088968,1911,1,1
16783,34090968,1934,0,1
16784,34092968,1981,0,1
16785,34094968,2022,0,1
16786,34096968,2039,0,1
16787,34098968,2039,0,1
16788,34100968,2027,0,1
16789,34102968,2009,0,1
16790,34104968,1999,0,1
16791,34106968,1999,0,1
16792,34108968,1941,1,1
16793,34110968,1982,0,1
16794,34112968,2029,0,1
16795,34114968,2067,0,1
16796,34116968,2066,0,1
16797,34118968,2057,0,1
16798,34120968,2011,0,1
16799,34122968,2008,0,1
16800,34124968,1978,0,1
16801,34126968,1978,0,1
16802,34128968,1995,1,1
16803,34130968,2069,0,1
16804,34132968,2119,0,1
16805,34134968,2103,0,1
16806,34136968,2073,0,1
16807,34138968,2025,0,1
16808,34140968,1996,0,1
16809,34142968,1989,0,1
16810,34144968,1982,0,1
16811,34146968,1973,0,1
16812,34148968,1883,1,1
16813,34150968,1917,0,1
16814,34152968,1965,0,1
16815,34154968,2014,0,1
16816,34156968,2025,0,1
16817,34158968,2030,0,1
16818,34160968,2024,0,1
16819,34162968,2021,0,1
16820,34164968,2007,0,1
16821,34166968,2007,0,1
16822,34168968,1908,1,1
16823,34170968,1933,0,1
16824,34172968,1981,0,1
16825,34174968,2007,0,1
16826,34176968,2029,0,1
16827,34178968,2039,0,1
16828,34180968,2024,0,1
16829,34182968,2015,0,1
16830,34184968,1994,0,1
16831,34186968,1991,0,1
16832,34188968,1915,1,1
16833,34190968,1959,0,1
16834,34192968,2019,0,1
16835,34194968,2040,0,1
16836,34196968,2052,0,1
16837,34198968,2031,0,1
16838,34200968,1933,0,1
16839,34202968,2006,0,1
16840,34204968,1989,0,1
16841,34206968,1983,0,1
16842,34208968,1908,1,1
16843,34210968,1958,0,1
16844,34212968,2014,0,1
16845,34214968,2054,0,1
16846,34216968,2056,0,1
16847,34218968,2039,0,1
16848,34220968,2022,0,1
16849,34222968,2011,0,1
16850,34224968,1994,0,1
16851,34226968,1991,0,1
16852,34228968,1917,1,1
16853,34230968,1934,0,1
16854,34232968,1981,0,1
16855,34234968,2020,0,1
16856,34236968,2037,0,1
16857,34238968,2040,0,1
16858,34240968,2029,0,1
16859,34242968,2020,0,1
16860,34244968,1998,0,1
16861,34246968,2005,1,1
16862,34248968,1915,1,1
16863,34250968,1965,0,1
16864,34252968,2023,0,1
16865,34254968,2043,0,1
16866,34256968,2055,0,1
16867,34258968,2039,0,1
16868,34260968,2020,0,1
16869,34262968,2013,0,1
16870,34264968,1996,0,1
16871,34266968,1983,1,1
16872,34268968,1909,1,1
16873,34270968,1948,0,1
16874,34272968,1990,0,1
16875,34274968,2023,0,1
16876,34276968,2042,0,1
16877,34278968,2035,0,1
16878,34280968,2025,0,1
16879,34282968,2019,0,1
16880,34284968,2003,0,1
16881,34286968,2007,1,1
16882,34288968,1989,1,1
16883,34290968,2023,0,1
16884,34292968,2063,0,1
16885,34294968,2065,0,1
16886,34296968,2063,0,1
16887,34298968,2028,0,1
16888,34300968,2007,0,1
16889,34302968,2004,0,1
16890,34304968,1996,0,1
16891,34306968,1991,1,1
16892,34308968,1947,1,1
16893,34310968,1989,0,1
16894,34312968,2030,0,1
16895,34314968,2059,0,1
16896,34316968,2052,0,1
16897,34318968,2023,0,1
16898,34320968,2015,0,1
16899,34322968,2020,0,1
16900,34324968,1989,0,1
16901,34326968,1992,1,1
16902,34328968,1945,1,1
16903,34330968,1990,0,1
16904,34332968,2031,0,1
16905,34334968,2025,0,1
16906,34336968,2025,0,1
16907,34338968,2027,0,1
16908,34340968,2020,0,1
16909,34342968,2027,0,1
16910,34344968,2005,0,1
16911,34346968,2015,1,1
16912,34348968,1993,1,1
16913,34350968,2221,0,1
16914,34352968,2390,0,1
16915,34354968,2374,0,1
16916,34356968,2283,0,1
16917,34358968,2147,0,1
16918,34360968,2031,0,1
16919,34362968,1959,0,1
16920,34364968,1919,0,1
16921,34366968,1912,1,1
16922,34368968,1821,1,1
16923,34370968,1785,0,1
16924,34372968,1811,0,1
16925,34374968,1849,0,1
16926,34376968,1929,0,1
16927,34378968,1991,0,1
16928,34380968,2031,0,1
16929,34382968,2072,0,1
16930,34384968,2045,0,1
16931,34386968,2020,1,1
16932,34388968,1909,1,1
16933,34390968,1898,0,1
16934,34392968,1948,0,1
16935,34394968,1969,0,1
16936,34396968,1999,0,1
16937,34398968,2019,0,1
16938,34400968,2028,0,1
16939,34402968,2039,0,1
16940,34404968,2023,0,1
16941,34406968,2003,1,1
16942,34408968,1959,1,1
16943,34410968,1973,0,1
16944,34412968,2002,0,1
16945,34414968,2007,0,1
16946,34416968,2015,0,1
16947,34418968,2021,0,1
16948,34420968,2011,0,1
16949,34422968,2023,0,1
16950,34424968,2001,0,1
16951,34426968,1991,1,1
16952,34428968,1945,1,1
16953,34430968,2003,0,1
16954,34432968,2056,0,1
16955,34434968,2063,0,1
16956,34436968,2066,0,1
16957,34438968,2031,0,1
16958,34440968,2014,0,1
16959,34442968,2007,0,1
16960,34444968,1997,0,1
16961,34446968,1961,1,1
16962,34448968,1868,1,1
16963,34450968,1909,0,1
16964,34452968,1960,0,1
16965,34454968,1981,0,1
16966,34456968,2013,0,1
16967,34458968,2023,0,1
16968,34460968,2036,0,1
16969,34462968,2036,0,1
16970,34464968,2015,0,1
16971,34466968,1992,1,1
16972,34468968,1907,1,1
16973,34470968,1958,0,1
16974,34472968,2019,0,1
16975,34474968,2031,0,1
16976,34476968,2053,0,1
16977,34478968,2025,0,1
16978,34480968,2030,0,1
16979,34482968,2023,0,1
16980,34484968,2003,0,1
16981,34486968,1995,1,1
16982,34488968,1957,1,1
16983,34490968,1992,0,1
16984,34492968,2043,0,1
16985,34494968,2057,0,1
16986,34496968,2057,0,1
16987,34498968,2041,0,1
16988,34500968,2025,0,1
16989,34502968,2011,0,1
16990,34504968,1999,0,1
16991,34506968,1971,1,1
16992,34508968,1874,1,1
16993,34510968,1896,0,1
16994,34512968,1960,0,1
16995,34514968,1993,0,1
16996,34516968,2029,0,1
16997,34518968,2030,0,1
16998,34520968,2032,0,1
16999,34522968,2031,0,1
17000,34524968,2018,0,1
17001,34526968,1990,1,1
17002,34528968,1897,1,1
17003,34530968,1932,0,1
17004,34532968,1963,0,1
17005,34534968,1995,0,1
17006,34536968,2013,0,1
17007,34538968,2017,0,1
17008,34540968,2031,0,1
17009,34542968,2031,0,1
17010,34544968,2023,0,1
17011,34546968,1997,1,1
17012,34548968,1941,1,1
17013,34550968,1972,0,1
17014,34552968,2019,0,1
17015,34554968,2040,0,1
17016,34556968,2054,0,1
17017,34558968,2031,0,1
17018,34560968,2023,0,1
17019,34562968,2006,0,1
17020,34564968,2004,0,1
17021,34566968,1973,1,1
17022,34568968,1928,1,1
17023,34570968,1963,0,1
17024,34572968,1999,0,1
17025,34574968,2023,0,1
17026,34576968,2021,0,1
17027,34578968,2019,0,1
17028,34580968,2019,0,1
17029,34582968,2018,0,1
17030,34584968,2015,0,1
17031,34586968,1997,1,1
17032,34588968,2023,1,1
17033,34590968,2099,0,1
17034,34592968,2129,0,1
17035,34594968,2104,0,1
17036,34596968,2071,0,1
17037,34598968,2023,0,1
17038,34600968,2003,0,1
17039,34602968,1990,0,1
17040,34604968,1995,0,1
17041,34606968,1972,1,1
17042,34608968,1958,1,1
17043,34610968,2020,0,1
17044,34612968,2055,0,1
17045,34614968,2067,0,1
17046,34616968,2068,0,1
17047,34618968,2039,0,1
17048,34620968,2019,0,1
17049,34622968,2004,0,1
17050,34624968,1993,0,1
17051,34626968,1965,1,1
17052,34628968,1929,1,1
17053,34630968,1976,0,1
17054,34632968,2003,0,1
17055,34634968,2031,0,1
17056,34636968,2031,0,1
17057,34638968,2027,0,1
17058,34640968,2014,0,1
17059,34642968,2003,0,1
17060,34644968,2006,0,1
17061,34646968,1964,1,1
17062,34648968,1939,1,1
17063,34650968,1992,0,1
17064,34652968,2023,0,1
17065,34654968,2038,0,1
17066,34656968,2039,0,1
17067,34658968,2029,0,1
17068,34660968,2028,0,1
17069,34662968,2008,0,1
17070,34664968,2007,0,1
17071,34666968,1960,1,1
17072,34668968,1883,1,1
17073,34670968,1944,0,1
17074,34672968,1995,0,1
17075,34674968,2020,0,1
17076,34676968,2042,0,1
17077,34678968,2031,0,1
17078,34680968,2035,0,1
17079,34682968,2018,0,1
17080,34684968,2013,0,1
17081,34686968,1976,1,1
17082,34688968,1973,1,1
17083,34690968,2009,0,1
17084,34692968,2035,0,1
17085,34694968,2044,0,1
17086,34696968,2037,0,1
17087,34698968,2019,0,1
17088,34700968,2022,0,1
17089,34702968,2009,0,1
17090,34704968,1999,0,1
17091,34706968,1939,1,1
17092,34708968,1853,1,1
17093,34710968,1903,0,1
17094,34712968,1959,0,1
17095,34714968,2004,0,1
17096,34716968,2024,0,1
17097,34718968,2043,0,1
17098,34720968,2041,0,1
17099,34722968,2025,0,1
17100,34724968,2019,0,1
17101,34726968,1973,1,1
17102,34728968,1949,1,1
17103,34730968,1961,0,1
17104,34732968,1979,0,1
17105,34734968,2009,0,1
17106,34736968,2013,0,1
17107,34738968,2019,0,1
17108,34740968,2025,0,1
17109,34742968,2012,0,1
17110,34744968,2014,0,1
17111,34746968,1967,1,1
17112,34748968,1962,1,1
17113,34750968,1996,0,1
17114,34752968,2025,0,1
17115,34754968,2030,0,1
17116,34756968,2027,0,1
17117,34758968,2021,0,1
17118,34760968,2004,0,1
17119,34762968,2010,0,1
17120,34764968,2005,0,1
17121,34766968,1948,1,1
17122,34768968,1885,1,1
17123,34770968,1941,0,1
17124,34772968,1989,0,1
17125,34774968,2011,0,1
17126,34776968,2035,0,1
17127,34778968,2031,0,1
17128,34780968,2031,0,1
17129,34782968,2025,0,1
17130,34784968,2023,0,1
17131,34786968,1965,1,1
17132,34788968,1975,1,1
17133,34790968,2044,0,1
17134,34792968,2073,0,1
17135,34794968,2075,0,1
17136,34796968,2057,0,1
17137,34798968,2029,0,1
17138,34800968,2007,0,1
17139,34802968,2003,0,1
17140,34804968,1993,0,1
17141,34806968,1927,1,1
17142,34808968,1881,1,1
17143,34810968,1946,0,1
17144,34812968,1993,0,1
17145,34814968,2019,0,1
17146,34816968,2040,0,1
17147,34818968,2042,0,1
17148,34820968,2029,0,1
17149,34822968,2025,0,1
17150,34824968,2019,0,1
17151,34826968,1951,1,1
17152,34828968,1927,1,1
17153,34830968,1979,0,1
17154,34832968,2021,0,1
17155,34834968,2039,0,1
17156,34836968,2053,0,1
17157,34838968,2025,0,1
17158,34840968,2029,0,1
17159,34842968,2017,0,1
17160,34844968,1995,0,1
17161,34846968,1947,1,1
17162,34848968,1941,1,1
17163,34850968,1992,0,1
17164,34852968,2019,0,1
17165,34854968,2025,0,1
17166,34856968,2031,0,1
17167,34858968,2017,0,1
17168,34860968,2015,0,1
17169,34862968,2020,0,1
17170,34864968,2001,0,1
17171,34866968,1957,1,1
17172,34868968,1941,1,1
17173,34870968,1983,0,1
17174,34872968,2043,0,1
17175,34874968,2035,0,1
17176,34876968,2031,0,1
17177,34878968,2042,0,1
17178,34880968,2027,0,1
17179,34882968,2025,0,1
17180,34884968,1997,0,1
17181,34886968,1943,1,1
17182,34888968,1947,1,1
17183,34890968,1993,0,1
17184,34892968,2055,0,1
17185,34894968,2043,0,1
17186,34896968,2039,0,1
17187,34898968,2024,0,1
17188,34900968,2015,0,1
17189,34902968,2011,0,1
17190,34904968,1999,0,1
17191,34906968,2007,1,1
17192,34908968,2043,1,1
17193,34910968,2102,0,1
17194,34912968,2103,0,1
17195,34914968,2085,0,1
17196,34916968,2055,0,1
17197,34918968,2009,0,1
17198,34920968,2009,0,1
17199,34922968,1995,0,1
17200,34924968,1983,0,1
17201,34926968,1937,1,1
17202,34928968,1901,1,1
17203,34930968,1962,0,1
17204,34932968,2021,0,1
17205,34934968,2038,0,1
17206,34936968,2039,0,1
17207,34938968,2037,0,1
17208,34940968,2025,0,1
17209,34942968,2022,0,1
17210,34944968,2011,0,1
17211,34946968,1940,1,1
17212,34948968,1932,1,1
17213,34950968,1973,0,1
17214,34952968,2019,0,1
17215,34954968,2028,0,1
17216,34956968,2035,0,1
17217,34958968,2035,0,1
17218,34960968,2020,0,1
17219,34962968,2021,0,1
17220,34964968,2007,0,1
17221,34966968,1963,1,1
17222,34968968,1968,1,1
17223,34970968,2027,0,1
17224,34972968,2077,0,1
17225,34974968,2069,0,1
17226,34976968,2059,0,1
17227,34978968,2029,0,1
17228,34980968,2011,0,1
17229,34982968,2009,0,1
17230,34984968,1995,0,1
17231,34986968,1899,1,1
17232,34988968,1886,1,1
17233,34990968,1927,0,1
17234,34992968,1993,0,1
17235,34994968,2017,0,1
17236,34996968,2039,0,1
17237,34998968,2040,0,1
17238,35000968,2035,0,1
17239,35002968,2031,0,1
17240,35004968,2023,0,1
17241,35006968,1939,1,1
17242,35008968,1893,1,1
17243,35010968,1890,0,1
17244,35012968,1932,0,1
17245,35014968,1961,0,1
17246,35016968,1998,0,1
17247,35018968,2018,0,1
17248,35020968,2041,0,1
17249,35022968,2043,0,1
17250,35024968,2037,0,1
17251,35026968,1993,1,1
17252,35028968,2093,0,1
17253,35030968,2283,0,1
17254,35032968,2343,0,1
17255,35034968,2276,0,1
17256,35036968,2181,0,1
17257,35038968,2075,0,1
17258,35040968,1999,0,1
17259,35042968,1964,0,1
17260,35044968,1934,0,1
17261,35046968,1879,1,1
17262,35048968,1805,0,1
17263,35050968,1734,0,1
17264,35052968,1776,0,1
17265,35054968,1837,0,1
17266,35056968,1915,0,1
17267,35058968,1998,0,1
17268,35060968,2057,0,1
17269,35062968,2072,0,1
17270,35064968,2066,0,1
17271,35066968,1965,1,1
17272,35068968,1917,0,1
17273,35070968,1939,0,1
17274,35072968,1951,0,1
17275,35074968,1992,0,1
17276,35076968,2005,0,1
17277,35078968,2027,0,1
17278,35080968,2024,0,1
17279,35082968,2019,0,1
17280,35084968,2029,0,1
17281,35086968,1937,1,1
17282,35088968,1902,0,1
17283,35090968,1915,0,1
17284,35092968,1965,0,1
17285,35094968,2003,0,1
17286,35096968,2020,0,1
17287,35098968,2027,0,1
17288,35100968,2029,0,1
17289,35102968,2025,0,1
17290,35104968,2019,0,1
17291,35106968,1956,1,1
17292,35108968,1961,0,1
17293,35110968,2007,0,1
17294,35112968,2040,0,1
17295,35114968,2041,0,1
17296,35116968,2045,0,1
17297,35118968,2014,0,1
17298,35120968,2023,0,1
17299,35122968,1999,0,1
17300,35124968,2007,0,1
17301,35126968,1914,1,1
17302,35128968,1935,0,1
17303,35130968,1976,0,1
17304,35132968,2011,0,1
17305,35134968,2041,0,1
17306,35136968,2043,0,1
17307,35138968,2035,0,1
17308,35140968,2031,0,1
17309,35142968,2015,0,1
17310,35144968,2013,0,1
17311,35146968,1966,1,1
17312,35148968,1989,0,1
17313,35150968,2012,0,1
17314,35152968,2029,0,1
17315,35154968,2057,0,1
17316,35156968,2042,0,1
17317,35158968,2019,0,1
17318,35160968,2013,0,1
17319,35162968,1999,0,1
17320,35164968,2003,0,1
17321,35166968,1937,1,1
17322,35168968,1934,0,1
17323,35170968,1992,0,1
17324,35172968,2021,0,1
17325,35174968,2042,0,1
17326,35176968,2035,0,1
17327,35178968,2029,0,1
17328,35180968,2022,0,1
17329,35182968,2003,0,1
17330,35184968,1997,0,1
17331,35186968,1901,1,1
17332,35188968,1903,0,1
17333,35190968,1939,0,1
17334,35192968,1979,0,1
17335,35194968,2006,0,1
17336,35196968,2021,0,1
17337,35198968,2027,0,1
17338,35200968,2031,0,1
17339,35202969,2031,0,1
17340,35204968,2009,0,1
17341,35206968,1919,1,1
17342,35208968,1926,0,1
17343,35210968,1965,0,1
17344,35212968,2013,0,1
17345,35214968,2034,0,1
17346,35216968,2037,0,1
17347,35218968,2030,0,1
17348,35220968,2037,0,1
17349,35222968,2019,0,1
17350,35224968,2005,0,1
17351,35226968,1909,1,1
17352,35228968,1893,0,1
17353,35230968,1917,0,1
17354,35232968,1957,0,1
17355,35234968,1996,0,1
17356,35236968,2011,0,1
17357,35238968,2028,0,1
17358,35240968,2032,0,1
17359,35242969,2031,0,1
17360,35244968,2023,0,1
17361,35246968,1915,1,1
17362,35248968,1946,0,1
17363,35250968,1972,0,1
17364,35252968,2007,0,1
17365,35254968,2032,0,1
17366,35256968,2029,0,1
17367,35258968,2039,0,1
17368,35260968,2018,0,1
17369,35262968,2009,0,1
17370,35264968,2006,0,1
17371,35266968,1942,1,1
17372,35268968,1976,0,1
17373,35270968,2025,0,1
17374,35272968,2053,0,1
17375,35274968,2067,0,1
17376,35276968,2043,0,1
17377,35278968,2025,0,1
17378,35280968,2013,0,1
17379,35282969,1999,0,1
17380,35284968,1993,0,1
17381,35286968,1935,1,1
17382,35288968,1979,0,1
17383,35290968,2043,0,1
17384,35292968,2074,0,1
17385,35294968,2069,0,1
17386,35296968,2057,0,1
17387,35298968,2031,0,1
17388,35300968,2010,0,1
17389,35302968,1999,0,1
17390,35304968,1998,0,1
17391,35306968,1961,1,1
17392,35308968,1991,0,1
17393,35310968,2028,0,1
17394,35312968,2057,0,1
17395,35314968,2067,0,1
17396,35316968,2038,0,1
17397,35318968,2028,0,1
17398,35320968,2030,0,1
17399,35322969,2003,0,1
17400,35324968,2006,0,1
17401,35326968,1915,1,1
17402,35328968,1960,0,1
17403,35330968,2024,0,1
17404,35332968,2036,0,1
17405,35334968,2053,0,1
17406,35336968,2039,0,1
17407,35338968,2035,0,1
17408,35340968,2030,0,1
17409,35342968,2013,0,1
17410,35344968,2008,0,1
17411,35346968,1933,1,1
17412,35348968,1959,0,1
17413,35350968,2011,0,1
17414,35352968,2028,0,1
17415,35354968,2037,0,1
17416,35356968,2038,0,1
17417,35358968,2039,0,1
17418,35360968,2028,0,1
17419,35362969,2019,0,1
17420,35364968,2009,0,1
17421,35366968,1907,1,1
17422,35368968,1937,0,1
17423,35370968,1975,0,1
17424,35372968,2010,0,1
17425,35374968,2028,0,1
17426,35376968,2029,0,1
17427,35378968,2027,0,1
17428,35380968,2039,0,1
17429,35382968,2013,0,1
17430,35384968,2013,0,1
17431,35386968,1929,1,1
17432,35388968,1927,0,1
17433,35390968,1960,0,1
17434,35392968,1991,0,1
17435,35394968,2009,0,1
17436,35396968,2032,0,1
17437,35398968,2037,0,1
17438,35400968,2029,0,1
17439,35402969,2021,0,1
17440,35404968,2009,1,1
17441,35406968,1989,1,1
17442,35408968,2021,0,1
17443,35410968,2056,0,1
17444,35412968,2065,0,1
17445,35414968,2041,0,1
17446,35416968,2029,0,1
17447,35418968,2009,0,1
17448,35420968,2011,0,1
17449,35422968,2001,0,1
17450,35424968,2007,1,1
17451,35426968,1964,1,1
17452,35428968,2035,0,1
17453,35430968,2073,0,1
17454,35432968,2077,0,1
17455,35434968,2075,0,1
17456,35436968,2055,0,1
17457,35438968,2021,0,1
17458,35440968,2008,0,1
17459,35442969,2004,0,1
17460,35444968,1999,1,1
17461,35446968,1979,1,1
17462,35448968,2055,0,1
17463,35450968,2119,0,1
17464,35452968,2121,0,1
17465,35454968,2099,0,1
17466,35456968,2063,0,1
17467,35458968,2027,0,1
17468,35460968,2008,0,1
17469,35462968,1988,0,1
17470,35464968,1993,1,1
17471,35466968,1959,1,1
17472,35468968,2035,0,1
17473,35470968,2109,0,1
17474,35472968,2135,0,1
17475,35474968,2103,0,1
17476,35476968,2070,0,1
17477,35478968,2027,0,1
17478,35480968,2011,0,1
17479,35482969,1983,0,1
17480,35484968,1992,1,1
17481,35486968,2023,1,1
17482,35488968,2109,0,1
17483,35490968,2167,0,1
17484,35492968,2142,0,1
17485,35494968,2101,0,1
17486,35496968,2063,0,1
17487,35498968,2019,0,1
17488,35500968,1995,0,1
17489,35502968,1976,0,1
17490,35504968,1973,1,1
17491,35506968,1932,1,1
17492,35508968,1976,0,1
17493,35510968,2043,0,1
17494,35512968,2075,0,1
17495,35514968,2077,0,1
17496,35516968,2063,0,1
17497,35518968,2037,0,1
17498,35520968,2008,0,1
17499,35522968,1993,0,1
17500,35524968,1982,1,1
17501,35526968,1876,1,1
17502,35528968,1903,0,1
17503,35530968,1955,0,1
17504,35532968,2002,0,1
17505,35534968,2030,0,1
17506,35536968,2039,0,1
17507,35538968,2040,0,1
17508,35540968,2036,0,1
17509,35542968,2021,0,1
17510,35544968,1992,1,1
17511,35546968,1901,1,1
17512,35548968,1898,0,1
17513,35550968,1941,0,1
17514,35552968,1980,0,1
17515,35554968,2007,0,1
17516,35556968,2031,0,1
17517,35558968,2039,0,1
17518,35560968,2036,0,1
17519,35562969,2022,0,1
17520,35564968,2024,1,1
17521,35566968,1935,1,1
17522,35568968,1979,0,1
17523,35570968,2031,0,1
17524,35572968,2059,0,1
17525,35574968,2056,0,1
17526,35576968,2037,0,1
17527,35578968,2029,0,1
17528,35580968,2013,0,1
17529,35582968,2003,0,1
17530,35584968,1991,1,1
17531,35586968,1912,1,1
17532,35588968,1949,0,1
17533,35590968,2003,0,1
17534,35592968,2024,0,1
17535,35594968,2041,0,1
17536,35596968,2043,0,1
17537,35598968,2029,0,1
17538,35600968,2021,0,1
17539,35602969,2019,0,1
17540,35604968,1997,1,1
17541,35606968,1928,1,1
17542,35608968,1942,0,1
17543,35610968,1967,0,1
17544,35612968,2020,0,1
17545,35614968,2035,0,1
17546,35616968,2031,0,1
17547,35618968,2021,0,1
17548,35620968,2019,0,1
17549,35622968,2011,0,1
17550,35624968,1995,1,1
17551,35626968,1918,1,1
17552,35628968,1965,0,1
17553,35630968,2005,0,1
17554,35632968,2029,0,1
17555,35634968,2031,0,1
17556,35636968,2028,0,1
17557,35638968,2026,0,1
17558,35640968,2008,0,1
17559,35642969,2008,0,1
17560,35644968,2013,1,1
17561,35646968,1977,1,1
17562,35648968,2041,0,1
17563,35650968,2087,0,1
17564,35652968,2076,0,1
17565,35654968,2063,0,1
17566,35656968,2025,0,1
17567,35658968,2019,0,1
17568,35660968,2008,0,1
17569,35662968,2007,0,1
17570,35664968,2004,1,1
17571,35666968,2020,1,1
17572,35668968,2079,0,1
17573,35670968,2093,0,1
17574,35672968,2083,0,1
17575,35674968,2065,0,1
17576,35676968,2023,0,1
17577,35678968,2005,0,1
17578,35680968,1995,0,1
17579,35682969,1995,0,1
17580,35684968,1975,1,1
17581,35686968,1961,1,1
17582,35688968,1963,0,1
17583,35690968,1960,0,1
17584,35692968,1978,0,1
17585,35694968,1981,0,1
17586,35696968,1983,0,1
17587,35698968,2007,0,1
17588,35700968,2019,0,1
17589,35702968,2027,0,1
17590,35704968,2013,1,1
17591,35706968,2003,1,1
17592,35708968,2142,0,1
17593,35710968,2185,0,1
17594,35712968,2169,0,1
17595,35714968,2123,0,1
17596,35716968,2055,0,1
17597,35718968,2027,0,1
17598,35720968,1983,0,1
17599,35722969,1977,0,1
17600,35724968,1963,1,1
17601,35726968,1883,1,1
17602,35728968,1817,0,1
17603,35730968,1818,0,1
17604,35732968,1865,0,1
17605,35734968,1926,0,1
17606,35736968,1989,0,1
17607,35738968,2027,0,1
17608,35740968,2043,0,1
17609,35742968,2058,0,1
17610,35744968,2008,1,1
17611,35746968,1908,1,1
17612,35748968,1915,0,1
17613,35750968,1943,0,1
17614,35752968,1967,0,1
17615,35754968,1991,0,1
17616,35756968,2009,0,1
17617,35758968,2021,0,1
17618,35760968,2023,0,1
17619,35762969,2035,0,1
17620,35764968,1997,1,1
17621,35766968,1942,1,1
17622,35768968,2003,0,1
17623,35770968,2028,0,1
17624,35772968,2037,0,1
17625,35774968,2040,0,1
17626,35776968,2035,0,1
17627,35778968,2021,0,1
17628,35780968,1999,0,1
17629,35782968,2007,0,1
17630,35784968,1978,1,1
17631,35786968,1951,1,1
17632,35788968,1966,0,1
17633,35790968,1992,0,1
17634,35792968,2007,0,1
17635,35794968,2034,0,1
17636,35796968,2023,0,1
17637,35798968,2029,0,1
17638,35800968,2015,0,1
17639,35802969,2012,0,1
17640,35804968,1976,1,1
17641,35806968,1938,1,1
17642,35808968,1959,0,1
17643,35810968,1999,0,1
17644,35812968,2008,0,1
17645,35814968,2013,0,1
17646,35816968,2023,0,1
17647,35818968,2015,0,1
17648,35820968,2013,0,1
17649,35822968,2025,0,1
17650,35824968,1977,1,1
17651,35826968,1971,1,1
17652,35828968,2023,0,1
17653,35830968,2053,0,1
17654,35832968,2067,0,1
17655,35834968,2044,0,1
17656,35836968,2029,0,1
17657,35838968,2009,0,1
17658,35840968,2002,0,1
17659,35842969,2011,0,1
17660,35844968,1962,1,1
17661,35846968,1959,1,1
17662,35848968,2015,0,1
17663,35850968,2058,0,1
17664,35852968,2071,0,1
17665,35854968,2063,0,1
17666,35856968,2031,0,1
17667,35858968,2011,0,1
17668,35860968,2008,0,1
17669,35862968,1994,0,1
17670,35864968,1967,1,1
17671,35866968,1917,1,1
17672,35868968,1958,0,1
17673,35870968,2015,0,1
17674,35872968,2013,0,1
17675,35874968,2035,0,1
17676,35876968,2039,0,1
17677,35878968,2031,0,1
17678,35880968,2027,0,1
17679,35882969,2018,0,1
17680,35884968,1971,1,1
17681,35886968,1983,1,1
17682,35888968,2057,0,1
17683,35890968,2077,0,1
17684,35892968,2077,0,1
17685,35894968,2059,0,1
17686,35896968,2036,0,1
17687,35898968,2005,0,1
17688,35900968,2011,0,1
17689,35902968,1997,0,1
17690,35904968,1968,1,1
17691,35906968,1963,1,1
17692,35908968,2035,0,1
17693,35910968,2077,0,1
17694,35912968,2077,0,1
17695,35914968,2063,0,1
17696,35916968,2037,0,1
17697,35918968,2037,0,1
17698,35920968,2010,0,1
17699,35922969,1998,0,1
17700,35924968,1975,1,1
17701,35926968,1963,1,1
17702,35928968,2031,0,1
17703,35930968,2078,0,1
17704,35932968,2075,0,1
17705,35934968,2075,0,1
17706,35936968,2037,0,1
17707,35938968,2021,0,1
17708,35940968,2005,0,1
17709,35942968,1998,0,1
17710,35944968,1960,1,1
17711,35946968,1951,1,1
17712,35948968,2023,0,1
17713,35950968,2071,0,1
17714,35952968,2071,0,1
17715,35954968,2065,0,1
17716,35956968,2037,0,1
17717,35958968,2015,0,1
17718,35960968,2008,0,1
17719,35962969,2004,0,1
17720,35964968,1989,1,1
17721,35966968,2023,1,1
17722,35968968,2075,0,1
17723,35970968,2123,0,1
17724,35972968,2089,0,1
17725,35974968,2066,0,1
17726,35976968,2026,0,1
17727,35978968,2013,0,1
17728,35980968,2008,0,1
17729,35982968,1990,0,1
17730,35984968,1976,1,1
17731,35986968,1974,1,1
17732,35988968,2035,0,1
17733,35990968,2091,0,1
17734,35992968,2087,0,1
17735,35994968,2063,0,1
17736,35996968,2040,0,1
17737,35998968,2007,0,1
17738,36000968,2004,0,1
17739,36002969,1997,0,1
17740,36004968,1949,1,1
17741,36006968,1919,1,1
17742,36008968,1976,0,1
17743,36010968,2007,0,1
17744,36012968,2029,0,1
17745,36014968,2036,0,1
17746,36016968,2041,0,1
17747,36018968,2023,0,1
17748,36020968,2025,0,1
17749,36022968,2015,0,1
17750,36024968,1963,1,1
17751,36026968,1981,1,1
17752,36028968,2059,0,1
17753,36030968,2077,0,1
17754,36032968,2076,0,1
17755,36034968,2067,0,1
17756,36036968,2031,0,1
17757,36038968,2013,0,1
17758,36040968,2008,0,1
17759,36042969,1995,0,1
17760,36044968,1967,1,1
17761,36046968,1980,1,1
17762,36048968,2031,0,1
17763,36050968,2071,0,1
17764,36052968,2077,0,1
17765,36054968,2055,0,1
17766,36056968,2029,0,1
17767,36058968,1995,0,1
17768,36060968,1999,0,1
17769,36062968,1999,0,1
17770,36064968,1960,1,1
17771,36066968,1988,1,1
17772,36068968,2043,0,1
17773,36070968,2076,0,1
17774,36072968,2086,0,1
17775,36074968,2063,0,1
17776,36076968,2028,0,1
17777,36078968,2019,0,1
17778,36080968,1996,0,1
17779,36082969,1992,0,1
17780,36084968,1979,1,1
17781,36086968,2005,1,1
17782,36088968,1819,0,1
17783,36090968,1718,0,1
17784,36092968,1743,0,1
17785,36094968,1802,0,1
17786,36096968,1899,0,1
17787,36098968,1995,0,1
17788,36100968,2044,0,1
17789,36102968,2080,0,1
17790,36104968,2035,1,1
17791,36106968,2029,1,1
17792,36108968,2070,0,1
17793,36110968,2071,0,1
17794,36112968,2065,0,1
17795,36114968,2034,0,1
17796,36116968,2018,0,1
17797,36118968,1997,0,1
17798,36120968,1991,0,1
17799,36122969,1999,0,1
17800,36124968,1943,1,1
17801,36126968,1947,1,1
17802,36128968,2019,0,1
17803,36130968,2071,0,1
17804,36132968,2075,0,1
17805,36134968,2063,0,1
17806,36136968,2037,0,1
17807,36138968,2027,0,1
17808,36140968,2005,0,1
17809,36142968,1999,0,1
17810,36144968,1949,1,1
17811,36146968,1957,1,1
17812,36148968,2056,0,1
17813,36150968,2091,0,1
17814,36152968,2089,0,1
17815,36154968,2071,0,1
17816,36156968,2041,0,1
17817,36158968,1877,0,1
17818,36160968,2005,0,1
17819,36162969,2005,0,1
17820,36164968,1942,1,1
17821,36166968,1975,1,1
17822,36168968,2023,0,1
17823,36170968,2063,0,1
17824,36172968,2063,0,1
17825,36174968,2041,0,1
17826,36176968,2029,0,1
17827,36178968,2020,0,1
17828,36180968,2003,0,1
17829,36182968,2007,0,1
17830,36184968,1963,1,1
17831,36186968,1956,1,1
17832,36188968,2003,0,1
17833,36190968,2029,0,1
17834,36192968,2041,0,1
17835,36194968,2044,0,1
17836,36196968,2021,0,1
17837,36198968,2021,0,1
17838,36200968,2009,0,1
17839,36202969,2009,0,1
17840,36204968,1932,1,1
17841,36206968,1940,1,1
17842,36208968,2003,0,1
17843,36210968,2025,0,1
17844,36212968,2053,0,1
17845,36214968,2035,0,1
17846,36216968,2035,0,1
17847,36218968,2012,0,1
17848,36220968,2018,0,1
17849,36222968,2001,0,1
17850,36224968,1950,1,1
17851,36226968,1974,1,1
17852,36228968,2013,0,1
17853,36230968,2057,0,1
17854,36232968,2053,0,1
17855,36234968,2044,0,1
17856,36236968,2029,0,1
17857,36238968,2011,0,1
17858,36240968,2008,0,1
17859,36242969,2002,0,1
17860,36244968,1948,1,1
17861,36246968,1937,1,1
17862,36248968,1961,0,1
17863,36250968,1997,0,1
17864,36252968,2018,0,1
17865,36254968,2023,0,1
17866,36256968,2029,0,1
17867,36258968,2029,0,1
17868,36260968,2023,0,1
17869,36262968,2013,0,1
17870,36264968,1952,1,1
17871,36266968,1972,1,1
17872,36268968,1765,0,1
17873,36270968,1703,0,1
17874,36272968,1736,0,1
17875,36274968,1823,0,1
17876,36276968,1919,0,1
17877,36278968,2009,0,1
17878,36280968,2072,0,1
17879,36282969,2089,0,1
17880,36284968,2019,1,1
17881,36286968,2039,1,1
17882,36288968,2079,0,1
17883,36290968,2087,0,1
17884,36292968,2069,0,1
17885,36294968,2035,0,1
17886,36296968,2013,0,1
17887,36298968,2003,0,1
17888,36300968,1995,0,1
17889,36302968,2002,0,1
17890,36304968,1963,1,1
17891,36306968,2079,0,1
17892,36308968,2235,0,1
17893,36310968,2265,0,1
17894,36312968,2208,0,1
17895,36314968,2134,0,1
17896,36316968,2045,0,1
17897,36318968,1998,0,1
17898,36320968,1967,0,1
17899,36322969,1961,0,1
17900,36324968,1919,1,1
17901,36326968,2006,0,1
17902,36328968,2076,0,1
17903,36330968,2092,0,1
17904,36332968,2085,0,1
17905,36334968,2054,0,1
17906,36336968,2024,0,1
17907,36338968,2019,0,1
17908,36340968,1997,0,1
17909,36342968,1983,0,1
17910,36344968,1965,1,1
17911,36346968,2023,0,1
17912,36348968,2104,0,1
17913,36350968,2095,0,1
17914,36352968,2089,0,1
17915,36354968,2063,0,1
17916,36356968,2023,0,1
17917,36358968,2019,0,1
17918,36360968,2001,0,1
17919,36362969,2005,0,1
17920,36364968,1931,1,1
17921,36366968,1967,0,1
17922,36368968,2005,0,1
17923,36370968,2030,0,1
17924,36372968,2035,0,1
17925,36374968,2028,0,1
17926,36376968,2027,0,1
17927,36378968,2025,0,1
17928,36380968,2007,0,1
17929,36382968,2011,0,1
17930,36384968,1915,1,1
17931,36386968,1943,0,1
17932,36388968,2013,0,1
17933,36390968,2039,0,1
17934,36392968,2071,0,1
17935,36394968,2063,0,1
17936,36396968,2053,0,1
17937,36398968,2029,0,1
17938,36400968,2020,0,1
17939,36402969,2011,0,1
17940,36404968,2043,1,1
17941,36406968,2187,0,1
17942,36408968,2319,0,1
17943,36410968,2319,0,1
17944,36412968,2239,0,1
17945,36414968,2120,0,1
17946,36416968,2013,0,1
17947,36418968,1977,0,1
17948,36420968,1939,0,1
17949,36422968,1935,0,1
17950,36424968,1886,1,1
17951,36426968,1910,0,1
17952,36428968,1951,0,1
17953,36430968,1974,0,1
17954,36432968,2001,0,1
17955,36434968,2022,0,1
17956,36436968,2029,0,1
17957,36438968,2029,0,1
17958,36440968,2014,0,1
17959,36442969,2025,0,1
17960,36444968,2011,1,1
17961,36446968,2095,0,1
17962,36448968,2154,0,1
17963,36450968,2147,0,1
17964,36452968,2109,0,1
17965,36454968,2052,0,1
17966,36456968,2011,0,1
17967,36458968,1993,0,1
17968,36460968,1976,0,1
17969,36462968,1974,0,1
17970,36464968,1959,1,1
17971,36466968,2026,0,1
17972,36468968,2089,0,1
17973,36470968,2093,0,1
17974,36472968,2087,0,1
17975,36474968,2053,0,1
17976,36476968,2027,0,1
17977,36478968,2021,0,1
17978,36480968,1981,0,1
17979,36482969,2007,0,1
17980,36484968,2167,1,1
17981,36486968,2723,0,1
17982,36488968,3079,0,1
17983,36490968,3017,0,1
17984,36492968,2717,0,1
17985,36494968,2351,0,1
17986,36496968,2054,0,1
17987,36498968,1875,0,1
17988,36500968,1803,0,1
17989,36502968,1829,0,1
17990,36504968,1807,1,1
17991,36506968,1893,0,1
17992,36508968,1981,0,1
17993,36510968,2032,0,1
17994,36512968,2079,0,1
17995,36514968,2076,0,1
17996,36516968,2057,0,1
17997,36518968,2029,0,1
17998,36520968,2018,0,1
17999,36522968,2005,0,1
18000,36524968,2013,1,1
18001,36526968,2117,0,1
18002,36528968,2169,0,1
18003,36530968,2175,0,1
18004,36532968,2127,0,1
18005,36534968,2072,0,1
18006,36536968,2013,0,1
18007,36538968,1975,0,1
18008,36540968,1978,0,1
18009,36542968,1967,0,1
18010,36544968,1948,1,1
18011,36546968,2006,0,1
18012,36548968,2063,0,1
18013,36550968,2077,0,1
18014,36552968,2075,0,1
18015,36554968,2037,0,1
18016,36556968,2015,0,1
18017,36558968,2015,0,1
18018,36560968,2003,0,1
18019,36562969,2007,0,1
18020,36564968,2063,1,1
18021,36566968,2345,0,1
18022,36568968,2515,0,1
18023,36570968,2475,0,1
18024,36572968,2333,0,1
18025,36574968,2173,0,1
18026,36576968,2021,0,1
18027,36578968,1944,0,1
18028,36580968,1909,0,1
18029,36582968,1910,0,1
18030,36584968,1845,1,1
18031,36586968,1897,0,1
18032,36588968,1963,0,1
18033,36590968,2019,0,1
18034,36592968,2056,0,1
18035,36594968,2063,0,1
18036,36596968,2039,0,1
18037,36598968,2041,0,1
18038,36600968,2013,0,1
18039,36602969,2007,0,1
18040,36604968,2021,1,1
18041,36606968,2093,0,1
18042,36608968,2215,0,1
18043,36610968,2195,0,1
18044,36612968,2137,0,1
18045,36614968,2063,0,1
18046,36616968,2003,0,1
18047,36618968,1973,0,1
18048,36620968,1963,0,1
18049,36622968,1973,0,1
18050,36624968,1972,1,1
18051,36626968,2039,0,1
18052,36628968,2101,0,1
18053,36630968,2115,0,1
18054,36632968,2101,0,1
18055,36634968,2063,0,1
18056,36636968,2027,0,1
18057,36638968,2003,0,1
18058,36640968,1991,0,1
18059,36642969,1993,0,1
18060,36644968,2031,1,1
18061,36646968,2012,0,1
18062,36648968,1853,0,1
18063,36650968,1779,0,1
18064,36652968,1799,0,1
18065,36654968,1855,0,1
18066,36656968,1938,0,1
18067,36658968,2008,0,1
18068,36660968,2035,0,1
18069,36662968,2078,1,1
18070,36664968,1945,1,1
18071,36666968,1968,0,1
18072,36668968,1989,0,1
18073,36670968,2013,0,1
18074,36672968,2029,0,1
18075,36674968,2023,0,1
18076,36676968,2021,0,1
18077,36678968,2019,0,1
18078,36680968,2012,0,1
18079,36682969,2014,0,1
18080,36684968,2045,1,1
18081,36686968,2222,0,1
18082,36688968,2303,0,1
18083,36690968,2285,0,1
18084,36692968,2199,0,1
18085,36694968,2087,0,1
18086,36696968,2005,0,1
18087,36698968,1965,0,1
18088,36700968,1943,0,1
18089,36702968,1948,1,1
18090,36704968,1981,1,1
18091,36706968,2087,0,1
18092,36708968,2150,0,1
18093,36710968,2135,0,1
18094,36712968,2099,0,1
18095,36714968,2057,0,1
18096,36716968,2004,0,1
18097,36718968,1993,0,1
18098,36720968,1974,0,1
18099,36722969,1981,0,1
18100,36724968,2072,1,1
18101,36726968,2253,0,1
18102,36728968,2355,0,1
18103,36730968,2323,0,1
18104,36732968,2215,0,1
18105,36734968,2102,0,1
18106,36736968,2003,0,1
18107,36738968,1957,0,1
18108,36740968,1945,0,1
18109,36742968,1951,1,1
18110,36744968,1981,1,1
18111,36746968,2101,0,1
18112,36748968,2153,0,1
18113,36750968,2153,0,1
18114,36752968,2104,0,1
18115,36754968,2061,0,1
18116,36756968,2008,0,1
18117,36758968,1993,0,1
18118,36760968,1976,0,1
18119,36762969,1991,0,1
18120,36764968,1881,1,1
18121,36766968,1693,0,1
18122,36768968,1599,0,1
18123,36770968,1647,0,1
18124,36772968,1769,0,1
18125,36774968,1899,0,1
18126,36776968,2009,0,1
18127,36778968,2079,0,1
18128,36780968,2107,0,1
18129,36782968,2093,1,1
18130,36784968,2123,1,1
18131,36786968,2247,0,1
18132,36788968,2263,0,1
18133,36790968,2212,0,1
18134,36792968,2133,0,1
18135,36794968,2043,0,1
18136,36796968,1983,0,1
18137,36798968,1955,0,1
18138,36800968,1949,0,1
18139,36802969,1977,1,1
18140,36804968,2041,1,1
18141,36806968,2228,0,1
18142,36808968,2319,0,1
18143,36810968,2277,0,1
18144,36812968,2188,0,1
18145,36814968,2086,0,1
18146,36816968,2013,0,1
18147,36818968,1973,0,1
18148,36820968,1942,0,1
18149,36822968,1959,1,1
18150,36824968,2043,1,1
18151,36826968,2282,0,1
18152,36828968,2397,0,1
18153,36830968,2349,0,1
18154,36832968,2239,0,1
18155,36834968,2100,0,1
18156,36836968,2014,0,1
18157,36838968,1959,0,1
18158,36840968,1930,0,1
18159,36842969,1939,1,1
18160,36844968,1983,1,1
18161,36846968,2148,0,1
18162,36848968,2221,0,1
18163,36850968,2199,0,1
18164,36852968,2151,0,1
18165,36854968,2065,0,1
18166,36856968,2007,0,1
18167,36858968,1983,0,1
18168,36860968,1960,0,1
18169,36862968,1957,1,1
18170,36864968,1883,1,1
18171,36866968,1656,0,1
18172,36868968,1587,0,1
18173,36870968,1637,0,1
18174,36872968,1779,0,1
18175,36874968,1908,0,1
18176,36876968,2021,0,1
18177,36878968,2100,0,1
18178,36880968,2116,0,1
18179,36882969,2093,1,1
18180,36884968,2137,1,1
18181,36886968,2278,0,1
18182,36888968,2325,0,1
18183,36890968,2263,0,1
18184,36892968,2149,0,1
18185,36894968,2059,0,1
18186,36896968,1982,0,1
18187,36898968,1952,0,1
18188,36900968,1941,0,1
18189,36902968,1951,1,1
18190,36904968,2131,1,1
18191,36906968,2532,0,1
18192,36908968,2706,0,1
18193,36910968,2616,0,1
18194,36912968,2423,0,1
18195,36914968,2175,0,1
18196,36916968,1996,0,1
18197,36918968,1903,0,1
18198,36920968,1866,0,1
18199,36922969,1867,1,1
18200,36924968,2035,1,1
18201,36926968,2347,0,1
18202,36928968,2495,0,1
18203,36930968,2451,0,1
18204,36932968,2303,0,1
18205,36934968,2147,0,1
18206,36936968,2022,0,1
18207,36938968,1946,0,1
18208,36940968,1896,0,1
18209,36942968,1915,1,1
18210,36944968,1975,1,1
18211,36946968,2106,0,1
18212,36948968,2183,0,1
18213,36950968,2163,0,1
18214,36952968,2124,0,1
18215,36954968,2066,0,1
18216,36956968,2013,0,1
18217,36958968,1996,0,1
18218,36960968,1968,0,1
18219,36962969,1951,1,1
18220,36964968,2076,1,1
18221,36966968,2415,0,1
18222,36968968,2573,0,1
18223,36970968,2503,0,1
18224,36972968,2341,0,1
18225,36974968,2151,0,1
18226,36976968,2007,0,1
18227,36978968,1931,0,1
18228,36980968,1883,0,1
18229,36982968,1877,1,1
18230,36984968,2031,1,1
18231,36986968,2409,0,1
18232,36988968,2579,0,1
18233,36990968,2521,0,1
18234,36992968,2359,0,1
18235,36994968,2156,0,1
18236,36996968,2011,0,1
18237,36998968,1931,0,1
18238,37000968,1885,0,1
18239,37002969,1851,1,1
18240,37004968,2031,1,1
18241,37006968,2533,0,1
18242,37008968,2751,0,1
18243,37010968,2695,0,1
18244,37012968,2479,0,1
18245,37014968,2227,0,1
18246,37016968,2023,0,1
18247,37018968,1895,0,1
18248,37020968,1851,0,1
18249,37022968,1834,1,1
18250,37024968,1909,1,1
18251,37026968,2147,0,1
18252,37028968,2259,0,1
18253,37030968,2269,0,1
18254,37032968,2213,0,1
18255,37034968,2104,0,1
18256,37036968,2024,0,1
18257,37038968,1975,0,1
18258,37040968,1952,0,1
18259,37042969,1931,1,1
18260,37044968,1931,1,1
18261,37046968,2005,0,1
18262,37048968,2055,0,1
18263,37050968,2083,0,1
18264,37052968,2077,0,1
18265,37054968,2053,0,1
18266,37056968,2022,0,1
18267,37058968,1997,0,1
18268,37060968,1997,0,1
18269,37062968,1941,1,1
18270,37064968,1836,1,1
18271,37066968,1895,0,1
18272,37068968,1949,0,1
18273,37070968,1989,0,1
18274,37072968,2021,0,1
18275,37074968,2035,0,1
18276,37076968,2043,0,1
18277,37078968,2024,0,1
18278,37080968,2012,0,1
18279,37082969,1972,1,1
18280,37084968,1903,1,1
18281,37086968,1949,0,1
18282,37088968,1983,0,1
18283,37090968,2019,0,1
18284,37092968,2042,0,1
18285,37094968,2039,0,1
18286,37096968,2029,0,1
18287,37098968,2021,0,1
18288,37100968,2003,0,1
18289,37102968,1932,1,1
18290,37104968,1853,1,1
18291,37106968,1886,0,1
18292,37108968,1932,0,1
18293,37110968,1980,0,1
18294,37112968,2015,0,1
18295,37114968,2027,0,1
18296,37116968,2037,0,1
18297,37118968,2029,0,1
18298,37120968,2015,0,1
18299,37122969,1964,1,1
18300,37124968,2019,1,1
18301,37126968,2259,0,1
18302,37128968,2383,0,1
18303,37130968,2358,0,1
18304,37132968,2253,0,1
18305,37134968,2132,0,1
18306,37136968,2023,0,1
18307,37138968,1955,0,1
18308,37140968,1937,0,1
18309,37142968,1917,1,1
18310,37144968,1833,1,1
18311,37146968,1723,0,1
18312,37148968,1721,0,1
18313,37150968,1773,0,1
18314,37152968,1869,0,1
18315,37154968,1946,0,1
18316,37156968,2028,0,1
18317,37158968,2059,0,1
18318,37160968,2078,0,1
18319,37162969,2057,1,1
18320,37164968,2011,1,1
18321,37166968,2002,0,1
18322,37168968,1989,0,1
18323,37170968,1971,0,1
18324,37172968,1988,0,1
18325,37174968,1981,0,1
18326,37176968,2002,0,1
18327,37178968,2006,0,1
18328,37180968,2015,0,1
18329,37182968,1971,1,1
18330,37184968,1933,1,1
18331,37186968,1975,0,1
18332,37188968,2022,0,1
18333,37190968,2035,0,1
18334,37192968,2031,0,1
18335,37194968,2026,0,1
18336,37196968,2013,0,1
18337,37198968,2011,0,1
18338,37200968,2006,0,1
18339,37202969,1966,1,1
18340,37204968,1900,1,1
18341,37206968,1951,0,1
18342,37208968,1995,0,1
18343,37210968,2021,0,1
18344,37212968,2036,0,1
18345,37214968,2040,0,1
18346,37216968,2028,0,1
18347,37218968,2009,0,1
18348,37220968,2011,0,1
18349,37222968,1967,1,1
18350,37224968,1939,1,1
18351,37226968,1994,0,1
18352,37228968,2027,0,1
18353,37230968,2041,0,1
18354,37232968,2045,0,1
18355,37234968,2026,0,1
18356,37236968,2015,0,1
18357,37238968,2019,0,1
18358,37240968,1997,0,1
18359,37242969,1946,1,1
18360,37244968,1912,1,1
18361,37246968,1975,0,1
18362,37248968,2007,0,1
18363,37250968,2027,0,1
18364,37252968,2045,0,1
18365,37254968,2030,0,1
18366,37256968,2027,0,1
18367,37258968,2020,0,1
18368,37260968,2005,0,1
18369,37262968,1945,1,1
18370,37264968,1885,1,1
18371,37266968,1948,0,1
18372,37268968,1983,0,1
18373,37270968,2024,0,1
18374,37272968,2053,0,1
18375,37274968,2069,0,1
18376,37276968,2044,0,1
18377,37278968,2027,0,1
18378,37280968,2009,0,1
18379,37282969,1903,1,1
18380,37284968,1897,1,1
18381,37286968,1959,0,1
18382,37288968,1983,0,1
18383,37290968,2014,0,1
18384,37292968,2035,0,1
18385,37294968,2035,0,1
18386,37296968,2035,0,1
18387,37298968,2023,0,1
18388,37300968,2010,0,1
18389,37302968,1941,1,1
18390,37304968,1900,1,1
18391,37306968,1979,0,1
18392,37308968,2023,0,1
18393,37310968,2055,0,1
18394,37312968,2059,0,1
18395,37314968,2038,0,1
18396,37316968,2029,0,1
18397,37318968,2015,0,1
18398,37320968,2005,0,1
18399,37322969,1943,1,1
18400,37324968,1918,1,1
18401,37326968,1997,0,1
18402,37328968,2031,0,1
18403,37330968,2059,0,1
18404,37332968,2053,0,1
18405,37334968,2040,0,1
18406,37336968,2029,0,1
18407,37338968,2015,0,1
18408,37340968,2005,0,1
18409,37342968,1965,1,1
18410,37344968,1965,1,1
18411,37346968,2044,0,1
18412,37348968,2079,0,1
18413,37350968,2079,0,1
18414,37352968,2071,0,1
18415,37354968,2029,0,1
18416,37356968,2015,0,1
18417,37358968,1991,0,1
18418,37360968,1991,0,1
18419,37362969,1913,1,1
18420,37364968,1877,1,1
18421,37366968,1949,0,1
18422,37368968,1997,0,1
18423,37370968,2025,0,1
18424,37372968,2030,0,1
18425,37374968,2041,0,1
18426,37376968,2045,0,1
18427,37378968,2024,0,1
18428,37380968,2009,0,1
18429,37382968,1885,1,1
18430,37384968,1835,1,1
18431,37386968,1881,0,1
18432,37388968,1931,0,1
18433,37390968,1983,0,1
18434,37392968,2015,0,1
18435,37394968,2037,0,1
18436,37396968,2058,0,1
18437,37398968,2045,0,1
18438,37400968,2024,0,1
18439,37402969,1939,1,1
18440,37404968,1892,1,1
18441,37406968,1933,0,1
18442,37408968,1962,0,1
18443,37410968,2021,0,1
18444,37412968,2031,0,1
18445,37414968,2037,0,1
18446,37416968,2037,0,1
18447,37418968,2031,0,1
18448,37420968,2019,0,1
18449,37422968,1935,1,1
18450,37424968,1855,1,1
18451,37426968,1878,0,1
18452,37428968,1910,0,1
18453,37430968,1971,0,1
18454,37432968,2011,0,1
18455,37434968,2025,0,1
18456,37436968,2053,0,1
18457,37438968,2036,0,1
18458,37440968,2029,0,1
18459,37442969,1919,1,1
18460,37444968,1885,1,1
18461,37446968,1960,0,1
18462,37448968,2004,0,1
18463,37450968,2029,0,1
18464,37452968,2041,0,1
18465,37454968,2042,0,1
18466,37456968,2031,0,1
18467,37458968,2018,0,1
18468,37460968,2011,0,1
18469,37462968,1887,1,1
18470,37464968,1821,0,1
18471,37466968,1891,0,1
18472,37468968,1951,0,1
18473,37470968,2001,0,1
18474,37472968,2039,0,1
18475,37474968,2055,0,1
18476,37476968,2041,0,1
18477,37478968,2035,0,1
18478,37480968,2020,0,1
18479,37482969,1931,1,1
18480,37484968,1925,1,1
18481,37486968,1975,0,1
18482,37488968,2022,0,1
18483,37490968,2045,0,1
18484,37492968,2039,0,1
18485,37494968,2023,0,1
18486,37496968,2023,0,1
18487,37498968,2015,0,1
18488,37500968,2010,0,1
18489,37502968,1938,1,1
18490,37504968,1955,1,1
18491,37506968,2011,0,1
18492,37508968,2043,0,1
18493,37510968,2055,0,1
18494,37512968,2039,0,1
18495,37514968,2027,0,1
18496,37516968,2023,0,1
18497,37518968,2007,0,1
18498,37520968,1997,0,1
18499,37522968,1899,1,1
18500,37524968,1893,1,1
18501,37526968,1945,0,1
18502,37528968,1981,0,1
18503,37530968,2022,0,1
18504,37532968,2035,0,1
18505,37534968,2041,0,1
18506,37536968,2028,0,1
18507,37538968,2023,0,1
18508,37540968,2003,0,1
18509,37542968,1997,1,1
18510,37544968,2030,0,1
18511,37546968,2023,0,1
18512,37548968,2023,0,1
18513,37550968,2013,0,1
18514,37552968,2019,0,1
18515,37554968,2008,0,1
18516,37556968,1995,0,1
18517,37558968,1996,0,1
18518,37560968,2009,0,1
18519,37562969,1897,1,1
18520,37564968,1865,0,1
18521,37566968,1899,0,1
18522,37568968,1943,0,1
18523,37570968,1991,0,1
18524,37572968,2023,0,1
18525,37574968,2041,0,1
18526,37576968,2037,0,1
18527,37578968,2027,0,1
18528,37580968,2023,0,1
18529,37582968,1959,1,1
18530,37584968,2004,0,1
18531,37586968,2067,0,1
18532,37588968,2083,0,1
18533,37590968,2071,0,1
18534,37592968,2059,0,1
18535,37594968,2027,0,1
18536,37596968,2013,0,1
18537,37598968,1994,0,1
18538,37600968,1993,0,1
18539,37602969,1941,1,1
18540,37604968,1938,0,1
18541,37606968,1998,0,1
18542,37608968,2038,0,1
18543,37610968,2045,0,1
18544,37612968,2043,0,1
18545,37614968,2041,0,1
18546,37616968,2025,0,1
18547,37618968,2014,0,1
18548,37620968,2011,0,1
18549,37622968,1881,1,1
18550,37624968,1861,0,1
18551,37626968,1919,0,1
18552,37628968,1995,0,1
18553,37630968,2036,0,1
18554,37632968,2059,0,1
18555,37634968,2040,0,1
18556,37636968,2040,0,1
18557,37638968,2035,0,1
18558,37640968,2003,0,1
18559,37642968,1861,1,1
18560,37644968,1849,0,1
18561,37646968,1903,0,1
18562,37648968,1965,0,1
18563,37650968,2012,0,1
18564,37652968,2053,0,1
18565,37654968,2056,0,1
18566,37656968,2037,0,1
18567,37658968,2021,0,1
18568,37660968,2035,0,1
18569,37662968,1882,1,1
18570,37664968,1849,0,1
18571,37666968,1893,0,1
18572,37668968,1959,0,1
18573,37670968,2003,0,1
18574,37672968,2025,0,1
18575,37674968,2052,0,1
18576,37676968,2041,0,1
18577,37678968,2043,0,1
18578,37680968,2027,0,1
18579,37682968,1902,1,1
18580,37684968,1880,0,1
18581,37686968,1941,0,1
18582,37688968,1983,0,1
18583,37690968,2013,0,1
18584,37692968,2031,0,1
18585,37694968,2045,0,1
18586,37696968,2036,0,1
18587,37698968,2027,0,1
18588,37700968,2012,0,1
18589,37702968,1902,1,1
18590,37704968,1915,0,1
18591,37706968,1975,0,1
18592,37708968,2025,0,1
18593,37710968,2058,0,1
18594,37712968,2059,0,1
18595,37714968,2039,0,1
18596,37716968,2021,0,1
18597,37718968,2022,0,1
18598,37720968,2009,0,1
18599,37722968,1893,1,1
18600,37724968,1911,0,1
18601,37726968,1963,0,1
18602,37728968,2009,0,1
18603,37730968,2041,0,1
18604,37732968,2041,0,1
18605,37734968,2041,0,1
18606,37736968,2031,0,1
18607,37738968,2029,0,1
18608,37740968,2012,0,1
18609,37742968,1975,1,1
18610,37744968,2015,0,1
18611,37746968,2065,0,1
18612,37748968,2079,0,1
18613,37750968,2072,0,1
18614,37752968,2055,0,1
18615,37754968,2020,0,1
18616,37756968,2012,0,1
18617,37758968,1990,0,1
18618,37760968,1995,0,1
18619,37762968,1911,1,1
18620,37764968,1930,0,1
18621,37766968,1983,0,1
18622,37768968,2026,0,1
18623,37770968,2063,0,1
18624,37772968,2063,0,1
18625,37774968,2055,0,1
18626,37776968,2039,0,1
18627,37778968,2011,0,1
18628,37780968,2003,0,1
18629,37782968,1919,1,1
18630,37784968,1946,0,1
18631,37786968,2025,0,1
18632,37788968,2059,0,1
18633,37790968,2077,0,1
18634,37792968,2063,0,1
18635,37794968,2037,0,1
18636,37796968,2031,0,1
18637,37798968,2019,0,1
18638,37800968,1996,0,1
18639,37802968,1874,1,1
18640,37804968,1909,0,1
18641,37806968,2008,0,1
18642,37808968,2039,0,1
18643,37810968,2069,0,1
18644,37812968,2072,0,1
18645,37814968,2041,0,1
18646,37816968,2036,0,1
18647,37818968,2011,0,1
18648,37820968,2006,0,1
18649,37822968,2007,1,1
18650,37824968,2053,0,1
18651,37826968,2076,0,1
18652,37828968,2069,0,1
18653,37830968,2041,0,1
18654,37832968,2021,0,1
18655,37834968,2002,0,1
18656,37836968,2021,0,1
18657,37838968,1990,0,1
18658,37840968,1997,1,1
18659,37842968,1975,1,1
18660,37844968,2069,0,1
18661,37846968,2151,0,1
18662,37848968,2141,0,1
18663,37850968,2116,0,1
18664,37852968,2077,0,1
18665,37854968,2014,0,1
18666,37856968,2013,0,1
18667,37858968,1972,0,1
18668,37860968,1980,1,1
18669,37862968,1941,1,1
18670,37864968,2025,0,1
18671,37866968,2143,0,1
18672,37868968,2152,0,1
18673,37870968,2125,0,1
18674,37872968,2099,0,1
18675,37874968,2055,0,1
18676,37876968,2035,0,1
18677,37878968,2004,0,1
18678,37880968,2003,1,1
18679,37882968,2024,1,1
18680,37884968,2231,0,1
18681,37886968,2410,0,1
18682,37888968,2403,0,1
18683,37890968,2294,0,1
18684,37892968,2151,0,1
18685,37894968,2031,0,1
18686,37896968,1973,0,1
18687,37898968,1928,0,1
18688,37900968,1917,1,1
18689,37902968,1931,1,1
18690,37904968,1942,0,1
18691,37906968,1965,0,1
18692,37908968,1976,0,1
18693,37910968,1997,0,1
18694,37912968,2003,0,1
18695,37914968,2021,0,1
18696,37916968,2038,0,1
18697,37918968,2026,0,1
18698,37920968,2023,1,1
18699,37922968,2008,1,1
18700,37924968,2075,0,1
18701,37926968,2127,0,1
18702,37928968,2096,0,1
18703,37930968,2073,0,1
18704,37932968,2043,0,1
18705,37934968,2018,0,1
18706,37936968,2009,0,1
18707,37938968,1998,0,1
18708,37940968,1976,1,1
18709,37942968,1947,1,1
18710,37944968,2056,0,1
18711,37946968,2133,0,1
18712,37948968,2135,0,1
18713,37950968,2117,0,1
18714,37952968,2074,0,1
18715,37954968,2024,0,1
18716,37956968,2011,0,1
18717,37958968,1975,0,1
18718,37960968,1973,1,1
18719,37962968,1961,1,1
18720,37964968,2075,0,1
18721,37966968,2149,0,1
18722,37968968,2149,0,1
18723,37970968,2121,0,1
18724,37972968,2073,0,1
18725,37974968,2020,0,1
18726,37976968,2007,0,1
18727,37978968,1979,0,1
18728,37980968,1980,1,1
18729,37982968,1955,1,1
18730,37984968,2045,0,1
18731,37986968,2129,0,1
18732,37988968,2131,0,1
18733,37990968,2103,0,1
18734,37992968,2065,0,1
18735,37994968,2031,0,1
18736,37996968,2003,0,1
18737,37998968,1975,0,1
18738,38000968,1995,1,1
18739,38002968,1981,1,1
18740,38004968,2039,0,1
18741,38006968,2077,0,1
18742,38008968,2090,0,1
18743,38010968,2075,0,1
18744,38012968,2057,0,1
18745,38014968,2027,0,1
18746,38016968,1999,0,1
18747,38018968,1995,0,1
18748,38020968,1972,1,1
18749,38022968,1981,1,1
18750,38024968,2043,0,1
18751,38026968,2075,0,1
18752,38028968,2099,0,1
18753,38030968,2075,0,1
18754,38032968,2043,0,1
18755,38034968,2007,0,1
18756,38036968,1999,0,1
18757,38038968,1991,0,1
18758,38040968,1963,1,1
18759,38042968,1978,1,1
18760,38044968,2059,0,1
18761,38046968,2111,0,1
18762,38048968,2125,0,1
18763,38050968,2104,0,1
18764,38052968,2063,0,1
18765,38054968,2015,0,1
18766,38056968,1999,0,1
18767,38058968,1990,0,1
18768,38060968,1982,1,1
18769,38062968,2007,1,1
18770,38064968,2085,0,1
18771,38066968,2110,0,1
18772,38068968,2107,0,1
18773,38070968,2073,0,1
18774,38072968,2028,0,1
18775,38074968,2003,0,1
18776,38076968,1992,0,1
18777,38078968,1989,0,1
18778,38080968,1975,1,1
18779,38082968,1944,1,1
18780,38084968,2035,0,1
18781,38086968,2087,0,1
18782,38088968,2095,0,1
18783,38090968,2085,0,1
18784,38092968,2058,0,1
18785,38094968,2023,0,1
18786,38096968,2004,0,1
18787,38098968,1991,0,1
18788,38100968,1992,1,1
18789,38102968,1993,1,1
18790,38104968,2091,0,1
18791,38106968,2169,0,1
18792,38108968,2159,0,1
18793,38110968,2122,0,1
18794,38112968,2075,0,1
18795,38114968,2008,0,1
18796,38116968,1989,0,1
18797,38118968,1971,0,1
18798,38120968,1951,1,1
18799,38122968,1948,1,1
18800,38124968,2054,0,1
18801,38126968,2139,0,1
18802,38128968,2147,0,1
18803,38130968,2129,0,1
18804,38132968,2084,0,1
18805,38134968,2027,0,1
18806,38136968,2007,0,1
18807,38138968,1979,0,1
18808,38140968,1974,1,1
18809,38142968,1982,1,1
18810,38144968,2093,0,1
18811,38146968,2159,0,1
18812,38148968,2165,0,1
18813,38150968,2123,0,1
18814,38152968,2071,0,1
18815,38154968,2007,0,1
18816,38156968,1983,0,1
18817,38158968,1977,0,1
18818,38160968,1955,1,1
18819,38162968,1963,1,1
18820,38164968,2057,0,1
18821,38166968,2105,0,1
18822,38168968,2120,0,1
18823,38170968,2093,0,1
18824,38172968,2042,0,1
18825,38174968,2015,0,1
18826,38176968,2006,0,1
18827,38178968,1983,0,1
18828,38180968,1961,1,1
18829,38182968,1925,1,1
18830,38184968,1971,0,1
18831,38186968,2015,0,1
18832,38188968,2039,0,1
18833,38190968,2053,0,1
18834,38192968,2055,0,1
18835,38194968,2035,0,1
18836,38196968,2015,0,1
18837,38198968,2007,0,1
18838,38200968,2014,1,1
18839,38202968,2023,1,1
18840,38204968,2079,0,1
18841,38206968,2095,0,1
18842,38208968,2067,0,1
18843,38210968,2057,0,1
18844,38212968,2019,0,1
18845,38214968,2008,0,1
18846,38216968,2002,0,1
18847,38218968,1999,0,1
18848,38220968,1974,1,1
18849,38222968,2006,1,1
18850,38224968,2087,0,1
18851,38226968,2117,0,1
18852,38228968,2101,0,1
18853,38230968,2071,0,1
18854,38232968,2031,0,1
18855,38234968,2011,0,1
18856,38236968,1997,0,1
18857,38238968,1983,0,1
18858,38240968,1989,1,1
18859,38242968,2021,1,1
18860,38244968,2101,0,1
18861,38246968,2109,0,1
18862,38248968,2104,0,1
18863,38250968,2069,0,1
18864,38252968,2041,0,1
18865,38254968,2021,0,1
18866,38256968,1988,0,1
18867,38258968,1976,0,1
18868,38260968,1975,1,1
18869,38262968,1991,1,1
18870,38264968,2075,0,1
18871,38266968,2095,0,1
18872,38268968,2099,0,1
18873,38270968,2073,0,1
18874,38272968,2041,0,1
18875,38274968,2011,0,1
18876,38276968,1995,0,1
18877,38278968,1997,0,1
18878,38280968,1982,1,1
18879,38282968,1991,1,1
18880,38284968,2067,0,1
18881,38286968,2091,0,1
18882,38288968,2083,0,1
18883,38290968,2069,0,1
18884,38292968,2031,0,1
18885,38294968,2013,0,1
18886,38296968,1990,0,1
18887,38298968,1993,0,1
18888,38300968,1968,1,1
18889,38302968,2003,1,1
18890,38304968,2100,0,1
18891,38306968,2121,0,1
18892,38308968,2105,0,1
18893,38310968,2086,0,1
18894,38312968,2036,0,1
18895,38314968,2009,0,1
18896,38316968,1990,0,1
18897,38318968,1979,0,1
18898,38320968,1967,1,1
18899,38322968,2007,1,1
18900,38324968,2076,0,1
18901,38326968,2101,0,1
18902,38328968,2101,0,1
18903,38330968,2071,0,1
18904,38332968,2037,0,1
18905,38334968,2014,0,1
18906,38336968,1992,0,1
18907,38338968,1981,0,1
18908,38340968,1981,1,1
18909,38342968,1999,1,1
18910,38344968,2063,0,1
18911,38346968,2083,0,1
18912,38348968,2073,0,1
18913,38350968,2060,0,1
18914,38352968,2028,0,1
18915,38354968,2022,0,1
18916,38356968,2005,0,1
18917,38358968,1993,0,1
18918,38360968,1989,1,1
18919,38362968,2019,1,1
18920,38364968,2077,0,1
18921,38366968,2088,0,1
18922,38368968,2075,0,1
18923,38370968,2055,0,1
18924,38372968,2021,0,1
18925,38374968,2009,0,1
18926,38376968,1993,0,1
18927,38378968,1992,0,1
18928,38380968,1991,1,1
18929,38382968,1995,1,1
18930,38384968,2032,0,1
18931,38386968,2063,0,1
18932,38388968,2053,0,1
18933,38390968,2046,0,1
18934,38392968,2027,0,1
18935,38394968,2007,0,1
18936,38396968,1997,0,1
18937,38398968,1996,0,1
18938,38400968,1978,1,1
18939,38402968,2001,1,1
18940,38404968,2045,0,1
18941,38406968,2065,0,1
18942,38408968,2055,0,1
18943,38410968,2031,0,1
18944,38412968,2023,0,1
18945,38414968,2015,0,1
18946,38416968,2011,0,1
18947,38418968,1995,0,1
18948,38420968,1987,1,1
18949,38422968,2003,1,1
18950,38424968,2057,0,1
18951,38426968,2063,0,1
18952,38428968,2067,0,1
18953,38430968,2056,0,1
18954,38432968,2021,0,1
18955,38434968,2011,0,1
18956,38436968,2001,0,1
18957,38438968,1989,0,1
18958,38440968,1989,1,1
18959,38442968,1975,1,1
18960,38444968,2021,0,1
18961,38446968,2043,0,1
18962,38448968,2044,0,1
18963,38450968,2044,0,1
18964,38452968,2024,0,1
18965,38454968,2009,0,1
18966,38456968,2015,0,1
18967,38458968,2001,0,1
18968,38460968,1976,1,1
18969,38462968,1999,1,1
18970,38464968,2061,0,1
18971,38466968,2079,0,1
18972,38468968,2073,0,1
18973,38470968,2040,0,1
18974,38472968,2031,0,1
18975,38474968,2009,0,1
18976,38476968,1983,0,1
18977,38478968,1995,0,1
18978,38480968,1995,1,1
18979,38482968,2065,1,1
18980,38484968,2133,0,1
18981,38486968,2165,0,1
18982,38488968,2130,0,1
18983,38490968,2083,0,1
18984,38492968,2027,0,1
18985,38494968,1999,0,1
18986,38496968,1977,0,1
18987,38498968,1979,0,1
18988,38500968,1993,1,1
18989,38502968,2035,1,1
18990,38504968,2110,0,1
18991,38506968,2143,0,1
18992,38508968,2119,0,1
18993,38510968,2075,0,1
18994,38512968,2025,0,1
18995,38514968,2007,0,1
18996,38516968,1976,0,1
18997,38518968,1973,0,1
18998,38520968,1976,1,1
18999,38522968,1995,1,1
19000,38524968,2039,0,1
19001,38526968,2076,0,1
19002,38528968,2067,0,1
19003,38530968,2043,0,1
19004,38532968,2024,0,1
19005,38534968,2012,0,1
19006,38536968,1993,0,1
19007,38538968,2005,0,1
19008,38540968,1962,1,1
19009,38542968,1965,1,1
19010,38544968,2008,0,1
19011,38546968,2026,0,1
19012,38548968,2038,0,1
19013,38550968,2018,0,1
19014,38552968,2029,0,1
19015,38554968,2008,0,1
19016,38556968,2007,0,1
19017,38558968,1997,0,1
19018,38560968,1981,1,1
19019,38562968,1976,1,1
19020,38564968,2027,0,1
19021,38566968,2063,0,1
19022,38568968,2045,0,1
19023,38570968,2041,0,1
19024,38572968,2023,0,1
19025,38574968,2013,0,1
19026,38576968,2005,0,1
19027,38578968,1992,0,1
19028,38580968,2007,1,1
19029,38582968,1957,1,1
19030,38584968,1893,0,1
19031,38586968,1901,0,1
19032,38588968,1917,0,1
19033,38590968,1959,0,1
19034,38592968,2003,0,1
19035,38594968,2013,0,1
19036,38596968,2036,0,1
19037,38598968,2030,0,1
19038,38600968,1967,1,1
19039,38602968,1955,1,1
19040,38604968,2025,0,1
19041,38606968,2067,0,1
19042,38608968,2066,0,1
19043,38610968,2063,0,1
19044,38612968,2044,0,1
19045,38614968,2019,0,1
19046,38616968,2015,0,1
19047,38618968,2009,0,1
19048,38620968,1997,1,1
19049,38622968,2076,1,1
19050,38624968,2173,0,1
19051,38626968,2183,0,1
19052,38628968,2139,0,1
19053,38630968,2077,0,1
19054,38632968,2014,0,1
19055,38634968,1993,0,1
19056,38636968,1958,0,1
19057,38638968,1959,0,1
19058,38640968,1951,1,1
19059,38642968,1963,0,1
19060,38644968,1993,0,1
19061,38646968,2014,0,1
19062,38648968,2027,0,1
19063,38650968,2028,0,1
19064,38652968,2027,0,1
19065,38654968,2021,0,1
19066,38656968,2002,0,1
19067,38658968,1999,0,1
19068,38660968,1981,1,1
19069,38662968,1993,0,1
19070,38664968,2040,0,1
19071,38666968,2063,0,1
19072,38668968,2067,0,1
19073,38670968,2037,0,1
19074,38672968,2026,0,1
19075,38674968,2008,0,1
19076,38676968,1995,0,1
19077,38678968,1991,0,1
19078,38680968,1992,1,1
19079,38682968,1960,0,1
19080,38684968,1951,0,1
19081,38686968,1973,0,1
19082,38688968,1979,0,1
19083,38690968,1999,0,1
19084,38692968,2001,0,1
19085,38694968,2007,0,1
19086,38696968,2019,0,1
19087,38698968,2014,0,1
19088,38700968,2001,1,1
19089,38702968,1979,0,1
19090,38704968,1998,0,1
19091,38706968,2035,0,1
19092,38708968,2035,0,1
19093,38710968,2013,0,1
19094,38712968,2022,0,1
19095,38714968,2008,0,1
19096,38716968,2011,0,1
19097,38718968,1998,0,1
19098,38720968,1980,1,1
19099,38722968,1989,0,1
19100,38724968,2037,0,1
19101,38726968,2057,0,1
19102,38728968,2063,0,1
19103,38730968,2038,0,1
19104,38732968,2023,0,1
19105,38734968,2010,0,1
19106,38736968,1998,0,1
19107,38738968,1998,0,1
19108,38740968,2009,1,1
19109,38742968,2023,1,1
19110,38744968,2029,0,1
19111,38746968,2029,0,1
19112,38748968,2021,0,1
19113,38750968,2003,0,1
19114,38752968,1994,0,1
19115,38754968,2007,0,1
19116,38756968,2003,0,1
19117,38758968,2009,0,1
19118,38760968,1983,1,1
19119,38762968,1955,0,1
19120,38764968,1946,0,1
19121,38766968,1950,0,1
19122,38768968,1959,0,1
19123,38770968,1992,0,1
19124,38772968,2003,0,1
19125,38774968,2033,0,1
19126,38776968,2027,0,1
19127,38778968,2023,0,1
19128,38780968,1991,1,1
19129,38782968,2018,0,1
19130,38784968,2037,0,1
19131,38786968,2043,0,1
19132,38788968,2035,0,1
19133,38790968,2037,0,1
19134,38792968,2021,0,1
19135,38794968,2013,0,1
19136,38796968,1999,0,1
19137,38798968,1993,0,1
19138,38800968,1981,1,1
19139,38802968,2031,0,1
19140,38804968,2086,0,1
19141,38806968,2098,0,1
19142,38808968,2084,0,1
19143,38810968,2055,0,1
19144,38812968,2029,0,1
19145,38814968,2021,0,1
19146,38816968,1983,0,1
19147,38818968,1991,0,1
19148,38820968,1975,1,1
19149,38822968,2035,0,1
19150,38824968,2090,0,1
19151,38826968,2092,0,1
19152,38828968,2075,0,1
19153,38830968,2056,0,1
19154,38832968,2011,0,1
19155,38834968,2021,0,1
19156,38836968,1997,0,1
19157,38838968,1997,0,1
19158,38840968,1993,1,1
19159,38842968,1975,0,1
19160,38844968,1989,0,1
19161,38846968,1991,0,1
19162,38848968,2001,0,1
19163,38850968,2010,0,1
19164,38852968,2021,0,1
19165,38854968,2019,0,1
19166,38856968,2011,0,1
19167,38858968,2010,0,1
19168,38860968,2007,1,1
19169,38862968,2044,0,1
19170,38864968,2084,0,1
19171,38866968,2074,0,1
19172,38868968,2053,0,1
19173,38870968,2037,0,1
19174,38872968,2013,0,1
19175,38874968,2002,0,1
19176,38876968,1999,0,1
19177,38878968,1998,0,1
19178,38880968,1979,1,1
19179,38882968,2025,0,1
19180,38884968,2079,0,1
19181,38886968,2076,0,1
19182,38888968,2075,0,1
19183,38890968,2044,0,1
19184,38892968,2019,0,1
19185,38894968,2014,0,1
19186,38896968,2004,0,1
19187,38898968,1997,0,1
19188,38900968,1967,1,1
19189,38902968,2021,0,1
19190,38904968,2091,0,1
19191,38906968,2103,0,1
19192,38908968,2085,0,1
19193,38910968,2043,0,1
19194,38912968,2030,0,1
19195,38914968,2006,0,1
19196,38916968,1995,0,1
19197,38918968,1979,0,1
19198,38920968,1998,1,1
19199,38922968,2063,0,1
19200,38924968,2103,0,1
19201,38926968,2117,0,1
19202,38928968,2090,0,1
19203,38930968,2043,0,1
19204,38932968,2006,0,1
19205,38934968,2012,0,1
19206,38936968,1980,0,1
19207,38938968,1995,0,1
19208,38940968,1981,1,1
19209,38942968,2031,0,1
19210,38944968,2101,0,1
19211,38946968,2101,0,1
19212,38948968,2092,0,1
19213,38950968,2054,0,1
19214,38952968,2026,0,1
19215,38954968,2014,0,1
19216,38956968,1979,0,1
19217,38958968,1991,0,1
19218,38960968,1997,1,1
19219,38962968,2065,0,1
19220,38964968,2131,0,1
19221,38966968,2134,0,1
19222,38968968,2101,0,1
19223,38970968,2055,0,1
19224,38972968,2015,0,1
19225,38974968,1993,0,1
19226,38976968,1983,0,1
19227,38978968,1993,0,1
19228,38980968,1983,1,1
19229,38982968,2076,0,1
19230,38984968,2149,0,1
19231,38986968,2149,0,1
19232,38988968,2127,0,1
19233,38990968,2073,0,1
19234,38992968,2019,0,1
19235,38994968,1990,0,1
19236,38996968,1979,0,1
19237,38998968,1976,0,1
19238,39000968,2001,1,1
19239,39002968,2079,0,1
19240,39004968,2131,0,1
19241,39006968,2153,0,1
19242,39008968,2108,0,1
19243,39010968,2070,0,1
19244,39012968,2029,0,1
19245,39014968,1983,0,1
19246,39016968,1981,0,1
19247,39018968,1983,0,1
19248,39020968,1885,1,1
19249,39022968,1934,0,1
19250,39024968,1999,0,1
19251,39026968,2045,0,1
19252,39028968,2067,0,1
19253,39030968,2066,0,1
19254,39032968,2043,0,1
19255,39034968,2025,0,1
19256,39036968,2015,0,1
19257,39038968,2007,0,1
19258,39040968,1901,1,1
19259,39042968,1915,0,1
19260,39044968,1972,0,1
19261,39046968,2022,0,1
19262,39048968,2038,0,1
19263,39050968,2042,0,1
19264,39052968,2040,0,1
19265,39054968,2029,0,1
19266,39056968,2018,0,1
19267,39058968,2019,0,1
19268,39060968,1961,1,1
19269,39062968,2030,0,1
19270,39064968,2091,0,1
19271,39066968,2109,0,1
19272,39068968,2083,0,1
19273,39070968,2063,0,1
19274,39072968,2024,0,1
19275,39074968,2009,0,1
19276,39076968,1993,0,1
19277,39078968,1991,0,1
19278,39080968,1955,1,1
19279,39082968,2031,0,1
19280,39084968,2093,0,1
19281,39086968,2104,0,1
19282,39088968,2089,0,1
19283,39090968,2052,0,1
19284,39092968,2027,0,1
19285,39094968,2010,0,1
19286,39096968,1982,0,1
19287,39098968,1988,0,1
19288,39100968,1884,1,1
19289,39102968,1915,0,1
19290,39104968,1991,0,1
19291,39106968,2040,0,1
19292,39108968,2056,0,1
19293,39110968,2059,0,1
19294,39112968,2037,0,1
19295,39114968,2028,0,1
19296,39116968,2018,0,1
19297,39118968,2015,1,1
19298,39120968,1871,1,1
19299,39122968,1903,0,1
19300,39124968,1975,0,1
19301,39126968,2023,0,1
19302,39128968,2043,0,1
19303,39130968,2056,0,1
19304,39132968,2053,0,1
19305,39134968,2026,0,1
19306,39136968,2019,0,1
19307,39138968,2009,1,1
19308,39140968,1967,1,1
19309,39142968,2054,0,1
19310,39144968,2120,0,1
19311,39146968,2129,0,1
19312,39148968,2104,0,1
19313,39150968,2056,0,1
19314,39152968,2021,0,1
19315,39154968,1997,0,1
19316,39156968,1980,0,1
19317,39158968,1981,1,1
19318,39160968,1947,1,1
19319,39162968,2019,0,1
19320,39164968,2092,0,1
19321,39166968,2107,0,1
19322,39168968,2091,0,1
19323,39170968,2065,0,1
19324,39172968,2027,0,1
19325,39174968,2004,0,1
19326,39176968,1995,0,1
19327,39178968,1991,1,1
19328,39180968,1899,1,1
19329,39182968,1944,0,1
19330,39184968,2007,0,1
19331,39186968,2039,0,1
19332,39188968,2065,0,1
19333,39190968,2045,0,1
19334,39192968,2029,0,1
19335,39194968,2031,0,1
19336,39196968,2011,0,1
19337,39198968,2004,1,1
19338,39200968,1933,1,1
19339,39202968,1999,0,1
19340,39204968,2043,0,1
19341,39206968,2073,0,1
19342,39208968,2071,0,1
19343,39210968,2045,0,1
19344,39212968,2037,0,1
19345,39214968,2012,0,1
19346,39216968,1997,0,1
19347,39218968,1995,1,1
19348,39220968,1981,1,1
19349,39222968,2067,0,1
19350,39224968,2091,0,1
19351,39226968,2095,0,1
19352,39228968,2077,0,1
19353,39230968,2040,0,1
19354,39232968,2019,0,1
19355,39234968,1993,0,1
19356,39236968,1991,0,1
19357,39238968,1981,1,1
19358,39240968,1959,1,1
19359,39242968,2031,0,1
19360,39244968,2075,0,1
19361,39246968,2087,0,1
19362,39248968,2077,0,1
19363,39250968,2053,0,1
19364,39252968,2019,0,1
19365,39254968,2009,0,1
19366,39256968,1988,0,1
19367,39258968,2247,1,1
19368,39260968,1975,1,1
19369,39262968,2039,0,1
19370,39264968,2093,0,1
19371,39266968,2096,0,1
19372,39268968,2077,0,1
19373,39270968,2053,0,1
19374,39272968,2028,0,1
19375,39274968,2005,0,1
19376,39276968,1993,0,1
19377,39278968,1981,1,1
19378,39280968,1972,1,1
19379,39282968,2075,0,1
19380,39284968,2107,0,1
19381,39286968,2100,0,1
19382,39288968,2085,0,1
19383,39290968,2043,0,1
19384,39292968,2027,0,1
19385,39294968,1997,0,1
19386,39296968,1989,0,1
19387,39298968,1982,1,1
19388,39300968,1996,1,1
19389,39302968,2071,0,1
19390,39304968,2101,0,1
19391,39306968,2104,0,1
19392,39308968,2079,0,1
19393,39310968,2035,0,1
19394,39312968,2021,0,1
19395,39314968,1991,0,1
19396,39316968,1992,0,1
19397,39318968,1995,1,1
19398,39320968,2006,1,1
19399,39322968,2172,0,1
19400,39324968,2251,0,1
19401,39326968,2237,0,1
19402,39328968,2173,0,1
19403,39330968,2101,0,1
19404,39332968,2041,0,1
19405,39334968,1990,0,1
19406,39336968,1965,0,1
19407,39338968,1963,1,1
19408,39340968,1996,1,1
19409,39342968,2119,0,1
19410,39344968,2164,0,1
19411,39346968,2159,0,1
19412,39348968,2104,0,1
19413,39350968,2056,0,1
19414,39352968,2012,0,1
19415,39354968,1973,0,1
19416,39356968,1964,0,1
19417,39358968,1965,1,1
19418,39360968,1965,1,1
19419,39362968,2027,0,1
19420,39364968,2036,0,1
19421,39366968,2044,0,1
19422,39368968,2041,0,1
19423,39370968,2020,0,1
19424,39372968,2015,0,1
19425,39374968,2002,0,1
19426,39376968,1999,0,1
19427,39378968,1996,1,1
19428,39380968,1967,1,1
19429,39382968,1965,0,1
19430,39384968,1959,0,1
19431,39386968,1980,0,1
19432,39388968,1981,0,1
19433,39390968,2007,0,1
19434,39392968,2015,0,1
19435,39394968,2023,0,1
19436,39396968,2019,0,1
19437,39398968,2003,1,1
19438,39400968,1967,1,1
19439,39402968,2007,0,1
19440,39404968,2024,0,1
19441,39406968,2040,0,1
19442,39408968,2037,0,1
19443,39410968,2027,0,1
19444,39412968,2007,0,1
19445,39414968,2015,0,1
19446,39416968,2003,0,1
19447,39418968,1999,1,1
19448,39420968,1975,1,1
19449,39422968,2042,0,1
19450,39424968,2091,0,1
19451,39426968,2101,0,1
19452,39428968,2087,0,1
19453,39430968,2053,0,1
19454,39432968,2005,0,1
19455,39434968,2003,0,1
19456,39436968,1995,0,1
19457,39438968,1972,1,1
19458,39440968,1899,1,1
19459,39442968,1951,0,1
19460,39444968,2023,0,1
19461,39446968,2057,0,1
19462,39448968,2059,0,1
19463,39450968,2052,0,1
19464,39452968,2031,0,1
19465,39454968,2015,0,1
19466,39456968,2012,0,1
19467,39458968,1960,1,1
19468,39460968,1911,1,1
19469,39462968,1997,0,1
19470,39464968,2069,0,1
19471,39466968,2091,0,1
19472,39468968,2075,0,1
19473,39470968,2057,0,1
19474,39472968,2029,0,1
19475,39474968,2015,0,1
19476,39476968,1995,0,1
19477,39478968,1963,1,1
19478,39480968,1925,1,1
19479,39482968,1992,0,1
19480,39484968,2027,0,1
19481,39486968,2054,0,1
19482,39488968,2063,0,1
19483,39490968,2041,0,1
19484,39492968,2021,0,1
19485,39494968,2009,0,1
19486,39496968,2009,0,1
19487,39498968,1993,1,1
19488,39500968,1997,1,1
19489,39502968,1978,0,1
19490,39504968,1973,0,1
19491,39506968,1993,0,1
19492,39508968,1988,0,1
19493,39510968,1995,0,1
19494,39512968,2002,0,1
19495,39514968,2009,0,1
19496,39516968,2011,0,1
19497,39518968,1965,1,1
19498,39520968,1925,1,1
19499,39522968,2008,0,1
19500,39524968,2067,0,1
19501,39526968,2079,0,1
19502,39528968,2067,0,1
19503,39530968,2043,0,1
19504,39532968,2013,0,1
19505,39534968,2019,0,1
19506,39536968,2003,0,1
19507,39538968,1971,1,1
19508,39540968,1940,1,1
19509,39542968,1977,0,1
19510,39544968,2014,0,1
19511,39546968,2023,0,1
19512,39548968,2029,0,1
19513,39550968,2029,0,1
19514,39552968,2025,0,1
19515,39554968,2011,0,1
19516,39556968,1997,0,1
19517,39558968,1983,1,1
19518,39560968,1991,1,1
19519,39562968,2078,0,1
19520,39564968,2110,0,1
19521,39566968,2104,0,1
19522,39568968,2075,0,1
19523,39570968,2043,0,1
19524,39572968,2007,0,1
19525,39574968,2001,0,1
19526,39576968,1983,0,1
19527,39578968,1975,1,1
19528,39580968,1972,1,1
19529,39582968,2043,0,1
19530,39584968,2104,0,1
19531,39586968,2107,0,1
19532,39588968,2079,0,1
19533,39590968,2045,0,1
19534,39592968,2021,0,1
19535,39594968,1999,0,1
19536,39596968,1983,0,1
19537,39598968,1942,1,1
19538,39600968,1925,1,1
19539,39602968,2006,0,1
19540,39604968,2071,0,1
19541,39606968,2084,0,1
19542,39608968,2083,0,1
19543,39610968,2053,0,1
19544,39612968,2024,0,1
19545,39614968,2003,0,1
19546,39616968,1997,0,1
19547,39618968,1944,1,1
19548,39620968,1901,1,1
19549,39622968,1981,0,1
19550,39624968,2039,0,1
19551,39626968,2067,0,1
19552,39628968,2071,0,1
19553,39630968,2044,0,1
19554,39632968,2032,0,1
19555,39634968,2008,0,1
19556,39636968,2003,0,1
19557,39638968,1973,1,1
19558,39640968,2019,1,1
19559,39642968,2136,0,1
19560,39644968,2171,0,1
19561,39646968,2156,0,1
19562,39648968,2105,0,1
19563,39650968,2043,0,1
19564,39652968,2006,0,1
19565,39654968,1983,0,1
19566,39656968,1967,0,1
19567,39658968,1937,1,1
19568,39660968,1980,1,1
19569,39662968,2065,0,1
19570,39664968,2109,0,1
19571,39666968,2106,0,1
19572,39668968,2086,0,1
19573,39670968,2031,0,1
19574,39672968,2007,0,1
19575,39674968,1997,0,1
19576,39676968,1983,0,1
19577,39678968,1951,1,1
19578,39680968,1964,1,1
19579,39682968,2041,0,1
19580,39684968,2095,0,1
19581,39686968,2092,0,1
19582,39688968,2083,0,1
19583,39690968,2040,0,1
19584,39692968,2023,0,1
19585,39694968,2005,0,1
19586,39696968,1993,0,1
19587,39698968,1963,1,1
19588,39700968,1939,1,1
19589,39702968,2005,0,1
19590,39704968,2043,0,1
19591,39706968,2073,0,1
19592,39708968,2056,0,1
19593,39710968,2037,0,1
19594,39712968,2025,0,1
19595,39714968,2007,0,1
19596,39716968,1992,0,1
19597,39718968,1967,1,1
19598,39720968,1993,1,1
19599,39722968,2091,0,1
19600,39724968,2118,0,1
19601,39726968,2116,0,1
19602,39728968,2083,0,1
19603,39730968,2041,0,1
19604,39732968,2004,0,1
19605,39734968,1973,0,1
19606,39736968,1983,0,1
19607,39738968,1915,1,1
19608,39740968,1909,1,1
19609,39742968,1975,0,1
19610,39744968,2029,0,1
19611,39746968,2063,0,1
19612,39748968,2065,0,1
19613,39750968,2053,0,1
19614,39752968,2040,0,1
19615,39754968,2013,0,1
19616,39756968,2004,0,1
19617,39758968,1931,1,1
19618,39760968,1899,1,1
19619,39762968,1967,0,1
19620,39764968,2005,0,1
19621,39766968,2043,0,1
19622,39768968,2058,0,1
19623,39770968,2041,0,1
19624,39772968,2053,0,1
19625,39774968,2019,0,1
19626,39776968,2003,0,1
19627,39778968,1964,1,1
19628,39780968,1967,1,1
19629,39782968,1805,0,1
19630,39784968,1706,0,1
19631,39786968,1717,0,1
19632,39788968,1801,0,1
19633,39790968,1895,0,1
19634,39792968,1995,0,1
19635,39794968,2059,0,1
19636,39796968,2075,0,1
19637,39798968,2054,1,1
19638,39800968,2087,1,1
19639,39802968,2136,0,1
19640,39804968,2126,0,1
19641,39806968,2099,0,1
19642,39808968,2057,0,1
19643,39810968,2009,0,1
19644,39812968,1995,0,1
19645,39814968,1972,0,1
19646,39816968,1983,0,1
19647,39818968,1993,1,1
19648,39820968,2043,1,1
19649,39822968,2126,0,1
19650,39824968,2141,0,1
19651,39826968,2121,0,1
19652,39828968,2077,0,1
19653,39830968,2036,0,1
19654,39832968,2010,0,1
19655,39834968,1983,0,1
19656,39836968,1979,0,1
19657,39838968,1961,1,1
19658,39840968,2027,1,1
19659,39842968,2134,0,1
19660,39844968,2149,0,1
19661,39846968,2133,0,1
19662,39848968,2083,0,1
19663,39850968,2035,0,1
19664,39852968,1996,0,1
19665,39854968,1981,0,1
19666,39856968,1980,0,1
19667,39858968,1959,1,1
19668,39860968,1982,1,1
19669,39862968,2031,0,1
19670,39864968,2055,0,1
19671,39866968,2063,0,1
19672,39868968,2053,0,1
19673,39870968,2027,0,1
19674,39872968,2023,0,1
19675,39874968,1997,0,1
19676,39876968,2001,0,1
19677,39878968,1980,1,1
19678,39880968,2001,1,1
19679,39882968,2059,0,1
19680,39884968,2068,0,1
19681,39886968,2069,0,1
19682,39888968,2055,0,1
19683,39890968,2027,0,1
19684,39892968,2021,0,1
19685,39894968,1992,0,1
19686,39896968,1996,0,1
19687,39898968,1977,1,1
19688,39900968,2036,1,1
19689,39902968,2103,0,1
19690,39904968,2106,0,1
19691,39906968,2093,0,1
19692,39908968,2069,0,1
19693,39910968,2025,0,1
19694,39912968,2003,0,1
19695,39914968,1979,0,1
19696,39916968,1981,0,1
19697,39918968,1963,1,1
19698,39920968,2011,1,1
19699,39922968,2091,0,1
19700,39924968,2121,0,1
19701,39926968,2103,0,1
19702,39928968,2067,0,1
19703,39930968,2028,0,1
19704,39932968,2020,0,1
19705,39934968,1991,0,1
19706,39936968,1995,0,1
19707,39938968,1977,1,1
19708,39940968,2045,1,1
19709,39942968,2111,0,1
19710,39944968,2133,0,1
19711,39946968,2121,0,1
19712,39948968,2069,0,1
19713,39950968,2023,0,1
19714,39952968,2005,0,1
19715,39954968,1982,0,1
19716,39956968,1981,0,1
19717,39958968,1961,1,1
19718,39960968,2005,1,1
19719,39962968,2071,0,1
19720,39964968,2105,0,1
19721,39966968,2092,0,1
19722,39968968,2063,0,1
19723,39970968,2027,0,1
19724,39972968,2009,0,1
19725,39974968,1996,0,1
19726,39976968,1995,0,1
19727,39978968,1976,1,1
19728,39980968,2041,1,1
19729,39982968,2105,0,1
19730,39984968,2127,0,1
19731,39986968,2102,0,1
19732,39988968,2069,0,1
19733,39990968,2023,0,1
19734,39992968,2003,0,1
19735,39994968,1974,0,1
19736,39996968,1981,0,1
19737,39998968,1957,1,1
19738,40000968,2042,1,1
19739,40002968,2169,0,1
19740,40004968,2219,0,1
19741,40006968,2188,0,1
19742,40008968,2123,0,1
19743,40010968,2063,0,1
19744,40012968,2013,0,1
19745,40014968,1973,0,1
19746,40016968,1975,0,1
19747,40018968,1989,1,1
19748,40020968,2149,1,1
19749,40022968,2293,0,1
19750,40024968,2301,0,1
19751,40026968,2229,0,1
19752,40028968,2124,0,1
19753,40030968,2031,0,1
19754,40032968,1971,0,1
19755,40034968,1932,0,1
19756,40036968,1929,0,1
19757,40038968,1947,1,1
19758,40040968,2012,0,1
19759,40042968,2057,0,1
19760,40044968,2070,0,1
19761,40046968,2055,0,1
19762,40048968,2035,0,1
19763,40050968,2019,0,1
19764,40052968,2004,0,1
19765,40054968,1988,0,1
19766,40056968,1989,0,1
19767,40058968,1958,1,1
19768,40060968,1983,0,1
19769,40062968,2043,0,1
19770,40064968,2077,0,1
19771,40066968,2077,0,1
19772,40068968,2039,0,1
19773,40070968,2030,0,1
19774,40072968,2004,0,1
19775,40074968,1995,0,1
19776,40076968,2006,0,1
19777,40078968,1980,1,1
19778,40080968,2013,0,1
19779,40082968,2074,0,1
19780,40084968,2103,0,1
19781,40086968,2093,0,1
19782,40088968,2063,0,1
19783,40090968,2026,0,1
19784,40092968,1995,0,1
19785,40094968,1980,0,1
19786,40096968,1993,0,1
19787,40098968,1963,1,1
19788,40100968,2041,0,1
19789,40102968,2105,0,1
19790,40104968,2131,0,1
19791,40106968,2105,0,1
19792,40108968,2057,0,1
19793,40110968,2029,0,1
19794,40112969,1999,0,1
19795,40114968,1981,0,1
19796,40116968,1988,0,1
19797,40118968,1943,1,1
19798,40120968,2005,0,1
19799,40122968,2086,0,1
19800,40124968,2105,0,1
19801,40126968,2104,0,1
19802,40128968,2059,0,1
19803,40130968,2029,0,1
19804,40132968,2004,0,1
19805,40134968,1995,0,1
19806,40136968,1981,0,1
19807,40138968,1957,1,1
19808,40140968,2024,0,1
19809,40142968,2089,0,1
19810,40144968,2106,0,1
19811,40146968,2099,0,1
19812,40148968,2071,0,1
19813,40150968,2030,0,1
19814,40152969,2006,0,1
19815,40154968,1981,0,1
19816,40156968,1980,0,1
19817,40158968,1959,1,1
19818,40160968,2044,0,1
19819,40162968,2120,0,1
19820,40164968,2141,0,1
19821,40166968,2120,0,1
19822,40168968,2069,0,1
19823,40170968,2023,0,1
19824,40172968,1989,0,1
19825,40174968,1981,0,1
19826,40176968,1978,0,1
19827,40178968,1907,1,1
19828,40180968,1972,0,1
19829,40182968,2039,0,1
19830,40184968,2065,0,1
19831,40186968,2079,0,1
19832,40188968,2055,0,1
19833,40190968,2025,0,1
19834,40192969,2025,0,1
19835,40194968,2004,0,1
19836,40196968,2005,0,1
19837,40198968,1957,1,1
19838,40200968,2011,0,1
19839,40202968,2063,0,1
19840,40204968,2075,0,1
19841,40206968,2067,0,1
19842,40208968,2053,0,1
19843,40210968,2029,0,1
19844,40212968,2013,0,1
19845,40214968,1997,0,1
19846,40216968,1992,0,1
19847,40218968,1961,1,1
19848,40220968,2045,0,1
19849,40222968,2094,0,1
19850,40224968,2107,0,1
19851,40226968,2099,0,1
19852,40228968,2069,0,1
19853,40230968,2022,0,1
19854,40232969,1998,0,1
19855,40234968,1978,0,1
19856,40236968,1987,0,1
19857,40238968,1947,1,1
19858,40240968,2024,0,1
19859,40242968,2079,0,1
19860,40244968,2107,0,1
19861,40246968,2089,0,1
19862,40248968,2067,0,1
19863,40250968,2024,0,1
19864,40252968,2003,0,1
19865,40254968,1989,0,1
19866,40256968,1978,0,1
19867,40258968,1977,1,1
19868,40260968,2055,0,1
19869,40262968,2103,0,1
19870,40264968,2105,0,1
19871,40266968,2091,0,1
19872,40268968,2043,0,1
19873,40270968,2031,0,1
19874,40272969,2008,0,1
19875,40274968,1992,0,1
19876,40276968,1991,0,1
19877,40278968,1931,1,1
19878,40280968,1973,0,1
19879,40282968,2027,0,1
19880,40284968,2071,0,1
19881,40286968,2068,0,1
19882,40288968,2057,0,1
19883,40290968,2040,0,1
19884,40292968,2015,0,1
19885,40294968,1995,0,1
19886,40296968,1991,0,1
19887,40298968,1971,1,1
19888,40300968,2054,0,1
19889,40302968,2093,0,1
19890,40304968,2103,0,1
19891,40306968,2089,0,1
19892,40308968,2056,0,1
19893,40310968,2020,0,1
19894,40312969,1996,0,1
19895,40314968,1993,0,1
19896,40316968,1991,0,1
19897,40318968,1940,1,1
19898,40320968,2005,0,1
19899,40322968,2063,0,1
19900,40324968,2083,0,1
19901,40326968,2078,0,1
19902,40328968,2054,0,1
19903,40330968,2035,0,1
19904,40332968,2010,0,1
19905,40334968,1998,0,1
19906,40336968,1995,0,1
19907,40338968,1974,1,1
19908,40340968,2057,0,1
19909,40342968,2107,0,1
19910,40344968,2120,0,1
19911,40346968,2104,0,1
19912,40348968,2057,0,1
19913,40350968,2022,0,1
19914,40352969,2007,0,1
19915,40354968,1982,0,1
19916,40356968,1981,0,1
19917,40358968,1991,1,1
19918,40360968,2085,0,1
19919,40362968,2141,0,1
19920,40364968,2131,0,1
19921,40366968,2105,0,1
19922,40368968,2057,0,1
19923,40370968,2023,0,1
19924,40372968,1983,0,1
19925,40374968,1974,0,1
19926,40376968,1989,0,1
19927,40378968,1967,1,1
19928,40380968,2059,0,1
19929,40382968,2091,0,1
19930,40384968,2099,0,1
19931,40386968,2088,0,1
19932,40388968,2055,0,1
19933,40390968,2013,0,1
19934,40392969,1997,0,1
19935,40394968,1994,0,1
19936,40396968,1989,0,1
19937,40398968,1949,1,1
19938,40400968,2005,0,1
19939,40402968,2063,0,1
19940,40404968,2073,0,1
19941,40406968,2069,0,1
19942,40408968,2043,0,1
19943,40410968,2011,0,1
19944,40412968,2007,0,1
19945,40414968,1995,0,1
19946,40416968,1993,0,1
19947,40418968,1993,1,1
19948,40420968,2071,0,1
19949,40422968,2111,0,1
19950,40424968,2109,0,1
19951,40426968,2090,0,1
19952,40428968,2053,0,1
19953,40430968,2005,0,1
19954,40432969,2005,0,1
19955,40434968,1993,0,1
19956,40436968,1989,1,1
19957,40438968,1947,1,1
19958,40440968,2013,0,1
19959,40442968,2078,0,1
19960,40444968,2091,0,1
19961,40446968,2073,0,1
19962,40448968,2045,0,1
19963,40450968,2019,0,1
19964,40452968,2005,0,1
19965,40454968,1993,0,1
19966,40456968,1988,1,1
19967,40458968,1961,1,1
19968,40460968,2043,1,1
19969,40462968,2085,0,1
19970,40464968,2093,0,1
19971,40466968,2087,0,1
19972,40468968,2038,0,1
19973,40470968,2021,0,1
19974,40472969,2013,0,1
19975,40474968,1992,0,1
19976,40476968,1997,1,1
19977,40478968,1941,1,1
19978,40480968,2014,0,1
19979,40482968,2071,0,1
19980,40484968,2089,0,1
19981,40486968,2075,0,1
19982,40488968,2057,0,1
19983,40490968,2025,0,1
19984,40492968,2002,0,1
19985,40494968,1998,0,1
19986,40496968,1983,1,1
19987,40498968,2009,1,1
19988,40500968,2076,1,1
19989,40502968,2133,0,1
19990,40504968,2118,0,1
19991,40506968,2091,0,1
19992,40508968,2053,0,1
19993,40510968,2013,0,1
19994,40512969,1996,0,1
19995,40514968,1977,0,1
19996,40516968,1981,1,1
19997,40518968,1989,1,1
19998,40520968,2077,0,1
19999,40522968,2131,0,1
20000,40524968,2121,0,1
20001,40526968,2089,0,1
20002,40528968,2045,0,1
20003,40530968,2012,0,1
20004,40532968,1991,0,1
20005,40534968,1976,0,1
20006,40536968,1977,1,1
20007,40538968,2032,1,1
20008,40540968,2143,0,1
20009,40542968,2171,0,1
20010,40544968,2159,0,1
20011,40546968,2109,0,1
20012,40548968,2055,0,1
20013,40550968,2009,0,1
20014,40552969,1995,0,1
20015,40554968,1967,0,1
20016,40556968,1971,1,1
20017,40558968,1965,1,1
20018,40560968,2011,1,1
20019,40562968,2063,0,1
20020,40564968,2067,0,1
20021,40566968,2045,0,1
20022,40568968,2031,0,1
20023,40570968,2019,0,1
20024,40572968,2007,0,1
20025,40574968,2003,0,1
20026,40576968,1983,1,1
20027,40578968,1955,1,1
20028,40580968,2034,0,1
20029,40582968,2079,0,1
20030,40584968,2083,0,1
20031,40586968,2067,0,1
20032,40588968,2043,0,1
20033,40590968,2019,0,1
20034,40592969,2004,0,1
20035,40594968,1993,0,1
20036,40596968,2003,1,1
20037,40598968,2013,1,1
20038,40600968,2083,0,1
20039,40602968,2101,0,1
20040,40604968,2090,0,1
20041,40606968,2069,0,1
20042,40608968,2027,0,1
20043,40610968,2008,0,1
20044,40612968,2004,0,1
20045,40614968,1983,0,1
20046,40616968,1976,1,1
20047,40618968,1979,1,1
20048,40620968,2077,0,1
20049,40622968,2120,0,1
20050,40624968,2108,0,1
20051,40626968,2079,0,1
20052,40628968,2056,0,1
20053,40630968,2013,0,1
20054,40632969,2003,0,1
20055,40634968,1981,0,1
20056,40636968,1989,1,1
20057,40638968,1981,1,1
20058,40640968,2079,0,1
20059,40642968,2123,0,1
20060,40644968,2117,0,1
20061,40646968,2087,0,1
20062,40648968,2036,0,1
20063,40650968,2020,0,1
20064,40652968,1993,0,1
20065,40654968,1983,0,1
20066,40656968,1983,1,1
20067,40658968,1983,1,1
20068,40660968,2041,0,1
20069,40662968,2075,0,1
20070,40664968,2085,0,1
20071,40666968,2057,0,1
20072,40668968,2026,0,1
20073,40670968,2011,0,1
20074,40672969,2015,0,1
20075,40674968,1998,0,1
20076,40676968,2003,1,1
20077,40678968,1997,1,1
20078,40680968,2135,0,1
20079,40682968,2199,0,1
20080,40684968,2173,0,1
20081,40686968,2137,0,1
20082,40688968,2075,0,1
20083,40690968,2027,0,1
20084,40692968,1992,0,1
20085,40694968,1981,0,1
20086,40696968,1978,1,1
20087,40698968,2030,1,1
20088,40700968,2190,0,1
20089,40702968,2247,0,1
20090,40704968,2223,0,1
20091,40706968,2147,0,1
20092,40708968,2068,0,1
20093,40710968,1999,0,1
20094,40712969,1967,0,1
20095,40714968,1947,0,1
20096,40716968,1949,1,1
20097,40718968,1973,1,1
20098,40720968,2022,0,1
20099,40722968,2039,0,1
20100,40724968,2037,0,1
20101,40726968,2031,0,1
20102,40728968,2030,0,1
20103,40730968,2024,0,1
20104,40732968,2011,0,1
20105,40734968,2002,0,1
20106,40736968,1976,1,1
20107,40738968,1988,1,1
20108,40740968,2022,0,1
20109,40742968,2057,0,1
20110,40744968,2075,0,1
20111,40746968,2063,0,1
20112,40748968,2025,0,1
20113,40750968,2015,0,1
20114,40752969,1997,0,1
20115,40754968,1998,0,1
20116,40756968,1979,1,1
20117,40758968,1988,1,1
20118,40760968,2073,0,1
20119,40762968,2085,0,1
20120,40764968,2091,0,1
20121,40766968,2059,0,1
20122,40768968,2031,0,1
20123,40770968,2011,0,1
20124,40772968,2003,0,1
20125,40774968,1990,0,1
20126,40776968,1993,1,1
20127,40778968,1991,1,1
20128,40780968,2078,0,1
20129,40782968,2111,0,1
20130,40784968,2107,0,1
20131,40786968,2076,0,1
20132,40788968,2035,0,1
20133,40790968,2027,0,1
20134,40792969,1998,0,1
20135,40794968,1993,0,1
20136,40796968,1971,1,1
20137,40798968,1973,1,1
20138,40800968,2040,0,1
20139,40802968,2083,0,1
20140,40804968,2066,0,1
20141,40806968,2063,0,1
20142,40808968,2039,0,1
20143,40810968,2025,0,1
20144,40812968,2009,0,1
20145,40814968,1991,0,1
20146,40816968,1971,1,1
20147,40818968,1982,1,1
20148,40820968,2053,0,1
20149,40822968,2075,0,1
20150,40824968,2068,0,1
20151,40826968,2043,0,1
20152,40828968,2023,0,1
20153,40830968,2011,0,1
20154,40832969,2007,0,1
20155,40834968,1995,0,1
20156,40836968,1983,1,1
20157,40838968,1971,1,1
20158,40840968,2023,0,1
20159,40842968,2039,0,1
20160,40844968,2029,0,1
20161,40846968,2039,0,1
20162,40848968,2023,0,1
20163,40850968,2019,0,1
20164,40852968,2017,0,1
20165,40854968,1993,0,1
20166,40856968,1975,1,1
20167,40858968,1999,1,1
20168,40860968,2086,0,1
20169,40862968,2096,0,1
20170,40864968,2087,0,1
20171,40866968,2059,0,1
20172,40868968,2030,0,1
20173,40870968,2008,0,1
20174,40872969,1997,0,1
20175,40874968,1998,0,1
20176,40876968,1975,1,1
20177,40878968,1999,1,1
20178,40880968,2059,0,1
20179,40882968,2077,0,1
20180,40884968,2072,0,1
20181,40886968,2059,0,1
20182,40888968,2036,0,1
20183,40890968,2020,0,1
20184,40892968,1991,0,1
20185,40894968,2003,0,1
20186,40896968,1991,1,1
20187,40898968,1966,1,1
20188,40900968,1996,0,1
20189,40902968,2006,0,1
20190,40904968,2021,0,1
20191,40906968,2030,0,1
20192,40908968,2019,0,1
20193,40910968,2029,0,1
20194,40912969,2015,0,1
20195,40914968,2012,0,1
20196,40916968,1995,1,1
20197,40918968,2023,1,1
20198,40920968,2079,0,1
20199,40922968,2091,0,1
20200,40924968,2086,0,1
20201,40926968,2067,0,1
20202,40928968,2027,0,1
20203,40930968,2009,0,1
20204,40932968,1983,0,1
20205,40934968,1995,0,1
20206,40936968,1993,1,1
20207,40938968,1997,1,1
20208,40940968,1983,0,1
20209,40942968,2005,0,1
20210,40944968,2001,0,1
20211,40946968,1993,0,1
20212,40948968,2005,0,1
20213,40950968,2008,0,1
20214,40952969,2009,0,1
20215,40954968,2013,0,1
20216,40956968,1993,1,1
20217,40958968,2029,1,1
20218,40960968,2093,0,1
20219,40962968,2131,0,1
20220,40964968,2111,0,1
20221,40966968,2067,0,1
20222,40968968,2027,0,1
20223,40970968,2011,0,1
20224,40972968,1990,0,1
20225,40974968,1992,0,1
20226,40976968,1978,1,1
20227,40978968,2021,1,1
20228,40980968,2095,0,1
20229,40982968,2133,0,1
20230,40984968,2117,0,1
20231,40986968,2077,0,1
20232,40988968,2041,0,1
20233,40990968,2013,0,1
20234,40992969,1989,0,1
20235,40994968,1991,0,1
20236,40996968,1982,1,1
20237,40998968,2003,1,1
20238,41000968,2090,0,1
20239,41002968,2111,0,1
20240,41004968,2093,0,1
20241,41006968,2078,0,1
20242,41008968,2037,0,1
20243,41010968,2003,0,1
20244,41012968,1995,0,1
20245,41014968,1982,0,1
20246,41016968,1967,1,1
20247,41018968,1959,1,1
20248,41020968,2009,0,1
20249,41022968,2035,0,1
20250,41024968,2026,0,1
20251,41026968,2036,0,1
20252,41028968,2027,0,1
20253,41030968,2025,0,1
20254,41032969,2013,0,1
20255,41034968,1998,0,1
20256,41036968,1997,1,1
20257,41038968,2027,1,1
20258,41040968,2107,0,1
20259,41042968,2127,0,1
20260,41044968,2102,0,1
20261,41046968,2065,0,1
20262,41048968,2022,0,1
20263,41050968,2011,0,1
20264,41052968,1982,0,1
20265,41054968,1989,0,1
20266,41056968,2006,1,1
20267,41058968,1980,1,1
20268,41060968,1991,0,1
20269,41062968,1983,0,1
20270,41064968,1990,0,1
20271,41066968,1995,0,1
20272,41068968,1997,0,1
20273,41070968,2007,0,1
20274,41072969,2008,0,1
20275,41074968,2019,0,1
20276,41076968,1996,1,1
20277,41078968,2017,1,1
20278,41080968,2083,0,1
20279,41082968,2100,0,1
20280,41084968,2091,0,1
20281,41086968,2055,0,1
20282,41088968,2021,0,1
20283,41090968,2011,0,1
20284,41092968,1989,0,1
20285,41094968,1983,0,1
20286,41096968,2003,1,1
20287,41098968,2083,1,1
20288,41100968,2121,0,1
20289,41102968,2125,0,1
20290,41104968,2095,0,1
20291,41106968,2055,0,1
20292,41108968,2022,0,1
20293,41110968,1996,0,1
20294,41112969,1989,0,1
20295,41114968,1983,0,1
20296,41116968,1975,1,1
20297,41118968,2018,1,1
20298,41120968,2085,0,1
20299,41122968,2096,0,1
20300,41124968,2087,0,1
20301,41126968,2071,0,1
20302,41128968,2025,0,1
20303,41130968,2015,0,1
20304,41132968,1989,0,1
20305,41134968,1988,0,1
20306,41136968,1963,1,1
20307,41138968,2007,0,1
20308,41140968,2069,0,1
20309,41142968,2092,0,1
20310,41144968,2086,0,1
20311,41146968,2053,0,1
20312,41148968,2037,0,1
20313,41150968,1999,0,1
20314,41152969,2002,0,1
20315,41154968,1990,0,1
20316,41156968,2052,1,1
20317,41158968,2703,0,1
20318,41160968,3285,0,1
20319,41162968,3289,0,1
20320,41164968,2967,0,1
20321,41166968,2515,0,1
20322,41168968,2132,0,1
20323,41170968,1881,0,1
20324,41172968,1769,0,1
20325,41174968,1767,0,1
20326,41176968,1798,1,1
20327,41178968,1936,0,1
20328,41180968,2069,0,1
20329,41182968,2137,0,1
20330,41184968,2138,0,1
20331,41186968,2107,0,1
20332,41188968,2069,0,1
20333,41190968,2031,0,1
20334,41192969,1983,0,1
20335,41194968,1991,0,1
20336,41196968,1959,1,1
20337,41198968,2036,0,1
20338,41200968,2099,0,1
20339,41202968,2125,0,1
20340,41204968,2100,0,1
20341,41206968,2063,0,1
20342,41208968,2031,0,1
20343,41210968,1991,0,1
20344,41212968,1983,0,1
20345,41214968,1989,0,1
20346,41216968,1963,1,1
20347,41218968,2055,0,1
20348,41220968,2105,0,1
20349,41222968,2123,0,1
20350,41224968,2091,0,1
20351,41226968,2057,0,1
20352,41228968,2031,0,1
20353,41230968,2004,0,1
20354,41232969,1991,0,1
20355,41234968,1983,0,1
20356,41236968,1976,1,1
20357,41238968,2010,0,1
20358,41240968,2055,0,1
20359,41242968,2083,0,1
20360,41244968,2071,0,1
20361,41246968,2037,0,1
20362,41248968,2021,0,1
20363,41250968,2003,0,1
20364,41252968,2005,0,1
20365,41254968,1990,0,1
20366,41256968,1979,1,1
20367,41258968,2063,0,1
20368,41260968,2101,0,1
20369,41262968,2106,0,1
20370,41264968,2083,0,1
20371,41266968,2043,0,1
20372,41268968,2025,0,1
20373,41270968,1997,0,1
20374,41272969,1992,0,1
20375,41274968,1979,0,1
20376,41276968,1967,1,1
20377,41278968,2005,0,1
20378,41280968,2065,0,1
20379,41282968,2071,0,1
20380,41284968,2063,0,1
20381,41286968,2052,0,1
20382,41288968,2025,0,1
20383,41290968,2003,0,1
20384,41292968,1997,0,1
20385,41294968,1999,0,1
20386,41296968,1977,1,1
20387,41298968,2024,0,1
20388,41300968,2083,0,1
20389,41302968,2104,0,1
20390,41304968,2079,0,1
20391,41306968,2060,0,1
20392,41308968,2023,0,1
20393,41310968,2006,0,1
20394,41312969,1997,0,1
20395,41314968,1982,0,1
20396,41316968,1933,1,1
20397,41318968,1959,0,1
20398,41320968,2026,0,1
20399,41322968,2059,0,1
20400,41324968,2070,0,1
20401,41326968,2053,0,1
20402,41328968,2039,0,1
20403,41330968,2025,0,1
20404,41332968,2021,0,1
20405,41334968,1988,0,1
20406,41336968,1965,1,1
20407,41338968,1976,0,1
20408,41340968,1961,0,1
20409,41342968,1975,0,1
20410,41344968,1994,0,1
20411,41346968,2011,0,1
20412,41348968,2013,0,1
20413,41350968,2023,0,1
20414,41352969,2007,0,1
20415,41354968,2004,0,1
20416,41356968,2012,1,1
20417,41358968,2108,0,1
20418,41360968,2202,0,1
20419,41362968,2221,0,1
20420,41364968,2181,0,1
20421,41366968,2101,0,1
20422,41368968,2031,0,1
20423,41370968,2005,0,1
20424,41372968,1979,0,1
20425,41374968,1975,0,1
20426,41376968,1971,1,1
20427,41378968,2079,0,1
20428,41380968,2157,0,1
20429,41382968,2174,0,1
20430,41384968,2131,0,1
20431,41386968,2071,0,1
20432,41388968,2015,0,1
20433,41390968,1991,0,1
20434,41392969,1957,0,1
20435,41394968,1971,0,1
20436,41396968,1992,1,1
20437,41398968,2019,0,1
20438,41400968,2041,0,1
20439,41402968,2040,0,1
20440,41404968,2028,0,1
20441,41406968,2015,0,1
20442,41408968,2005,0,1
20443,41410968,1997,0,1
20444,41412968,2005,0,1
20445,41414968,2001,0,1
20446,41416968,1979,1,1
20447,41418968,2003,0,1
20448,41420968,2039,0,1
20449,41422968,2063,0,1
20450,41424968,2057,0,1
20451,41426968,2043,0,1
20452,41428968,2010,0,1
20453,41430968,2007,0,1
20454,41432969,1995,0,1
20455,41434968,2005,0,1
20456,41436968,1971,1,1
20457,41438968,2004,0,1
20458,41440968,2029,0,1
20459,41442968,2059,0,1
20460,41444968,2041,0,1
20461,41446968,2031,0,1
20462,41448968,2005,0,1
20463,41450968,2009,0,1
20464,41452968,1999,0,1
20465,41454968,2007,0,1
20466,41456968,1997,1,1
20467,41458968,2037,0,1
20468,41460968,2083,0,1
20469,41462968,2092,0,1
20470,41464968,2079,0,1
20471,41466968,2035,0,1
20472,41468968,2008,0,1
20473,41470968,2007,0,1
20474,41472969,1983,0,1
20475,41474968,1991,0,1
20476,41476968,1977,1,1
20477,41478968,2031,0,1
20478,41480968,2087,0,1
20479,41482968,2095,0,1
20480,41484968,2089,0,1
20481,41486968,2063,0,1
20482,41488968,2028,0,1
20483,41490968,2008,0,1
20484,41492968,1979,0,1
20485,41494968,1982,0,1
20486,41496968,1993,1,1
20487,41498968,2018,0,1
20488,41500968,2013,0,1
20489,41502968,2031,0,1
20490,41504968,2021,0,1
20491,41506968,2013,0,1
20492,41508968,2021,0,1
20493,41510968,2003,0,1
20494,41512969,2020,0,1
20495,41514968,2008,0,1
20496,41516968,1951,1,1
20497,41518968,1977,0,1
20498,41520968,2031,0,1
20499,41522968,2045,0,1
20500,41524968,2068,0,1
20501,41526968,2044,0,1
20502,41528968,2027,0,1
20503,41530968,2011,0,1
20504,41532968,2003,0,1
20505,41534968,2006,0,1
20506,41536968,1949,1,1
20507,41538968,1914,0,1
20508,41540968,1932,0,1
20509,41542968,1952,0,1
20510,41544968,1989,0,1
20511,41546968,1997,0,1
20512,41548968,2014,0,1
20513,41550968,2030,0,1
20514,41552969,2019,0,1
20515,41554968,2020,0,1
20516,41556968,1971,1,1
20517,41558968,2035,0,1
20518,41560968,2057,0,1
20519,41562968,2078,0,1
20520,41564968,2054,0,1
20521,41566968,2035,0,1
20522,41568968,2013,0,1
20523,41570968,2010,0,1
20524,41572968,1989,0,1
20525,41574968,1999,0,1
20526,41576968,1925,1,1
20527,41578968,1943,0,1
20528,41580968,1981,0,1
20529,41582968,2012,0,1
20530,41584968,2027,0,1
20531,41586968,2037,0,1
20532,41588968,2035,0,1
20533,41590968,2027,0,1
20534,41592969,2023,0,1
20535,41594968,2005,0,1
20536,41596968,1959,1,1
20537,41598968,1989,0,1
20538,41600968,2023,0,1
20539,41602968,2043,0,1
20540,41604968,2056,0,1
20541,41606968,2030,0,1
20542,41608968,2022,0,1
20543,41610968,2013,0,1
20544,41612968,2003,0,1
20545,41614968,2006,0,1
20546,41616968,1961,1,1
20547,41618968,1990,0,1
20548,41620968,2023,0,1
20549,41622968,2042,0,1
20550,41624968,2053,0,1
20551,41626968,2027,0,1
20552,41628968,2015,0,1
20553,41630968,2004,0,1
20554,41632969,1997,0,1
20555,41634968,1998,1,1
20556,41636968,1919,1,1
20557,41638968,1989,0,1
20558,41640968,2021,0,1
20559,41642968,2043,0,1
20560,41644968,2040,0,1
20561,41646968,2031,0,1
20562,41648968,2029,0,1
20563,41650968,2005,0,1
20564,41652968,2005,0,1
20565,41654968,2003,1,1
20566,41656968,1901,1,1
20567,41658968,1956,0,1
20568,41660968,1993,0,1
20569,41662968,2031,0,1
20570,41664968,2035,0,1
20571,41666968,2055,0,1
20572,41668968,2025,0,1
20573,41670968,2014,0,1
20574,41672969,2011,0,1
20575,41674968,1993,1,1
20576,41676968,1862,1,1
20577,41678968,1881,0,1
20578,41680968,1944,0,1
20579,41682968,1977,0,1
20580,41684968,2029,0,1
20581,41686968,2039,0,1
20582,41688968,2037,0,1
20583,41690968,2037,0,1
20584,41692968,2025,0,1
20585,41694968,2009,1,1
20586,41696968,1995,1,1
20587,41698968,2023,0,1
20588,41700968,2019,0,1
20589,41702968,2009,0,1
20590,41704968,2025,0,1
20591,41706968,2001,0,1
20592,41708968,2005,0,1
20593,41710968,2004,0,1
20594,41712969,2011,0,1
20595,41714968,2013,1,1
20596,41716968,1995,1,1
20597,41718968,2073,0,1
20598,41720968,2105,0,1
20599,41722968,2087,0,1
20600,41724968,2071,0,1
20601,41726968,2029,0,1
20602,41728968,2005,0,1
20603,41730968,1996,0,1
20604,41732968,1997,0,1
20605,41734968,1998,1,1
20606,41736968,1975,1,1
20607,41738968,2010,0,1
20608,41740968,2045,0,1
20609,41742968,2065,0,1
20610,41744968,2041,0,1
20611,41746968,2025,0,1
20612,41748968,2021,0,1
20613,41750968,2004,0,1
20614,41752969,1998,0,1
20615,41754968,2004,1,1
20616,41756968,1945,1,1
20617,41758968,2031,0,1
20618,41760968,2052,0,1
20619,41762968,2079,0,1
20620,41764968,2063,0,1
20621,41766968,2045,0,1
20622,41768968,2022,0,1
20623,41770968,1998,0,1
20624,41772968,2007,0,1
20625,41774968,1995,1,1
20626,41776968,1915,1,1
20627,41778968,1973,0,1
20628,41780968,2013,0,1
20629,41782968,2031,0,1
20630,41784968,2037,0,1
20631,41786968,2037,0,1
20632,41788968,2023,0,1
20633,41790968,2019,0,1
20634,41792969,2021,0,1
20635,41794968,1981,1,1
20636,41796968,1993,1,1
20637,41798968,2046,0,1
20638,41800968,2065,0,1
20639,41802968,2069,0,1
20640,41804968,2056,0,1
20641,41806968,2019,0,1
20642,41808968,2020,0,1
20643,41810968,1997,0,1
20644,41812968,2008,0,1
20645,41814968,1979,1,1
20646,41816968,1991,1,1
20647,41818968,2073,0,1
20648,41820968,2093,0,1
20649,41822968,2107,0,1
20650,41824968,2065,0,1
20651,41826968,2037,0,1
20652,41828968,2011,0,1
20653,41830968,1992,0,1
20654,41832969,1991,0,1
20655,41834968,1967,1,1
20656,41836968,1982,1,1
20657,41838968,2063,0,1
20658,41840968,2086,0,1
20659,41842968,2095,0,1
20660,41844968,2063,0,1
20661,41846968,2031,0,1
20662,41848968,2019,0,1
20663,41850968,1998,0,1
20664,41852968,1991,0,1
20665,41854968,1995,1,1
20666,41856968,1993,1,1
20667,41858968,2059,0,1
20668,41860968,2079,0,1
20669,41862968,2093,0,1
20670,41864968,2056,0,1
20671,41866968,2029,0,1
20672,41868968,2019,0,1
20673,41870968,1990,0,1
20674,41872969,1997,0,1
20675,41874968,1967,1,1
20676,41876968,1883,1,1
20677,41878968,1926,0,1
20678,41880968,1961,0,1
20679,41882968,2003,0,1
20680,41884968,2030,0,1
20681,41886968,2024,0,1
20682,41888968,2029,0,1
20683,41890968,2031,0,1
20684,41892968,2021,0,1
20685,41894968,2022,1,1
20686,41896968,1997,1,1
20687,41898968,1989,0,1
20688,41900968,2005,0,1
20689,41902968,2015,0,1
20690,41904968,2023,0,1
20691,41906968,2020,0,1
20692,41908968,2015,0,1
20693,41910968,2011,0,1
20694,41912969,2010,0,1
20695,41914968,2006,1,1
20696,41916968,1983,1,1
20697,41918968,2043,0,1
20698,41920968,2072,0,1
20699,41922968,2073,0,1
20700,41924968,2039,0,1
20701,41926968,2039,0,1
20702,41928968,2019,0,1
20703,41930968,1995,0,1
20704,41932968,2003,0,1
20705,41934968,1967,1,1
20706,41936968,1919,1,1
20707,41938968,1989,0,1
20708,41940968,2040,0,1
20709,41942968,2060,0,1
20710,41944968,2043,0,1
20711,41946968,2037,0,1
20712,41948968,2015,0,1
20713,41950968,2009,0,1
20714,41952969,2007,0,1
20715,41954968,1983,1,1
20716,41956968,1959,1,1
20717,41958968,2018,0,1
20718,41960968,2041,0,1
20719,41962968,2039,0,1
20720,41964968,2040,0,1
20721,41966968,2030,0,1
20722,41968968,2027,0,1
20723,41970968,2004,0,1
20724,41972968,1996,0,1
20725,41974968,1982,1,1
20726,41976968,1951,1,1
20727,41978968,1983,0,1
20728,41980968,2040,0,1
20729,41982968,2035,0,1
20730,41984968,2055,0,1
20731,41986968,2025,0,1
20732,41988968,2013,0,1
20733,41990968,2011,0,1
20734,41992969,2009,0,1
20735,41994968,1971,1,1
20736,41996968,2058,1,1
20737,41998968,2293,0,1
20738,42000968,2377,0,1
20739,42002968,2328,0,1
20740,42004968,2212,0,1
20741,42006968,2083,0,1
20742,42008968,2003,0,1
20743,42010968,1955,0,1
20744,42012968,1940,0,1
20745,42014968,1925,1,1
20746,42016968,1897,1,1
20747,42018968,1961,0,1
20748,42020968,2029,0,1
20749,42022968,2069,0,1
20750,42024968,2071,0,1
20751,42026968,2063,0,1
20752,42028968,2031,0,1
20753,42030968,2029,0,1
20754,42032969,2006,0,1
20755,42034968,1964,1,1
20756,42036968,1903,1,1
20757,42038968,1910,0,1
20758,42040968,1946,0,1
20759,42042968,1983,0,1
20760,42044968,2009,0,1
20761,42046968,2029,0,1
20762,42048968,2036,0,1
20763,42050968,2019,0,1
20764,42052968,2023,0,1
20765,42054968,2011,1,1
20766,42056968,2087,1,1
20767,42058968,2339,0,1
20768,42060968,2407,0,1
20769,42062968,2345,0,1
20770,42064968,2230,0,1
20771,42066968,2100,0,1
20772,42068968,1993,0,1
20773,42070968,1948,0,1
20774,42072969,1927,0,1
20775,42074968,1915,1,1
20776,42076968,1865,1,1
20777,42078968,1775,0,1
20778,42080968,1799,0,1
20779,42082968,1847,0,1
20780,42084968,1911,0,1
20781,42086968,1993,0,1
20782,42088968,2035,0,1
20783,42090968,2055,0,1
20784,42092968,2056,0,1
20785,42094968,1997,1,1
20786,42096968,1956,1,1
20787,42098968,1964,0,1
20788,42100968,1975,0,1
20789,42102968,2009,0,1
20790,42104968,2007,0,1
20791,42106968,2029,0,1
20792,42108968,2021,0,1
20793,42110968,2019,0,1
20794,42112969,2009,0,1
20795,42114968,1977,1,1
20796,42116968,1904,1,1
20797,42118968,1951,0,1
20798,42120968,1997,0,1
20799,42122968,2026,0,1
20800,42124968,2039,0,1
20801,42126968,2035,0,1
20802,42128968,2028,0,1
20803,42130968,2007,0,1
20804,42132968,2009,0,1
20805,42134968,1940,1,1
20806,42136968,1927,1,1
20807,42138968,1983,0,1
20808,42140968,2013,0,1
20809,42142968,2041,0,1
20810,42144968,2035,0,1
20811,42146968,2045,0,1
20812,42148968,2019,0,1
20813,42150968,2020,0,1
20814,42152969,2007,0,1
20815,42154968,1917,1,1
20816,42156968,1873,1,1
20817,42158968,1913,0,1
20818,42160968,1981,0,1
20819,42162968,2009,0,1
20820,42164968,2032,0,1
20821,42166968,2043,0,1
20822,42168968,2036,0,1
20823,42170968,2027,0,1
20824,42172968,2019,0,1
20825,42174968,1960,1,1
20826,42176968,1967,1,1
20827,42178968,2011,0,1
20828,42180968,2056,0,1
20829,42182968,2069,0,1
20830,42184968,2053,0,1
20831,42186968,2031,0,1
20832,42188968,2013,0,1
20833,42190968,2006,0,1
20834,42192969,1997,0,1
20835,42194968,1976,1,1
20836,42196968,1979,1,1
20837,42198968,1984,0,1
20838,42200968,1979,0,1
20839,42202968,1992,0,1
20840,42204968,1998,0,1
20841,42206968,2005,0,1
20842,42208968,2010,0,1
20843,42210968,2010,0,1
20844,42212968,2013,0,1
20845,42214968,1947,1,1
20846,42216968,1929,1,1
20847,42218968,1963,0,1
20848,42220968,1998,0,1
20849,42222968,2019,0,1
20850,42224968,2031,0,1
20851,42226968,2037,0,1
20852,42228968,2025,0,1
20853,42230968,2019,0,1
20854,42232969,2020,0,1
20855,42234968,1919,1,1
20856,42236968,1883,1,1
20857,42238968,1911,0,1
20858,42240968,1965,0,1
20859,42242968,2007,0,1
20860,42244968,2019,0,1
20861,42246968,2043,0,1
20862,42248968,2028,0,1
20863,42250968,2027,0,1
20864,42252968,2029,0,1
20865,42254968,1981,1,1
20866,42256968,1991,0,1
20867,42258968,2029,0,1
20868,42260968,2055,0,1
20869,42262968,2054,0,1
20870,42264968,2041,0,1
20871,42266968,2025,0,1
20872,42268968,2005,0,1
20873,42270968,1996,0,1
20874,42272969,2005,0,1
20875,42274968,1957,1,1
20876,42276968,1983,0,1
20877,42278968,2023,0,1
20878,42280968,2059,0,1
20879,42282968,2041,0,1
20880,42284968,2031,0,1
20881,42286968,2023,0,1
20882,42288968,2015,0,1
20883,42290968,2010,0,1
20884,42292968,2009,0,1
20885,42294968,1962,1,1
20886,42296968,2003,0,1
20887,42298968,2039,0,1
20888,42300968,2067,0,1
20889,42302968,2068,0,1
20890,42304968,2043,0,1
20891,42306968,2025,0,1
20892,42308968,2008,0,1
20893,42310968,1999,0,1
20894,42312969,2008,0,1
20895,42314968,1962,1,1
20896,42316968,1977,0,1
20897,42318968,2020,0,1
20898,42320968,2063,0,1
20899,42322968,2057,0,1
20900,42324968,2039,0,1
20901,42326968,2043,0,1
20902,42328968,2015,0,1
20903,42330968,2005,0,1
20904,42332968,1996,0,1
20905,42334968,1993,1,1
20906,42336968,2027,0,1
20907,42338968,2079,0,1
20908,42340968,2099,0,1
20909,42342968,2075,0,1
20910,42344968,2042,0,1
20911,42346968,2011,0,1
20912,42348968,2005,0,1
20913,42350968,1993,0,1
20914,42352969,1997,0,1
20915,42354968,1995,1,1
20916,42356968,2002,0,1
20917,42358968,2013,0,1
20918,42360968,2025,0,1
20919,42362968,2039,0,1
20920,42364968,2035,0,1
20921,42366968,2019,0,1
20922,42368968,2020,0,1
20923,42370968,2011,0,1
20924,42372968,2004,0,1
20925,42374968,1983,1,1
20926,42376968,2023,0,1
20927,42378968,2103,0,1
20928,42380968,2108,0,1
20929,42382968,2094,0,1
20930,42384968,2054,0,1
20931,42386968,2023,0,1
20932,42388968,1995,0,1
20933,42390968,1982,0,1
20934,42392969,1981,0,1
20935,42394968,1967,1,1
20936,42396968,2003,0,1
20937,42398968,2070,0,1
20938,42400968,2083,0,1
20939,42402968,2077,0,1
20940,42404968,2059,0,1
20941,42406968,2021,0,1
20942,42408968,2015,0,1
20943,42410968,1990,0,1
20944,42412968,1979,0,1
20945,42414968,1957,1,1
20946,42416968,1980,0,1
20947,42418968,2044,0,1
20948,42420968,2055,0,1
20949,42422968,2075,0,1
20950,42424968,2043,0,1
20951,42426968,2026,0,1
20952,42428968,2007,0,1
20953,42430968,2004,0,1
20954,42432969,1997,0,1
20955,42434968,1919,1,1
20956,42436968,1933,0,1
20957,42438968,1981,0,1
20958,42440968,2024,0,1
20959,42442968,2040,0,1
20960,42444968,2029,0,1
20961,42446968,2023,0,1
20962,42448968,2012,0,1
20963,42450968,2004,0,1
20964,42452968,2009,0,1
20965,42454968,1964,1,1
20966,42456968,1956,0,1
20967,42458968,2014,0,1
20968,42460968,2031,0,1
20969,42462968,2035,0,1
20970,42464968,2029,0,1
20971,42466968,2021,0,1
20972,42468968,2010,0,1
20973,42470968,2011,0,1
20974,42472969,2017,0,1
20975,42474968,1955,1,1
20976,42476968,2003,0,1
20977,42478968,2045,0,1
20978,42480968,2069,0,1
20979,42482968,2072,0,1
20980,42484968,2059,0,1
20981,42486968,2027,0,1
20982,42488968,2008,0,1
20983,42490968,1991,0,1
20984,42492968,2001,0,1
20985,42494968,1989,1,1
20986,42496968,2068,0,1
20987,42498968,2131,0,1
20988,42500968,2122,0,1
20989,42502968,2099,0,1
20990,42504968,2055,0,1
20991,42506968,2011,0,1
20992,42508968,1997,0,1
20993,42510968,1976,0,1
20994,42512969,1974,0,1
20995,42514968,1981,1,1
20996,42516968,2027,0,1
20997,42518968,2071,0,1
20998,42520968,2089,0,1
20999,42522968,2065,0,1
21000,42524968,2039,0,1
21001,42526968,2009,0,1
21002,42528968,2003,0,1
21003,42530968,1983,0,1
21004,42532968,1991,0,1
21005,42534968,1992,1,1
21006,42536968,2058,0,1
21007,42538968,2103,0,1
21008,42540968,2099,0,1
21009,42542968,2079,0,1
21010,42544968,2059,0,1
21011,42546968,2007,0,1
21012,42548968,1995,0,1
21013,42550968,1988,0,1
21014,42552968,1995,0,1
21015,42554968,1961,1,1
21016,42556968,2029,0,1
21017,42558968,2067,0,1
21018,42560968,2079,0,1
21019,42562968,2065,0,1
21020,42564968,2039,0,1
21021,42566968,2015,0,1
21022,42568968,2008,0,1
21023,42570968,1994,0,1
21024,42572968,1981,0,1
21025,42574968,1949,1,1
21026,42576968,1995,0,1
21027,42578968,2037,0,1
21028,42580968,2066,0,1
21029,42582968,2063,0,1
21030,42584968,2055,0,1
21031,42586968,2020,0,1
21032,42588968,2007,0,1
21033,42590968,2008,0,1
21034,42592968,2004,0,1
21035,42594968,1975,1,1
21036,42596968,2037,0,1
21037,42598968,2091,0,1
21038,42600968,2099,0,1
21039,42602968,2089,0,1
21040,42604968,2059,0,1
21041,42606968,2025,0,1
21042,42608968,1992,0,1
21043,42610968,1982,0,1
21044,42612968,1997,0,1
21045,42614968,1961,1,1
21046,42616968,1967,0,1
21047,42618968,1976,0,1
21048,42620968,1999,0,1
21049,42622968,2015,0,1
21050,42624968,2021,0,1
21051,42626968,2006,0,1
21052,42628968,2014,0,1
21053,42630968,2019,0,1
21054,42632968,2021,0,1
21055,42634968,1917,1,1
21056,42636968,1943,0,1
21057,42638968,1973,0,1
21058,42640968,2015,0,1
21059,42642968,2041,0,1
21060,42644968,2026,0,1
21061,42646968,2036,0,1
21062,42648968,2029,0,1
21063,42650968,2019,0,1
21064,42652968,2011,0,1
21065,42654968,1958,1,1
21066,42656968,1973,0,1
21067,42658968,2026,0,1
21068,42660968,2043,0,1
21069,42662968,2045,0,1
21070,42664968,2045,0,1
21071,42666968,2035,0,1
21072,42668968,2015,0,1
21073,42670968,2009,0,1
21074,42672968,1997,0,1
21075,42674968,1879,1,1
21076,42676968,1895,0,1
21077,42678968,1939,0,1
21078,42680968,1992,0,1
21079,42682968,2027,0,1
21080,42684968,2045,0,1
21081,42686968,2057,0,1
21082,42688968,2037,0,1
21083,42690968,2019,0,1
21084,42692968,2025,0,1
21085,42694968,1983,1,1
21086,42696968,2069,0,1
21087,42698968,2105,0,1
21088,42700968,2107,0,1
21089,42702968,2071,0,1
21090,42704968,2039,0,1
21091,42706968,2021,0,1
21092,42708968,1995,0,1
21093,42710968,1987,0,1
21094,42712968,1981,0,1
21095,42714968,1971,1,1
21096,42716968,2029,0,1
21097,42718968,2075,0,1
21098,42720968,2088,0,1
21099,42722968,2085,0,1
21100,42724968,2036,0,1
21101,42726968,2013,0,1
21102,42728968,2003,0,1
21103,42730968,2003,0,1
21104,42732968,1989,0,1
21105,42734968,1929,1,1
21106,42736968,1916,0,1
21107,42738968,1944,0,1
21108,42740968,1979,0,1
21109,42742968,2005,0,1
21110,42744968,2028,0,1
21111,42746968,2042,0,1
21112,42748968,2031,0,1
21113,42750968,2037,0,1
21114,42752968,2032,0,1
21115,42754968,2052,1,1
21116,42756968,2202,0,1
21117,42758968,2285,0,1
21118,42760968,2285,0,1
21119,42762968,2203,0,1
21120,42764968,2091,0,1
21121,42766968,2025,0,1
21122,42768968,1963,0,1
21123,42770968,1933,0,1
21124,42772968,1939,0,1
21125,42774968,1929,1,1
21126,42776968,1909,0,1
21127,42778968,1901,0,1
21128,42780968,1925,0,1
21129,42782968,1959,0,1
21130,42784968,1997,0,1
21131,42786968,2011,0,1
21132,42788968,2027,0,1
21133,42790968,2031,0,1
21134,42792968,2036,0,1
21135,42794968,1963,1,1
21136,42796968,2005,0,1
21137,42798968,2025,0,1
21138,42800968,2037,0,1
21139,42802968,2031,0,1
21140,42804968,2025,0,1
21141,42806968,2023,0,1
21142,42808968,2013,0,1
21143,42810968,2005,0,1
21144,42812968,2005,0,1
21145,42814968,2003,1,1
21146,42816968,2024,0,1
21147,42818968,2019,0,1
21148,42820968,2011,0,1
21149,42822968,2023,0,1
21150,42824968,2001,0,1
21151,42826968,1997,0,1
21152,42828968,1992,0,1
21153,42830968,2009,0,1
21154,42832968,2009,0,1
21155,42834968,1997,1,1
21156,42836968,1967,0,1
21157,42838968,1962,0,1
21158,42840968,1967,0,1
21159,42842968,1977,0,1
21160,42844968,1994,0,1
21161,42846968,2012,0,1
21162,42848968,2009,0,1
21163,42850968,2014,0,1
21164,42852968,2027,0,1
21165,42854968,2009,1,1
21166,42856968,2075,0,1
21167,42858968,2104,0,1
21168,42860968,2085,0,1
21169,42862968,2083,0,1
21170,42864968,2031,0,1
21171,42866968,2006,0,1
21172,42868968,1995,0,1
21173,42870968,1981,0,1
21174,42872968,1983,1,1
21175,42874968,1975,1,1
21176,42876968,2057,0,1
21177,42878968,2099,0,1
21178,42880968,2091,0,1
21179,42882968,2083,0,1
21180,42884968,2043,0,1
21181,42886968,2007,0,1
21182,42888968,2005,0,1
21183,42890968,1997,0,1
21184,42892968,1989,1,1
21185,42894968,1982,1,1
21186,42896968,2039,0,1
21187,42898968,2063,0,1
21188,42900968,2075,0,1
21189,42902968,2052,0,1
21190,42904968,2025,0,1
21191,42906968,1999,0,1
21192,42908968,2003,0,1
21193,42910968,1994,0,1
21194,42912968,1998,1,1
21195,42914968,1915,1,1
21196,42916968,1941,0,1
21197,42918968,1975,0,1
21198,42920968,2021,0,1
21199,42922968,2035,0,1
21200,42924968,2030,0,1
21201,42926968,2035,0,1
21202,42928968,2035,0,1
21203,42930968,2004,0,1
21204,42932968,2020,1,1
21205,42934968,1949,1,1
21206,42936968,2010,0,1
21207,42938968,2042,0,1
21208,42940968,2043,0,1
21209,42942968,2068,0,1
21210,42944968,2037,0,1
21211,42946968,2029,0,1
21212,42948968,2008,0,1
21213,42950968,2005,0,1
21214,42952968,2013,1,1
21215,42954968,1999,1,1
21216,42956968,2077,0,1
21217,42958968,2109,0,1
21218,42960968,2095,0,1
21219,42962968,2075,0,1
21220,42964968,2039,0,1
21221,42966968,1999,0,1
21222,42968968,2005,0,1
21223,42970968,1991,0,1
21224,42972968,1977,1,1
21225,42974968,1991,1,1
21226,42976968,2067,0,1
21227,42978968,2107,0,1
21228,42980968,2095,0,1
21229,42982968,2079,0,1
21230,42984968,2041,0,1
21231,42986968,2019,0,1
21232,42988968,1997,0,1
21233,42990968,1995,0,1
21234,42992968,2002,1,1
21235,42994968,1979,1,1
21236,42996968,2055,0,1
21237,42998968,2102,0,1
21238,43000968,2092,0,1
21239,43002968,2075,0,1
21240,43004968,2035,0,1
21241,43006968,2008,0,1
21242,43008968,1997,0,1
21243,43010968,1991,0,1
21244,43012968,1979,1,1
21245,43014968,1989,1,1
21246,43016968,2079,0,1
21247,43018968,2106,0,1
21248,43020968,2097,0,1
21249,43022968,2077,0,1
21250,43024968,2043,0,1
21251,43026968,2010,0,1
21252,43028968,2002,0,1
21253,43030968,1993,0,1
21254,43032968,2034,1,1
21255,43034968,1971,1,1
21256,43036968,2025,0,1
21257,43038968,2063,0,1
21258,43040968,2079,0,1
21259,43042968,2055,0,1
21260,43044968,2030,0,1
21261,43046968,2012,0,1
21262,43048968,2005,0,1
21263,43050968,1997,0,1
21264,43052968,1989,1,1
21265,43054968,1980,1,1
21266,43056968,2035,0,1
21267,43058968,2083,0,1
21268,43060968,2073,0,1
21269,43062968,2067,0,1
21270,43064968,2044,0,1
21271,43066968,2005,0,1
21272,43068968,1991,0,1
21273,43070968,1991,0,1
21274,43072968,1981,1,1
21275,43074968,1948,1,1
21276,43076968,1944,0,1
21277,43078968,1946,0,1
21278,43080968,1972,0,1
21279,43082968,1983,0,1
21280,43084968,1996,0,1
21281,43086968,2028,0,1
21282,43088968,2023,0,1
21283,43090968,2020,0,1
21284,43092968,1997,1,1
21285,43094968,1907,1,1
21286,43096968,1911,0,1
21287,43098968,1955,0,1
21288,43100968,1981,0,1
21289,43102968,2015,0,1
21290,43104968,2015,0,1
21291,43106968,2037,0,1
21292,43108968,2024,0,1
21293,43110968,2027,0,1
21294,43112968,1978,1,1
21295,43114968,1903,1,1
21296,43116968,1928,0,1
21297,43118968,1964,0,1
21298,43120968,1995,0,1
21299,43122968,2025,0,1
21300,43124968,2028,0,1
21301,43126968,2026,0,1
21302,43128968,2021,0,1
21303,43130968,2021,0,1
21304,43132968,2007,1,1
21305,43134968,1966,1,1
21306,43136968,1977,1,1
21307,43138968,2013,0,1
21308,43140968,2039,0,1
21309,43142968,2035,0,1
21310,43144968,2027,0,1
21311,43146968,2024,0,1
21312,43148968,2015,0,1
21313,43150968,2006,0,1
21314,43152968,2007,1,1
21315,43154968,2010,1,1
21316,43156968,2086,0,1
21317,43158968,2107,0,1
21318,43160968,2105,0,1
21319,43162968,2067,0,1
21320,43164968,2030,0,1
21321,43166968,2003,0,1
21322,43168968,2006,0,1
21323,43170968,1994,0,1
21324,43172968,1967,1,1
21325,43174968,1979,1,1
21326,43176968,2053,0,1
21327,43178968,2099,0,1
21328,43180968,2096,0,1
21329,43182968,2068,0,1
21330,43184968,2045,0,1
21331,43186968,2010,0,1
21332,43188968,1999,0,1
21333,43190968,1998,0,1
21334,43192968,1992,1,1
21335,43194968,2031,1,1
21336,43196968,2100,0,1
21337,43198968,2123,0,1
21338,43200968,2099,0,1
21339,43202968,2088,0,1
21340,43204968,2039,0,1
21341,43206968,2002,0,1
21342,43208968,1996,0,1
21343,43210968,1973,0,1
21344,43212968,1993,1,1
21345,43214968,1945,1,1
21346,43216968,1945,0,1
21347,43218968,1957,0,1
21348,43220968,1964,0,1
21349,43222968,2005,0,1
21350,43224968,2011,0,1
21351,43226968,2025,0,1
21352,43228968,2024,0,1
21353,43230968,2015,0,1
21354,43232968,2025,1,1
21355,43234968,2054,1,1
21356,43236968,2108,0,1
21357,43238968,2138,0,1
21358,43240968,2115,0,1
21359,43242968,2073,0,1
21360,43244968,2034,0,1
21361,43246968,2008,0,1
21362,43248968,1981,0,1
21363,43250968,1983,0,1
21364,43252968,1973,1,1
21365,43254968,1984,1,1
21366,43256968,2031,0,1
21367,43258968,2067,0,1
21368,43260968,2072,0,1
21369,43262968,2063,0,1
21370,43264968,2031,0,1
21371,43266968,2011,0,1
21372,43268968,2005,0,1
21373,43270968,1996,0,1
21374,43272968,2004,1,1
21375,43274968,2037,1,1
21376,43276968,2096,0,1
21377,43278968,2120,0,1
21378,43280968,2108,0,1
21379,43282968,2069,0,1
21380,43284968,2024,0,1
21381,43286968,2002,0,1
21382,43288968,1979,0,1
21383,43290968,1976,0,1
21384,43292968,1977,1,1
21385,43294968,2009,1,1
21386,43296968,2083,0,1
21387,43298968,2103,0,1
21388,43300968,2095,0,1
21389,43302968,2071,0,1
21390,43304968,2030,0,1
21391,43306968,2005,0,1
21392,43308968,1995,0,1
21393,43310968,1977,0,1
21394,43312968,1962,1,1
21395,43314968,1999,1,1
21396,43316968,2035,0,1
21397,43318968,2069,0,1
21398,43320968,2071,0,1
21399,43322968,2040,0,1
21400,43324968,2042,0,1
21401,43326968,2011,0,1
21402,43328968,2009,0,1
21403,43330968,1997,0,1
21404,43332968,1959,1,1
21405,43334968,1979,1,1
21406,43336968,2066,0,1
21407,43338968,2079,0,1
21408,43340968,2073,0,1
21409,43342968,2065,0,1
21410,43344968,2025,0,1
21411,43346968,2004,0,1
21412,43348968,1997,0,1
21413,43350968,1999,0,1
21414,43352968,1995,1,1
21415,43354968,2059,1,1
21416,43356968,2149,0,1
21417,43358968,2169,0,1
21418,43360968,2131,0,1
21419,43362968,2085,0,1
21420,43364968,2028,0,1
21421,43366968,2001,0,1
21422,43368968,1967,0,1
21423,43370968,1980,0,1
21424,43372968,1957,1,1
21425,43374968,1993,1,1
21426,43376968,2085,0,1
21427,43378968,2105,0,1
21428,43380968,2103,0,1
21429,43382968,2075,0,1
21430,43384968,2037,0,1
21431,43386968,2011,0,1
21432,43388968,1996,0,1
21433,43390968,1981,0,1
21434,43392968,1976,1,1
21435,43394968,1995,1,1
21436,43396968,2053,0,1
21437,43398968,2077,0,1
21438,43400968,2085,0,1
21439,43402968,2063,0,1
21440,43404968,2031,0,1
21441,43406968,2015,0,1
21442,43408968,1999,0,1
21443,43410968,1983,0,1
21444,43412968,1961,1,1
21445,43414968,1946,1,1
21446,43416968,2011,0,1
21447,43418968,2038,0,1
21448,43420968,2057,0,1
21449,43422968,2038,0,1
21450,43424968,2020,0,1
21451,43426968,2025,0,1
21452,43428968,1997,0,1
21453,43430968,1990,0,1
21454,43432968,1967,1,1
21455,43434968,1904,1,1
21456,43436968,1946,0,1
21457,43438968,1975,0,1
21458,43440968,1991,0,1
21459,43442968,2008,0,1
21460,43444968,2034,0,1
21461,43446968,2030,0,1
21462,43448968,2031,0,1
21463,43450968,2023,0,1
21464,43452968,2013,1,1
21465,43454968,2108,1,1
21466,43456968,2321,0,1
21467,43458968,2375,0,1
21468,43460968,2324,0,1
21469,43462968,2195,0,1
21470,43464968,2068,0,1
21471,43466968,1981,0,1
21472,43468968,1939,0,1
21473,43470968,1916,0,1
21474,43472968,1895,1,1
21475,43474968,1890,1,1
21476,43476968,1913,0,1
21477,43478968,1933,0,1
21478,43480968,1961,0,1
21479,43482968,1993,0,1
21480,43484968,2013,0,1
21481,43486968,2024,0,1
21482,43488968,2020,0,1
21483,43490968,2031,0,1
21484,43492968,2021,1,1
21485,43494968,2023,1,1
21486,43496968,2023,0,1
21487,43498968,2013,0,1
21488,43500968,2012,0,1
21489,43502968,2009,0,1
21490,43504968,1995,0,1
21491,43506968,2005,0,1
21492,43508968,1993,0,1
21493,43510968,1997,0,1
21494,43512968,1967,1,1
21495,43514968,1997,1,1
21496,43516968,2085,0,1
21497,43518968,2101,0,1
21498,43520968,2100,0,1
21499,43522968,2071,0,1
21500,43524968,2021,0,1
21501,43526968,2009,0,1
21502,43528968,1991,0,1
21503,43530968,1982,0,1
21504,43532968,1978,1,1
21505,43534968,2006,1,1
21506,43536968,2060,0,1
21507,43538968,2089,0,1
21508,43540968,2085,0,1
21509,43542968,2066,0,1
21510,43544968,2029,0,1
21511,43546968,2006,0,1
21512,43548968,2003,0,1
21513,43550968,1989,0,1
21514,43552968,1959,1,1
21515,43554968,1957,1,1
21516,43556968,1933,0,1
21517,43558968,1949,0,1
21518,43560968,1975,0,1
21519,43562968,2002,0,1
21520,43564968,2003,0,1
21521,43566968,2025,0,1
21522,43568968,2021,0,1
21523,43570968,2029,0,1
21524,43572968,1992,1,1
21525,43574968,2024,0,1
21526,43576968,2076,0,1
21527,43578968,2084,0,1
21528,43580968,2084,0,1
21529,43582968,2040,0,1
21530,43584968,2025,0,1
21531,43586968,2007,0,1
21532,43588968,1993,0,1
21533,43590968,1988,0,1
21534,43592968,1963,1,1
21535,43594968,1995,1,1
21536,43596968,2076,0,1
21537,43598968,2073,0,1
21538,43600968,2077,0,1
21539,43602968,2063,0,1
21540,43604968,2021,0,1
21541,43606968,2003,0,1
21542,43608968,2001,0,1
21543,43610968,1983,0,1
21544,43612968,1915,1,1
21545,43614968,1901,1,1
21546,43616968,1961,0,1
21547,43618968,2015,0,1
21548,43620968,2031,0,1
21549,43622968,2058,0,1
21550,43624968,2035,0,1
21551,43626968,2023,0,1
21552,43628968,2005,0,1
21553,43630968,2003,0,1
21554,43632968,1965,1,1
21555,43634968,2003,1,1
21556,43636968,2037,0,1
21557,43638968,2065,0,1
21558,43640968,2063,0,1
21559,43642968,2040,0,1
21560,43644968,2025,0,1
21561,43646968,2008,0,1
21562,43648968,2011,0,1
21563,43650968,2007,0,1
21564,43652968,1933,1,1
21565,43654968,1945,0,1
21566,43656968,2009,0,1
21567,43658968,2041,0,1
21568,43660968,2065,0,1
21569,43662968,2053,0,1
21570,43664968,2039,0,1
21571,43666968,2008,0,1
21572,43668968,2011,0,1
21573,43670968,2007,0,1
21574,43672968,1887,1,1
21575,43674968,1875,0,1
21576,43676968,1929,0,1
21577,43678968,1991,0,1
21578,43680968,2024,0,1
21579,43682968,2045,0,1
21580,43684968,2044,0,1
21581,43686968,2037,0,1
21582,43688968,2029,0,1
21583,43690968,2017,0,1
21584,43692968,1951,1,1
21585,43694968,2020,0,1
21586,43696968,2091,0,1
21587,43698968,2103,0,1
21588,43700968,2088,0,1
21589,43702968,2045,0,1
21590,43704968,2023,0,1
21591,43706968,1993,0,1
21592,43708968,1980,0,1
21593,43710968,1993,0,1
21594,43712968,1973,1,1
21595,43714968,2014,0,1
21596,43716968,2086,0,1
21597,43718968,2121,0,1
21598,43720968,2093,0,1
21599,43722968,2071,0,1
21600,43724968,2031,0,1
21601,43726968,2003,0,1
21602,43728968,1995,0,1
21603,43730968,1982,0,1
21604,43732968,1957,1,1
21605,43734968,2019,0,1
21606,43736968,2069,0,1
21607,43738968,2095,0,1
21608,43740968,2087,0,1
21609,43742968,2059,0,1
21610,43744968,2023,0,1
21611,43746968,2003,0,1
21612,43748968,1981,0,1
21613,43750968,1992,0,1
21614,43752968,1931,1,1
21615,43754968,1976,0,1
21616,43756968,2025,0,1
21617,43758968,2040,0,1
21618,43760968,2063,0,1
21619,43762968,2057,0,1
21620,43764968,2019,0,1
21621,43766968,2019,0,1
21622,43768968,1997,0,1
21623,43770968,2001,0,1
21624,43772968,1917,1,1
21625,43774968,1945,0,1
21626,43776968,1993,0,1
21627,43778968,2021,0,1
21628,43780968,2043,0,1
21629,43782968,2039,0,1
21630,43784968,2031,0,1
21631,43786968,2029,0,1
21632,43788968,2011,0,1
21633,43790968,2008,0,1
21634,43792968,1971,1,1
21635,43794968,2036,0,1
21636,43796968,2067,0,1
21637,43798968,2083,0,1
21638,43800968,2073,0,1
21639,43802968,2037,0,1
21640,43804968,2012,0,1
21641,43806968,1997,0,1
21642,43808968,1995,0,1
21643,43810968,1990,0,1
21644,43812968,1959,1,1
21645,43814968,2029,0,1
21646,43816968,2087,0,1
21647,43818968,2095,0,1
21648,43820968,2090,0,1
21649,43822968,2042,0,1
21650,43824968,2026,0,1
21651,43826968,1999,0,1
21652,43828968,1995,0,1
21653,43830968,1991,0,1
21654,43832968,1975,1,1
21655,43834968,1941,0,1
21656,43836968,1933,0,1
21657,43838968,1941,0,1
21658,43840968,1966,0,1
21659,43842968,1991,0,1
21660,43844968,2011,0,1
21661,43846968,2013,0,1
21662,43848968,2027,0,1
21663,43850968,2029,0,1
21664,43852968,1979,1,1
21665,43854968,2035,0,1
21666,43856968,2084,0,1
21667,43858968,2095,0,1
21668,43860968,2071,0,1
21669,43862968,2044,0,1
21670,43864968,2005,0,1
21671,43866968,2005,0,1
21672,43868968,1994,0,1
21673,43870968,1981,0,1
21674,43872968,1971,1,1
21675,43874968,2031,0,1
21676,43876968,2091,0,1
21677,43878968,2103,0,1
21678,43880968,2089,0,1
21679,43882968,2057,0,1
21680,43884968,2009,0,1
21681,43886968,1995,0,1
21682,43888968,1988,0,1
21683,43890968,1987,0,1
21684,43892968,1959,1,1
21685,43894968,1957,0,1
21686,43896968,1980,0,1
21687,43898968,2009,0,1
21688,43900968,2021,0,1
21689,43902968,2021,0,1
21690,43904968,2024,0,1
21691,43906968,2014,0,1
21692,43908968,2013,0,1
21693,43910968,2008,0,1
21694,43912968,1989,1,1
21695,43914968,2028,0,1
21696,43916968,2063,0,1
21697,43918968,2088,0,1
21698,43920968,2067,0,1
21699,43922968,2041,0,1
21700,43924968,2019,0,1
21701,43926968,2008,0,1
21702,43928968,2003,0,1
21703,43930968,1992,0,1
21704,43932968,1951,1,1
21705,43934968,1999,0,1
21706,43936968,2031,0,1
21707,43938968,2053,0,1
21708,43940968,2037,0,1
21709,43942968,2039,0,1
21710,43944968,2015,0,1
21711,43946968,2011,0,1
21712,43948968,2001,0,1
21713,43950968,1990,0,1
21714,43952968,1971,1,1
21715,43954968,1979,0,1
21716,43956968,2026,0,1
21717,43958968,2024,0,1
21718,43960968,2035,0,1
21719,43962968,2025,0,1
21720,43964968,2021,0,1
21721,43966968,2020,0,1
21722,43968968,2005,0,1
21723,43970968,2005,0,1
21724,43972968,1973,1,1
21725,43974968,2024,0,1
21726,43976968,2065,0,1
21727,43978968,2067,0,1
21728,43980968,2067,0,1
21729,43982968,2031,0,1
21730,43984968,2008,0,1
21731,43986968,2005,0,1
21732,43988968,1994,0,1
21733,43990968,2003,0,1
21734,43992968,1963,1,1
21735,43994968,2013,0,1
21736,43996968,2069,0,1
21737,43998968,2067,0,1
21738,44000968,2065,0,1
21739,44002968,2039,0,1
21740,44004968,2020,0,1
21741,44006968,2011,0,1
21742,44008968,1991,0,1
21743,44010968,1995,0,1
21744,44012968,1967,1,1
21745,44014968,2035,0,1
21746,44016968,2095,0,1
21747,44018968,2108,0,1
21748,44020968,2085,0,1
21749,44022968,2056,0,1
21750,44024968,2024,0,1
21751,44026968,2005,0,1
21752,44028968,1990,0,1
21753,44030968,1982,0,1
21754,44032968,1966,1,1
21755,44034968,2019,0,1
21756,44036968,2070,0,1
21757,44038968,2089,0,1
21758,44040968,2077,0,1
21759,44042968,2045,0,1
21760,44044968,2015,0,1
21761,44046968,2007,0,1
21762,44048968,1981,0,1
21763,44050968,1991,0,1
21764,44052968,1952,1,1
21765,44054968,2024,0,1
21766,44056968,2075,0,1
21767,44058968,2100,0,1
21768,44060968,2075,0,1
21769,44062968,2066,0,1
21770,44064968,2029,0,1
21771,44066968,2008,0,1
21772,44068968,1994,0,1
21773,44070968,1991,0,1
21774,44072968,1975,1,1
21775,44074968,2058,0,1
21776,44076968,2100,0,1
21777,44078968,2093,0,1
21778,44080968,2072,0,1
21779,44082968,2040,0,1
21780,44084968,2013,0,1
21781,44086968,1997,0,1
21782,44088968,1977,0,1
21783,44090968,1980,0,1
21784,44092968,1979,1,1
21785,44094968,2037,0,1
21786,44096968,2068,0,1
21787,44098968,2083,0,1
21788,44100968,2072,0,1
21789,44102968,2045,0,1
21790,44104968,2014,0,1
21791,44106968,2002,0,1
21792,44108968,1983,0,1
21793,44110968,1994,0,1
21794,44112968,2007,1,1
21795,44114968,2019,0,1
21796,44116968,2043,0,1
21797,44118968,2057,0,1
21798,44120968,2044,0,1
21799,44122968,2029,0,1
21800,44124968,2007,0,1
21801,44126968,2003,0,1
21802,44128968,1992,0,1
21803,44130968,2005,0,1
21804,44132968,1977,1,1
21805,44134968,2031,0,1
21806,44136968,2073,0,1
21807,44138968,2077,0,1
21808,44140968,2072,0,1
21809,44142968,2055,0,1
21810,44144968,2029,0,1
21811,44146968,2015,0,1
21812,44148968,2011,0,1
21813,44150968,2002,0,1
21814,44152968,2018,1,1
21815,44154968,2141,0,1
21816,44156968,2217,0,1
21817,44158968,2216,0,1
21818,44160968,2155,0,1
21819,44162968,2077,0,1
21820,44164968,2004,0,1
21821,44166968,1973,0,1
21822,44168968,1947,0,1
21823,44170968,1956,1,1
21824,44172968,1950,1,1
21825,44174968,1965,0,1
21826,44176968,2005,0,1
21827,44178968,2021,0,1
21828,44180968,2039,0,1
21829,44182968,2039,0,1
21830,44184968,2011,0,1
21831,44186968,2009,0,1
21832,44188968,2009,0,1
21833,44190968,2011,1,1
21834,44192968,2012,1,1
21835,44194968,2059,0,1
21836,44196968,2093,0,1
21837,44198968,2101,0,1
21838,44200968,2067,0,1
21839,44202968,2031,0,1
21840,44204968,2006,0,1
21841,44206968,2003,0,1
21842,44208968,1983,0,1
21843,44210968,1981,1,1
21844,44212968,1965,1,1
21845,44214968,2029,0,1
21846,44216968,2073,0,1
21847,44218968,2087,0,1
21848,44220968,2067,0,1
21849,44222968,2045,0,1
21850,44224968,2019,0,1
21851,44226968,2007,0,1
21852,44228968,1981,0,1
21853,44230968,1998,1,1
21854,44232968,1961,1,1
21855,44234968,2002,0,1
21856,44236968,2056,0,1
21857,44238968,2071,0,1
21858,44240968,2060,0,1
21859,44242968,2063,0,1
21860,44244968,2029,0,1
21861,44246968,2007,0,1
21862,44248968,2003,0,1
21863,44250968,1979,1,1
21864,44252968,1989,1,1
21865,44254968,1955,0,1
21866,44256968,1948,0,1
21867,44258968,1959,0,1
21868,44260968,1976,0,1
21869,44262968,1997,0,1
21870,44264968,2008,0,1
21871,44266968,2012,0,1
21872,44268968,2023,0,1
21873,44270968,2011,1,1
21874,44272968,1950,1,1
21875,44274968,1961,0,1
21876,44276968,1991,0,1
21877,44278968,2003,0,1
21878,44280968,2024,0,1
21879,44282968,2023,0,1
21880,44284968,2013,0,1
21881,44286968,2013,0,1
21882,44288968,2015,0,1
21883,44290968,2005,1,1
21884,44292968,1967,1,1
21885,44294968,2039,0,1
21886,44296968,2076,0,1
21887,44298968,2092,0,1
21888,44300968,2071,0,1
21889,44302968,2037,0,1
21890,44304968,2013,0,1
21891,44306968,2004,0,1
21892,44308968,1991,0,1
21893,44310968,1980,1,1
21894,44312968,1909,1,1
21895,44314968,1991,0,1
21896,44316968,2037,0,1
21897,44318968,2065,0,1
21898,44320968,2073,0,1
21899,44322968,2039,0,1
21900,44324968,2021,0,1
21901,44326968,2019,0,1
21902,44328968,2004,0,1
21903,44330968,1983,1,1
21904,44332968,1979,1,1
21905,44334968,2027,0,1
21906,44336968,2071,0,1
21907,44338968,2077,0,1
21908,44340968,2067,0,1
21909,44342968,2039,0,1
21910,44344968,2007,0,1
21911,44346968,2007,0,1
21912,44348968,1994,0,1
21913,44350968,1989,1,1
21914,44352968,1967,1,1
21915,44354968,2029,0,1
21916,44356968,2077,0,1
21917,44358968,2092,0,1
21918,44360968,2067,0,1
21919,44362968,2043,0,1
21920,44364968,2008,0,1
21921,44366968,2008,0,1
21922,44368968,2002,0,1
21923,44370968,1972,1,1
21924,44372968,1966,1,1
21925,44374968,2039,0,1
21926,44376968,2089,0,1
21927,44378968,2095,0,1
21928,44380968,2072,0,1
21929,44382968,2041,0,1
21930,44384968,2013,0,1
21931,44386968,2005,0,1
21932,44388968,1996,0,1
21933,44390968,1992,1,1
21934,44392968,1945,1,1
21935,44394968,1981,0,1
21936,44396968,2011,0,1
21937,44398968,2023,0,1
21938,44400968,2036,0,1
21939,44402968,2025,0,1
21940,44404968,2013,0,1
21941,44406968,2018,0,1
21942,44408968,2010,0,1
21943,44410968,1980,1,1
21944,44412968,1996,1,1
21945,44414968,2073,0,1
21946,44416968,2104,0,1
21947,44418968,2105,0,1
21948,44420968,2073,0,1
21949,44422968,2036,0,1
21950,44424968,2019,0,1
21951,44426968,1993,0,1
21952,44428968,1983,0,1
21953,44430968,1974,1,1
21954,44432968,1974,1,1
21955,44434968,2029,0,1
21956,44436968,2079,0,1
21957,44438968,2091,0,1
21958,44440968,2071,0,1
21959,44442968,2041,0,1
21960,44444968,2014,0,1
21961,44446968,2006,0,1
21962,44448968,1996,0,1
21963,44450968,1989,1,1
21964,44452968,1995,1,1
21965,44454968,2073,0,1
21966,44456968,2103,0,1
21967,44458968,2095,0,1
21968,44460968,2069,0,1
21969,44462968,2038,0,1
21970,44464968,2005,0,1
21971,44466968,1991,0,1
21972,44468968,1981,0,1
21973,44470968,1981,1,1
21974,44472968,1981,1,1
21975,44474968,1951,0,1
21976,44476968,1947,0,1
21977,44478968,1962,0,1
21978,44480968,1975,0,1
21979,44482968,1983,0,1
21980,44484968,2013,0,1
21981,44486968,2022,0,1
21982,44488968,2023,0,1
21983,44490968,2004,1,1
21984,44492968,1997,1,1
21985,44494968,2068,0,1
21986,44496968,2088,0,1
21987,44498968,2089,0,1
21988,44500968,2067,0,1
21989,44502968,2039,0,1
21990,44504968,2015,0,1
21991,44506968,2009,0,1
21992,44508968,1996,0,1
21993,44510968,1959,1,1
21994,44512968,1951,1,1
21995,44514968,2034,0,1
21996,44516968,2085,0,1
21997,44518968,2088,0,1
21998,44520968,2075,0,1
21999,44522968,2040,0,1
22000,44524968,2022,0,1
22001,44526968,2003,0,1
22002,44528968,1995,0,1
22003,44530968,1971,1,1
22004,44532968,1995,1,1
22005,44534968,2063,0,1
22006,44536968,2091,0,1
22007,44538968,2095,0,1
22008,44540968,2063,0,1
22009,44542968,2035,0,1
22010,44544968,2009,0,1
22011,44546968,1991,0,1
22012,44548968,1991,0,1
22013,44550968,1976,1,1
22014,44552968,1946,1,1
22015,44554968,2023,0,1
22016,44556968,2065,0,1
22017,44558968,2068,0,1
22018,44560968,2068,0,1
22019,44562968,2031,0,1
22020,44564968,2015,0,1
22021,44566968,2007,0,1
22022,44568968,2005,0,1
22023,44570968,1991,1,1
22024,44572968,1943,1,1
22025,44574968,1913,0,1
22026,44576968,1927,0,1
22027,44578968,1934,0,1
22028,44580968,1973,0,1
22029,44582968,2009,0,1
22030,44584968,2019,0,1
22031,44586968,2031,0,1
22032,44588968,2029,0,1
22033,44590968,2019,1,1
22034,44592968,2075,1,1
22035,44594968,2163,0,1
22036,44596968,2175,0,1
22037,44598968,2141,0,1
22038,44600968,2077,0,1
22039,44602968,2029,0,1
22040,44604968,1989,0,1
22041,44606968,1972,0,1
22042,44608968,1970,0,1
22043,44610968,1951,1,1
22044,44612968,1948,1,1
22045,44614968,2009,0,1
22046,44616968,2065,0,1
22047,44618968,2071,0,1
22048,44620968,2045,0,1
22049,44622968,2031,0,1
22050,44624968,2022,0,1
22051,44626968,2007,0,1
22052,44628968,2003,0,1
22053,44630968,1982,1,1
22054,44632968,2021,1,1
22055,44634968,2086,0,1
22056,44636968,2107,0,1
22057,44638968,2085,0,1
22058,44640968,2068,0,1
22059,44642968,2040,0,1
22060,44644968,2009,0,1
22061,44646968,1996,0,1
22062,44648968,1997,0,1
22063,44650968,1972,1,1
22064,44652968,2011,1,1
22065,44654968,2065,0,1
22066,44656968,2087,0,1
22067,44658968,2087,0,1
22068,44660968,2059,0,1
22069,44662968,2030,0,1
22070,44664968,2009,0,1
22071,44666968,1997,0,1
22072,44668968,1979,0,1
22073,44670968,1979,1,1
22074,44672968,2012,1,1
22075,44674968,2092,0,1
22076,44676968,2125,0,1
22077,44678968,2103,0,1
22078,44680968,2072,0,1
22079,44682968,2040,0,1
22080,44684968,2008,0,1
22081,44686968,1982,0,1
22082,44688968,1979,0,1
22083,44690968,1958,1,1
22084,44692968,1995,1,1
22085,44694968,2069,0,1
22086,44696968,2100,0,1
22087,44698968,2093,0,1
22088,44700968,2073,0,1
22089,44702968,2054,0,1
22090,44704968,2004,0,1
22091,44706968,1993,0,1
22092,44708968,1982,0,1
22093,44710968,1964,1,1
22094,44712968,2007,1,1
22095,44714968,2058,0,1
22096,44716968,2092,0,1
22097,44718968,2079,0,1
22098,44720968,2067,0,1
22099,44722968,2039,0,1
22100,44724968,2009,0,1
22101,44726968,2003,0,1
22102,44728968,1991,0,1
22103,44730968,1962,1,1
22104,44732968,1991,1,1
22105,44734968,2045,0,1
22106,44736968,2070,0,1
22107,44738968,2071,0,1
22108,44740968,2059,0,1
22109,44742968,2039,0,1
22110,44744968,2021,0,1
22111,44746968,2005,0,1
22112,44748968,1997,0,1
22113,44750968,1981,1,1
22114,44752968,2009,1,1
22115,44754968,2071,0,1
22116,44756968,2089,0,1
22117,44758968,2079,0,1
22118,44760968,2055,0,1
22119,44762968,2031,0,1
22120,44764968,2003,0,1
22121,44766968,1991,0,1
22122,44768968,1993,0,1
22123,44770968,1955,1,1
22124,44772968,1989,1,1
22125,44774968,2038,0,1
22126,44776968,2079,0,1
22127,44778968,2086,0,1
22128,44780968,2056,0,1
22129,44782968,2035,0,1
22130,44784968,2009,0,1
22131,44786968,1995,0,1
22132,44788968,1993,0,1
22133,44790968,1965,1,1
22134,44792968,2013,1,1
22135,44794968,2076,0,1
22136,44796968,2099,0,1
22137,44798968,2077,0,1
22138,44800968,2059,0,1
22139,44802968,2027,0,1
22140,44804968,2025,0,1
22141,44806968,1991,0,1
22142,44808968,1993,0,1
22143,44810968,1948,1,1
22144,44812968,1955,1,1
22145,44814968,2004,0,1
22146,44816968,2029,0,1
22147,44818968,2042,0,1
22148,44820968,2035,0,1
22149,44822968,2027,0,1
22150,44824968,2019,0,1
22151,44826968,2008,0,1
22152,44828968,2007,0,1
22153,44830968,2002,1,1
22154,44832968,2152,1,1
22155,44834968,2377,0,1
22156,44836968,2429,0,1
22157,44838968,2358,0,1
22158,44840968,2221,0,1
22159,44842968,2085,0,1
22160,44844968,1989,0,1
22161,44846968,1934,0,1
22162,44848968,1917,0,1
22163,44850968,1910,1,1
22164,44852968,1904,1,1
22165,44854968,1870,0,1
22166,44856968,1883,0,1
22167,44858968,1919,0,1
22168,44860968,1959,0,1
22169,44862968,1989,0,1
22170,44864968,2027,0,1
22171,44866968,2030,0,1
22172,44868968,2041,0,1
22173,44870968,2009,1,1
22174,44872968,2029,0,1
22175,44874968,2085,0,1
22176,44876968,2086,0,1
22177,44878968,2083,0,1
22178,44880968,2057,0,1
22179,44882968,2019,0,1
22180,44884968,2003,0,1
22181,44886968,1990,0,1
22182,44888968,1994,0,1
22183,44890968,1971,1,1
22184,44892968,2009,0,1
22185,44894968,2063,0,1
22186,44896968,2093,0,1
22187,44898968,2085,0,1
22188,44900968,2053,0,1
22189,44902968,2031,0,1
22190,44904968,2012,0,1
22191,44906968,1983,0,1
22192,44908968,1991,0,1
22193,44910968,1947,1,1
22194,44912968,1995,0,1
22195,44914968,2055,0,1
22196,44916968,2071,0,1
22197,44918968,2076,0,1
22198,44920968,2045,0,1
22199,44922968,2029,0,1
22200,44924968,2021,0,1
22201,44926968,2009,0,1
22202,44928968,1993,0,1
22203,44930968,1959,1,1
22204,44932968,1951,0,1
22205,44934968,2010,0,1
22206,44936968,2045,0,1
22207,44938968,2052,0,1
22208,44940968,2042,0,1
22209,44942968,2027,0,1
22210,44944968,2015,0,1
22211,44946968,2007,0,1
22212,44948968,2005,0,1
22213,44950968,1967,1,1
22214,44952968,2021,0,1
22215,44954968,2091,0,1
22216,44956968,2111,0,1
22217,44958968,2099,0,1
22218,44960968,2063,0,1
22219,44962968,2020,0,1
22220,44964968,2004,0,1
22221,44966968,1991,0,1
22222,44968968,1991,0,1
22223,44970968,1965,1,1
22224,44972968,2011,0,1
22225,44974968,2024,0,1
22226,44976968,2040,0,1
22227,44978968,2028,0,1
22228,44980968,2021,0,1
22229,44982969,2007,0,1
22230,44984968,2010,0,1
22231,44986968,1997,0,1
22232,44988968,2002,0,1
22233,44990968,1975,1,1
22234,44992968,2007,0,1
22235,44994968,2077,0,1
22236,44996968,2087,0,1
22237,44998968,2083,0,1
22238,45000968,2063,0,1
22239,45002968,2021,0,1
22240,45004968,2009,0,1
22241,45006968,1993,0,1
22242,45008968,1983,0,1
22243,45010968,1962,1,1
22244,45012968,2029,0,1
22245,45014968,2100,0,1
22246,45016968,2121,0,1
22247,45018968,2099,0,1
22248,45020968,2073,0,1
22249,45022969,2030,0,1
22250,45024968,2007,0,1
22251,45026968,1983,0,1
22252,45028968,1981,0,1
22253,45030968,1971,1,1
22254,45032968,2057,0,1
22255,45034968,2111,0,1
22256,45036968,2124,0,1
22257,45038968,2107,0,1
22258,45040968,2063,0,1
22259,45042968,2027,0,1
22260,45044968,2005,0,1
22261,45046968,1979,0,1
22262,45048968,1990,0,1
22263,45050968,1976,1,1
22264,45052968,2040,0,1
22265,45054968,2107,0,1
22266,45056968,2119,0,1
22267,45058968,2101,0,1
22268,45060968,2055,0,1
22269,45062969,2025,0,1
22270,45064968,1997,0,1
22271,45066968,1983,0,1
22272,45068968,1991,0,1
22273,45070968,1990,1,1
22274,45072968,2041,0,1
22275,45074968,2110,0,1
22276,45076968,2132,0,1
22277,45078968,2111,0,1
22278,45080968,2079,0,1
22279,45082968,2031,0,1
22280,45084968,2007,0,1
22281,45086968,1993,0,1
22282,45088968,1983,0,1
22283,45090968,1965,1,1
22284,45092968,1999,0,1
22285,45094968,2063,0,1
22286,45096968,2072,0,1
22287,45098968,2074,0,1
22288,45100968,2059,0,1
22289,45102969,2021,0,1
22290,45104968,2011,0,1
22291,45106968,1999,0,1
22292,45108968,1991,0,1
22293,45110968,1979,1,1
22294,45112968,2026,0,1
22295,45114968,2089,0,1
22296,45116968,2099,0,1
22297,45118968,2091,0,1
22298,45120968,2063,0,1
22299,45122968,2023,0,1
22300,45124968,2001,0,1
22301,45126968,1990,0,1
22302,45128968,1983,0,1
22303,45130968,1939,1,1
22304,45132968,1963,0,1
22305,45134968,2011,0,1
22306,45136968,2043,0,1
22307,45138968,2044,0,1
22308,45140968,2060,0,1
22309,45142969,2031,0,1
22310,45144968,2020,0,1
22311,45146968,2004,0,1
22312,45148968,2001,0,1
22313,45150968,1961,1,1
22314,45152968,1966,0,1
22315,45154968,2013,0,1
22316,45156968,2035,0,1
22317,45158968,2043,0,1
22318,45160968,2039,0,1
22319,45162968,2023,0,1
22320,45164968,2018,0,1
22321,45166968,2011,0,1
22322,45168968,2005,0,1
22323,45170968,1993,1,1
22324,45172968,2037,0,1
22325,45174968,2091,0,1
22326,45176968,2095,0,1
22327,45178968,2083,0,1
22328,45180968,2067,0,1
22329,45182969,2019,0,1
22330,45184968,2002,0,1
22331,45186968,1991,0,1
22332,45188968,1991,0,1
22333,45190968,2213,1,1
22334,45192968,3080,0,1
22335,45194968,3636,0,1
22336,45196968,3512,0,1
22337,45198968,3031,0,1
22338,45200968,2511,0,1
22339,45202968,2077,0,1
22340,45204968,1813,0,1
22341,45206968,1709,0,1
22342,45208968,1735,0,1
22343,45210968,1791,1,1
22344,45212968,1947,0,1
22345,45214968,2099,0,1
22346,45216968,2165,0,1
22347,45218968,2175,0,1
22348,45220968,2140,0,1
22349,45222969,2084,0,1
22350,45224968,2026,0,1
22351,45226968,1982,0,1
22352,45228968,1979,0,1
22353,45230968,1950,1,1
22354,45232968,1957,0,1
22355,45234968,1990,0,1
22356,45236968,2021,0,1
22357,45238968,2030,0,1
22358,45240968,2021,0,1
22359,45242968,2017,0,1
22360,45244968,2018,0,1
22361,45246968,2007,0,1
22362,45248968,2004,0,1
22363,45250968,1998,1,1
22364,45252968,2039,0,1
22365,45254968,2088,0,1
22366,45256968,2105,0,1
22367,45258968,2069,0,1
22368,45260968,2045,0,1
22369,45262969,2022,0,1
22370,45264968,1993,0,1
22371,45266968,1993,0,1
22372,45268968,1996,0,1
22373,45270968,1965,1,1
22374,45272968,2012,0,1
22375,45274968,2065,0,1
22376,45276968,2079,0,1
22377,45278968,2067,0,1
22378,45280968,2042,0,1
22379,45282968,2029,0,1
22380,45284968,2005,0,1
22381,45286968,1997,0,1
22382,45288968,1998,0,1
22383,45290968,1947,1,1
22384,45292968,2018,0,1
22385,45294968,2069,0,1
22386,45296968,2087,0,1
22387,45298968,2075,0,1
22388,45300968,2044,0,1
22389,45302969,2013,0,1
22390,45304968,2011,0,1
22391,45306968,1983,0,1
22392,45308968,1993,0,1
22393,45310968,1982,1,1
22394,45312968,2042,0,1
22395,45314968,2076,0,1
22396,45316968,2085,0,1
22397,45318968,2071,0,1
22398,45320968,2026,0,1
22399,45322968,2011,0,1
22400,45324968,1996,0,1
22401,45326968,1990,0,1
22402,45328968,1992,0,1
22403,45330968,1962,1,1
22404,45332968,1972,0,1
22405,45334968,2058,0,1
22406,45336968,2057,0,1
22407,45338968,2058,0,1
22408,45340968,2043,0,1
22409,45342969,2019,0,1
22410,45344968,2001,0,1
22411,45346968,1992,0,1
22412,45348968,1994,0,1
22413,45350968,1975,1,1
22414,45352968,2039,0,1
22415,45354968,2095,0,1
22416,45356968,2094,0,1
22417,45358968,2085,0,1
22418,45360968,2043,0,1
22419,45362968,2023,0,1
22420,45364968,1995,0,1
22421,45366968,1990,0,1
22422,45368968,1987,0,1
22423,45370968,1941,1,1
22424,45372968,2007,0,1
22425,45374968,2054,0,1
22426,45376968,2069,0,1
22427,45378968,2067,0,1
22428,45380968,2043,0,1
22429,45382969,2019,0,1
22430,45384968,1999,0,1
22431,45386968,1995,0,1
22432,45388968,1992,0,1
22433,45390968,1952,1,1
22434,45392968,2011,0,1
22435,45394968,2069,0,1
22436,45396968,2071,0,1
22437,45398968,2071,0,1
22438,45400968,2043,0,1
22439,45402968,2013,0,1
22440,45404968,1997,0,1
22441,45406968,1992,0,1
22442,45408968,1987,0,1
22443,45410968,1972,1,1
22444,45412968,2027,0,1
22445,45414968,2067,0,1
22446,45416968,2077,0,1
22447,45418968,2071,0,1
22448,45420968,2037,0,1
22449,45422969,2014,0,1
22450,45424968,2004,0,1
22451,45426968,1993,0,1
22452,45428968,1993,0,1
22453,45430968,1980,1,1
22454,45432968,2031,0,1
22455,45434968,2073,0,1
22456,45436968,2075,0,1
22457,45438968,2059,0,1
22458,45440968,2035,0,1
22459,45442968,2011,0,1
22460,45444968,2006,0,1
22461,45446968,1989,0,1
22462,45448968,1992,0,1
22463,45450968,1965,1,1
22464,45452968,2025,0,1
22465,45454968,2065,0,1
22466,45456968,2077,0,1
22467,45458968,2069,0,1
22468,45460968,2035,0,1
22469,45462969,2026,0,1
22470,45464968,1999,0,1
22471,45466968,1989,0,1
22472,45468968,1997,1,1
22473,45470968,1995,1,1
22474,45472968,2117,1,1
22475,45474968,2158,0,1
22476,45476968,2185,0,1
22477,45478968,2137,0,1
22478,45480968,2077,0,1
22479,45482968,2031,0,1
22480,45484968,2004,0,1
22481,45486968,1991,0,1
22482,45488968,1997,1,1
22483,45490968,2012,1,1
22484,45492968,2135,0,1
22485,45494968,2200,0,1
22486,45496968,2187,0,1
22487,45498968,2124,0,1
22488,45500968,2060,0,1
22489,45502969,2001,0,1
22490,45504968,1974,0,1
22491,45506968,1957,0,1
22492,45508968,1959,1,1
22493,45510968,1947,1,1
22494,45512968,1980,0,1
22495,45514968,2024,0,1
22496,45516968,2031,0,1
22497,45518968,2039,0,1
22498,45520968,2026,0,1
22499,45522968,2012,0,1
22500,45524968,2005,0,1
22501,45526968,2005,0,1
22502,45528968,2007,1,1
22503,45530968,1972,1,1
22504,45532968,2035,0,1
22505,45534968,2074,0,1
22506,45536968,2075,0,1
22507,45538968,2061,0,1
22508,45540968,2035,0,1
22509,45542969,2011,0,1
22510,45544968,2007,0,1
22511,45546968,1989,0,1
22512,45548968,1983,1,1
22513,45550968,2005,1,1
22514,45552968,2071,0,1
22515,45554968,2103,0,1
22516,45556968,2095,0,1
22517,45558968,2073,0,1
22518,45560968,2032,0,1
22519,45562968,2012,0,1
22520,45564968,1998,0,1
22521,45566968,1989,0,1
22522,45568968,1991,1,1
22523,45570968,1990,1,1
22524,45572968,2065,0,1
22525,45574968,2105,0,1
22526,45576968,2103,0,1
22527,45578968,2074,0,1
22528,45580968,2040,0,1
22529,45582969,2021,0,1
22530,45584968,1999,0,1
22531,45586968,1981,0,1
22532,45588968,1980,1,1
22533,45590968,1958,1,1
22534,45592968,2027,0,1
22535,45594968,2075,0,1
22536,45596968,2079,0,1
22537,45598968,2072,0,1
22538,45600968,2044,0,1
22539,45602968,2019,0,1
22540,45604968,2007,0,1
22541,45606968,1994,0,1
22542,45608968,1983,1,1
22543,45610968,1981,1,1
22544,45612968,2037,0,1
22545,45614968,2087,0,1
22546,45616968,2089,0,1
22547,45618968,2079,0,1
22548,45620968,2068,0,1
22549,45622969,2025,0,1
22550,45624968,2003,0,1
22551,45626968,1983,0,1
22552,45628968,1977,1,1
22553,45630968,1976,1,1
22554,45632968,2063,0,1
22555,45634968,2099,0,1
22556,45636968,2099,0,1
22557,45638968,2077,0,1
22558,45640968,2044,0,1
22559,45642968,2009,0,1
22560,45644968,2006,0,1
22561,45646968,1994,0,1
22562,45648968,1981,1,1
22563,45650968,1982,1,1
22564,45652968,2063,0,1
22565,45654968,2089,0,1
22566,45656968,2093,0,1
22567,45658968,2071,0,1
22568,45660968,2039,0,1
22569,45662969,2019,0,1
22570,45664968,1999,0,1
22571,45666968,1991,0,1
22572,45668968,1976,1,1
22573,45670968,1966,1,1
22574,45672968,2057,0,1
22575,45674968,2090,0,1
22576,45676968,2099,0,1
22577,45678968,2089,0,1
22578,45680968,2063,0,1
22579,45682968,2013,0,1
22580,45684968,2003,0,1
22581,45686968,1995,0,1
22582,45688968,1966,1,1
22583,45690968,1967,1,1
22584,45692968,2029,0,1
22585,45694968,2072,0,1
22586,45696968,2088,0,1
22587,45698968,2071,0,1
22588,45700968,2065,0,1
22589,45702969,2023,0,1
22590,45704968,1999,0,1
22591,45706968,1995,0,1
22592,45708968,1960,1,1
22593,45710968,1979,1,1
22594,45712968,2003,0,1
22595,45714968,2004,0,1
22596,45716968,2003,0,1
22597,45718968,2003,0,1
22598,45720968,2009,0,1
22599,45722968,2009,0,1
22600,45724968,2013,0,1
22601,45726968,2018,0,1
22602,45728968,1993,1,1
22603,45730968,1998,1,1
22604,45732968,2055,0,1
22605,45734968,2088,0,1
22606,45736968,2093,0,1
22607,45738968,2073,0,1
22608,45740968,2046,0,1
22609,45742969,2015,0,1
22610,45744968,2003,0,1
22611,45746968,1993,0,1
22612,45748968,1979,1,1
22613,45750968,1996,1,1
22614,45752968,2072,0,1
22615,45754968,2104,0,1
22616,45756968,2107,0,1
22617,45758968,2071,0,1
22618,45760968,2041,0,1
22619,45762968,2007,0,1
22620,45764968,1995,0,1
22621,45766968,1977,0,1
22622,45768968,1964,1,1
22623,45770968,1995,1,1
22624,45772968,2041,0,1
22625,45774968,2071,0,1
22626,45776968,2077,0,1
22627,45778968,2065,0,1
22628,45780968,2035,0,1
22629,45782969,2017,0,1
22630,45784968,2005,0,1
22631,45786968,1994,0,1
22632,45788968,1983,1,1
22633,45790968,2002,1,1
22634,45792968,2075,0,1
22635,45794968,2101,0,1
22636,45796968,2092,0,1
22637,45798968,2067,0,1
22638,45800968,2035,0,1
22639,45802968,2005,0,1
22640,45804968,1993,0,1
22641,45806968,1992,0,1
22642,45808968,1975,1,1
22643,45810968,1983,1,1
22644,45812968,2069,0,1
22645,45814968,2093,0,1
22646,45816968,2089,0,1
22647,45818968,2059,0,1
22648,45820968,2030,0,1
22649,45822969,2012,0,1
22650,45824968,2004,0,1
22651,45826968,1995,0,1
22652,45828968,1980,1,1
22653,45830968,1983,1,1
22654,45832968,2067,0,1
22655,45834968,2088,0,1
22656,45836968,2085,0,1
22657,45838968,2068,0,1
22658,45840968,2030,0,1
22659,45842968,2015,0,1
22660,45844968,2003,0,1
22661,45846968,1992,0,1
22662,45848968,1966,1,1
22663,45850968,2003,1,1
22664,45852968,2063,0,1
22665,45854968,2091,0,1
22666,45856968,2085,0,1
22667,45858968,2069,0,1
22668,45860968,2029,0,1
22669,45862969,2005,0,1
22670,45864968,1996,0,1
22671,45866968,1988,0,1
22672,45868968,1989,1,1
22673,45870968,1998,1,1
22674,45872968,2075,0,1
22675,45874968,2115,0,1
22676,45876968,2099,0,1
22677,45878968,2074,0,1
22678,45880968,2044,0,1
22679,45882968,2011,0,1
22680,45884968,1998,0,1
22681,45886968,1995,0,1
22682,45888968,1983,1,1
22683,45890968,1991,1,1
22684,45892968,2087,0,1
22685,45894968,2124,0,1
22686,45896968,2107,0,1
22687,45898968,2077,0,1
22688,45900968,2037,0,1
22689,45902969,2011,0,1
22690,45904968,1993,0,1
22691,45906968,1981,0,1
22692,45908968,2021,1,1
22693,45910968,2953,1,1
22694,45912968,4095,0,0
22695,45914968,4095,0,0
22696,45916968,3902,0,1
22697,45918968,3147,0,1
22698,45920968,2483,0,1
22699,45922968,1989,0,1
22700,45924968,1723,0,1
22701,45926968,1627,0,1
22702,45928968,1655,1,1
22703,45930968,1788,1,1
22704,45932968,1971,0,1
22705,45934968,2102,0,1
22706,45936968,2155,0,1
22707,45938968,2157,0,1
22708,45940968,2106,0,1
22709,45942969,2067,0,1
22710,45944968,2015,0,1
22711,45946968,1981,0,1
22712,45948968,1959,1,1
22713,45950968,1964,1,1
22714,45952968,2039,0,1
22715,45954968,2075,0,1
22716,45956968,2085,0,1
22717,45958968,2071,0,1
22718,45960968,2042,0,1
22719,45962968,2015,0,1
22720,45964968,1997,0,1
22721,45966968,1989,0,1
22722,45968968,1965,1,1
22723,45970968,1990,1,1
22724,45972968,2073,0,1
22725,45974968,2092,0,1
22726,45976968,2087,0,1
22727,45978968,2058,0,1
22728,45980968,2028,0,1
22729,45982969,2005,0,1
22730,45984968,1989,0,1
22731,45986968,1989,0,1
22732,45988968,1979,1,1
22733,45990968,2001,1,1
22734,45992968,2071,0,1
22735,45994968,2104,0,1
22736,45996968,2088,0,1
22737,45998968,2056,0,1
22738,46000968,2031,0,1
22739,46002968,2009,0,1
22740,46004968,1995,0,1
22741,46006968,1990,0,1
22742,46008968,1975,1,1
22743,46010968,1983,1,1
22744,46012968,2059,0,1
22745,46014968,2084,0,1
22746,46016968,2084,0,1
22747,46018968,2068,0,1
22748,46020968,2037,0,1
22749,46022969,2011,0,1
22750,46024968,1989,0,1
22751,46026968,1992,0,1
22752,46028968,1975,1,1
22753,46030968,2005,1,1
22754,46032968,2080,0,1
22755,46034968,2121,0,1
22756,46036968,2108,0,1
22757,46038968,2071,0,1
22758,46040968,2029,0,1
22759,46042968,1995,0,1
22760,46044968,1993,0,1
22761,46046968,1982,0,1
22762,46048968,1977,1,1
22763,46050968,2015,1,1
22764,46052968,2095,0,1
22765,46054968,2119,0,1
22766,46056968,2103,0,1
22767,46058968,2079,0,1
22768,46060968,2023,0,1
22769,46062969,2004,0,1
22770,46064968,1992,0,1
22771,46066968,1977,0,1
22772,46068968,1994,1,1
22773,46070968,2020,1,1
22774,46072968,2109,0,1
22775,46074968,2124,0,1
22776,46076968,2117,0,1
22777,46078968,2083,0,1
22778,46080968,2022,0,1
22779,46082968,1999,0,1
22780,46084968,1979,0,1
22781,46086968,1979,0,1
22782,46088968,1963,1,1
22783,46090968,1982,1,1
22784,46092968,2029,0,1
22785,46094968,2065,0,1
22786,46096968,2056,0,1
22787,46098968,2056,0,1
22788,46100968,2025,0,1
22789,46102969,2011,0,1
22790,46104968,2007,0,1
22791,46106968,1995,0,1
22792,46108968,1977,1,1
22793,46110968,1976,1,1
22794,46112968,2005,0,1
22795,46114968,2019,0,1
22796,46116968,2023,0,1
22797,46118968,2025,0,1
22798,46120968,2007,0,1
22799,46122968,2012,0,1
22800,46124968,2004,0,1
22801,46126968,2006,0,1
22802,46128968,1994,1,1
22803,46130968,2063,1,1
22804,46132968,2221,0,1
22805,46134968,2274,0,1
22806,46136968,2233,0,1
22807,46138968,2167,0,1
22808,46140968,2071,0,1
22809,46142969,2011,0,1
22810,46144968,1963,0,1
22811,46146968,1964,0,1
22812,46148968,1977,1,1
22813,46150968,1981,1,1
22814,46152968,2009,0,1
22815,46154968,2013,0,1
22816,46156968,2011,0,1
22817,46158968,2007,0,1
22818,46160968,1993,0,1
22819,46162968,1995,0,1
22820,46164968,1993,0,1
22821,46166968,2003,0,1
22822,46168968,1991,1,1
22823,46170968,2003,1,1
22824,46172968,2025,0,1
22825,46174968,2030,0,1
22826,46176968,2029,0,1
22827,46178968,2031,0,1
22828,46180968,2011,0,1
22829,46182969,2011,0,1
22830,46184968,2009,0,1
22831,46186968,1993,0,1
22832,46188968,1999,1,1
22833,46190968,2035,1,1
22834,46192968,2089,0,1
22835,46194968,2101,0,1
22836,46196968,2089,0,1
22837,46198968,2067,0,1
22838,46200968,2021,0,1
22839,46202968,1997,0,1
22840,46204968,1979,0,1
22841,46206968,1982,0,1
22842,46208968,1989,1,1
22843,46210968,1977,0,1
22844,46212968,1989,0,1
22845,46214968,1984,0,1
22846,46216968,1997,0,1
22847,46218968,2007,0,1
22848,46220968,1998,0,1
22849,46222969,2007,0,1
22850,46224968,2009,0,1
22851,46226968,2012,0,1
22852,46228968,1980,1,1
22853,46230968,1939,0,1
22854,46232968,1950,0,1
22855,46234968,1963,0,1
22856,46236968,1989,0,1
22857,46238968,2005,0,1
22858,46240968,2010,0,1
22859,46242968,2013,0,1
22860,46244968,2014,0,1
22861,46246968,2015,0,1
22862,46248968,1961,1,1
22863,46250968,2011,0,1
22864,46252968,2073,0,1
22865,46254968,2087,0,1
22866,46256968,2079,0,1
22867,46258968,2054,0,1
22868,46260968,2031,0,1
22869,46262969,2009,0,1
22870,46264968,1997,0,1
22871,46266968,1996,0,1
22872,46268968,1967,1,1
22873,46270968,2008,0,1
22874,46272968,2075,0,1
22875,46274968,2086,0,1
22876,46276968,2071,0,1
22877,46278968,2055,0,1
22878,46280968,2024,0,1
22879,46282968,2005,0,1
22880,46284968,1992,0,1
22881,46286968,1997,0,1
22882,46288968,1950,1,1
22883,46290968,1999,0,1
22884,46292968,2073,0,1
22885,46294968,2087,0,1
22886,46296968,2077,0,1
22887,46298968,2041,0,1
22888,46300968,2018,0,1
22889,46302969,2005,0,1
22890,46304968,1994,0,1
22891,46306968,1995,0,1
22892,46308968,1982,1,1
22893,46310968,2038,0,1
22894,46312968,2076,0,1
22895,46314968,2095,0,1
22896,46316968,2077,0,1
22897,46318968,2057,0,1
22898,46320968,2019,0,1
22899,46322968,1999,0,1
22900,46324968,1993,0,1
22901,46326968,1995,0,1
22902,46328968,1975,1,1
22903,46330968,2008,0,1
22904,46332968,2089,0,1
22905,46334968,2109,0,1
22906,46336968,2093,0,1
22907,46338968,2066,0,1
22908,46340968,2023,0,1
22909,46342969,2003,0,1
22910,46344968,1991,0,1
22911,46346968,1980,0,1
22912,46348968,1971,1,1
22913,46350968,1916,0,1
22914,46352968,2093,0,1
22915,46354968,2109,0,1
22916,46356968,2087,0,1
22917,46358968,2056,0,1
22918,46360968,2019,0,1
22919,46362968,2009,0,1
22920,46364968,1984,0,1
22921,46366968,1990,0,1
22922,46368968,1965,1,1
22923,46370968,2013,0,1
22924,46372968,2093,0,1
22925,46374968,2109,0,1
22926,46376968,2094,0,1
22927,46378968,2067,0,1
22928,46380968,2027,0,1
22929,46382969,2003,0,1
22930,46384968,1990,0,1
22931,46386968,1990,0,1
22932,46388968,1973,1,1
22933,46390968,2031,0,1
22934,46392968,2091,0,1
22935,46394968,2101,0,1
22936,46396968,2086,0,1
22937,46398968,2057,0,1
22938,46400968,2014,0,1
22939,46402968,2010,0,1
22940,46404968,1992,0,1
22941,46406968,1993,0,1
22942,46408968,1957,1,1
22943,46410968,2013,0,1
22944,46412968,2069,0,1
22945,46414968,2090,0,1
22946,46416968,2074,0,1
22947,46418968,2046,0,1
22948,46420968,2028,0,1
22949,46422969,2011,0,1
22950,46424968,1994,0,1
22951,46426968,1989,0,1
22952,46428968,1959,1,1
22953,46430968,2005,0,1
22954,46432968,2059,0,1
22955,46434968,2076,0,1
22956,46436968,2065,0,1
22957,46438968,2039,0,1
22958,46440968,2011,0,1
22959,46442968,1999,0,1
22960,46444968,1995,0,1
22961,46446968,1995,0,1
22962,46448968,2007,1,1
22963,46450968,2085,0,1
22964,46452968,2116,0,1
22965,46454968,2110,0,1
22966,46456968,2091,0,1
22967,46458968,2041,0,1
22968,46460968,2009,0,1
22969,46462969,1991,0,1
22970,46464968,1976,0,1
22971,46466968,1991,0,1
22972,46468968,1991,1,1
22973,46470968,2029,0,1
22974,46472968,2099,0,1
22975,46474968,2109,0,1
22976,46476968,2087,0,1
22977,46478968,2063,0,1
22978,46480968,2019,0,1
22979,46482968,2007,0,1
22980,46484968,1991,0,1
22981,46486968,1979,0,1
22982,46488968,1963,1,1
22983,46490968,1990,0,1
22984,46492968,2023,0,1
22985,46494968,2039,0,1
22986,46496968,2055,0,1
22987,46498968,2035,0,1
22988,46500968,2024,0,1
22989,46502969,2008,0,1
22990,46504968,2002,0,1
22991,46506968,1999,0,1
22992,46508968,1967,1,1
22993,46510968,2015,0,1
22994,46512968,2056,0,1
22995,46514968,2078,0,1
22996,46516968,2067,0,1
22997,46518968,2039,0,1
22998,46520968,2010,0,1
22999,46522968,2009,0,1
23000,46524968,2003,0,1
23001,46526968,1996,0,1
23002,46528968,1981,1,1
23003,46530968,2026,0,1
23004,46532968,2103,0,1
23005,46534968,2107,0,1
23006,46536968,2093,0,1
23007,46538968,2067,0,1
23008,46540968,2023,0,1
23009,46542969,2002,0,1
23010,46544968,1984,0,1
23011,46546968,1990,0,1
23012,46548968,1965,1,1
23013,46550968,2059,0,1
23014,46552968,2116,0,1
23015,46554968,2124,0,1
23016,46556968,2107,0,1
23017,46558968,2053,0,1
23018,46560968,2011,0,1
23019,46562968,2002,0,1
23020,46564968,1980,0,1
23021,46566968,1983,0,1
23022,46568968,1962,1,1
23023,46570968,2044,0,1
23024,46572968,2151,0,1
23025,46574968,2105,0,1
23026,46576968,2077,0,1
23027,46578968,2060,0,1
23028,46580968,2015,0,1
23029,46582969,2008,0,1
23030,46584968,1991,0,1
23031,46586968,1997,0,1
23032,46588968,1993,1,1
23033,46590968,1962,0,1
23034,46592968,1949,0,1
23035,46594968,1964,0,1
23036,46596968,1983,0,1
23037,46598968,2011,0,1
23038,46600968,2005,0,1
23039,46602968,2023,0,1
23040,46604968,2013,0,1
23041,46606968,2018,0,1
23042,46608968,1981,1,1
23043,46610968,1960,0,1
23044,46612968,1968,0,1
23045,46614968,1972,0,1
23046,46616968,1983,0,1
23047,46618968,2008,0,1
23048,46620968,1999,0,1
23049,46622969,2015,0,1
23050,46624968,2021,0,1
23051,46626968,2011,0,1
23052,46628968,2001,1,1
23053,46630968,2042,0,1
23054,46632968,2080,0,1
23055,46634968,2083,0,1
23056,46636968,2069,0,1
23057,46638968,2037,0,1
23058,46640968,2019,0,1
23059,46642968,2002,0,1
23060,46644968,1993,0,1
23061,46646968,1995,0,1
23062,46648968,1993,1,1
23063,46650968,2072,0,1
23064,46652968,2121,0,1
23065,46654968,2131,0,1
23066,46656968,2103,0,1
23067,46658968,2068,0,1
23068,46660968,2023,0,1
23069,46662969,2003,0,1
23070,46664968,1989,0,1
23071,46666968,1983,0,1
23072,46668968,1963,1,1
23073,46670968,1993,0,1
23074,46672968,2035,0,1
23075,46674968,2053,0,1
23076,46676968,2044,0,1
23077,46678968,2043,0,1
23078,46680968,2020,0,1
23079,46682968,2013,0,1
23080,46684968,2006,0,1
23081,46686968,1998,0,1
23082,46688968,1939,1,1
23083,46690968,1903,0,1
23084,46692968,1917,0,1
23085,46694968,1954,0,1
23086,46696968,1976,0,1
23087,46698968,2007,0,1
23088,46700968,2018,0,1
23089,46702969,2025,0,1
23090,46704968,2030,0,1
23091,46706968,2029,0,1
23092,46708968,1983,1,1
23093,46710968,2024,0,1
23094,46712968,2069,0,1
23095,46714968,2073,0,1
23096,46716968,2074,0,1
23097,46718968,2056,0,1
23098,46720968,2014,0,1
23099,46722968,2008,0,1
23100,46724968,1989,0,1
23101,46726968,1991,0,1
23102,46728968,2009,1,1
23103,46730968,2087,0,1
23104,46732968,2147,0,1
23105,46734968,2140,0,1
23106,46736968,2099,0,1
23107,46738968,2059,0,1
23108,46740968,2007,0,1
23109,46742969,1982,0,1
23110,46744968,1983,0,1
23111,46746968,1977,0,1
23112,46748968,1964,1,1
23113,46750968,2028,0,1
23114,46752968,2060,0,1
23115,46754968,2076,0,1
23116,46756968,2073,0,1
23117,46758968,2055,0,1
23118,46760968,2017,0,1
23119,46762968,2008,0,1
23120,46764968,1995,0,1
23121,46766968,1997,1,1
23122,46768968,2006,1,1
23123,46770968,2038,0,1
23124,46772968,2063,0,1
23125,46774968,2055,0,1
23126,46776968,2040,0,1
23127,46778968,2031,0,1
23128,46780968,2019,0,1
23129,46782969,2015,0,1
23130,46784968,1997,0,1
23131,46786968,2011,1,1
23132,46788968,2039,1,1
23133,46790968,2295,0,1
23134,46792968,2429,0,1
23135,46794968,2411,0,1
23136,46796968,2299,0,1
23137,46798968,2149,0,1
23138,46800968,2037,0,1
23139,46802968,1955,0,1
23140,46804968,1917,0,1
23141,46806968,1911,1,1
23142,46808968,1893,1,1
23143,46810968,1843,0,1
23144,46812968,1828,0,1
23145,46814968,1861,0,1
23146,46816968,1901,0,1
23147,46818968,1965,0,1
23148,46820968,2006,0,1
23149,46822969,2039,0,1
23150,46824968,2045,0,1
23151,46826968,2045,1,1
23152,46828968,2012,1,1
23153,46830968,2043,0,1
23154,46832968,2065,0,1
23155,46834968,2044,0,1
23156,46836968,2037,0,1
23157,46838968,2011,0,1
23158,46840968,2004,0,1
23159,46842968,1999,0,1
23160,46844968,1998,0,1
23161,46846968,1999,1,1
23162,46848968,1994,1,1
23163,46850968,2057,0,1
23164,46852968,2095,0,1
23165,46854968,2090,0,1
23166,46856968,2075,0,1
23167,46858968,2040,0,1
23168,46860968,2009,0,1
23169,46862969,2003,0,1
23170,46864968,1997,0,1
23171,46866968,1995,1,1
23172,46868968,1983,1,1
23173,46870968,2053,0,1
23174,46872968,2088,0,1
23175,46874968,2091,0,1
23176,46876968,2071,0,1
23177,46878968,2037,0,1
23178,46880968,2008,0,1
23179,46882968,1995,0,1
23180,46884968,1989,0,1
23181,46886968,1992,1,1
23182,46888968,1963,1,1
23183,46890968,2040,0,1
23184,46892968,2099,0,1
23185,46894968,2117,0,1
23186,46896968,2087,0,1
23187,46898968,2057,0,1
23188,46900968,2013,0,1
23189,46902969,2008,0,1
23190,46904968,1991,0,1
23191,46906968,1976,1,1
23192,46908968,1976,1,1
23193,46910968,2045,1,1
23194,46912968,2087,0,1
23195,46914968,2091,0,1
23196,46916968,2079,0,1
23197,46918968,2040,0,1
23198,46920968,2014,0,1
23199,46922968,2004,0,1
23200,46924968,1989,0,1
23201,46926968,1979,1,1
23202,46928968,1983,1,1
23203,46930968,2025,0,1
23204,46932968,2055,0,1
23205,46934968,2055,0,1
23206,46936968,2041,0,1
23207,46938968,2022,0,1
23208,46940968,2008,0,1
23209,46942969,2005,0,1
23210,46944968,1999,0,1
23211,46946968,1991,1,1
23212,46948968,1967,1,1
23213,46950968,1996,0,1
23214,46952968,2024,0,1
23215,46954968,2021,0,1
23216,46956968,2029,0,1
23217,46958968,2015,0,1
23218,46960968,2019,0,1
23219,46962968,2011,0,1
23220,46964968,2005,0,1
23221,46966968,1992,1,1
23222,46968968,2003,1,1
23223,46970968,2067,0,1
23224,46972968,2087,0,1
23225,46974968,2083,0,1
23226,46976968,2071,0,1
23227,46978968,2028,0,1
23228,46980968,2006,0,1
23229,46982969,2005,0,1
23230,46984968,1980,0,1
23231,46986968,1983,1,1
23232,46988968,1981,1,1
23233,46990968,2041,0,1
23234,46992968,2099,0,1
23235,46994968,2105,0,1
23236,46996968,2087,0,1
23237,46998968,2053,0,1
23238,47000968,2013,0,1
23239,47002968,1999,0,1
23240,47004968,1989,0,1
23241,47006968,1974,1,1
23242,47008968,1971,1,1
23243,47010968,2065,0,1
23244,47012968,2116,0,1
23245,47014968,2117,0,1
23246,47016968,2087,0,1
23247,47018968,2055,0,1
23248,47020968,2022,0,1
23249,47022969,2004,0,1
23250,47024968,1978,0,1
23251,47026968,1989,1,1
23252,47028968,1983,1,1
23253,47030968,2037,0,1
23254,47032968,2071,0,1
23255,47034968,2073,0,1
23256,47036968,2063,0,1
23257,47038968,2027,0,1
23258,47040968,2008,0,1
23259,47042968,1997,0,1
23260,47044968,1999,0,1
23261,47046968,2003,1,1
23262,47048968,2003,1,1
23263,47050968,2087,0,1
23264,47052968,2125,0,1
23265,47054968,2123,0,1
23266,47056968,2100,0,1
23267,47058968,2053,0,1
23268,47060968,2002,0,1
23269,47062969,1995,0,1
23270,47064968,1989,0,1
23271,47066968,1990,1,1
23272,47068968,1959,1,1
23273,47070968,2003,0,1
23274,47072968,2025,0,1
23275,47074968,2039,0,1
23276,47076968,2040,0,1
23277,47078968,2029,0,1
23278,47080968,2017,0,1
23279,47082968,2007,0,1
23280,47084968,2004,0,1
23281,47086968,1993,1,1
23282,47088968,2013,1,1
23283,47090968,2077,0,1
23284,47092968,2104,0,1
23285,47094968,2089,0,1
23286,47096968,2072,0,1
23287,47098968,2025,0,1
23288,47100968,2003,0,1
23289,47102969,2002,0,1
23290,47104968,1989,0,1
23291,47106968,1976,1,1
23292,47108968,1931,1,1
23293,47110968,1960,0,1
23294,47112968,1995,0,1
23295,47114968,2013,0,1
23296,47116968,2040,0,1
23297,47118968,2029,0,1
23298,47120968,2019,0,1
23299,47122968,2015,0,1
23300,47124968,2010,0,1
23301,47126968,1984,1,1
23302,47128968,1965,1,1
23303,47130968,2031,0,1
23304,47132968,2072,0,1
23305,47134968,2075,0,1
23306,47136968,2067,0,1
23307,47138968,2041,0,1
23308,47140968,2019,0,1
23309,47142969,2003,0,1
23310,47144968,1997,0,1
23311,47146968,1973,1,1
23312,47148968,1962,1,1
23313,47150968,2023,0,1
23314,47152968,2068,0,1
23315,47154968,2073,0,1
23316,47156968,2071,0,1
23317,47158968,2031,0,1
23318,47160968,2020,0,1
23319,47162968,2003,0,1
23320,47164968,2002,0,1
23321,47166968,1973,1,1
23322,47168968,1962,1,1
23323,47170968,2012,0,1
23324,47172968,2045,0,1
23325,47174968,2057,0,1
23326,47176968,2063,0,1
23327,47178968,2035,0,1
23328,47180968,2014,0,1
23329,47182969,2003,0,1
23330,47184968,2003,0,1
23331,47186968,1975,1,1
23332,47188968,1947,1,1
23333,47190968,2018,0,1
23334,47192968,2063,0,1
23335,47194968,2070,0,1
23336,47196968,2069,0,1
23337,47198968,2036,0,1
23338,47200968,2021,0,1
23339,47202968,1997,0,1
23340,47204968,1997,0,1
23341,47206968,1983,1,1
23342,47208968,1981,1,1
23343,47210968,2084,0,1
23344,47212968,2117,0,1
23345,47214968,2118,0,1
23346,47216968,2091,0,1
23347,47218968,2036,0,1
23348,47220968,2012,0,1
23349,47222969,1999,0,1
23350,47224968,1989,0,1
23351,47226968,1964,1,1
23352,47228968,1993,1,1
23353,47230968,2065,0,1
23354,47232968,2099,0,1
23355,47234968,2094,0,1
23356,47236968,2083,0,1
23357,47238968,2041,0,1
23358,47240968,2011,0,1
23359,47242968,1995,0,1
23360,47244968,1991,0,1
23361,47246968,1996,1,1
23362,47248968,1989,1,1
23363,47250968,2029,0,1
23364,47252968,2031,0,1
23365,47254968,2025,0,1
23366,47256968,2022,0,1
23367,47258968,2012,0,1
23368,47260968,2011,0,1
23369,47262969,2009,0,1
23370,47264968,2003,0,1
23371,47266968,1961,1,1
23372,47268968,1966,1,1
23373,47270968,2041,0,1
23374,47272968,2083,0,1
23375,47274968,2073,0,1
23376,47276968,2063,0,1
23377,47278968,2029,0,1
23378,47280968,2015,0,1
23379,47282968,2004,0,1
23380,47284968,2002,0,1
23381,47286968,1973,1,1
23382,47288968,1959,1,1
23383,47290968,2043,0,1
23384,47292968,2077,0,1
23385,47294968,2084,0,1
23386,47296968,2067,0,1
23387,47298968,2031,0,1
23388,47300968,2019,0,1
23389,47302969,2005,0,1
23390,47304968,1995,0,1
23391,47306968,1991,1,1
23392,47308968,2005,1,1
23393,47310968,2087,0,1
23394,47312968,2111,0,1
23395,47314968,2103,0,1
23396,47316968,2083,0,1
23397,47318968,2039,0,1
23398,47320968,2009,0,1
23399,47322968,1992,0,1
23400,47324968,1981,0,1
23401,47326968,1995,1,1
23402,47328968,1983,1,1
23403,47330968,1976,0,1
23404,47332968,1965,0,1
23405,47334968,1977,0,1
23406,47336968,1983,0,1
23407,47338968,1993,0,1
23408,47340968,2007,0,1
23409,47342969,2015,0,1
23410,47344968,2021,0,1
23411,47346968,1997,1,1
23412,47348968,2001,1,1
23413,47350968,2089,0,1
23414,47352968,2109,0,1
23415,47354968,2099,0,1
23416,47356968,2073,0,1
23417,47358968,2031,0,1
23418,47360968,2012,0,1
23419,47362968,1990,0,1
23420,47364968,1980,0,1
23421,47366968,1951,1,1
23422,47368968,1963,1,1
23423,47370968,2041,0,1
23424,47372968,2089,0,1
23425,47374968,2089,0,1
23426,47376968,2073,0,1
23427,47378968,2053,0,1
23428,47380968,2021,0,1
23429,47382969,2007,0,1
23430,47384968,1992,0,1
23431,47386968,1966,1,1
23432,47388968,2001,1,1
23433,47390968,2066,0,1
23434,47392968,2095,0,1
23435,47394968,2089,0,1
23436,47396968,2071,0,1
23437,47398968,2029,0,1
23438,47400968,2006,0,1
23439,47402968,1993,0,1
23440,47404968,1993,0,1
23441,47406968,1963,1,1
23442,47408968,1995,1,1
23443,47410968,2073,0,1
23444,47412968,2103,0,1
23445,47414968,2100,0,1
23446,47416968,2076,0,1
23447,47418968,2035,0,1
23448,47420968,2011,0,1
23449,47422969,1997,0,1
23450,47424968,1989,0,1
23451,47426968,1971,1,1
23452,47428968,1993,1,1
23453,47430968,2028,0,1
23454,47432968,2054,0,1
23455,47434968,2058,0,1
23456,47436968,2035,0,1
23457,47438968,2015,0,1
23458,47440968,2008,0,1
23459,47442968,2001,0,1
23460,47444968,1996,0,1
23461,47446968,1961,1,1
23462,47448968,2067,1,1
23463,47450968,2229,0,1
23464,47452968,2291,0,1
23465,47454968,2251,0,1
23466,47456968,2173,0,1
23467,47458968,2075,0,1
23468,47460968,2011,0,1
23469,47462968,1968,0,1
23470,47464968,1955,0,1
23471,47466968,1956,1,1
23472,47468968,1948,1,1
23473,47470968,1930,0,1
23474,47472968,1945,0,1
23475,47474968,1955,0,1
23476,47476968,1973,0,1
23477,47478968,1995,0,1
23478,47480968,2012,0,1
23479,47482968,2013,0,1
23480,47484968,2023,0,1
23481,47486968,1983,1,1
23482,47488968,1967,1,1
23483,47490968,1996,0,1
23484,47492968,2008,0,1
23485,47494968,2011,0,1
23486,47496968,2009,0,1
23487,47498968,2007,0,1
23488,47500968,2015,0,1
23489,47502968,2009,0,1
23490,47504968,2003,0,1
23491,47506968,1965,1,1
23492,47508968,1989,1,1
23493,47510968,2057,0,1
23494,47512968,2071,0,1
23495,47514968,2071,0,1
23496,47516968,2041,0,1
23497,47518968,2026,0,1
23498,47520968,2014,0,1
23499,47522968,1995,0,1
23500,47524968,1992,0,1
23501,47526968,1966,1,1
23502,47528968,2021,1,1
23503,47530968,2077,0,1
23504,47532968,2099,0,1
23505,47534968,2090,0,1
23506,47536968,2065,0,1
23507,47538968,2023,0,1
23508,47540968,2009,0,1
23509,47542968,1983,0,1
23510,47544968,1983,0,1
23511,47546968,1938,1,1
23512,47548968,1949,1,1
23513,47550968,2027,0,1
23514,47552968,2070,0,1
23515,47554968,2070,0,1
23516,47556968,2065,0,1
23517,47558968,2039,0,1
23518,47560968,2018,0,1
23519,47562968,2005,0,1
23520,47564968,1997,0,1
23521,47566968,1976,1,1
23522,47568968,2024,1,1
23523,47570968,2088,0,1
23524,47572968,2104,0,1
23525,47574968,2091,0,1
23526,47576968,2060,0,1
23527,47578968,2031,0,1
23528,47580968,2008,0,1
23529,47582968,1991,0,1
23530,47584968,1997,0,1
23531,47586968,1971,1,1
23532,47588968,2029,1,1
23533,47590968,2092,0,1
23534,47592968,2117,0,1
23535,47594968,2095,0,1
23536,47596968,2073,0,1
23537,47598968,2021,0,1
23538,47600968,1997,0,1
23539,47602968,2002,0,1
23540,47604968,1992,0,1
23541,47606968,1944,1,1
23542,47608968,1949,1,1
23543,47610968,2023,0,1
23544,47612968,2068,0,1
23545,47614968,2073,0,1
23546,47616968,2069,0,1
23547,47618968,2036,0,1
23548,47620968,2021,0,1
23549,47622968,2013,0,1
23550,47624968,2008,0,1
23551,47626968,1995,1,1
23552,47628968,2018,1,1
23553,47630968,2086,0,1
23554,47632968,2115,0,1
23555,47634968,2099,0,1
23556,47636968,2067,0,1
23557,47638968,2030,0,1
23558,47640968,2004,0,1
23559,47642968,1990,0,1
23560,47644968,1983,0,1
23561,47646968,1943,1,1
23562,47648968,1965,0,1
23563,47650968,2023,0,1
23564,47652968,2063,0,1
23565,47654968,2065,0,1
23566,47656968,2065,0,1
23567,47658968,2031,0,1
23568,47660968,2021,0,1
23569,47662968,2008,0,1
23570,47664968,2004,0,1
23571,47666968,1996,1,1
23572,47668968,2221,0,1
23573,47670968,2459,0,1
23574,47672968,2489,0,1
23575,47674968,2386,0,1
23576,47676968,2223,0,1
23577,47678968,2069,0,1
23578,47680968,1963,0,1
23579,47682968,1909,0,1
23580,47684968,1909,0,1
23581,47686968,1947,1,1
23582,47688968,2207,0,1
23583,47690968,2472,0,1
23584,47692968,2523,0,1
23585,47694968,2413,0,1
23586,47696968,2247,0,1
23587,47698968,2072,0,1
23588,47700968,1964,0,1
23589,47702968,1909,0,1
23590,47704968,1912,0,1
23591,47706968,1935,1,1
23592,47708968,2421,0,1
23593,47710968,2855,0,1
23594,47712968,2905,0,1
23595,47714968,2701,0,1
23596,47716968,2405,0,1
23597,47718968,2118,0,1
23598,47720968,1933,0,1
23599,47722968,1845,0,1
23600,47724968,1821,0,1
23601,47726968,1919,1,1
23602,47728968,2493,0,1
23603,47730968,2986,0,1
23604,47732968,3037,0,1
23605,47734968,2799,0,1
23606,47736968,2459,0,1
23607,47738968,2123,0,1
23608,47740968,1917,0,1
23609,47742968,1815,0,1
23610,47744968,1811,0,1
23611,47746968,1885,1,1
23612,47748968,2351,0,1
23613,47750968,2772,0,1
23614,47752968,2815,0,1
23615,47754968,2639,0,1
23616,47756968,2376,0,1
23617,47758968,2117,0,1
23618,47760968,1939,0,1
23619,47762968,1864,0,1
23620,47764968,1845,0,1
23621,47766968,1961,1,1
23622,47768968,2397,0,1
23623,47770968,2713,0,1
23624,47772968,2713,0,1
23625,47774968,2533,0,1
23626,47776968,2295,0,1
23627,47778968,2072,0,1
23628,47780968,1929,0,1
23629,47782968,1855,0,1
23630,47784968,1861,0,1
23631,47786968,1928,1,1
23632,47788968,2228,0,1
23633,47790968,2456,0,1
23634,47792968,2479,0,1
23635,47794968,2359,0,1
23636,47796968,2207,0,1
23637,47798968,2055,0,1
23638,47800968,1959,0,1
23639,47802968,1916,0,1
23640,47804968,1903,0,1
23641,47806968,1917,1,1
23642,47808968,2039,0,1
23643,47810968,2110,0,1
23644,47812968,2135,0,1
23645,47814968,2124,0,1
23646,47816968,2073,0,1
23647,47818968,2025,0,1
23648,47820968,2003,0,1
23649,47822968,1977,0,1
23650,47824968,1983,0,1
23651,47826968,1979,1,1
23652,47828968,2105,0,1
23653,47830968,2204,0,1
23654,47832968,2212,0,1
23655,47834968,2164,0,1
23656,47836968,2089,0,1
23657,47838968,2020,0,1
23658,47840968,1993,0,1
23659,47842968,1962,0,1
23660,47844968,1967,0,1
23661,47846968,1956,1,1
23662,47848968,1997,0,1
23663,47850968,2035,0,1
23664,47852968,2045,0,1
23665,47854968,2037,0,1
23666,47856968,2028,0,1
23667,47858968,2011,0,1
23668,47860968,2003,0,1
23669,47862968,1995,0,1
23670,47864968,1993,0,1
23671,47866968,1978,1,1
23672,47868968,2035,0,1
23673,47870968,2072,0,1
23674,47872968,2085,0,1
23675,47874968,2068,0,1
23676,47876968,2045,0,1
23677,47878968,2013,0,1
23678,47880968,1998,0,1
23679,47882968,1979,0,1
23680,47884968,1994,0,1
23681,47886968,1983,1,1
23682,47888968,2023,0,1
23683,47890968,2058,0,1
23684,47892968,2065,0,1
23685,47894968,2063,0,1
23686,47896968,2027,0,1
23687,47898968,2010,0,1
23688,47900968,2005,0,1
23689,47902968,1995,0,1
23690,47904968,1991,0,1
23691,47906968,1983,1,1
23692,47908968,2053,0,1
23693,47910968,2093,0,1
23694,47912968,2103,0,1
23695,47914968,2083,0,1
23696,47916968,2044,0,1
23697,47918968,2009,0,1
23698,47920968,1995,0,1
23699,47922968,1991,0,1
23700,47924968,1983,0,1
23701,47926968,1967,1,1
23702,47928968,2009,0,1
23703,47930968,2039,0,1
23704,47932968,2063,0,1
23705,47934968,2057,0,1
23706,47936968,2025,0,1
23707,47938968,2007,0,1
23708,47940968,2002,0,1
23709,47942968,2002,0,1
23710,47944968,1996,0,1
23711,47946968,1977,1,1
23712,47948968,2007,0,1
23713,47950968,2055,0,1
23714,47952968,2070,0,1
23715,47954968,2068,0,1
23716,47956968,2041,0,1
23717,47958968,2022,0,1
23718,47960968,2005,0,1
23719,47962968,1995,0,1
23720,47964968,1991,0,1
23721,47966968,1994,1,1
23722,47968968,2028,0,1
23723,47970968,2067,0,1
23724,47972968,2075,0,1
23725,47974968,2059,0,1
23726,47976968,2035,0,1
23727,47978968,2007,0,1
23728,47980968,1998,0,1
23729,47982968,1993,0,1
23730,47984968,1994,0,1
23731,47986968,1971,1,1
23732,47988968,2026,0,1
23733,47990968,2070,0,1
23734,47992968,2075,0,1
23735,47994968,2069,0,1
23736,47996968,2027,0,1
23737,47998968,2005,0,1
23738,48000968,2002,0,1
23739,48002968,1991,0,1
23740,48004968,1993,0,1
23741,48006968,1981,1,1
23742,48008968,2040,0,1
23743,48010968,2077,0,1
23744,48012968,2087,0,1
23745,48014968,2065,0,1
23746,48016968,2035,0,1
23747,48018968,2009,0,1
23748,48020968,2001,0,1
23749,48022968,1989,0,1
23750,48024968,1995,0,1
23751,48026968,1982,1,1
23752,48028968,2023,0,1
23753,48030968,2063,0,1
23754,48032968,2072,0,1
23755,48034968,2067,0,1
23756,48036968,2039,0,1
23757,48038968,2011,0,1
23758,48040968,2007,0,1
23759,48042968,1992,0,1
23760,48044968,1999,0,1
23761,48046968,1997,1,1
23762,48048968,2055,0,1
23763,48050968,2104,0,1
23764,48052968,2099,0,1
23765,48054968,2087,0,1
23766,48056968,2028,0,1
23767,48058968,2005,0,1
23768,48060968,1995,0,1
23769,48062968,1980,0,1
23770,48064968,2001,0,1
23771,48066968,1998,1,1
23772,48068968,2073,0,1
23773,48070968,2100,0,1
23774,48072968,2095,0,1
23775,48074968,2079,0,1
23776,48076968,2029,0,1
23777,48078968,1998,0,1
23778,48080968,1994,0,1
23779,48082968,1981,0,1
23780,48084968,1997,0,1
23781,48086968,2003,1,1
23782,48088968,2037,0,1
23783,48090968,2072,0,1
23784,48092968,2065,0,1
23785,48094968,2060,0,1
23786,48096968,2023,0,1
23787,48098968,2005,0,1
23788,48100968,1999,0,1
23789,48102968,1992,0,1
23790,48104968,2005,0,1
23791,48106968,2007,1,1
23792,48108968,2023,0,1
23793,48110968,2041,0,1
23794,48112968,2035,0,1
23795,48114968,2031,0,1
23796,48116968,2010,0,1
23797,48118968,2011,0,1
23798,48120968,2014,0,1
23799,48122968,2010,0,1
23800,48124968,2020,0,1
23801,48126968,2035,1,1
23802,48128968,2270,0,1
23803,48130968,2406,0,1
23804,48132968,2389,0,1
23805,48134968,2284,0,1
23806,48136968,2146,0,1
23807,48138968,2025,0,1
23808,48140968,1951,0,1
23809,48142968,1915,0,1
23810,48144968,1934,0,1
23811,48146968,1919,1,1
23812,48148968,1849,0,1
23813,48150968,1819,0,1
23814,48152968,1847,0,1
23815,48154968,1915,0,1
23816,48156968,1962,0,1
23817,48158968,2009,0,1
23818,48160968,2041,0,1
23819,48162968,2053,0,1
23820,48164968,2044,0,1
23821,48166968,2031,1,1
23822,48168968,2072,0,1
23823,48170968,2077,0,1
23824,48172968,2071,0,1
23825,48174968,2059,0,1
23826,48176968,2019,0,1
23827,48178968,1997,0,1
23828,48180968,1989,0,1
23829,48182968,1993,0,1
23830,48184968,1999,0,1
23831,48186968,1949,1,1
23832,48188968,2004,0,1
23833,48190968,2025,0,1
23834,48192968,2044,0,1
23835,48194968,2045,0,1
23836,48196968,2027,0,1
23837,48198968,2013,0,1
23838,48200968,2008,0,1
23839,48202968,1997,0,1
23840,48204968,2007,1,1
23841,48206968,2005,1,1
23842,48208968,2069,0,1
23843,48210968,2103,0,1
23844,48212968,2095,0,1
23845,48214968,2085,0,1
23846,48216968,2036,0,1
23847,48218968,2008,0,1
23848,48220968,1998,0,1
23849,48222968,1989,0,1
23850,48224968,1999,1,1
23851,48226968,2001,1,1
23852,48228968,2088,0,1
23853,48230968,2119,0,1
23854,48232968,2105,0,1
23855,48234968,2085,0,1
23856,48236968,2036,0,1
23857,48238968,2008,0,1
23858,48240968,1992,0,1
23859,48242968,1991,0,1
23860,48244968,1997,1,1
23861,48246968,1976,1,1
23862,48248968,2039,0,1
23863,48250968,2077,0,1
23864,48252968,2075,0,1
23865,48254968,2059,0,1
23866,48256968,2027,0,1
23867,48258968,2007,0,1
23868,48260968,2003,0,1
23869,48262968,1997,0,1
23870,48264968,1988,1,1
23871,48266968,2037,1,1
23872,48268968,2120,0,1
23873,48270968,2143,0,1
23874,48272968,2132,0,1
23875,48274968,2088,0,1
23876,48276968,2037,0,1
23877,48278968,1995,0,1
23878,48280968,1989,0,1
23879,48282968,1975,0,1
23880,48284968,1981,1,1
23881,48286968,2006,1,1
23882,48288968,2069,0,1
23883,48290968,2091,0,1
23884,48292968,2087,0,1
23885,48294968,2055,0,1
23886,48296968,2025,0,1
23887,48298968,1998,0,1
23888,48300968,1991,0,1
23889,48302968,1993,0,1
23890,48304968,1983,1,1
23891,48306968,2023,1,1
23892,48308968,2093,0,1
23893,48310968,2125,0,1
23894,48312968,2107,0,1
23895,48314968,2078,0,1
23896,48316968,2027,0,1
23897,48318968,2010,0,1
23898,48320968,1995,0,1
23899,48322968,1980,0,1
23900,48324968,1993,1,1
23901,48326968,2005,1,1
23902,48328968,2077,0,1
23903,48330968,2110,0,1
23904,48332968,2107,0,1
23905,48334968,2085,0,1
23906,48336968,2036,0,1
23907,48338968,2011,0,1
23908,48340968,1995,0,1
23909,48342968,1991,0,1
23910,48344968,1981,1,1
23911,48346968,2023,1,1
23912,48348968,2086,0,1
23913,48350968,2120,0,1
23914,48352968,2101,0,1
23915,48354968,2077,0,1
23916,48356968,2037,0,1
23917,48358968,2009,0,1
23918,48360968,1991,0,1
23919,48362968,1981,0,1
23920,48364968,1979,1,1
23921,48366968,2023,1,1
23922,48368968,2107,0,1
23923,48370968,2140,0,1
23924,48372968,2125,0,1
23925,48374968,2087,0,1
23926,48376968,2026,0,1
23927,48378968,2002,0,1
23928,48380968,1983,0,1
23929,48382968,1975,0,1
23930,48384968,1978,1,1
23931,48386968,2023,1,1
23932,48388968,2133,0,1
23933,48390968,2170,0,1
23934,48392968,2151,0,1
23935,48394968,2093,0,1
23936,48396968,2039,0,1
23937,48398968,1998,0,1
23938,48400968,1975,0,1
23939,48402968,1968,0,1
23940,48404968,1975,1,1
23941,48406968,2031,1,1
23942,48408968,2092,0,1
23943,48410968,2121,0,1
23944,48412968,2109,0,1
23945,48414968,2084,0,1
23946,48416968,2027,0,1
23947,48418968,2009,0,1
23948,48420968,1989,0,1
23949,48422968,1981,0,1
23950,48424968,1979,1,1
23951,48426968,2039,1,1
23952,48428968,2120,0,1
23953,48430968,2145,0,1
23954,48432968,2130,0,1
23955,48434968,2075,0,1
23956,48436968,2025,0,1
23957,48438968,1997,0,1
23958,48440968,1978,0,1
23959,48442968,1979,0,1
23960,48444968,1991,1,1
23961,48446968,2007,1,1
23962,48448968,2056,0,1
23963,48450968,2090,0,1
23964,48452968,2087,0,1
23965,48454968,2065,0,1
23966,48456968,2029,0,1
23967,48458968,2008,0,1
23968,48460968,1994,0,1
23969,48462968,1989,0,1
23970,48464968,2001,1,1
23971,48466968,2025,1,1
23972,48468968,2092,0,1
23973,48470968,2108,0,1
23974,48472968,2083,0,1
23975,48474968,2063,0,1
23976,48476968,2023,0,1
23977,48478968,2003,0,1
23978,48480968,1996,0,1
23979,48482968,1993,0,1
23980,48484968,1991,1,1
23981,48486968,2022,1,1
23982,48488968,2095,0,1
23983,48490968,2123,0,1
23984,48492968,2105,0,1
23985,48494968,2077,0,1
23986,48496968,2036,0,1
23987,48498968,1997,0,1
23988,48500968,1979,0,1
23989,48502968,1991,0,1
23990,48504968,1989,1,1
23991,48506968,2015,1,1
23992,48508968,2103,0,1
23993,48510968,2126,0,1
23994,48512968,2119,0,1
23995,48514968,2085,0,1
23996,48516968,2035,0,1
23997,48518968,2009,0,1
23998,48520968,1979,0,1
23999,48522968,1977,0,1
24000,48524968,1983,1,1
24001,48526968,2005,1,1
24002,48528968,2091,0,1
24003,48530968,2123,0,1
24004,48532968,2118,0,1
24005,48534968,2085,0,1
24006,48536968,2036,0,1
24007,48538968,2006,0,1
24008,48540968,1992,0,1
24009,48542968,1981,0,1
24010,48544968,1991,1,1
24011,48546968,2036,1,1
24012,48548968,2120,0,1
24013,48550968,2149,0,1
24014,48552968,2132,0,1
24015,48554968,2084,0,1
24016,48556968,2039,0,1
24017,48558968,2007,0,1
24018,48560968,1984,0,1
24019,48562968,1976,0,1
24020,48564968,1973,1,1
24021,48566968,2008,1,1
24022,48568968,2095,0,1
24023,48570968,2133,0,1
24024,48572968,2107,0,1
24025,48574968,2072,0,1
24026,48576968,2027,0,1
24027,48578968,2005,0,1
24028,48580968,1990,0,1
24029,48582968,1983,0,1
24030,48584968,1981,1,1
24031,48586968,2025,1,1
24032,48588968,2088,0,1
24033,48590968,2110,0,1
24034,48592968,2101,0,1
24035,48594968,2072,0,1
24036,48596968,2029,0,1
24037,48598968,2007,0,1
24038,48600968,1981,0,1
24039,48602968,1981,0,1
24040,48604968,1980,1,1
24041,48606968,2019,1,1
24042,48608968,2089,0,1
24043,48610968,2111,0,1
24044,48612968,2105,0,1
24045,48614968,2078,0,1
24046,48616968,2034,0,1
24047,48618968,2009,0,1
24048,48620968,1989,0,1
24049,48622968,1989,0,1
24050,48624968,1982,1,1
24051,48626968,1991,1,1
24052,48628968,2057,0,1
24053,48630968,2087,0,1
24054,48632968,2074,0,1
24055,48634968,2063,0,1
24056,48636968,2025,0,1
24057,48638968,2007,0,1
24058,48640968,1993,0,1
24059,48642968,1991,0,1
24060,48644968,1997,1,1
24061,48646968,2068,1,1
24062,48648968,2067,0,1
24063,48650968,2095,0,1
24064,48652968,2093,0,1
24065,48654968,2073,0,1
24066,48656968,2035,0,1
24067,48658968,2012,0,1
24068,48660968,1994,0,1
24069,48662968,1993,0,1
24070,48664968,1989,1,1
24071,48666968,2003,1,1
24072,48668968,2071,0,1
24073,48670968,2095,0,1
24074,48672968,2093,0,1
24075,48674968,2079,0,1
24076,48676968,2035,0,1
24077,48678968,2008,0,1
24078,48680968,1991,0,1
24079,48682968,1989,0,1
24080,48684968,1977,1,1
24081,48686968,1981,1,1
24082,48688968,2059,0,1
24083,48690968,2091,0,1
24084,48692968,2088,0,1
24085,48694968,2071,0,1
24086,48696968,2035,0,1
24087,48698968,2011,0,1
24088,48700968,1992,0,1
24089,48702968,1993,0,1
24090,48704968,1971,1,1
24091,48706968,2003,1,1
24092,48708968,2073,0,1
24093,48710968,2106,0,1
24094,48712968,2093,0,1
24095,48714968,2068,0,1
24096,48716968,2025,0,1
24097,48718968,2008,0,1
24098,48720968,1993,0,1
24099,48722968,1988,0,1
24100,48724968,1988,1,1
24101,48726968,2021,1,1
24102,48728968,2100,0,1
24103,48730968,2119,0,1
24104,48732968,2095,0,1
24105,48734968,2075,0,1
24106,48736968,2023,0,1
24107,48738968,2005,0,1
24108,48740968,1983,0,1
24109,48742968,1981,0,1
24110,48744968,1991,1,1
24111,48746968,2007,1,1
24112,48748968,2043,0,1
24113,48750968,2057,0,1
24114,48752968,2055,0,1
24115,48754968,2039,0,1
24116,48756968,2023,0,1
24117,48758968,2009,0,1
24118,48760968,2004,0,1
24119,48762968,2007,0,1
24120,48764968,1994,1,1
24121,48766968,2011,1,1
24122,48768968,2086,0,1
24123,48770968,2103,0,1
24124,48772968,2101,0,1
24125,48774968,2069,0,1
24126,48776968,2023,0,1
24127,48778968,2009,0,1
24128,48780968,1995,0,1
24129,48782968,1989,0,1
24130,48784968,1975,1,1
24131,48786968,1967,1,1
24132,48788968,2007,0,1
24133,48790968,2014,0,1
24134,48792968,2029,0,1
24135,48794968,2029,0,1
24136,48796968,2020,0,1
24137,48798968,2025,0,1
24138,48800968,2019,0,1
24139,48802968,2019,0,1
24140,48804968,2014,1,1
24141,48806968,2135,1,1
24142,48808968,2356,0,1
24143,48810968,2414,0,1
24144,48812968,2343,0,1
24145,48814968,2207,0,1
24146,48816968,2083,0,1
24147,48818968,1983,0,1
24148,48820968,1933,0,1
24149,48822968,1915,0,1
24150,48824968,1909,1,1
24151,48826968,1909,1,1
24152,48828968,1853,0,1
24153,48830968,1849,0,1
24154,48832968,1895,0,1
24155,48834968,1935,0,1
24156,48836968,1981,0,1
24157,48838968,2027,0,1
24158,48840968,2035,0,1
24159,48842968,2043,0,1
24160,48844968,2023,1,1
24161,48846968,2066,1,1
24162,48848968,2088,0,1
24163,48850968,2087,0,1
24164,48852968,2071,0,1
24165,48854968,2035,0,1
24166,48856968,2011,0,1
24167,48858968,1993,0,1
24168,48860968,1983,0,1
24169,48862968,1995,0,1
24170,48864968,1991,1,1
24171,48866968,2059,1,1
24172,48868968,2108,0,1
24173,48870968,2119,0,1
24174,48872968,2093,0,1
24175,48874968,2071,0,1
24176,48876968,2015,0,1
24177,48878968,2003,0,1
24178,48880968,1990,0,1
24179,48882968,1981,0,1
24180,48884968,1988,1,1
24181,48886968,2043,0,1
24182,48888968,2103,0,1
24183,48890968,2121,0,1
24184,48892968,2104,0,1
24185,48894968,2055,0,1
24186,48896968,2013,0,1
24187,48898968,2003,0,1
24188,48900968,1988,0,1
24189,48902968,1983,0,1
24190,48904968,1997,1,1
24191,48906968,2069,1,1
24192,48908968,2156,0,1
24193,48910968,2182,0,1
24194,48912968,2148,0,1
24195,48914968,2079,0,1
24196,48916968,2029,0,1
24197,48918968,1996,0,1
24198,48920968,1979,0,1
24199,48922968,1974,0,1
24200,48924968,1979,1,1
24201,48926968,2011,1,1
24202,48928968,2087,0,1
24203,48930968,2104,0,1
24204,48932968,2089,0,1
24205,48934968,2066,0,1
24206,48936968,2027,0,1
24207,48938968,2005,0,1
24208,48940968,1995,0,1
24209,48942968,1989,0,1
24210,48944968,1977,1,1
24211,48946968,2011,1,1
24212,48948968,2084,0,1
24213,48950968,2095,0,1
24214,48952968,2091,0,1
24215,48954968,2063,0,1
24216,48956968,2025,0,1
24217,48958968,2009,0,1
24218,48960968,1993,0,1
24219,48962968,1983,0,1
24220,48964968,1983,1,1
24221,48966968,2028,0,1
24222,48968968,2043,0,1
24223,48970968,2038,0,1
24224,48972968,2031,0,1
24225,48974968,2015,0,1
24226,48976968,2005,0,1
24227,48978968,1997,0,1
24228,48980968,1999,0,1
24229,48982968,2008,0,1
24230,48984968,1988,1,1
24231,48986968,2028,0,1
24232,48988968,2085,0,1
24233,48990968,2103,0,1
24234,48992968,2086,0,1
24235,48994968,2057,0,1
24236,48996968,2030,0,1
24237,48998968,2009,0,1
24238,49000968,1989,0,1
24239,49002968,1999,0,1
24240,49004968,1979,1,1
24241,49006968,2040,0,1
24242,49008968,2096,0,1
24243,49010968,2105,0,1
24244,49012968,2095,0,1
24245,49014968,2054,0,1
24246,49016968,2019,0,1
24247,49018968,1997,0,1
24248,49020968,1983,0,1
24249,49022968,1989,0,1
24250,49024968,1973,1,1
24251,49026968,1999,0,1
24252,49028968,2055,0,1
24253,49030968,2067,0,1
24254,49032968,2070,0,1
24255,49034968,2053,0,1
24256,49036968,2024,0,1
24257,49038968,2005,0,1
24258,49040968,2005,0,1
24259,49042968,2007,0,1
24260,49044968,1972,1,1
24261,49046968,2009,0,1
24262,49048968,2073,0,1
24263,49050968,2104,0,1
24264,49052968,2103,0,1
24265,49054968,2065,0,1
24266,49056968,2025,0,1
24267,49058968,2007,0,1
24268,49060968,1983,0,1
24269,49062968,2005,0,1
24270,49064968,1980,1,1
24271,49066968,2046,0,1
24272,49068968,2111,0,1
24273,49070968,2123,0,1
24274,49072968,2108,0,1
24275,49074968,2068,0,1
24276,49076968,2021,0,1
24277,49078968,1995,0,1
24278,49080968,1983,0,1
24279,49082968,1991,0,1
24280,49084968,1983,1,1
24281,49086968,2043,0,1
24282,49088968,2117,0,1
24283,49090968,2134,0,1
24284,49092968,2120,0,1
24285,49094968,2068,0,1
24286,49096968,2021,0,1
24287,49098968,1997,0,1
24288,49100968,1980,0,1
24289,49102968,1981,0,1
24290,49104968,1976,1,1
24291,49106968,2041,0,1
24292,49108968,2111,0,1
24293,49110968,2126,0,1
24294,49112968,2111,0,1
24295,49114968,2059,0,1
24296,49116968,2021,0,1
24297,49118968,1995,0,1
24298,49120968,1989,0,1
24299,49122968,1997,0,1
24300,49124968,1989,1,1
24301,49126968,2031,0,1
24302,49128968,2099,0,1
24303,49130968,2104,0,1
24304,49132968,2094,0,1
24305,49134968,2057,0,1
24306,49136968,2015,0,1
24307,49138968,2002,0,1
24308,49140968,1989,0,1
24309,49142968,1997,0,1
24310,49144968,1963,1,1
24311,49146968,2023,0,1
24312,49148968,2079,0,1
24313,49150968,2094,0,1
24314,49152968,2091,0,1
24315,49154968,2057,0,1
24316,49156968,2021,0,1
24317,49158968,2003,0,1
24318,49160968,1994,0,1
24319,49162968,1994,0,1
24320,49164968,1972,1,1
24321,49166968,2031,0,1
24322,49168968,2083,0,1
24323,49170968,2099,0,1
24324,49172968,2079,0,1
24325,49174968,2045,0,1
24326,49176968,2015,0,1
24327,49178968,2009,0,1
24328,49180968,1995,0,1
24329,49182968,1993,0,1
24330,49184968,1980,1,1
24331,49186968,2053,0,1
24332,49188968,2107,0,1
24333,49190968,2124,0,1
24334,49192968,2112,0,1
24335,49194968,2070,0,1
24336,49196968,2022,0,1
24337,49198968,2007,0,1
24338,49200968,1981,0,1
24339,49202968,1994,0,1
24340,49204968,1946,1,1
24341,49206968,2005,0,1
24342,49208968,2058,0,1
24343,49210968,2079,0,1
24344,49212968,2084,0,1
24345,49214968,2045,0,1
24346,49216968,2019,0,1
24347,49218968,2014,0,1
24348,49220968,2001,0,1
24349,49222968,2004,0,1
24350,49224968,1997,1,1
24351,49226968,2055,0,1
24352,49228968,2111,0,1
24353,49230968,2109,0,1
24354,49232968,2088,0,1
24355,49234968,2055,0,1
24356,49236968,2019,0,1
24357,49238968,2004,0,1
24358,49240968,1983,0,1
24359,49242968,1981,0,1
24360,49244968,1973,1,1
24361,49246968,2043,0,1
24362,49248968,2089,0,1
24363,49250968,2095,0,1
24364,49252968,2074,0,1
24365,49254968,2044,0,1
24366,49256968,2023,0,1
24367,49258968,2003,0,1
24368,49260968,1992,0,1
24369,49262968,1996,0,1
24370,49264968,1965,1,1
24371,49266968,2043,0,1
24372,49268968,2106,0,1
24373,49270968,2121,0,1
24374,49272968,2091,0,1
24375,49274968,2063,0,1
24376,49276968,2023,0,1
24377,49278968,2003,0,1
24378,49280968,1989,0,1
24379,49282968,1983,0,1
24380,49284968,1967,1,1
24381,49286968,2026,0,1
24382,49288968,2079,0,1
24383,49290968,2087,0,1
24384,49292968,2083,0,1
24385,49294968,2039,0,1
24386,49296968,2012,0,1
24387,49298968,2011,0,1
24388,49300968,1989,0,1
24389,49302968,1998,0,1
24390,49304968,1980,1,1
24391,49306968,2042,0,1
24392,49308968,2078,0,1
24393,49310968,2089,0,1
24394,49312968,2074,0,1
24395,49314968,2037,0,1
24396,49316968,2013,0,1
24397,49318968,2003,0,1
24398,49320968,1995,0,1
24399,49322968,1998,0,1
24400,49324968,1996,1,1
24401,49326968,2056,0,1
24402,49328968,2107,0,1
24403,49330968,2117,0,1
24404,49332968,2085,0,1
24405,49334968,2055,0,1
24406,49336968,2019,0,1
24407,49338968,1997,0,1
24408,49340968,1981,0,1
24409,49342968,1989,0,1
24410,49344968,1981,1,1
24411,49346968,2063,0,1
24412,49348968,2103,0,1
24413,49350968,2103,0,1
24414,49352968,2074,0,1
24415,49354968,2043,0,1
24416,49356968,2015,0,1
24417,49358968,2001,0,1
24418,49360968,1991,0,1
24419,49362968,1983,0,1
24420,49364968,1979,1,1
24421,49366968,2044,0,1
24422,49368968,2101,0,1
24423,49370968,2111,0,1
24424,49372968,2092,0,1
24425,49374968,2057,0,1
24426,49376968,2018,0,1
24427,49378968,1997,0,1
24428,49380968,1991,0,1
24429,49382968,1984,0,1
24430,49384968,1974,1,1
24431,49386968,2040,0,1
24432,49388968,2102,0,1
24433,49390968,2111,0,1
24434,49392968,2095,0,1
24435,49394968,2063,0,1
24436,49396968,2015,0,1
24437,49398968,2005,0,1
24438,49400968,1982,0,1
24439,49402968,1995,0,1
24440,49404968,1974,1,1
24441,49406968,2039,0,1
24442,49408968,2078,0,1
24443,49410968,2089,0,1
24444,49412968,2075,0,1
24445,49414968,2037,0,1
24446,49416968,2011,0,1
24447,49418968,2008,0,1
24448,49420968,1995,0,1
24449,49422968,1995,0,1
24450,49424968,1991,1,1
24451,49426968,2073,0,1
24452,49428968,2131,0,1
24453,49430968,2135,0,1
24454,49432968,2091,0,1
24455,49434968,2055,0,1
24456,49436968,2018,0,1
24457,49438968,1992,0,1
24458,49440968,1977,0,1
24459,49442968,1983,0,1
24460,49444968,1991,1,1
24461,49446968,2065,0,1
24462,49448968,2117,0,1
24463,49450968,2109,0,1
24464,49452968,2087,0,1
24465,49454968,2041,0,1
24466,49456968,2019,0,1
24467,49458968,2007,0,1
24468,49460968,1980,0,1
24469,49462968,1989,0,1
24470,49464968,1997,1,1
24471,49466968,2057,0,1
24472,49468968,2102,0,1
24473,49470968,2100,0,1
24474,49472968,2075,0,1
24475,49474968,2039,0,1
24476,49476968,2014,0,1
24477,49478968,2003,0,1
24478,49480968,1980,0,1
24479,49482968,1989,0,1
24480,49484968,1995,1,1
24481,49486968,2038,0,1
24482,49488968,2067,0,1
24483,49490968,2067,0,1
24484,49492968,2045,0,1
24485,49494968,2023,0,1
24486,49496968,2011,0,1
24487,49498968,2009,0,1
24488,49500968,2003,0,1
24489,49502968,2009,1,1
24490,49504968,2007,1,1
24491,49506968,2175,0,1
24492,49508968,2288,0,1
24493,49510968,2285,0,1
24494,49512968,2217,0,1
24495,49514968,2119,0,1
24496,49516968,2027,0,1
24497,49518968,1971,0,1
24498,49520968,1945,0,1
24499,49522968,1950,1,1
24500,49524968,1915,1,1
24501,49526968,1839,0,1
24502,49528968,1811,0,1
24503,49530968,1840,0,1
24504,49532968,1899,0,1
24505,49534968,1955,0,1
24506,49536968,2003,0,1
24507,49538968,2043,0,1
24508,49540968,2055,0,1
24509,49542968,2063,1,1
24510,49544968,1977,1,1
24511,49546968,2005,0,1
24512,49548968,2027,0,1
24513,49550968,2031,0,1
24514,49552968,2029,0,1
24515,49554968,2021,0,1
24516,49556968,2003,0,1
24517,49558968,2005,0,1
24518,49560968,2007,0,1
24519,49562968,1994,1,1
24520,49564968,1979,1,1
24521,49566968,2015,0,1
24522,49568968,2041,0,1
24523,49570968,2040,0,1
24524,49572968,2041,0,1
24525,49574968,2027,0,1
24526,49576968,2017,0,1
24527,49578968,2009,0,1
24528,49580968,2003,0,1
24529,49582968,2031,1,1
24530,49584968,2119,1,1
24531,49586968,2445,0,1
24532,49588968,2578,0,1
24533,49590968,2509,0,1
24534,49592968,2343,0,1
24535,49594968,2147,0,1
24536,49596968,2003,0,1
24537,49598968,1931,0,1
24538,49600968,1896,0,1
24539,49602968,1915,1,1
24540,49604968,1957,1,1
24541,49606968,2056,0,1
24542,49608968,2117,0,1
24543,49610968,2125,0,1
24544,49612968,2101,0,1
24545,49614968,2045,0,1
24546,49616968,2027,0,1
24547,49618968,1995,0,1
24548,49620968,1981,0,1
24549,49622968,1991,1,1
24550,49624968,1991,1,1
24551,49626968,2059,0,1
24552,49628968,2091,0,1
24553,49630968,2095,0,1
24554,49632968,2085,0,1
24555,49634968,2037,0,1
24556,49636968,2013,0,1
24557,49638968,1995,0,1
24558,49640968,1983,0,1
24559,49642968,2003,1,1
24560,49644968,1981,1,1
24561,49646968,2030,0,1
24562,49648968,2057,0,1
24563,49650968,2069,0,1
24564,49652968,2065,0,1
24565,49654968,2029,0,1
24566,49656968,2009,0,1
24567,49658968,2006,0,1
24568,49660968,1997,0,1
24569,49662968,2009,1,1
24570,49664968,2163,1,1
24571,49666968,2523,0,1
24572,49668968,2659,0,1
24573,49670968,2568,0,1
24574,49672968,2379,0,1
24575,49674968,2151,0,1
24576,49676968,1999,0,1
24577,49678968,1909,0,1
24578,49680968,1882,0,1
24579,49682968,1897,1,1
24580,49684968,1944,1,1
24581,49686968,2099,0,1
24582,49688968,2197,0,1
24583,49690968,2205,0,1
24584,49692968,2167,0,1
24585,49694968,2089,0,1
24586,49696968,2025,0,1
24587,49698968,1993,0,1
24588,49700968,1967,0,1
24589,49702968,1979,1,1
24590,49704968,2039,1,1
24591,49706968,2227,0,1
24592,49708968,2327,0,1
24593,49710968,2296,0,1
24594,49712968,2375,0,1
24595,49714968,2095,0,1
24596,49716968,2012,0,1
24597,49718968,1961,0,1
24598,49720968,1945,0,1
24599,49722968,1959,1,1
24600,49724968,2425,1,1
24601,49726968,3304,0,1
24602,49728968,3663,0,1
24603,49730968,3373,0,1
24604,49732968,2875,0,1
24605,49734968,2364,0,1
24606,49736968,1974,0,1
24607,49738968,1767,0,1
24608,49740968,1707,0,1
24609,49742968,1737,1,1
24610,49744968,2323,1,1
24611,49746968,3453,0,1
24612,49748968,4010,0,1
24613,49750968,3699,0,1
24614,49752968,3078,0,1
24615,49754968,2472,0,1
24616,49756968,2007,0,1
24617,49758968,1746,0,1
24618,49760968,1670,0,1
24619,49762968,1705,1,1
24620,49764968,2846,1,1
24621,49766968,4095,0,0
24622,49768968,4095,0,0
24623,49770968,4095,0,0
24624,49772968,4095,0,0
24625,49774968,3508,0,1
24626,49776968,2796,0,1
24627,49778968,2201,0,1
24628,49780968,1811,0,1
24629,49782968,1641,1,1
24630,49784968,2357,1,1
24631,49786968,4095,0,0
24632,49788968,4095,0,0
24633,49790968,4095,0,0
24634,49792968,3454,0,1
24635,49794968,2743,0,1
24636,49796968,2158,0,1
24637,49798968,1783,0,1
24638,49800968,1619,0,1
24639,49802968,1581,1,1
24640,49804968,1630,1,1
24641,49806968,1753,0,1
24642,49808968,1907,0,1
24643,49810968,2012,0,1
24644,49812968,2072,0,1
24645,49814968,2087,0,1
24646,49816968,2067,0,1
24647,49818968,2029,0,1
24648,49820968,1999,0,1
24649,49822968,1961,1,1
24650,49824968,1941,1,1
24651,49826968,1981,0,1
24652,49828968,2021,0,1
24653,49830968,2030,0,1
24654,49832968,2023,0,1
24655,49834968,2007,0,1
24656,49836968,1995,0,1
24657,49838968,1977,0,1
24658,49840968,1973,0,1
24659,49842968,1971,1,1
24660,49844968,1989,1,1
24661,49846968,2041,0,1
24662,49848968,2067,0,1
24663,49850968,2056,0,1
24664,49852968,2027,0,1
24665,49854968,2004,0,1
24666,49856968,1979,0,1
24667,49858968,1967,0,1
24668,49860968,1963,0,1
24669,49862968,1955,1,1
24670,49864968,1973,1,1
24671,49866968,2046,0,1
24672,49868968,2079,0,1
24673,49870968,2073,0,1
24674,49872968,2039,0,1
24675,49874968,2006,0,1
24676,49876968,1983,0,1
24677,49878968,1963,0,1
24678,49880968,1961,0,1
24679,49882968,1949,1,1
24680,49884968,1956,1,1
24681,49886968,2029,1,1
24682,49888968,2073,0,1
24683,49890968,2068,0,1
24684,49892968,2039,0,1
24685,49894968,2015,0,1
24686,49896968,1981,0,1
24687,49898968,1967,0,1
24688,49900968,1967,0,1
24689,49902968,1959,1,1
24690,49904968,1995,1,1
24691,49906968,2077,0,1
24692,49908968,2107,0,1
24693,49910968,2095,0,1
24694,49912968,2063,0,1
24695,49914968,2012,0,1
24696,49916968,1979,0,1
24697,49918968,1967,0,1
24698,49920968,1956,0,1
24699,49922968,1943,1,1
24700,49924968,1967,1,1
24701,49926968,2059,0,1
24702,49928968,2085,0,1
24703,49930968,2079,0,1
24704,49932969,2039,0,1
24705,49934968,2017,0,1
24706,49936968,1981,0,1
24707,49938968,1968,0,1
24708,49940968,1961,0,1
24709,49942968,1960,1,1
24710,49944968,1971,1,1
24711,49946968,2041,0,1
24712,49948968,2075,0,1
24713,49950968,2068,0,1
24714,49952968,2040,0,1
24715,49954968,2007,0,1
24716,49956968,1992,0,1
24717,49958968,1963,0,1
24718,49960968,1967,0,1
24719,49962968,1951,1,1
24720,49964968,1991,1,1
24721,49966968,2068,0,1
24722,49968968,2090,0,1
24723,49970968,2087,0,1
24724,49972969,2043,0,1
24725,49974968,2005,0,1
24726,49976968,1983,0,1
24727,49978968,1963,0,1
24728,49980968,1955,0,1
24729,49982968,1955,1,1
24730,49984968,1956,1,1
24731,49986968,2021,0,1
24732,49988968,2055,0,1
24733,49990968,2051,0,1
24734,49992968,2031,0,1
24735,49994968,2008,0,1
24736,49996968,1991,0,1
24737,49998968,1979,0,1
24738,50000968,1973,0,1
24739,50002968,1963,1,1
24740,50004968,1989,1,1
24741,50006968,2035,0,1
24742,50008968,2067,0,1
24743,50010968,2059,0,1
24744,50012969,2037,0,1
24745,50014968,2014,0,1
24746,50016968,1983,0,1
24747,50018968,1977,0,1
24748,50020968,1980,0,1
24749,50022968,1967,1,1
24750,50024968,1962,1,1
24751,50026968,2019,0,1
24752,50028968,2037,0,1
24753,50030968,2045,0,1
24754,50032968,2023,0,1
24755,50034968,2007,0,1
24756,50036968,1990,0,1
24757,50038968,1973,0,1
24758,50040968,1979,0,1
24759,50042968,1965,1,1
24760,50044968,1980,1,1
24761,50046968,2032,0,1
24762,50048968,2053,0,1
24763,50050968,2055,0,1
24764,50052969,2022,0,1
24765,50054968,1999,0,1
24766,50056968,1989,0,1
24767,50058968,1971,0,1
24768,50060968,1972,0,1
24769,50062968,1976,1,1
24770,50064968,2003,1,1
24771,50066968,2077,0,1
24772,50068968,2093,0,1
24773,50070968,2085,0,1
24774,50072968,2035,0,1
24775,50074968,2004,0,1
24776,50076968,1977,0,1
24777,50078968,1963,0,1
24778,50080968,1976,0,1
24779,50082968,1960,1,1
24780,50084968,1973,1,1
24781,50086968,2033,0,1
24782,50088968,2052,0,1
24783,50090968,2056,0,1
24784,50092969,2031,0,1
24785,50094968,2009,0,1
24786,50096968,1989,0,1
24787,50098968,1977,0,1
24788,50100968,1977,0,1
24789,50102968,1979,1,1
24790,50104968,2022,1,1
24791,50106968,2085,0,1
24792,50108968,2101,0,1
24793,50110968,2087,0,1
24794,50112968,2043,0,1
24795,50114968,2005,0,1
24796,50116968,1977,0,1
24797,50118968,1959,0,1
24798,50120968,1967,0,1
24799,50122968,1959,1,1
24800,50124968,1994,1,1
24801,50126968,2053,0,1
24802,50128968,2073,0,1
24803,50130968,2065,0,1
24804,50132969,2028,0,1
24805,50134968,2009,0,1
24806,50136968,1983,0,1
24807,50138968,1970,0,1
24808,50140968,1976,0,1
24809,50142968,1951,1,1
24810,50144968,1991,1,1
24811,50146968,2039,0,1
24812,50148968,2067,0,1
24813,50150968,2067,0,1
24814,50152968,2031,0,1
24815,50154968,2012,0,1
24816,50156968,1989,0,1
24817,50158968,1980,0,1
24818,50160968,1980,0,1
24819,50162968,1959,1,1
24820,50164968,1961,1,1
24821,50166968,1973,0,1
24822,50168968,1995,0,1
24823,50170968,2008,0,1
24824,50172969,2007,0,1
24825,50174968,1994,0,1
24826,50176968,1997,0,1
24827,50178968,1991,0,1
24828,50180968,1995,0,1
24829,50182968,1987,1,1
24830,50184968,2027,1,1
24831,50186968,2147,0,1
24832,50188968,2168,0,1
24833,50190968,2151,0,1
24834,50192968,2089,0,1
24835,50194968,2032,0,1
24836,50196968,1991,0,1
24837,50198968,1975,0,1
24838,50200968,1971,0,1
24839,50202968,1970,1,1
24840,50204968,1995,1,1
24841,50206968,2043,0,1
24842,50208968,2043,0,1
24843,50210968,2043,0,1
24844,50212969,2019,0,1
24845,50214968,1993,0,1
24846,50216968,1976,0,1
24847,50218968,1973,0,1
24848,50220968,1976,0,1
24849,50222968,1976,1,1
24850,50224968,1996,0,1
24851,50226968,2027,0,1
24852,50228968,2027,0,1
24853,50230968,2019,0,1
24854,50232968,2020,0,1
24855,50234968,1995,0,1
24856,50236968,1983,0,1
24857,50238968,1977,0,1
24858,50240968,1979,0,1
24859,50242968,1991,1,1
24860,50244968,2041,1,1
24861,50246968,2104,0,1
24862,50248968,2103,0,1
24863,50250968,2075,0,1
24864,50252969,2037,0,1
24865,50254968,1997,0,1
24866,50256968,1977,0,1
24867,50258968,1973,0,1
24868,50260968,1964,0,1
24869,50262968,1975,1,1
24870,50264968,2040,1,1
24871,50266968,2109,0,1
24872,50268968,2119,0,1
24873,50270968,2085,0,1
24874,50272968,2037,0,1
24875,50274968,2008,0,1
24876,50276968,1975,0,1
24877,50278968,1963,0,1
24878,50280968,1961,0,1
24879,50282968,1964,1,1
24880,50284968,2023,1,1
24881,50286968,2074,0,1
24882,50288968,2075,0,1
24883,50290968,2072,0,1
24884,50292969,2037,0,1
24885,50294968,2005,0,1
24886,50296968,1981,0,1
24887,50298968,1967,0,1
24888,50300968,1965,0,1
24889,50302968,1989,1,1
24890,50304968,2038,1,1
24891,50306968,2092,0,1
24892,50308968,2092,0,1
24893,50310968,2071,0,1
24894,50312968,2038,0,1
24895,50314968,2003,0,1
24896,50316968,1981,0,1
24897,50318968,1973,0,1
24898,50320968,1967,0,1
24899,50322968,1980,1,1
24900,50324968,2035,1,1
24901,50326968,2089,0,1
24902,50328968,2093,0,1
24903,50330968,2071,0,1
24904,50332969,2030,0,1
24905,50334968,2007,0,1
24906,50336968,1979,0,1
24907,50338968,1971,0,1
24908,50340968,1967,0,1
24909,50342968,1963,1,1
24910,50344968,2043,0,1
24911,50346968,2086,0,1
24912,50348968,2104,0,1
24913,50350968,2087,0,1
24914,50352968,2031,0,1
24915,50354968,2003,0,1
24916,50356968,1992,0,1
24917,50358968,1974,0,1
24918,50360968,1968,0,1
24919,50362968,1965,1,1
24920,50364968,2037,0,1
24921,50366968,2099,0,1
24922,50368968,2105,0,1
24923,50370968,2087,0,1
24924,50372969,2043,0,1
24925,50374968,2008,0,1
24926,50376968,1981,0,1
24927,50378968,1967,0,1
24928,50380968,1976,0,1
24929,50382968,1956,1,1
24930,50384968,1997,0,1
24931,50386968,2055,0,1
24932,50388968,2079,0,1
24933,50390968,2067,0,1
24934,50392968,2031,0,1
24935,50394968,2011,0,1
24936,50396968,1992,0,1
24937,50398968,1981,0,1
24938,50400968,1967,0,1
24939,50402968,1959,1,1
24940,50404968,2044,0,1
24941,50406968,2093,0,1
24942,50408968,2101,0,1
24943,50410968,2074,0,1
24944,50412969,2043,0,1
24945,50414968,2011,0,1
24946,50416968,1981,0,1
24947,50418968,1971,0,1
24948,50420968,1975,0,1
24949,50422968,1975,1,1
24950,50424968,2037,0,1
24951,50426968,2115,0,1
24952,50428968,2122,0,1
24953,50430968,2103,0,1
24954,50432968,2063,0,1
24955,50434968,2009,0,1
24956,50436968,1983,0,1
24957,50438968,1967,0,1
24958,50440968,1975,0,1
24959,50442968,1963,1,1
24960,50444968,2023,0,1
24961,50446968,2073,0,1
24962,50448968,2077,0,1
24963,50450968,2057,0,1
24964,50452969,2023,0,1
24965,50454968,2002,0,1
24966,50456968,1991,0,1
24967,50458968,1976,0,1
24968,50460968,1976,0,1
24969,50462968,1961,1,1
24970,50464968,1989,0,1
24971,50466968,2004,0,1
24972,50468968,2023,0,1
24973,50470968,2021,0,1
24974,50472968,2008,0,1
24975,50474968,1995,0,1
24976,50476968,1992,0,1
24977,50478968,1989,0,1
24978,50480968,1990,0,1
24979,50482968,1967,1,1
24980,50484968,2007,0,1
24981,50486968,2061,0,1
24982,50488968,2076,0,1
24983,50490968,2060,0,1
24984,50492969,2031,0,1
24985,50494968,2006,0,1
24986,50496968,1983,0,1
24987,50498968,1973,0,1
24988,50500968,1979,0,1
24989,50502968,1952,1,1
24990,50504968,1980,0,1
24991,50506968,2024,0,1
24992,50508968,2053,0,1
24993,50510968,2037,0,1
24994,50512968,2023,0,1
24995,50514968,2005,0,1
24996,50516968,1994,0,1
24997,50518968,1991,0,1
24998,50520968,1989,0,1
24999,50522968,1952,1,1
25000,50524968,1989,0,1
25001,50526968,2045,0,1
25002,50528968,2059,0,1
25003,50530968,2055,0,1
25004,50532969,2027,0,1
25005,50534968,2009,0,1
25006,50536968,1991,0,1
25007,50538968,1981,0,1
25008,50540968,1980,0,1
25009,50542968,1963,1,1
25010,50544968,2015,0,1
25011,50546968,2071,0,1
25012,50548968,2079,0,1
25013,50550968,2072,0,1
25014,50552968,2035,0,1
25015,50554968,2011,0,1
25016,50556968,1989,0,1
25017,50558968,1979,0,1
25018,50560968,1995,0,1
25019,50562968,1961,1,1
25020,50564968,2021,0,1
25021,50566968,2067,0,1
25022,50568968,2076,0,1
25023,50570968,2072,0,1
25024,50572969,2039,0,1
25025,50574968,2007,0,1
25026,50576968,1997,0,1
25027,50578968,1989,0,1
25028,50580968,1992,0,1
25029,50582968,1976,1,1
25030,50584968,2036,0,1
25031,50586968,2098,0,1
25032,50588968,2101,0,1
25033,50590968,2089,0,1
25034,50592968,2041,0,1
25035,50594968,2006,0,1
25036,50596968,1992,0,1
25037,50598968,1976,0,1
25038,50600968,1973,0,1
25039,50602968,1973,1,1
25040,50604968,2034,0,1
25041,50606968,2091,0,1
25042,50608968,2099,0,1
25043,50610968,2078,0,1
25044,50612969,2043,0,1
25045,50614968,2009,0,1
25046,50616968,1980,0,1
25047,50618968,1973,0,1
25048,50620968,1989,0,1
25049,50622968,1976,1,1
25050,50624968,2021,0,1
25051,50626968,2075,0,1
25052,50628968,2084,0,1
25053,50630968,2075,0,1
25054,50632968,2030,0,1
25055,50634968,2002,0,1
25056,50636968,1991,0,1
25057,50638968,1975,0,1
25058,50640968,1989,0,1
25059,50642968,1979,1,1
25060,50644968,2035,0,1
25061,50646968,2073,0,1
25062,50648968,2079,0,1
25063,50650968,2068,0,1
25064,50652969,2031,0,1
25065,50654968,2001,0,1
25066,50656968,1983,0,1
25067,50658968,1977,0,1
25068,50660968,1975,0,1
25069,50662968,1973,1,1
25070,50664968,2019,0,1
25071,50666968,2065,0,1
25072,50668968,2073,0,1
25073,50670968,2070,0,1
25074,50672968,2031,0,1
25075,50674968,2003,0,1
25076,50676968,1993,0,1
25077,50678968,1982,0,1
25078,50680968,1991,0,1
25079,50682968,1967,1,1
25080,50684968,2027,0,1
25081,50686968,2079,0,1
25082,50688968,2077,0,1
25083,50690968,2079,0,1
25084,50692969,2035,0,1
25085,50694968,1996,0,1
25086,50696968,1996,0,1
25087,50698968,1975,0,1
25088,50700968,1993,0,1
25089,50702968,1967,1,1
25090,50704968,2015,0,1
25091,50706968,2056,0,1
25092,50708968,2073,0,1
25093,50710968,2065,0,1
25094,50712968,2023,0,1
25095,50714968,2002,0,1
25096,50716968,1997,0,1
25097,50718968,1983,0,1
25098,50720968,1991,0,1
25099,50722968,1959,1,1
25100,50724968,2024,0,1
25101,50726968,2079,0,1
25102,50728968,2084,0,1
25103,50730968,2075,0,1
25104,50732969,2027,0,1
25105,50734968,1999,0,1
25106,50736968,1983,0,1
25107,50738968,1981,0,1
25108,50740968,1979,0,1
25109,50742968,1975,1,1
25110,50744968,2025,0,1
25111,50746968,2063,0,1
25112,50748968,2060,0,1
25113,50750968,2043,0,1
25114,50752968,2024,0,1
25115,50754968,1997,0,1
25116,50756968,1982,0,1
25117,50758968,1976,0,1
25118,50760968,1979,0,1
25119,50762968,1982,1,1
25120,50764968,2067,0,1
25121,50766968,2118,0,1
25122,50768968,2111,0,1
25123,50770968,2074,0,1
25124,50772969,2037,0,1
25125,50774968,1996,0,1
25126,50776968,1983,0,1
25127,50778968,1973,0,1
25128,50780968,1973,0,1
25129,50782968,1955,1,1
25130,50784968,2020,0,1
25131,50786968,2063,0,1
25132,50788968,2073,0,1
25133,50790968,2055,0,1
25134,50792968,2027,0,1
25135,50794968,1996,0,1
25136,50796968,1983,0,1
25137,50798968,1977,0,1
25138,50800968,1976,1,1
25139,50802968,1960,1,1
25140,50804968,2010,0,1
25141,50806968,2058,0,1
25142,50808968,2055,0,1
25143,50810968,2039,0,1
25144,50812969,2023,0,1
25145,50814968,2003,0,1
25146,50816968,1993,0,1
25147,50818968,1983,0,1
25148,50820968,1991,0,1
25149,50822968,1971,1,1
25150,50824968,2031,0,1
25151,50826968,2069,0,1
25152,50828968,2069,0,1
25153,50830968,2069,0,1
25154,50832968,2031,0,1
25155,50834968,1999,0,1
25156,50836968,1989,0,1
25157,50838968,1975,0,1
25158,50840968,1982,0,1
25159,50842968,1971,1,1
25160,50844968,2035,0,1
25161,50846968,2067,0,1
25162,50848968,2071,0,1
25163,50850968,2063,0,1
25164,50852969,2035,0,1
25165,50854968,2006,0,1
25166,50856968,1990,0,1
25167,50858968,1974,0,1
25168,50860968,1982,0,1
25169,50862968,1971,1,1
25170,50864968,2025,0,1
25171,50866968,2055,0,1
25172,50868968,2060,0,1
25173,50870968,2043,0,1
25174,50872968,2019,0,1
25175,50874968,1998,0,1
25176,50876968,1994,0,1
25177,50878968,1977,0,1
25178,50880968,1991,0,1
25179,50882968,1977,1,1
25180,50884968,1983,0,1
25181,50886968,2011,0,1
25182,50888968,2015,0,1
25183,50890968,2014,0,1
25184,50892969,2013,0,1
25185,50894968,2001,0,1
25186,50896968,1993,0,1
25187,50898968,1997,0,1
25188,50900968,2009,1,1
25189,50902968,2022,1,1
25190,50904968,2251,0,1
25191,50906968,2377,0,1
25192,50908968,2373,0,1
25193,50910968,2267,0,1
25194,50912968,2133,0,1
25195,50914968,2019,0,1
25196,50916968,1956,0,1
25197,50918968,1913,0,1
25198,50920968,1903,1,1
25199,50922968,1912,1,1
25200,50924968,1865,0,1
25201,50926968,1851,0,1
25202,50928968,1873,0,1
25203,50930968,1910,0,1
25204,50932969,1960,0,1
25205,50934968,2002,0,1
25206,50936968,2023,0,1
25207,50938968,2019,0,1
25208,50940968,2024,1,1
25209,50942968,2005,1,1
25210,50944968,1973,0,1
25211,50946968,1957,0,1
25212,50948968,1963,0,1
25213,50950968,1971,0,1
25214,50952968,1975,0,1
25215,50954968,1994,0,1
25216,50956968,1999,0,1
25217,50958968,2008,0,1
25218,50960968,1997,1,1
25219,50962968,2009,1,1
25220,50964968,1957,0,1
25221,50966968,1864,0,1
25222,50968968,1829,0,1
25223,50970968,1851,0,1
25224,50972969,1907,0,1
25225,50974968,1959,0,1
25226,50976968,2008,0,1
25227,50978968,2024,0,1
25228,50980968,2029,1,1
25229,50982968,2013,1,1
25230,50984968,2041,0,1
25231,50986968,2055,0,1
25232,50988968,2053,0,1
25233,50990968,2030,0,1
25234,50992968,2005,0,1
25235,50994968,1992,0,1
25236,50996968,1989,0,1
25237,50998968,1992,0,1
25238,51000968,1991,1,1
25239,51002968,1975,1,1
25240,51004968,2063,0,1
25241,51006968,2093,0,1
25242,51008968,2099,0,1
25243,51010968,2057,0,1
25244,51012969,2031,0,1
25245,51014968,1999,0,1
25246,51016968,1990,0,1
25247,51018968,1977,0,1
25248,51020968,1977,1,1
25249,51022968,2011,1,1
25250,51024968,2088,0,1
25251,51026968,2123,0,1
25252,51028968,2123,0,1
25253,51030968,2077,0,1
25254,51032968,2029,0,1
25255,51034968,1992,0,1
25256,51036968,1973,0,1
25257,51038968,1965,0,1
25258,51040968,1982,1,1
25259,51042968,1982,1,1
25260,51044968,2035,0,1
25261,51046968,2072,0,1
25262,51048968,2083,0,1
25263,51050968,2063,0,1
25264,51052969,2035,0,1
25265,51054968,2007,0,1
25266,51056968,1991,0,1
25267,51058968,1992,0,1
25268,51060968,1984,1,1
25269,51062968,1964,1,1
25270,51064968,1993,0,1
25271,51066968,2029,0,1
25272,51068968,2053,0,1
25273,51070968,2037,0,1
25274,51072968,2018,0,1
25275,51074968,1999,0,1
25276,51076968,1995,0,1
25277,51078968,1997,0,1
25278,51080968,1993,1,1
25279,51082968,1998,1,1
25280,51084968,2072,0,1
25281,51086968,2099,0,1
25282,51088968,2101,0,1
25283,51090968,2065,0,1
25284,51092969,2025,0,1
25285,51094968,2003,0,1
25286,51096968,1983,0,1
25287,51098968,1983,0,1
25288,51100968,1971,1,1
25289,51102968,1993,1,1
25290,51104968,2075,0,1
25291,51106968,2109,0,1
25292,51108968,2117,0,1
25293,51110968,2079,0,1
25294,51112968,2031,0,1
25295,51114968,2005,0,1
25296,51116968,1977,0,1
25297,51118968,1975,0,1
25298,51120968,1978,1,1
25299,51122968,1977,1,1
25300,51124968,2039,0,1
25301,51126968,2071,0,1
25302,51128968,2077,0,1
25303,51130968,2054,0,1
25304,51132969,2024,0,1
25305,51134968,2005,0,1
25306,51136968,1988,0,1
25307,51138968,1995,0,1
25308,51140968,1981,1,1
25309,51142968,2005,1,1
25310,51144968,2066,1,1
25311,51146968,2095,0,1
25312,51148968,2087,0,1
25313,51150968,2057,0,1
25314,51152968,2021,0,1
25315,51154968,1995,0,1
25316,51156968,1983,0,1
25317,51158968,1990,0,1
25318,51160968,1980,1,1
25319,51162968,1976,1,1
25320,51164968,2009,0,1
25321,51166968,2029,0,1
25322,51168968,2039,0,1
25323,51170968,2026,0,1
25324,51172969,2010,0,1
25325,51174968,1999,0,1
25326,51176968,1995,0,1
25327,51178968,1994,0,1
25328,51180968,1992,1,1
25329,51182968,2003,1,1
25330,51184968,2042,0,1
25331,51186968,2073,0,1
25332,51188968,2063,0,1
25333,51190968,2037,0,1
25334,51192968,2005,0,1
25335,51194968,1996,0,1
25336,51196968,1991,0,1
25337,51198968,1983,0,1
25338,51200968,1976,1,1
25339,51202968,1977,1,1
25340,51204968,2035,0,1
25341,51206968,2059,0,1
25342,51208968,2057,0,1
25343,51210968,2055,0,1
25344,51212969,2023,0,1
25345,51214968,1999,0,1
25346,51216968,1983,0,1
25347,51218968,1980,0,1
25348,51220968,1979,1,1
25349,51222968,1993,1,1
25350,51224968,2038,0,1
25351,51226968,2075,0,1
25352,51228968,2073,0,1
25353,51230968,2055,0,1
25354,51232968,2025,0,1
25355,51234968,2003,0,1
25356,51236968,1981,0,1
25357,51238968,1977,0,1
25358,51240968,1975,1,1
25359,51242968,1981,1,1
25360,51244968,2045,0,1
25361,51246968,2068,0,1
25362,51248968,2069,0,1
25363,51250968,2053,0,1
25364,51252969,2027,0,1
25365,51254968,1999,0,1
25366,51256968,1981,0,1
25367,51258968,1990,0,1
25368,51260968,1981,1,1
25369,51262968,1999,1,1
25370,51264968,2065,0,1
25371,51266968,2091,0,1
25372,51268968,2091,0,1
25373,51270968,2066,0,1
25374,51272968,2029,0,1
25375,51274968,1995,0,1
25376,51276968,1979,0,1
25377,51278968,1977,0,1
25378,51280968,1980,1,1
25379,51282968,2011,1,1
25380,51284968,2067,0,1
25381,51286968,2077,0,1
25382,51288968,2069,0,1
25383,51290968,2043,0,1
25384,51292969,2020,0,1
25385,51294968,1995,0,1
25386,51296968,1983,0,1
25387,51298968,1975,0,1
25388,51300968,1980,1,1
25389,51302968,1979,1,1
25390,51304968,2043,0,1
25391,51306968,2073,0,1
25392,51308968,2067,0,1
25393,51310968,2040,0,1
25394,51312968,2019,0,1
25395,51314968,2001,0,1
25396,51316968,1981,0,1
25397,51318968,1981,0,1
25398,51320968,1964,1,1
25399,51322968,1973,1,1
25400,51324968,2015,0,1
25401,51326968,2031,0,1
25402,51328968,2037,0,1
25403,51330968,2030,0,1
25404,51332969,2024,0,1
25405,51334968,2008,0,1
25406,51336968,2001,0,1
25407,51338968,1997,0,1
25408,51340968,1981,1,1
25409,51342968,2019,1,1
25410,51344968,2075,0,1
25411,51346968,2101,0,1
25412,51348968,2087,0,1
25413,51350968,2057,0,1
25414,51352968,2024,0,1
25415,51354968,1997,0,1
25416,51356968,1983,0,1
25417,51358968,1980,0,1
25418,51360968,1961,1,1
25419,51362968,1977,1,1
25420,51364968,2031,0,1
25421,51366968,2068,0,1
25422,51368968,2069,0,1
25423,51370968,2039,0,1
25424,51372969,2019,0,1
25425,51374968,2001,0,1
25426,51376968,1981,0,1
25427,51378968,1979,0,1
25428,51380968,1972,1,1
25429,51382968,1983,1,1
25430,51384968,2053,0,1
25431,51386968,2085,0,1
25432,51388968,2073,0,1
25433,51390968,2045,0,1
25434,51392968,2014,0,1
25435,51394968,1997,0,1
25436,51396968,1981,0,1
25437,51398968,1977,0,1
25438,51400968,1979,1,1
25439,51402968,1983,1,1
25440,51404968,2042,0,1
25441,51406968,2079,0,1
25442,51408968,2076,0,1
25443,51410968,2056,0,1
25444,51412969,2025,0,1
25445,51414968,1999,0,1
25446,51416968,1981,0,1
25447,51418968,1981,0,1
25448,51420968,1977,1,1
25449,51422968,2005,1,1
25450,51424968,2071,0,1
25451,51426968,2095,0,1
25452,51428968,2093,0,1
25453,51430968,2059,0,1
25454,51432968,2019,0,1
25455,51434968,1996,0,1
25456,51436968,1983,0,1
25457,51438968,1979,0,1
25458,51440968,1979,1,1
25459,51442968,2023,1,1
25460,51444968,2093,1,1
25461,51446968,2105,0,1
25462,51448968,2088,0,1
25463,51450968,2055,0,1
25464,51452969,2022,0,1
25465,51454968,1990,0,1
25466,51456968,1975,0,1
25467,51458968,1975,0,1
25468,51460968,1959,1,1
25469,51462968,2008,1,1
25470,51464968,2065,0,1
25471,51466968,2087,0,1
25472,51468968,2079,0,1
25473,51470968,2053,0,1
25474,51472968,2018,0,1
25475,51474968,1995,0,1
25476,51476968,1983,0,1
25477,51478968,1977,0,1
25478,51480968,1967,1,1
25479,51482968,1992,1,1
25480,51484968,2059,0,1
25481,51486968,2079,0,1
25482,51488968,2075,0,1
25483,51490968,2041,0,1
25484,51492969,2021,0,1
25485,51494968,1995,0,1
25486,51496968,1977,0,1
25487,51498968,1979,0,1
25488,51500968,1976,1,1
25489,51502968,1981,1,1
25490,51504968,2037,0,1
25491,51506968,2067,0,1
25492,51508968,2067,0,1
25493,51510968,2041,0,1
25494,51512968,2021,0,1
25495,51514968,1997,0,1
25496,51516968,1983,0,1
25497,51518968,1983,0,1
25498,51520968,1971,1,1
25499,51522968,1994,1,1
25500,51524968,2063,0,1
25501,51526968,2087,0,1
25502,51528968,2085,0,1
25503,51530968,2057,0,1
25504,51532969,2031,0,1
25505,51534968,2001,0,1
25506,51536968,1983,0,1
25507,51538968,1983,0,1
25508,51540968,1960,1,1
25509,51542968,1989,1,1
25510,51544968,2057,0,1
25511,51546968,2077,0,1
25512,51548968,2087,0,1
25513,51550968,2053,0,1
25514,51552968,2015,0,1
25515,51554968,1990,0,1
25516,51556968,1991,0,1
25517,51558968,1991,0,1
25518,51560968,1967,1,1
25519,51562968,2007,1,1
25520,51564968,2068,0,1
25521,51566968,2099,0,1
25522,51568968,2092,0,1
25523,51570968,2056,0,1
25524,51572969,2023,0,1
25525,51574968,1998,0,1
25526,51576968,1988,0,1
25527,51578968,1991,0,1
25528,51580968,1973,1,1
25529,51582968,2009,1,1
25530,51584968,2072,0,1
25531,51586968,2087,0,1
25532,51588968,2085,0,1
25533,51590968,2041,0,1
25534,51592968,2011,0,1
25535,51594968,1996,0,1
25536,51596968,1975,0,1
25537,51598968,1989,0,1
25538,51600968,1972,1,1
25539,51602968,1989,1,1
25540,51604968,2007,0,1
25541,51606968,2023,0,1
25542,51608968,2023,0,1
25543,51610968,2008,0,1
25544,51612969,2009,0,1
25545,51614968,2003,0,1
25546,51616968,2003,0,1
25547,51618968,2013,0,1
25548,51620968,1997,1,1
25549,51622968,2155,1,1
25550,51624968,2395,0,1
25551,51626968,2449,0,1
25552,51628968,2365,0,1
25553,51630968,2223,0,1
25554,51632968,2072,0,1
25555,51634968,1965,0,1
25556,51636968,1912,0,1
25557,51638968,1900,0,1
25558,51640968,1887,1,1
25559,51642968,1908,1,1
25560,51644968,1899,0,1
25561,51646968,1925,0,1
25562,51648968,1962,0,1
25563,51650968,1979,0,1
25564,51652969,1997,0,1
25565,51654968,2012,0,1
25566,51656968,2021,0,1
25567,51658968,2017,0,1
25568,51660968,1981,1,1
25569,51662968,1981,1,1
25570,51664968,2003,0,1
25571,51666968,2010,0,1
25572,51668968,2029,0,1
25573,51670968,2014,0,1
25574,51672968,2013,0,1
25575,51674968,2005,0,1
25576,51676968,1999,0,1
25577,51678968,2005,0,1
25578,51680968,1987,1,1
25579,51682968,2019,1,1
25580,51684968,2057,0,1
25581,51686968,2069,0,1
25582,51688968,2063,0,1
25583,51690968,2025,0,1
25584,51692969,2009,0,1
25585,51694968,1992,0,1
25586,51696968,1976,0,1
25587,51698968,1983,0,1
25588,51700968,1988,1,1
25589,51702968,1996,1,1
25590,51704968,2021,0,1
25591,51706968,2023,0,1
25592,51708968,2031,0,1
25593,51710968,2005,0,1
25594,51712968,1993,0,1
25595,51714968,1998,0,1
25596,51716968,1989,0,1
25597,51718968,2003,0,1
25598,51720968,1965,1,1
25599,51722968,2007,1,1
25600,51724968,2039,0,1
25601,51726968,2056,0,1
25602,51728968,2055,0,1
25603,51730968,2025,0,1
25604,51732969,2013,0,1
25605,51734968,1993,0,1
25606,51736968,1996,0,1
25607,51738968,1983,0,1
25608,51740968,1974,1,1
25609,51742968,2011,1,1
25610,51744968,2055,0,1
25611,51746968,2079,0,1
25612,51748968,2067,0,1
25613,51750968,2041,0,1
25614,51752968,2018,0,1
25615,51754968,1996,0,1
25616,51756968,1981,0,1
25617,51758968,1975,0,1
25618,51760968,1968,1,1
25619,51762968,2003,1,1
25620,51764968,2059,0,1
25621,51766968,2076,0,1
25622,51768968,2067,0,1
25623,51770968,2037,0,1
25624,51772969,2008,0,1
25625,51774968,1999,0,1
25626,51776968,1988,0,1
25627,51778968,1979,0,1
25628,51780968,1962,1,1
25629,51782968,2003,0,1
25630,51784968,2035,0,1
25631,51786968,2057,0,1
25632,51788968,2057,0,1
25633,51790968,2027,0,1
25634,51792968,2011,0,1
25635,51794968,2003,0,1
25636,51796968,1982,0,1
25637,51798968,1994,0,1
25638,51800968,1974,1,1
25639,51802968,2025,1,1
25640,51804968,2063,0,1
25641,51806968,2071,0,1
25642,51808968,2059,0,1
25643,51810968,2027,0,1
25644,51812969,2011,0,1
25645,51814968,1995,0,1
25646,51816968,1993,0,1
25647,51818968,1983,0,1
25648,51820968,1959,1,1
25649,51822968,2012,0,1
25650,51824968,2067,0,1
25651,51826968,2074,0,1
25652,51828968,2071,0,1
25653,51830968,2039,0,1
25654,51832968,2009,0,1
25655,51834968,1993,0,1
25656,51836968,1989,0,1
25657,51838968,1983,0,1
25658,51840968,1972,1,1
25659,51842968,1999,0,1
25660,51844968,2041,0,1
25661,51846968,2065,0,1
25662,51848968,2039,0,1
25663,51850968,2035,0,1
25664,51852969,2022,0,1
25665,51854968,1996,0,1
25666,51856968,1991,0,1
25667,51858968,1990,0,1
25668,51860968,1980,1,1
25669,51862968,2008,0,1
25670,51864968,2055,0,1
25671,51866968,2063,0,1
25672,51868968,2059,0,1
25673,51870968,2039,0,1
25674,51872968,2019,0,1
25675,51874968,1995,0,1
25676,51876968,1989,0,1
25677,51878968,1981,0,1
25678,51880968,1977,1,1
25679,51882968,2013,0,1
25680,51884968,2059,0,1
25681,51886968,2077,0,1
25682,51888968,2069,0,1
25683,51890968,2037,0,1
25684,51892969,2007,0,1
25685,51894968,1995,0,1
25686,51896968,1992,0,1
25687,51898968,1981,0,1
25688,51900968,1971,1,1
25689,51902968,2023,0,1
25690,51904968,2087,0,1
25691,51906968,2105,0,1
25692,51908968,2079,0,1
25693,51910968,2044,0,1
25694,51912968,2013,0,1
25695,51914968,1995,0,1
25696,51916968,1977,0,1
25697,51918968,1972,0,1
25698,51920968,1981,1,1
25699,51922968,2027,0,1
25700,51924968,2093,0,1
25701,51926968,2095,0,1
25702,51928968,2083,0,1
25703,51930968,2057,0,1
25704,51932969,2013,0,1
25705,51934968,1983,0,1
25706,51936968,1975,0,1
25707,51938968,1975,0,1
25708,51940968,1976,1,1
25709,51942968,2011,0,1
25710,51944968,2055,0,1
25711,51946968,2059,0,1
25712,51948968,2063,0,1
25713,51950968,2032,0,1
25714,51952968,2009,0,1
25715,51954968,1998,0,1
25716,51956968,1981,0,1
25717,51958968,1989,0,1
25718,51960968,1966,1,1
25719,51962968,2011,0,1
25720,51964968,2019,0,1
25721,51966968,2021,0,1
25722,51968968,2015,0,1
25723,51970968,2008,0,1
25724,51972969,1999,0,1
25725,51974968,1995,0,1
25726,51976968,2006,0,1
25727,51978968,1992,0,1
25728,51980968,1972,1,1
25729,51982968,2012,0,1
25730,51984968,2063,0,1
25731,51986968,2078,0,1
25732,51988968,2059,0,1
25733,51990968,2031,0,1
25734,51992968,2008,0,1
25735,51994968,2005,0,1
25736,51996968,1996,0,1
25737,51998968,1989,0,1
25738,52000968,1976,1,1
25739,52002968,2025,0,1
25740,52004968,2059,0,1
25741,52006968,2072,0,1
25742,52008968,2044,0,1
25743,52010968,2027,0,1
25744,52012969,2008,0,1
25745,52014968,1994,0,1
25746,52016968,1981,0,1
25747,52018968,1983,0,1
25748,52020968,1966,1,1
25749,52022968,2011,0,1
25750,52024968,2063,0,1
25751,52026968,2079,0,1
25752,52028968,2063,0,1
25753,52030968,2035,0,1
25754,52032968,2005,0,1
25755,52034968,1999,0,1
25756,52036968,1995,0,1
25757,52038968,1980,0,1
25758,52040968,1957,1,1
25759,52042968,2025,0,1
25760,52044968,2063,0,1
25761,52046968,2085,0,1
25762,52048968,2067,0,1
25763,52050968,2037,0,1
25764,52052969,2025,0,1
25765,52054968,1992,0,1
25766,52056968,1991,0,1
25767,52058968,1981,0,1
25768,52060968,1971,1,1
25769,52062968,2013,0,1
25770,52064968,2063,0,1
25771,52066968,2072,0,1
25772,52068968,2063,0,1
25773,52070968,2029,0,1
25774,52072968,2011,0,1
25775,52074968,1994,0,1
25776,52076968,1989,0,1
25777,52078968,1981,0,1
25778,52080968,1977,1,1
25779,52082968,2044,0,1
25780,52084968,2084,0,1
25781,52086968,2092,0,1
25782,52088968,2073,0,1
25783,52090968,2025,0,1
25784,52092969,2004,0,1
25785,52094968,1993,0,1
25786,52096968,1995,0,1
25787,52098968,1978,0,1
25788,52100968,1976,1,1
25789,52102968,2040,0,1
25790,52104968,2089,0,1
25791,52106968,2109,0,1
25792,52108968,2088,0,1
25793,52110968,2041,0,1
25794,52112968,2009,0,1
25795,52114968,1981,0,1
25796,52116968,1989,0,1
25797,52118968,1978,0,1
25798,52120968,1962,1,1
25799,52122968,2031,0,1
25800,52124968,2075,0,1
25801,52126968,2091,0,1
25802,52128968,2072,0,1
25803,52130968,2036,0,1
25804,52132969,2019,0,1
25805,52134968,2001,0,1
25806,52136968,1991,0,1
25807,52138968,1977,0,1
25808,52140968,1991,1,1
25809,52142968,2040,0,1
25810,52144968,2072,0,1
25811,52146968,2084,0,1
25812,52148968,2055,0,1
25813,52150968,2024,0,1
25814,52152968,2006,0,1
25815,52154968,1993,0,1
25816,52156968,1991,0,1
25817,52158968,1978,0,1
25818,52160968,1959,1,1
25819,52162968,1965,0,1
25820,52164968,1961,0,1
25821,52166968,1967,0,1
25822,52168968,1978,0,1
25823,52170968,1992,0,1
25824,52172969,1998,0,1
25825,52174968,1999,0,1
25826,52176968,2006,0,1
25827,52178968,2009,0,1
25828,52180968,1989,1,1
25829,52182968,2029,0,1
25830,52184968,2057,0,1
25831,52186968,2055,0,1
25832,52188968,2037,0,1
25833,52190968,2019,0,1
25834,52192968,2007,0,1
25835,52194968,1995,0,1
25836,52196968,1978,0,1
25837,52198968,1983,0,1
25838,52200968,1971,1,1
25839,52202968,2009,0,1
25840,52204968,2029,0,1
25841,52206968,2035,0,1
25842,52208968,2035,0,1
25843,52210968,2013,0,1
25844,52212969,2006,0,1
25845,52214968,2002,0,1
25846,52216968,1991,0,1
25847,52218968,1991,0,1
25848,52220968,1961,1,1
25849,52222968,2012,0,1
25850,52224968,2053,0,1
25851,52226968,2059,0,1
25852,52228968,2041,0,1
25853,52230968,2019,0,1
25854,52232968,2007,0,1
25855,52234968,1993,0,1
25856,52236968,1991,0,1
25857,52238968,1991,0,1
25858,52240968,1975,1,1
25859,52242968,2019,0,1
25860,52244968,2057,0,1
25861,52246968,2063,0,1
25862,52248968,2052,0,1
25863,52250968,2026,0,1
25864,52252969,2007,0,1
25865,52254968,1993,0,1
25866,52256968,1991,0,1
25867,52258968,1989,0,1
25868,52260968,1989,1,1
25869,52262968,2071,0,1
25870,52264968,2107,0,1
25871,52266968,2095,0,1
25872,52268968,2079,0,1
25873,52270968,2035,0,1
25874,52272968,2005,0,1
25875,52274968,1989,0,1
25876,52276968,1975,0,1
25877,52278968,1972,0,1
25878,52280968,1959,1,1
25879,52282968,2024,0,1
25880,52284968,2063,0,1
25881,52286968,2065,0,1
25882,52288968,2053,0,1
25883,52290968,2022,0,1
25884,52292969,2003,0,1
25885,52294968,1998,0,1
25886,52296968,1983,0,1
25887,52298968,1983,0,1
25888,52300968,1961,1,1
25889,52302968,2008,0,1
25890,52304968,2031,0,1
25891,52306968,2041,0,1
25892,52308968,2025,0,1
25893,52310968,2011,0,1
25894,52312968,2003,0,1
25895,52314968,1993,0,1
25896,52316968,1993,0,1
25897,52318968,1995,0,1
25898,52320968,1992,1,1
25899,52322968,2073,0,1
25900,52324968,2131,0,1
25901,52326968,2120,0,1
25902,52328968,2095,0,1
25903,52330968,2056,0,1
25904,52332969,2020,0,1
25905,52334968,2003,0,1
25906,52336968,1980,0,1
25907,52338968,1991,0,1
25908,52340968,2003,1,1
25909,52342968,2078,0,1
25910,52344968,2127,0,1
25911,52346968,2117,0,1
25912,52348968,2086,0,1
25913,52350968,2026,0,1
25914,52352968,1991,0,1
25915,52354968,1967,0,1
25916,52356968,1960,0,1
25917,52358968,1971,0,1
25918,52360968,1933,1,1
25919,52362968,1960,0,1
25920,52364968,1963,0,1
25921,52366968,1991,0,1
25922,52368968,2001,0,1
25923,52370968,2007,0,1
25924,52372968,2007,0,1
25925,52374968,2006,0,1
25926,52376968,1998,0,1
25927,52378968,2005,0,1
25928,52380968,1964,1,1
25929,52382968,2002,0,1
25930,52384968,2023,0,1
25931,52386968,2035,0,1
25932,52388968,2037,0,1
25933,52390968,2020,0,1
25934,52392968,2010,0,1
25935,52394968,1994,0,1
25936,52396968,1993,0,1
25937,52398968,1993,0,1
25938,52400968,1977,1,1
25939,52402968,2036,0,1
25940,52404968,2076,0,1
25941,52406968,2084,0,1
25942,52408968,2063,0,1
25943,52410968,2025,0,1
25944,52412968,2005,0,1
25945,52414968,1991,0,1
25946,52416968,1979,0,1
25947,52418968,1980,1,1
25948,52420968,1990,1,1
25949,52422968,2040,0,1
25950,52424968,2075,0,1
25951,52426968,2073,0,1
25952,52428968,2053,0,1
25953,52430968,2027,0,1
25954,52432968,1999,0,1
25955,52434968,1992,0,1
25956,52436968,1991,0,1
25957,52438968,1991,1,1
25958,52440968,1991,1,1
25959,52442968,2045,0,1
25960,52444968,2096,0,1
25961,52446968,2087,0,1
25962,52448968,2076,0,1
25963,52450968,2027,0,1
25964,52452968,2002,0,1
25965,52454968,1983,0,1
25966,52456968,1976,0,1
25967,52458968,1978,1,1
25968,52460968,1991,1,1
25969,52462968,2060,0,1
25970,52464968,2089,0,1
25971,52466968,2089,0,1
25972,52468968,2068,0,1
25973,52470968,2025,0,1
25974,52472968,2009,0,1
25975,52474968,1992,0,1
25976,52476968,1981,0,1
25977,52478968,1973,1,1
25978,52480968,1973,1,1
25979,52482968,2040,0,1
25980,52484968,2075,0,1
25981,52486968,2076,0,1
25982,52488968,2045,0,1
25983,52490968,2025,0,1
25984,52492968,2002,0,1
25985,52494968,1989,0,1
25986,52496968,1979,0,1
25987,52498968,1983,1,1
25988,52500968,1947,1,1
25989,52502968,2007,0,1
25990,52504968,2036,0,1
25991,52506968,2069,0,1
25992,52508968,2053,0,1
25993,52510968,2024,0,1
25994,52512968,2011,0,1
25995,52514968,1997,0,1
25996,52516968,1998,0,1
25997,52518968,1981,1,1
25998,52520968,1981,1,1
25999,52522968,2056,0,1
26000,52524968,2083,0,1
26001,52526968,2090,0,1
26002,52528968,2067,0,1
26003,52530968,2021,0,1
26004,52532968,2003,0,1
26005,52534968,1983,0,1
26006,52536968,1991,0,1
26007,52538968,1989,1,1
26008,52540968,1959,1,1
26009,52542968,2021,0,1
26010,52544968,2043,0,1
26011,52546968,2069,0,1
26012,52548968,2045,0,1
26013,52550968,2023,0,1
26014,52552968,2011,0,1
26015,52554968,1991,0,1
26016,52556968,1989,0,1
26017,52558968,1992,1,1
26018,52560968,1972,1,1
26019,52562968,2027,0,1
26020,52564968,2072,0,1
26021,52566968,2075,0,1
26022,52568968,2055,0,1
26023,52570968,2023,0,1
26024,52572968,2004,0,1
26025,52574968,1991,0,1
26026,52576968,1995,0,1
26027,52578968,1993,1,1
26028,52580968,1968,1,1
26029,52582968,2020,0,1
26030,52584968,2059,0,1
26031,52586968,2073,0,1
26032,52588968,2041,0,1
26033,52590968,2023,0,1
26034,52592968,2008,0,1
26035,52594968,1996,0,1
26036,52596968,1994,0,1
26037,52598968,1981,1,1
26038,52600968,1979,1,1
26039,52602968,2041,0,1
26040,52604968,2078,0,1
26041,52606968,2073,0,1
26042,52608968,2057,0,1
26043,52610968,2019,0,1
26044,52612968,2003,0,1
26045,52614968,1983,0,1
26046,52616968,1991,0,1
26047,52618968,1977,1,1
26048,52620968,1966,1,1
26049,52622968,2031,0,1
26050,52624968,2059,0,1
26051,52626968,2059,0,1
26052,52628968,2039,0,1
26053,52630968,2013,0,1
26054,52632968,1998,0,1
26055,52634968,1996,0,1
26056,52636968,1982,0,1
26057,52638968,1992,1,1
26058,52640968,1983,1,1
26059,52642968,2009,0,1
26060,52644968,2029,0,1
26061,52646968,2031,0,1
26062,52648968,2029,0,1
26063,52650968,2007,0,1
26064,52652968,1995,0,1
26065,52654968,1996,0,1
26066,52656968,1999,0,1
26067,52658968,1981,1,1
26068,52660968,1959,1,1
26069,52662968,1995,0,1
26070,52664968,2021,0,1
26071,52666968,2037,0,1
26072,52668968,2029,0,1
26073,52670968,2012,0,1
26074,52672968,2002,0,1
26075,52674968,1993,0,1
26076,52676968,1997,0,1
26077,52678968,1989,1,1
26078,52680968,1967,1,1
26079,52682968,2022,0,1
26080,52684968,2053,0,1
26081,52686968,2063,0,1
26082,52688968,2037,0,1
26083,52690968,2021,0,1
26084,52692968,1998,0,1
26085,52694968,1991,0,1
26086,52696968,1999,0,1
26087,52698968,1976,1,1
26088,52700968,1984,1,1
26089,52702968,2019,0,1
26090,52704968,2039,0,1
26091,52706968,2043,0,1
26092,52708968,2035,0,1
26093,52710968,2017,0,1
26094,52712968,2007,0,1
26095,52714968,1992,0,1
26096,52716968,1983,0,1
26097,52718968,1975,1,1
26098,52720968,1967,1,1
26099,52722968,2021,0,1
26100,52724968,2043,0,1
26101,52726968,2043,0,1
26102,52728968,2039,0,1
26103,52730968,2012,0,1
26104,52732968,2005,0,1
26105,52734968,1995,0,1
26106,52736968,1978,0,1
26107,52738968,1975,1,1
26108,52740968,1977,1,1
26109,52742968,2037,0,1
26110,52744968,2072,0,1
26111,52746968,2063,0,1
26112,52748968,2055,0,1
26113,52750968,2022,0,1
26114,52752968,2004,0,1
26115,52754968,1996,0,1
26116,52756968,1980,0,1
26117,52758968,1990,1,1
26118,52760968,1993,1,1
26119,52762968,2063,1,1
26120,52764968,2090,0,1
26121,52766968,2088,0,1
26122,52768968,2069,0,1
26123,52770968,2024,0,1
26124,52772968,2003,0,1
26125,52774968,1981,0,1
26126,52776968,1983,0,1
26127,52778968,1967,1,1
26128,52780968,1995,1,1
26129,52782968,2078,0,1
26130,52784968,2094,0,1
26131,52786968,2089,0,1
26132,52788968,2065,0,1
26133,52790968,2021,0,1
26134,52792968,1993,0,1
26135,52794968,1977,0,1
26136,52796968,1981,0,1
26137,52798968,1972,1,1
26138,52800968,1982,1,1
26139,52802968,2035,0,1
26140,52804968,2063,0,1
26141,52806968,2057,0,1
26142,52808968,2036,0,1
26143,52810968,2007,0,1
26144,52812968,1999,0,1
26145,52814968,1991,0,1
26146,52816968,1977,0,1
26147,52818968,1978,1,1
26148,52820968,2007,1,1
26149,52822968,2073,0,1
26150,52824968,2102,0,1
26151,52826968,2089,0,1
26152,52828968,2057,0,1
26153,52830968,2020,0,1
26154,52832968,1997,0,1
26155,52834968,1975,0,1
26156,52836968,1974,0,1
26157,52838968,1977,1,1
26158,52840968,1974,1,1
26159,52842968,2041,0,1
26160,52844968,2065,0,1
26161,52846968,2068,0,1
26162,52848968,2053,0,1
26163,52850968,2020,0,1
26164,52852968,2007,0,1
26165,52854968,1983,0,1
26166,52856968,1991,0,1
26167,52858968,1963,1,1
26168,52860968,1983,1,1
26169,52862968,2055,0,1
26170,52864968,2091,0,1
26171,52866968,2076,0,1
26172,52868968,2056,0,1
26173,52870968,2025,0,1
26174,52872968,1998,0,1
26175,52874968,1979,0,1
26176,52876968,1979,0,1
26177,52878968,1977,1,1
26178,52880968,1989,1,1
26179,52882968,2055,0,1
26180,52884968,2073,0,1
26181,52886968,2079,0,1
26182,52888968,2056,0,1
26183,52890968,2025,0,1
26184,52892968,1997,0,1
26185,52894968,1983,0,1
26186,52896968,1973,0,1
26187,52898968,1963,1,1
26188,52900968,1987,1,1
26189,52902968,2055,0,1
26190,52904968,2079,0,1
26191,52906968,2078,0,1
26192,52908968,2045,0,1
26193,52910968,2015,0,1
26194,52912968,1995,0,1
26195,52914968,1980,0,1
26196,52916968,1976,0,1
26197,52918968,1974,1,1
26198,52920968,1990,1,1
26199,52922968,2055,0,1
26200,52924968,2089,0,1
26201,52926968,2083,0,1
26202,52928968,2045,0,1
26203,52930968,2027,0,1
26204,52932968,1999,0,1
26205,52934968,1989,0,1
26206,52936968,1981,0,1
26207,52938968,1961,1,1
26208,52940968,1992,1,1
26209,52942968,2027,0,1
26210,52944968,2056,0,1
26211,52946968,2043,0,1
26212,52948968,2024,0,1
26213,52950968,2009,0,1
26214,52952968,2001,0,1
26215,52954968,2006,0,1
26216,52956968,1989,0,1
26217,52958968,1983,1,1
26218,52960968,2010,1,1
26219,52962968,2077,0,1
26220,52964968,2103,0,1
26221,52966968,2078,0,1
26222,52968968,2052,0,1
26223,52970968,2019,0,1
26224,52972968,1991,0,1
26225,52974968,1994,0,1
26226,52976968,1979,0,1
26227,52978968,1977,1,1
26228,52980968,1999,1,1
26229,52982968,2063,0,1
26230,52984968,2084,0,1
26231,52986968,2063,0,1
26232,52988968,2040,0,1
26233,52990968,2011,0,1
26234,52992968,1999,0,1
26235,52994968,1995,0,1
26236,52996968,1989,0,1
26237,52998968,1967,1,1
26238,53000968,1978,1,1
26239,53002968,2039,0,1
26240,53004968,2075,0,1
26241,53006968,2063,0,1
26242,53008968,2054,0,1
26243,53010968,2024,0,1
26244,53012968,2007,0,1
26245,53014968,1993,0,1
26246,53016968,1977,0,1
26247,53018968,1949,1,1
26248,53020968,1927,1,1
26249,53022968,1967,0,1
26250,53024968,1997,0,1
26251,53026968,2005,0,1
26252,53028968,2013,0,1
26253,53030968,2013,0,1
26254,53032968,2023,0,1
26255,53034968,2021,0,1
26256,53036968,2011,0,1
26257,53038968,2027,1,1
26258,53040968,2126,1,1
26259,53042968,2310,0,1
26260,53044968,2345,0,1
26261,53046968,2267,0,1
26262,53048968,2159,0,1
26263,53050968,2044,0,1
26264,53052968,1968,0,1
26265,53054968,1931,0,1
26266,53056968,1919,0,1
26267,53058968,1929,1,1
26268,53060968,1964,1,1
26269,53062968,1990,0,1
26270,53064968,2008,0,1
26271,53066968,2007,0,1
26272,53068968,2003,0,1
26273,53070968,1997,0,1
26274,53072968,2002,0,1
26275,53074968,2008,0,1
26276,53076968,1995,0,1
26277,53078968,1993,1,1
26278,53080968,2003,1,1
26279,53082968,2063,0,1
26280,53084968,2083,0,1
26281,53086968,2067,0,1
26282,53088968,2041,0,1
26283,53090968,2011,0,1
26284,53092968,1995,0,1
26285,53094968,1992,0,1
26286,53096968,1975,0,1
26287,53098968,1951,1,1
26288,53100968,1967,1,1
26289,53102968,2021,0,1
26290,53104968,2059,0,1
26291,53106968,2057,0,1
26292,53108968,2043,0,1
26293,53110968,2021,0,1
26294,53112968,2005,0,1
26295,53114968,1996,0,1
26296,53116968,1983,0,1
26297,53118968,1957,1,1
26298,53120968,1967,1,1
26299,53122968,2007,0,1
26300,53124968,2037,0,1
26301,53126968,2041,0,1
26302,53128968,2023,0,1
26303,53130968,2014,0,1
26304,53132968,2009,0,1
26305,53134968,2004,0,1
26306,53136968,1995,0,1
26307,53138968,1957,1,1
26308,53140968,1976,1,1
26309,53142968,2043,0,1
26310,53144968,2068,0,1
26311,53146968,2067,0,1
26312,53148968,2041,0,1
26313,53150968,2023,0,1
26314,53152968,1996,0,1
26315,53154968,1990,0,1
26316,53156968,1981,0,1
26317,53158968,1967,1,1
26318,53160968,1976,1,1
26319,53162968,2029,0,1
26320,53164968,2056,0,1
26321,53166968,2055,0,1
26322,53168968,2040,0,1
26323,53170968,2017,0,1
26324,53172968,2003,0,1
26325,53174968,1988,0,1
26326,53176968,1983,0,1
26327,53178968,1981,1,1
26328,53180968,2015,1,1
26329,53182968,2063,0,1
26330,53184968,2075,0,1
26331,53186968,2063,0,1
26332,53188968,2036,0,1
26333,53190968,2009,0,1
26334,53192968,1996,0,1
26335,53194968,1982,0,1
26336,53196968,1983,0,1
26337,53198968,1961,1,1
26338,53200968,1997,1,1
26339,53202968,2035,0,1
26340,53204968,2055,0,1
26341,53206968,2041,0,1
26342,53208968,2028,0,1
26343,53210968,2006,0,1
26344,53212968,2004,0,1
26345,53214968,1995,0,1
26346,53216968,1993,0,1
26347,53218968,1959,1,1
26348,53220968,1959,1,1
26349,53222968,2015,0,1
26350,53224968,2057,0,1
26351,53226968,2059,0,1
26352,53228968,2029,0,1
26353,53230968,2020,0,1
26354,53232968,2006,0,1
26355,53234968,1991,0,1
26356,53236968,1992,0,1
26357,53238968,1931,1,1
26358,53240968,1926,1,1
26359,53242968,1979,0,1
26360,53244968,2020,0,1
26361,53246968,2031,0,1
26362,53248968,2029,0,1
26363,53250968,2023,0,1
26364,53252968,2012,0,1
26365,53254968,2005,0,1
26366,53256968,1991,0,1
26367,53258968,1982,1,1
26368,53260968,1993,1,1
26369,53262968,1992,0,1
26370,53264968,1996,0,1
26371,53266968,1999,0,1
26372,53268968,2005,0,1
26373,53270968,2003,0,1
26374,53272968,1999,0,1
26375,53274968,1994,0,1
26376,53276968,2001,0,1
26377,53278968,1980,1,1
26378,53280968,2007,1,1
26379,53282968,2055,0,1
26380,53284968,2073,0,1
26381,53286968,2053,0,1
26382,53288968,2031,0,1
26383,53290968,2010,0,1
26384,53292968,1999,0,1
26385,53294968,1981,0,1
26386,53296968,1983,0,1
26387,53298968,1965,1,1
26388,53300968,1975,1,1
26389,53302968,2004,0,1
26390,53304968,2016,0,1
26391,53306968,2027,0,1
26392,53308968,2015,0,1
26393,53310968,2005,0,1
26394,53312968,2010,0,1
26395,53314968,2004,0,1
26396,53316968,1995,0,1
26397,53318968,1992,1,1
26398,53320968,2012,1,1
26399,53322968,2027,0,1
26400,53324968,2031,0,1
26401,53326968,2017,0,1
26402,53328968,2007,0,1
26403,53330968,2004,0,1
26404,53332968,1999,0,1
26405,53334968,1980,0,1
26406,53336968,1993,0,1
26407,53338968,1979,1,1
26408,53340968,1983,1,1
26409,53342968,2005,0,1
26410,53344968,2019,0,1
26411,53346968,2019,0,1
26412,53348968,2012,0,1
26413,53350968,2005,0,1
26414,53352968,2008,0,1
26415,53354968,1996,0,1
26416,53356968,1996,0,1
26417,53358968,1967,1,1
26418,53360968,1990,1,1
26419,53362968,2015,0,1
26420,53364968,2027,0,1
26421,53366968,2029,0,1
26422,53368968,2024,0,1
26423,53370968,2008,0,1
26424,53372968,2004,0,1
26425,53374968,1994,0,1
26426,53376968,1983,0,1
26427,53378968,1963,1,1
26428,53380968,1967,0,1
26429,53382968,2007,0,1
26430,53384968,2039,0,1
26431,53386968,2031,0,1
26432,53388968,2029,0,1
26433,53390968,2009,0,1
26434,53392968,2003,0,1
26435,53394968,1989,0,1
26436,53396968,1999,0,1
26437,53398968,1966,1,1
26438,53400968,1989,0,1
26439,53402968,2028,0,1
26440,53404968,2045,0,1
26441,53406968,2043,0,1
26442,53408968,2025,0,1
26443,53410968,2011,0,1
26444,53412968,1997,0,1
26445,53414968,1988,0,1
26446,53416968,1988,0,1
26447,53418968,1995,1,1
26448,53420968,2143,0,1
26449,53422968,2293,0,1
26450,53424968,2303,0,1
26451,53426968,2239,0,1
26452,53428968,2133,0,1
26453,53430968,2031,0,1
26454,53432968,1971,0,1
26455,53434968,1943,0,1
26456,53436968,1935,0,1
26457,53438968,1947,1,1
26458,53440968,2004,0,1
26459,53442968,2072,0,1
26460,53444968,2092,0,1
26461,53446968,2085,0,1
26462,53448968,2055,0,1
26463,53450968,2013,0,1
26464,53452968,1997,0,1
26465,53454968,1988,0,1
26466,53456968,1981,0,1
26467,53458968,1959,1,1
26468,53460968,2021,0,1
26469,53462968,2078,0,1
26470,53464968,2094,0,1
26471,53466968,2077,0,1
26472,53468968,2040,0,1
26473,53470968,2007,0,1
26474,53472968,1992,0,1
26475,53474968,1980,0,1
26476,53476968,1989,0,1
26477,53478968,1942,1,1
26478,53480968,1983,0,1
26479,53482968,2019,0,1
26480,53484968,2054,0,1
26481,53486968,2041,0,1
26482,53488968,2028,0,1
26483,53490968,2009,0,1
26484,53492968,2005,0,1
26485,53494968,2003,0,1
26486,53496968,1994,0,1
26487,53498968,1944,1,1
26488,53500968,1957,0,1
26489,53502968,1996,0,1
26490,53504968,2035,0,1
26491,53506968,2031,0,1
26492,53508968,2031,0,1
26493,53510968,2018,0,1
26494,53512968,2011,0,1
26495,53514968,2005,0,1
26496,53516968,1996,0,1
26497,53518968,1956,1,1
26498,53520968,1968,0,1
26499,53522968,2013,0,1
26500,53524968,2043,0,1
26501,53526968,2041,0,1
26502,53528968,2023,0,1
26503,53530968,2015,0,1
26504,53532968,2005,0,1
26505,53534968,2005,0,1
26506,53536968,1989,0,1
26507,53538968,1972,1,1
26508,53540968,2010,0,1
26509,53542968,2043,0,1
26510,53544968,2069,0,1
26511,53546968,2045,0,1
26512,53548968,2020,0,1
26513,53550968,2003,0,1
26514,53552968,2003,0,1
26515,53554968,1998,0,1
26516,53556968,1983,0,1
26517,53558968,1967,1,1
26518,53560968,1999,0,1
26519,53562968,2065,0,1
26520,53564968,2089,0,1
26521,53566968,2073,0,1
26522,53568968,2042,0,1
26523,53570968,2015,0,1
26524,53572968,1996,0,1
26525,53574968,1991,0,1
26526,53576968,1989,0,1
26527,53578968,1963,1,1
26528,53580968,2025,0,1
26529,53582968,2090,0,1
26530,53584968,2107,0,1
26531,53586968,2077,0,1
26532,53588968,2039,0,1
26533,53590968,2013,0,1
26534,53592968,1995,0,1
26535,53594968,1979,0,1
26536,53596968,1978,0,1
26537,53598968,1959,1,1
26538,53600968,2003,0,1
26539,53602968,2072,0,1
26540,53604968,2092,0,1
26541,53606968,2073,0,1
26542,53608968,2043,0,1
26543,53610968,2012,0,1
26544,53612968,2003,0,1
26545,53614968,1995,0,1
26546,53616968,1978,0,1
26547,53618968,1965,1,1
26548,53620968,2003,0,1
26549,53622968,2043,0,1
26550,53624968,2068,0,1
26551,53626968,2055,0,1
26552,53628968,2032,0,1
26553,53630968,2009,0,1
26554,53632968,2001,0,1
26555,53634968,1997,0,1
26556,53636968,1984,0,1
26557,53638968,1981,1,1
26558,53640968,2040,0,1
26559,53642968,2093,0,1
26560,53644968,2103,0,1
26561,53646968,2073,0,1
26562,53648968,2030,0,1
26563,53650968,2009,0,1
26564,53652968,1991,0,1
26565,53654968,1977,0,1
26566,53656968,1977,0,1
26567,53658968,1950,1,1
26568,53660968,2006,0,1
26569,53662968,2058,0,1
26570,53664968,2079,0,1
26571,53666968,2055,0,1
26572,53668968,2036,0,1
26573,53670968,2013,0,1
26574,53672968,2003,0,1
26575,53674968,1989,0,1
26576,53676968,1981,0,1
26577,53678968,1973,1,1
26578,53680968,2015,0,1
26579,53682968,2063,0,1
26580,53684968,2076,0,1
26581,53686968,2063,0,1
26582,53688968,2038,0,1
26583,53690968,2018,0,1
26584,53692968,1995,0,1
26585,53694968,1978,0,1
26586,53696968,1975,0,1
26587,53698968,1975,1,1
26588,53700968,1994,0,1
26589,53702968,2011,0,1
26590,53704968,2013,0,1
26591,53706968,2024,0,1
26592,53708968,2011,0,1
26593,53710968,2008,0,1
26594,53712968,2003,0,1
26595,53714968,1997,0,1
26596,53716968,2005,0,1
26597,53718968,2019,1,1
26598,53720968,2231,0,1
26599,53722968,2389,0,1
26600,53724968,2376,0,1
26601,53726968,2279,0,1
26602,53728968,2146,0,1
26603,53730968,2024,0,1
26604,53732968,1949,0,1
26605,53734968,1903,0,1
26606,53736968,1913,0,1
26607,53738968,1897,1,1
26608,53740968,1869,0,1
26609,53742968,1851,0,1
26610,53744968,1867,0,1
26611,53746968,1920,0,1
26612,53748968,1971,0,1
26613,53750968,2009,0,1
26614,53752968,2029,0,1
26615,53754968,2040,0,1
26616,53756968,2029,0,1
26617,53758968,1991,1,1
26618,53760968,2006,0,1
26619,53762968,2031,0,1
26620,53764968,2036,0,1
26621,53766968,2031,0,1
26622,53768968,2017,0,1
26623,53770968,2007,0,1
26624,53772968,1998,0,1
26625,53774968,1989,0,1
26626,53776968,1991,0,1
26627,53778968,1972,1,1
26628,53780968,2014,0,1
26629,53782968,2072,0,1
26630,53784968,2091,0,1
26631,53786968,2071,0,1
26632,53788968,2040,0,1
26633,53790968,2008,0,1
26634,53792968,1995,0,1
26635,53794968,1979,0,1
26636,53796968,1979,0,1
26637,53798968,1959,1,1
26638,53800968,2031,0,1
26639,53802968,2067,0,1
26640,53804968,2071,0,1
26641,53806968,2059,0,1
26642,53808968,2031,0,1
26643,53810968,2008,0,1
26644,53812968,1983,0,1
26645,53814968,1984,0,1
26646,53816968,1991,0,1
26647,53818968,1975,1,1
26648,53820968,2013,0,1
26649,53822968,2043,0,1
26650,53824968,2058,0,1
26651,53826968,2063,0,1
26652,53828968,2027,0,1
26653,53830968,2011,0,1
26654,53832968,1996,0,1
26655,53834968,1991,0,1
26656,53836968,1983,0,1
26657,53838968,1961,1,1
26658,53840968,2020,0,1
26659,53842968,2065,0,1
26660,53844968,2071,0,1
26661,53846968,2063,0,1
26662,53848968,2025,0,1
26663,53850968,2004,0,1
26664,53852968,1996,0,1
26665,53854968,1980,0,1
26666,53856968,1983,0,1
26667,53858968,1951,1,1
26668,53860968,1988,0,1
26669,53862968,2021,0,1
26670,53864968,2034,0,1
26671,53866968,2027,0,1
26672,53868968,2010,0,1
26673,53870968,2007,0,1
26674,53872968,2003,0,1
26675,53874968,1997,0,1
26676,53876968,1992,0,1
26677,53878968,1992,1,1
26678,53880968,2039,0,1
26679,53882968,2070,0,1
26680,53884968,2063,0,1
26681,53886968,2044,0,1
26682,53888968,2021,0,1
26683,53890968,2003,0,1
26684,53892968,1997,0,1
26685,53894968,1983,0,1
26686,53896968,1989,0,1
26687,53898968,1959,1,1
26688,53900968,1995,0,1
26689,53902968,2057,0,1
26690,53904968,2075,0,1
26691,53906968,2063,0,1
26692,53908968,2038,0,1
26693,53910968,2019,0,1
26694,53912968,2005,0,1
26695,53914968,1989,0,1
26696,53916968,1992,0,1
26697,53918968,1979,1,1
26698,53920968,2037,0,1
26699,53922968,2091,0,1
26700,53924968,2092,0,1
26701,53926968,2075,0,1
26702,53928968,2035,0,1
26703,53930968,2009,0,1
26704,53932968,2003,0,1
26705,53934968,1978,0,1
26706,53936968,1975,0,1
26707,53938968,1965,1,1
26708,53940968,2020,0,1
26709,53942968,2079,0,1
26710,53944968,2077,0,1
26711,53946968,2065,0,1
26712,53948968,2025,0,1
26713,53950968,2009,0,1
26714,53952968,1999,0,1
26715,53954968,1989,0,1
26716,53956968,1988,0,1
26717,53958968,1963,1,1
26718,53960968,2035,0,1
26719,53962968,2092,0,1
26720,53964968,2090,0,1
26721,53966968,2071,0,1
26722,53968968,2031,0,1
26723,53970968,1999,0,1
26724,53972968,1998,0,1
26725,53974968,1991,0,1
26726,53976968,1980,1,1
26727,53978968,1958,1,1
26728,53980968,2029,0,1
26729,53982968,2079,0,1
26730,53984968,2087,0,1
26731,53986968,2063,0,1
26732,53988968,2036,0,1
26733,53990968,2004,0,1
26734,53992968,1997,0,1
26735,53994968,1980,0,1
26736,53996968,1983,1,1
26737,53998968,1961,1,1
26738,54000968,2023,0,1
26739,54002968,2069,0,1
26740,54004968,2073,0,1
26741,54006968,2058,0,1
26742,54008968,2029,0,1
26743,54010968,2009,0,1
26744,54012968,2007,0,1
26745,54014968,1977,0,1
26746,54016968,1997,1,1
26747,54018968,1951,1,1
26748,54020968,2019,0,1
26749,54022968,2057,0,1
26750,54024968,2059,0,1
26751,54026968,2057,0,1
26752,54028968,2022,0,1
26753,54030968,2009,0,1
26754,54032968,2003,0,1
26755,54034968,1991,0,1
26756,54036968,1999,1,1
26757,54038968,1938,1,1
26758,54040968,1982,0,1
26759,54042968,2023,0,1
26760,54044968,2029,0,1
26761,54046968,2035,0,1
26762,54048968,2024,0,1
26763,54050968,2013,0,1
26764,54052968,2005,0,1
26765,54054968,1997,0,1
26766,54056968,1995,1,1
26767,54058968,1939,1,1
26768,54060968,1989,0,1
26769,54062968,2032,0,1
26770,54064968,2045,0,1
26771,54066968,2039,0,1
26772,54068968,2031,0,1
26773,54070968,2009,0,1
26774,54072968,2007,0,1
26775,54074968,1993,0,1
26776,54076968,1981,1,1
26777,54078968,1988,1,1
26778,54080968,2072,0,1
26779,54082968,2111,0,1
26780,54084968,2105,0,1
26781,54086968,2078,0,1
26782,54088968,2037,0,1
26783,54090968,2002,0,1
26784,54092968,1991,0,1
26785,54094968,1971,0,1
26786,54096968,1983,1,1
26787,54098968,1957,1,1
26788,54100968,2014,0,1
26789,54102968,2053,0,1
26790,54104968,2054,0,1
26791,54106968,2037,0,1
26792,54108968,2015,0,1
26793,54110968,2009,0,1
26794,54112968,2009,0,1
26795,54114968,1990,0,1
26796,54116968,1981,1,1
26797,54118968,2005,1,1
26798,54120968,2039,0,1
26799,54122968,2073,0,1
26800,54124968,2060,0,1
26801,54126968,2037,0,1
26802,54128968,2020,0,1
26803,54130968,1993,0,1
26804,54132968,1988,0,1
26805,54134968,1981,0,1
26806,54136968,1978,1,1
26807,54138968,1982,1,1
26808,54140968,2039,0,1
26809,54142968,2068,0,1
26810,54144968,2073,0,1
26811,54146968,2043,0,1
26812,54148968,2023,0,1
26813,54150968,2005,0,1
26814,54152968,1981,0,1
26815,54154968,1983,0,1
26816,54156968,1983,1,1
26817,54158968,1976,1,1
26818,54160968,2040,0,1
26819,54162968,2068,0,1
26820,54164968,2072,0,1
26821,54166968,2055,0,1
26822,54168968,2021,0,1
26823,54170968,1998,0,1
26824,54172968,1983,0,1
26825,54174968,1981,0,1
26826,54176968,1975,1,1
26827,54178968,1965,1,1
26828,54180968,2027,0,1
26829,54182968,2077,0,1
26830,54184968,2077,0,1
26831,54186968,2053,0,1
26832,54188968,2021,0,1
26833,54190968,2008,0,1
26834,54192968,1992,0,1
26835,54194968,1978,0,1
26836,54196968,1980,1,1
26837,54198968,1949,1,1
26838,54200968,2013,0,1
26839,54202968,2044,0,1
26840,54204968,2059,0,1
26841,54206968,2056,0,1
26842,54208968,2024,0,1
26843,54210968,2007,0,1
26844,54212968,1995,0,1
26845,54214968,1980,0,1
26846,54216968,1979,1,1
26847,54218968,1989,1,1
26848,54220968,2052,0,1
26849,54222968,2071,0,1
26850,54224968,2065,0,1
26851,54226968,2043,0,1
26852,54228968,2025,0,1
26853,54230968,1999,0,1
26854,54232968,1995,0,1
26855,54234968,1989,0,1
26856,54236968,1973,1,1
26857,54238968,1979,1,1
26858,54240968,2044,0,1
26859,54242968,2075,0,1
26860,54244968,2083,0,1
26861,54246968,2059,0,1
26862,54248968,2029,0,1
26863,54250968,2003,0,1
26864,54252968,1983,0,1
26865,54254968,1979,0,1
26866,54256968,1979,1,1
26867,54258968,1974,1,1
26868,54260968,2067,0,1
26869,54262968,2100,0,1
26870,54264968,2091,0,1
26871,54266968,2073,0,1
26872,54268968,2023,0,1
26873,54270968,2009,0,1
26874,54272968,1981,0,1
26875,54274968,1977,0,1
26876,54276968,1971,1,1
26877,54278968,1979,1,1
26878,54280968,2039,0,1
26879,54282968,2071,0,1
26880,54284968,2072,0,1
26881,54286968,2055,0,1
26882,54288968,2023,0,1
26883,54290968,1999,0,1
26884,54292968,1983,0,1
26885,54294968,1979,0,1
26886,54296968,1967,1,1
26887,54298968,1981,1,1
26888,54300968,2044,0,1
26889,54302968,2086,0,1
26890,54304968,2072,0,1
26891,54306968,2053,0,1
26892,54308968,2023,0,1
26893,54310968,1999,0,1
26894,54312968,1982,0,1
26895,54314968,1983,0,1
26896,54316968,1970,1,1
26897,54318968,1981,1,1
26898,54320968,2023,0,1
26899,54322968,2055,0,1
26900,54324968,2045,0,1
26901,54326968,2045,0,1
26902,54328968,2013,0,1
26903,54330968,2002,0,1
26904,54332968,1992,0,1
26905,54334968,1990,0,1
26906,54336968,1989,1,1
26907,54338968,1943,1,1
26908,54340968,1989,0,1
26909,54342968,2011,0,1
26910,54344968,2035,0,1
26911,54346968,2028,0,1
26912,54348968,2023,0,1
26913,54350968,2013,0,1
26914,54352968,1997,0,1
26915,54354968,1989,0,1
26916,54356968,1992,1,1
26917,54358968,1967,1,1
26918,54360968,1999,0,1
26919,54362968,2031,0,1
26920,54364968,2030,0,1
26921,54366968,2031,0,1
26922,54368968,2023,0,1
26923,54370968,2008,0,1
26924,54372968,2001,0,1
26925,54374968,1988,0,1
26926,54376968,1981,1,1
26927,54378968,1991,1,1
26928,54380968,2022,0,1
26929,54382968,2031,0,1
26930,54384968,2040,0,1
26931,54386968,2031,0,1
26932,54388968,2007,0,1
26933,54390968,1997,0,1
26934,54392968,1993,0,1
26935,54394968,1999,0,1
26936,54396968,1993,1,1
26937,54398968,2068,1,1
26938,54400968,2287,0,1
26939,54402968,2389,0,1
26940,54404968,2343,0,1
26941,54406968,2232,0,1
26942,54408968,2105,0,1
26943,54410968,1999,0,1
26944,54412968,1945,0,1
26945,54414968,1919,0,1
26946,54416968,1927,1,1
26947,54418968,1901,1,1
26948,54420968,1836,0,1
26949,54422968,1829,0,1
26950,54424968,1877,0,1
26951,54426968,1916,0,1
26952,54428968,1973,0,1
26953,54430968,2005,0,1
26954,54432968,2039,0,1
26955,54434968,2037,0,1
26956,54436968,2001,1,1
26957,54438968,1971,1,1
26958,54440968,2009,0,1
26959,54442968,2023,0,1
26960,54444968,2023,0,1
26961,54446968,2013,0,1
26962,54448968,2009,0,1
26963,54450968,1995,0,1
26964,54452968,1997,0,1
26965,54454968,1990,0,1
26966,54456968,1977,1,1
26967,54458968,2005,1,1
26968,54460968,2067,0,1
26969,54462968,2091,0,1
26970,54464968,2084,0,1
26971,54466968,2056,0,1
26972,54468968,2013,0,1
26973,54470968,1992,0,1
26974,54472968,1996,0,1
26975,54474968,1975,0,1
26976,54476968,1966,1,1
26977,54478968,1989,1,1
26978,54480968,2028,0,1
26979,54482968,2065,0,1
26980,54484968,2056,0,1
26981,54486968,2040,0,1
26982,54488968,2009,0,1
26983,54490968,2004,0,1
26984,54492968,1993,0,1
26985,54494968,1989,0,1
26986,54496968,1973,1,1
26987,54498968,1983,1,1
26988,54500968,1996,0,1
26989,54502968,2020,0,1
26990,54504968,2009,0,1
26991,54506968,2011,0,1
26992,54508968,2012,0,1
26993,54510968,2011,0,1
26994,54512968,2005,0,1
26995,54514968,1995,0,1
26996,54516968,1988,1,1
26997,54518968,1993,1,1
26998,54520968,2066,0,1
26999,54522968,2091,0,1
27000,54524968,2069,0,1
27001,54526968,2053,0,1
27002,54528968,2020,0,1
27003,54530968,1997,0,1
27004,54532968,1997,0,1
27005,54534968,1983,0,1
27006,54536968,1973,1,1
27007,54538968,1964,1,1
27008,54540968,2021,0,1
27009,54542968,2065,0,1
27010,54544968,2057,0,1
27011,54546968,2039,0,1
27012,54548968,2009,0,1
27013,54550968,2006,0,1
27014,54552968,2001,0,1
27015,54554968,1977,0,1
27016,54556968,1965,1,1
27017,54558968,1950,1,1
27018,54560968,1992,0,1
27019,54562968,2023,0,1
27020,54564968,2042,0,1
27021,54566968,2031,0,1
27022,54568968,2021,0,1
27023,54570968,2012,0,1
27024,54572968,2008,0,1
27025,54574968,1995,0,1
27026,54576968,1951,1,1
27027,54578968,1941,1,1
27028,54580968,2005,0,1
27029,54582968,2040,0,1
27030,54584968,2055,0,1
27031,54586968,2037,0,1
27032,54588968,2014,0,1
27033,54590968,2008,0,1
27034,54592968,1999,0,1
27035,54594968,1999,0,1
27036,54596968,1963,1,1
27037,54598968,1963,1,1
27038,54600968,2009,0,1
27039,54602968,2045,0,1
27040,54604968,2056,0,1
27041,54606968,2041,0,1
27042,54608968,2021,0,1
27043,54610968,2006,0,1
27044,54612968,2007,0,1
27045,54614968,1982,0,1
27046,54616968,1963,1,1
27047,54618968,1979,1,1
27048,54620968,2029,0,1
27049,54622968,2057,0,1
27050,54624968,2043,0,1
27051,54626968,2027,0,1
27052,54628968,2021,0,1
27053,54630968,2009,0,1
27054,54632968,1995,0,1
27055,54634968,1991,0,1
27056,54636968,1967,1,1
27057,54638968,2021,1,1
27058,54640968,2076,0,1
27059,54642968,2105,0,1
27060,54644968,2085,0,1
27061,54646968,2054,0,1
27062,54648968,2023,0,1
27063,54650968,1993,0,1
27064,54652968,1991,0,1
27065,54654968,1979,0,1
27066,54656968,1972,1,1
27067,54658968,1967,1,1
27068,54660968,2027,0,1
27069,54662968,2065,0,1
27070,54664968,2058,0,1
27071,54666968,2045,0,1
27072,54668968,2020,0,1
27073,54670968,2008,0,1
27074,54672968,1993,0,1
27075,54674968,1990,0,1
27076,54676968,1973,1,1
27077,54678968,2005,1,1
27078,54680968,2040,0,1
27079,54682968,2073,0,1
27080,54684968,2053,0,1
27081,54686968,2040,0,1
27082,54688968,2013,0,1
27083,54690968,1995,0,1
27084,54692968,1989,0,1
27085,54694968,1980,0,1
27086,54696968,1955,1,1
27087,54698968,2003,1,1
27088,54700968,2038,0,1
27089,54702968,2067,0,1
27090,54704968,2063,0,1
27091,54706968,2031,0,1
27092,54708968,2018,0,1
27093,54710968,1993,0,1
27094,54712968,1978,0,1
27095,54714968,1988,0,1
27096,54716968,1958,1,1
27097,54718968,1989,1,1
27098,54720968,2031,0,1
27099,54722968,2059,0,1
27100,54724968,2054,0,1
27101,54726968,2041,0,1
27102,54728968,2013,0,1
27103,54730968,1999,0,1
27104,54732968,1996,0,1
27105,54734968,1977,0,1
27106,54736968,1979,1,1
27107,54738968,1999,1,1
27108,54740968,2019,0,1
27109,54742968,2026,0,1
27110,54744968,2027,0,1
27111,54746968,2021,0,1
27112,54748968,2007,0,1
27113,54750968,2005,0,1
27114,54752968,1992,0,1
27115,54754968,1989,0,1
27116,54756968,1971,1,1
27117,54758968,2041,1,1
27118,54760968,2089,0,1
27119,54762968,2104,0,1
27120,54764968,2083,0,1
27121,54766968,2053,0,1
27122,54768968,2012,0,1
27123,54770968,1991,0,1
27124,54772968,1966,0,1
27125,54774968,1966,0,1
27126,54776968,1949,1,1
27127,54778968,1998,1,1
27128,54780968,2063,0,1
27129,54782968,2085,0,1
27130,54784968,2075,0,1
27131,54786968,2045,0,1
27132,54788968,2021,0,1
27133,54790968,2003,0,1
27134,54792968,1978,0,1
27135,54794968,1975,0,1
27136,54796968,1973,1,1
27137,54798968,2004,1,1
27138,54800968,2067,0,1
27139,54802969,2087,0,1
27140,54804968,2077,0,1
27141,54806968,2054,0,1
27142,54808968,2013,0,1
27143,54810968,1997,0,1
27144,54812968,1981,0,1
27145,54814968,1976,0,1
27146,54816968,1951,1,1
27147,54818968,1975,1,1
27148,54820968,2043,0,1
27149,54822968,2071,0,1
27150,54824968,2067,0,1
27151,54826968,2037,0,1
27152,54828968,2015,0,1
27153,54830968,2007,0,1
27154,54832968,1994,0,1
27155,54834968,1979,0,1
27156,54836968,1947,1,1
27157,54838968,1995,0,1
27158,54840968,2037,0,1
27159,54842969,2057,0,1
27160,54844968,2060,0,1
27161,54846968,2039,0,1
27162,54848968,2013,0,1
27163,54850968,2002,0,1
27164,54852968,1988,0,1
27165,54854968,1979,0,1
27166,54856968,1951,1,1
27167,54858968,1979,0,1
27168,54860968,2022,0,1
27169,54862968,2038,0,1
27170,54864968,2045,0,1
27171,54866968,2031,0,1
27172,54868968,2011,0,1
27173,54870968,2009,0,1
27174,54872968,1993,0,1
27175,54874968,1983,0,1
27176,54876968,1975,1,1
27177,54878968,1975,0,1
27178,54880968,2010,0,1
27179,54882969,2031,0,1
27180,54884968,2031,0,1
27181,54886968,2024,0,1
27182,54888968,2004,0,1
27183,54890968,2005,0,1
27184,54892968,1998,0,1
27185,54894968,1988,0,1
27186,54896968,1973,1,1
27187,54898968,2011,0,1
27188,54900968,2059,0,1
27189,54902968,2063,0,1
27190,54904968,2060,0,1
27191,54906968,2029,0,1
27192,54908968,2015,0,1
27193,54910968,2003,0,1
27194,54912968,1983,0,1
27195,54914968,1980,0,1
27196,54916968,1943,1,1
27197,54918968,1982,0,1
27198,54920968,2045,0,1
27199,54922969,2063,0,1
27200,54924968,2057,0,1
27201,54926968,2043,0,1
27202,54928968,2015,0,1
27203,54930968,2010,0,1
27204,54932968,1979,0,1
27205,54934968,1989,0,1
27206,54936968,1957,1,1
27207,54938968,1993,0,1
27208,54940968,2059,0,1
27209,54942968,2072,0,1
27210,54944968,2077,0,1
27211,54946968,2055,0,1
27212,54948968,2015,0,1
27213,54950968,2007,0,1
27214,54952968,1979,0,1
27215,54954968,1980,0,1
27216,54956968,1959,1,1
27217,54958968,2009,0,1
27218,54960968,2069,0,1
27219,54962969,2079,0,1
27220,54964968,2073,0,1
27221,54966968,2043,0,1
27222,54968968,2014,0,1
27223,54970968,2001,0,1
27224,54972968,1993,0,1
27225,54974968,1981,0,1
27226,54976968,1981,1,1
27227,54978968,2019,0,1
27228,54980968,2067,0,1
27229,54982968,2057,0,1
27230,54984968,2042,0,1
27231,54986968,2011,0,1
27232,54988968,2003,0,1
27233,54990968,2003,0,1
27234,54992968,1983,0,1
27235,54994968,1995,0,1
27236,54996968,1976,1,1
27237,54998968,2005,0,1
27238,55000968,2052,0,1
27239,55002969,2059,0,1
27240,55004968,2043,0,1
27241,55006968,2031,0,1
27242,55008968,2003,0,1
27243,55010968,1999,0,1
27244,55012968,1983,0,1
27245,55014968,1991,0,1
27246,55016968,1967,1,1
27247,55018968,1992,0,1
27248,55020968,2055,0,1
27249,55022968,2063,0,1
27250,55024968,2056,0,1
27251,55026968,2036,0,1
27252,55028968,2013,0,1
27253,55030968,2012,0,1
27254,55032968,1993,0,1
27255,55034968,1989,0,1
27256,55036968,1971,1,1
27257,55038968,2009,0,1
27258,55040968,2059,0,1
27259,55042969,2075,0,1
27260,55044968,2047,0,1
27261,55046968,2037,0,1
27262,55048968,2013,0,1
27263,55050968,2003,0,1
27264,55052968,1981,0,1
27265,55054968,1989,0,1
27266,55056968,1971,1,1
27267,55058968,2023,0,1
27268,55060968,2073,0,1
27269,55062968,2075,0,1
27270,55064968,2057,0,1
27271,55066968,2031,0,1
27272,55068968,2004,0,1
27273,55070968,1999,0,1
27274,55072968,1989,0,1
27275,55074968,1988,0,1
27276,55076968,1973,1,1
27277,55078968,2002,0,1
27278,55080968,2028,0,1
27279,55082969,2029,0,1
27280,55084968,2025,0,1
27281,55086968,2019,0,1
27282,55088968,2003,0,1
27283,55090968,2015,0,1
27284,55092968,2006,0,1
27285,55094968,1995,0,1
27286,55096968,1991,1,1
27287,55098968,2187,0,1
27288,55100968,2389,0,1
27289,55102968,2403,0,1
27290,55104968,2310,0,1
27291,55106968,2169,0,1
27292,55108968,2041,0,1
27293,55110968,1955,0,1
27294,55112968,1912,0,1
27295,55114968,1915,0,1
27296,55116968,1896,1,1
27297,55118968,1844,0,1
27298,55120968,1812,0,1
27299,55122969,1845,0,1
27300,55124968,1915,0,1
27301,55126968,1961,0,1
27302,55128968,1996,0,1
27303,55130968,2021,0,1
27304,55132968,2037,0,1
27305,55134968,2031,0,1
27306,55136968,2005,1,1
27307,55138968,2008,0,1
27308,55140968,2021,0,1
27309,55142968,2023,0,1
27310,55144968,2019,0,1
27311,55146968,2009,0,1
27312,55148968,1995,0,1
27313,55150968,1999,0,1
27314,55152968,1998,0,1
27315,55154968,1995,0,1
27316,55156968,1987,1,1
27317,55158968,2034,0,1
27318,55160968,2075,0,1
27319,55162969,2089,0,1
27320,55164968,2063,0,1
27321,55166968,2031,0,1
27322,55168968,1996,0,1
27323,55170968,1983,0,1
27324,55172968,1978,0,1
27325,55174968,1976,0,1
27326,55176968,1989,1,1
27327,55178968,2031,0,1
27328,55180968,2083,0,1
27329,55182968,2089,0,1
27330,55184968,2071,0,1
27331,55186968,2038,0,1
27332,55188968,2005,0,1
27333,55190968,1994,0,1
27334,55192968,1988,0,1
27335,55194968,1992,0,1
27336,55196968,1967,1,1
27337,55198968,2011,0,1
27338,55200968,2055,0,1
27339,55202969,2066,0,1
27340,55204968,2052,0,1
27341,55206968,2037,0,1
27342,55208968,2011,0,1
27343,55210968,1996,0,1
27344,55212968,1990,0,1
27345,55214968,1990,0,1
27346,55216968,2275,1,1
27347,55218968,3416,0,1
27348,55220968,4095,0,0
27349,55222968,4026,0,1
27350,55224968,3285,0,1
27351,55226968,2613,0,1
27352,55228968,2085,0,1
27353,55230968,1755,0,1
27354,55232968,1625,0,1
27355,55234968,1635,0,1
27356,55236968,1714,1,1
27357,55238968,1897,0,1
27358,55240968,2033,0,1
27359,55242969,2126,0,1
27360,55244968,2141,0,1
27361,55246968,2107,0,1
27362,55248968,2063,0,1
27363,55250968,2025,0,1
27364,55252968,1992,0,1
27365,55254968,1981,1,1
27366,55256968,1935,1,1
27367,55258968,1995,0,1
27368,55260968,2065,0,1
27369,55262968,2063,0,1
27370,55264968,2059,0,1
27371,55266968,2029,0,1
27372,55268968,2008,0,1
27373,55270968,2003,0,1
27374,55272968,1990,0,1
27375,55274968,1976,0,1
27376,55276968,1964,1,1
27377,55278968,2011,0,1
27378,55280968,2063,0,1
27379,55282969,2085,0,1
27380,55284968,2065,0,1
27381,55286968,2025,0,1
27382,55288968,2005,0,1
27383,55290968,1983,0,1
27384,55292968,1978,0,1
27385,55294968,1977,0,1
27386,55296968,1991,1,1
27387,55298968,2023,0,1
27388,55300968,2040,0,1
27389,55302968,2035,0,1
27390,55304968,2027,0,1
27391,55306968,2007,0,1
27392,55308968,2003,0,1
27393,55310968,1994,0,1
27394,55312968,1991,0,1
27395,55314968,1980,0,1
27396,55316968,1930,1,1
27397,55318968,1976,0,1
27398,55320968,2027,0,1
27399,55322969,2041,0,1
27400,55324968,2053,0,1
27401,55326968,2027,0,1
27402,55328968,2013,0,1
27403,55330968,2008,0,1
27404,55332968,1991,0,1
27405,55334968,1991,0,1
27406,55336968,1989,1,1
27407,55338968,2008,0,1
27408,55340968,2024,0,1
27409,55342968,2037,0,1
27410,55344968,2027,0,1
27411,55346968,2009,0,1
27412,55348968,2003,0,1
27413,55350968,1995,0,1
27414,55352968,1983,0,1
27415,55354968,1983,0,1
27416,55356968,1963,1,1
27417,55358968,2008,0,1
27418,55360968,2045,0,1
27419,55362969,2065,0,1
27420,55364968,2053,0,1
27421,55366968,2023,0,1
27422,55368968,2007,0,1
27423,55370968,1995,0,1
27424,55372968,1979,0,1
27425,55374968,1991,0,1
27426,55376968,1950,1,1
27427,55378968,2005,0,1
27428,55380968,2041,0,1
27429,55382968,2059,0,1
27430,55384968,2065,0,1
27431,55386968,2037,0,1
27432,55388968,2008,0,1
27433,55390968,1989,0,1
27434,55392968,1991,0,1
27435,55394968,1980,0,1
27436,55396968,1957,1,1
27437,55398968,2009,0,1
27438,55400968,2040,0,1
27439,55402969,2053,0,1
27440,55404968,2035,0,1
27441,55406968,2023,0,1
27442,55408968,2001,0,1
27443,55410968,1991,0,1
27444,55412968,1992,0,1
27445,55414968,1988,0,1
27446,55416968,1964,1,1
27447,55418968,2040,0,1
27448,55420968,2090,0,1
27449,55422968,2096,0,1
27450,55424968,2072,0,1
27451,55426968,2032,0,1
27452,55428968,2007,0,1
27453,55430968,1981,0,1
27454,55432968,1971,0,1
27455,55434968,1983,0,1
27456,55436968,1947,1,1
27457,55438968,2019,0,1
27458,55440968,2078,0,1
27459,55442969,2077,0,1
27460,55444968,2059,0,1
27461,55446968,2029,0,1
27462,55448968,2004,0,1
27463,55450968,2007,0,1
27464,55452968,1979,0,1
27465,55454968,1979,0,1
27466,55456968,1967,1,1
27467,55458968,2037,0,1
27468,55460968,2093,0,1
27469,55462968,2093,0,1
27470,55464968,2063,0,1
27471,55466968,2023,0,1
27472,55468968,2004,0,1
27473,55470968,1991,0,1
27474,55472968,1981,0,1
27475,55474968,1977,0,1
27476,55476968,1970,1,1
27477,55478968,2015,0,1
27478,55480968,2067,0,1
27479,55482969,2072,0,1
27480,55484968,2044,0,1
27481,55486968,2023,0,1
27482,55488968,2003,0,1
27483,55490968,1996,0,1
27484,55492968,1978,0,1
27485,55494968,1983,0,1
27486,55496968,1939,1,1
27487,55498968,1983,0,1
27488,55500968,2023,0,1
27489,55502968,2043,0,1
27490,55504968,2039,0,1
27491,55506968,2026,0,1
27492,55508968,2011,0,1
27493,55510968,2007,0,1
27494,55512968,1991,0,1
27495,55514968,1993,0,1
27496,55516968,1981,1,1
27497,55518968,2015,0,1
27498,55520968,2059,0,1
27499,55522968,2055,0,1
27500,55524968,2056,0,1
27501,55526968,2023,0,1
27502,55528968,2005,0,1
27503,55530968,2006,0,1
27504,55532968,1980,0,1
27505,55534968,1995,1,1
27506,55536968,1992,1,1
27507,55538968,2029,0,1
27508,55540968,2072,0,1
27509,55542968,2068,0,1
27510,55544968,2042,0,1
27511,55546968,2023,0,1
27512,55548968,1997,0,1
27513,55550968,1989,0,1
27514,55552968,1981,0,1
27515,55554968,1975,1,1
27516,55556968,1980,1,1
27517,55558968,2023,0,1
27518,55560968,2066,0,1
27519,55562969,2057,0,1
27520,55564968,2053,0,1
27521,55566968,2023,0,1
27522,55568968,2004,0,1
27523,55570968,2004,0,1
27524,55572968,1994,0,1
27525,55574968,1976,1,1
27526,55576968,1981,1,1
27527,55578968,2023,0,1
27528,55580968,2063,0,1
27529,55582968,2063,0,1
27530,55584968,2045,0,1
27531,55586968,2022,0,1
27532,55588968,2006,0,1
27533,55590968,1993,0,1
27534,55592968,1990,0,1
27535,55594968,1980,1,1
27536,55596968,1965,1,1
27537,55598968,2024,0,1
27538,55600968,2065,0,1
27539,55602969,2069,0,1
27540,55604968,2054,0,1
27541,55606968,2023,0,1
27542,55608968,2008,0,1
27543,55610968,1992,0,1
27544,55612968,1989,0,1
27545,55614968,1975,1,1
27546,55616968,1967,1,1
27547,55618968,2027,0,1
27548,55620968,2079,0,1
27549,55622968,2078,0,1
27550,55624968,2063,0,1
27551,55626968,2024,0,1
27552,55628968,1998,0,1
27553,55630968,2002,0,1
27554,55632968,1989,0,1
27555,55634968,1991,1,1
27556,55636968,1971,1,1
27557,55638968,2037,0,1
27558,55640968,2072,0,1
27559,55642969,2076,0,1
27560,55644968,2057,0,1
27561,55646968,2026,0,1
27562,55648968,2010,0,1
27563,55650968,1994,0,1
27564,55652968,1977,0,1
27565,55654968,1995,1,1
27566,55656968,1975,1,1
27567,55658968,2018,0,1
27568,55660968,2042,0,1
27569,55662968,2057,0,1
27570,55664968,2045,0,1
27571,55666968,2025,0,1
27572,55668968,2003,0,1
27573,55670968,1993,0,1
27574,55672968,1993,0,1
27575,55674968,1990,1,1
27576,55676968,1979,1,1
27577,55678968,2042,0,1
27578,55680968,2070,0,1
27579,55682969,2072,0,1
27580,55684968,2039,0,1
27581,55686968,2013,0,1
27582,55688968,1995,0,1
27583,55690968,1982,0,1
27584,55692968,1977,0,1
27585,55694968,1982,1,1
27586,55696968,1959,1,1
27587,55698968,2023,0,1
27588,55700968,2067,0,1
27589,55702968,2069,0,1
27590,55704968,2043,0,1
27591,55706968,2021,0,1
27592,55708968,2008,0,1
27593,55710968,1995,0,1
27594,55712968,1979,0,1
27595,55714968,1973,1,1
27596,55716968,1995,1,1
27597,55718968,2036,0,1
27598,55720968,2074,0,1
27599,55722969,2069,0,1
27600,55724968,2039,0,1
27601,55726968,2013,0,1
27602,55728968,2005,0,1
27603,55730968,1991,0,1
27604,55732968,1989,0,1
27605,55734968,1991,1,1
27606,55736968,1957,1,1
27607,55738968,2019,0,1
27608,55740968,2054,0,1
27609,55742968,2058,0,1
27610,55744968,2042,0,1
27611,55746968,2025,0,1
27612,55748968,2009,0,1
27613,55750968,1992,0,1
27614,55752968,1983,0,1
27615,55754968,1982,1,1
27616,55756968,1979,1,1
27617,55758968,2039,0,1
27618,55760968,2079,0,1
27619,55762969,2073,0,1
27620,55764968,2059,0,1
27621,55766968,2021,0,1
27622,55768968,2002,0,1
27623,55770968,1992,0,1
27624,55772968,1988,0,1
27625,55774968,1992,1,1
27626,55776968,1991,1,1
27627,55778968,2013,0,1
27628,55780968,2039,0,1
27629,55782968,2040,0,1
27630,55784968,2027,0,1
27631,55786968,2019,0,1
27632,55788968,2009,0,1
27633,55790968,1996,0,1
27634,55792968,1993,0,1
27635,55794968,1988,1,1
27636,55796968,1995,1,1
27637,55798968,2100,0,1
27638,55800968,2147,0,1
27639,55802969,2137,0,1
27640,55804968,2095,0,1
27641,55806968,2043,0,1
27642,55808968,2007,0,1
27643,55810968,1989,0,1
27644,55812968,1977,0,1
27645,55814968,1983,1,1
27646,55816968,2009,1,1
27647,55818968,2136,0,1
27648,55820968,2181,0,1
27649,55822968,2157,0,1
27650,55824968,2104,0,1
27651,55826968,2039,0,1
27652,55828968,1992,0,1
27653,55830968,1955,0,1
27654,55832968,1948,0,1
27655,55834968,1944,1,1
27656,55836968,1961,1,1
27657,55838968,1979,0,1
27658,55840968,2006,0,1
27659,55842969,2015,0,1
27660,55844968,2013,0,1
27661,55846968,2010,0,1
27662,55848968,2003,0,1
27663,55850968,1999,0,1
27664,55852968,1999,0,1
27665,55854968,1991,1,1
27666,55856968,2584,1,1
27667,55858968,3653,0,1
27668,55860968,3990,0,1
27669,55862968,3537,0,1
27670,55864968,2907,0,1
27671,55866968,2335,0,1
27672,55868968,1915,0,1
27673,55870968,1715,0,1
27674,55872968,1657,0,1
27675,55874968,1686,1,1
27676,55876968,1798,1,1
27677,55878968,1944,0,1
27678,55880968,2054,0,1
27679,55882969,2111,0,1
27680,55884968,2109,0,1
27681,55886968,2085,0,1
27682,55888968,2043,0,1
27683,55890968,2009,0,1
27684,55892968,1979,0,1
27685,55894968,1957,1,1
27686,55896968,1945,1,1
27687,55898968,2025,1,1
27688,55900968,2045,0,1
27689,55902968,2068,0,1
27690,55904968,2041,0,1
27691,55906968,2028,0,1
27692,55908968,2011,0,1
27693,55910968,1991,0,1
27694,55912968,1981,0,1
27695,55914968,1971,1,1
27696,55916968,1971,1,1
27697,55918968,2025,0,1
27698,55920968,2059,0,1
27699,55922969,2069,0,1
27700,55924968,2039,0,1
27701,55926968,2028,0,1
27702,55928968,2013,0,1
27703,55930968,1983,0,1
27704,55932968,1983,0,1
27705,55934968,1963,1,1
27706,55936968,1975,1,1
27707,55938968,2033,0,1
27708,55940968,2058,0,1
27709,55942968,2059,0,1
27710,55944968,2041,0,1
27711,55946968,2021,0,1
27712,55948968,2011,0,1
27713,55950968,1993,0,1
27714,55952968,1983,0,1
27715,55954968,1995,1,1
27716,55956968,1997,1,1
27717,55958968,2040,0,1
27718,55960968,2036,0,1
27719,55962969,2029,0,1
27720,55964968,2023,0,1
27721,55966968,2008,0,1
27722,55968968,2001,0,1
27723,55970968,1991,0,1
27724,55972968,1992,0,1
27725,55974968,1992,1,1
27726,55976968,1973,1,1
27727,55978968,2041,0,1
27728,55980968,2063,0,1
27729,55982968,2063,0,1
27730,55984968,2036,0,1
27731,55986968,2012,0,1
27732,55988968,2008,0,1
27733,55990968,1981,0,1
27734,55992968,1983,0,1
27735,55994968,1973,1,1
27736,55996968,1960,1,1
27737,55998968,2025,0,1
27738,56000968,2041,0,1
27739,56002969,2057,0,1
27740,56004968,2031,0,1
27741,56006968,2018,0,1
27742,56008968,2007,0,1
27743,56010968,1991,0,1
27744,56012968,1981,0,1
27745,56014968,1967,1,1
27746,56016968,1997,1,1
27747,56018968,2059,0,1
27748,56020968,2083,0,1
27749,56022968,2072,0,1
27750,56024968,2045,0,1
27751,56026968,2019,0,1
27752,56028968,2011,0,1
27753,56030968,1984,0,1
27754,56032968,1976,0,1
27755,56034968,1957,1,1
27756,56036968,1951,1,1
27757,56038968,2025,0,1
27758,56040968,2054,0,1
27759,56042969,2065,0,1
27760,56044968,2043,0,1
27761,56046968,2024,0,1
27762,56048968,2012,0,1
27763,56050968,1993,0,1
27764,56052968,1980,0,1
27765,56054968,1951,1,1
27766,56056968,1948,1,1
27767,56058968,2007,0,1
27768,56060968,2019,0,1
27769,56062968,2025,0,1
27770,56064968,2025,0,1
27771,56066968,2013,0,1
27772,56068968,2009,0,1
27773,56070968,1995,0,1
27774,56072968,1989,0,1
27775,56074968,1989,1,1
27776,56076968,1982,1,1
27777,56078968,2065,0,1
27778,56080968,2086,0,1
27779,56082969,2077,0,1
27780,56084968,2065,0,1
27781,56086968,2022,0,1
27782,56088968,2002,0,1
27783,56090968,1982,0,1
27784,56092968,1971,0,1
27785,56094968,1959,1,1
27786,56096968,1995,1,1
27787,56098968,2059,0,1
27788,56100968,2077,0,1
27789,56102968,2073,0,1
27790,56104968,2043,0,1
27791,56106968,2022,0,1
27792,56108968,1999,0,1
27793,56110968,1983,0,1
27794,56112968,1977,0,1
27795,56114968,1964,1,1
27796,56116968,1963,1,1
27797,56118968,2001,0,1
27798,56120968,2028,0,1
27799,56122969,2035,0,1
27800,56124968,2034,0,1
27801,56126968,2019,0,1
27802,56128968,2011,0,1
27803,56130968,1990,0,1
27804,56132968,1994,0,1
27805,56134968,1984,1,1
27806,56136968,2004,1,1
27807,56138968,2069,0,1
27808,56140968,2089,0,1
27809,56142968,2083,0,1
27810,56144968,2043,0,1
27811,56146968,2015,0,1
27812,56148968,1996,0,1
27813,56150968,1979,0,1
27814,56152968,1984,0,1
27815,56154968,1951,1,1
27816,56156968,1989,1,1
27817,56158968,2035,0,1
27818,56160968,2063,0,1
27819,56162969,2059,0,1
27820,56164968,2032,0,1
27821,56166968,2015,0,1
27822,56168968,2007,0,1
27823,56170968,1992,0,1
27824,56172968,1981,0,1
27825,56174968,1975,1,1
27826,56176968,1975,1,1
27827,56178968,2027,0,1
27828,56180968,2056,0,1
27829,56182968,2059,0,1
27830,56184968,2041,0,1
27831,56186968,2011,0,1
27832,56188968,2009,0,1
27833,56190968,1992,0,1
27834,56192968,1982,0,1
27835,56194968,1963,1,1
27836,56196968,1963,1,1
27837,56198968,2027,0,1
27838,56200968,2057,0,1
27839,56202969,2063,0,1
27840,56204968,2031,0,1
27841,56206968,2009,0,1
27842,56208968,2008,0,1
27843,56210968,1997,0,1
27844,56212968,1989,0,1
27845,56214968,1970,1,1
27846,56216968,1980,1,1
27847,56218968,2005,0,1
27848,56220968,2021,0,1
27849,56222968,2031,0,1
27850,56224968,2015,0,1
27851,56226968,2004,0,1
27852,56228968,1995,0,1
27853,56230968,1993,0,1
27854,56232968,1993,0,1
27855,56234968,1973,1,1
27856,56236968,1977,1,1
27857,56238968,2031,0,1
27858,56240968,2043,0,1
27859,56242969,2055,0,1
27860,56244968,2031,0,1
27861,56246968,2021,0,1
27862,56248968,1995,0,1
27863,56250968,1995,0,1
27864,56252968,1995,0,1
27865,56254968,1975,1,1
27866,56256968,1995,1,1
27867,56258968,2073,0,1
27868,56260968,2087,0,1
27869,56262968,2085,0,1
27870,56264968,2058,0,1
27871,56266968,2015,0,1
27872,56268968,1999,0,1
27873,56270968,1976,0,1
27874,56272968,1971,0,1
27875,56274968,1961,1,1
27876,56276968,1963,1,1
27877,56278968,2040,0,1
27878,56280968,2075,0,1
27879,56282969,2080,0,1
27880,56284968,2043,0,1
27881,56286968,2027,0,1
27882,56288968,1999,0,1
27883,56290968,1992,0,1
27884,56292968,1975,0,1
27885,56294968,1955,1,1
27886,56296968,1977,1,1
27887,56298968,2044,0,1
27888,56300968,2079,0,1
27889,56302968,2079,0,1
27890,56304968,2045,0,1
27891,56306968,2027,0,1
27892,56308968,2003,0,1
27893,56310968,1993,0,1
27894,56312968,1976,0,1
27895,56314968,1966,1,1
27896,56316968,1973,1,1
27897,56318968,2015,0,1
27898,56320968,2053,0,1
27899,56322969,2058,0,1
27900,56324968,2030,0,1
27901,56326968,2021,0,1
27902,56328968,2003,0,1
27903,56330968,1993,0,1
27904,56332968,1995,0,1
27905,56334968,1989,1,1
27906,56336968,1983,1,1
27907,56338968,2023,0,1
27908,56340968,2039,0,1
27909,56342968,2031,0,1
27910,56344968,2020,0,1
27911,56346968,2013,0,1
27912,56348968,2003,0,1
27913,56350968,1991,0,1
27914,56352968,1982,0,1
27915,56354968,1940,1,1
27916,56356968,1933,1,1
27917,56358968,1979,0,1
27918,56360968,2012,0,1
27919,56362969,2037,0,1
27920,56364968,2023,0,1
27921,56366968,2022,0,1
27922,56368968,2006,0,1
27923,56370968,2007,0,1
27924,56372968,2005,0,1
27925,56374968,1979,1,1
27926,56376968,2011,1,1
27927,56378968,2069,0,1
27928,56380968,2084,0,1
27929,56382968,2072,0,1
27930,56384968,2039,0,1
27931,56386968,2006,0,1
27932,56388968,1992,0,1
27933,56390968,1991,0,1
27934,56392968,1992,0,1
27935,56394968,1963,1,1
27936,56396968,1977,1,1
27937,56398968,2025,0,1
27938,56400968,2039,0,1
27939,56402969,2058,0,1
27940,56404968,2027,0,1
27941,56406968,2020,0,1
27942,56408968,2008,0,1
27943,56410968,1992,0,1
27944,56412968,1994,0,1
27945,56414968,1989,1,1
27946,56416968,2013,0,1
27947,56418968,2061,0,1
27948,56420968,2079,0,1
27949,56422968,2063,0,1
27950,56424968,2041,0,1
27951,56426968,2013,0,1
27952,56428968,2001,0,1
27953,56430968,1982,0,1
27954,56432968,1983,0,1
27955,56434968,1956,1,1
27956,56436968,1977,0,1
27957,56438968,2057,0,1
27958,56440968,2075,0,1
27959,56442969,2079,0,1
27960,56444968,2040,0,1
27961,56446968,2025,0,1
27962,56448968,2015,0,1
27963,56450968,1989,0,1
27964,56452968,1979,0,1
27965,56454968,1950,1,1
27966,56456968,2003,0,1
27967,56458968,2073,0,1
27968,56460968,2079,0,1
27969,56462968,2073,0,1
27970,56464968,2041,0,1
27971,56466968,2015,0,1
27972,56468968,2003,0,1
27973,56470968,1993,0,1
27974,56472968,1975,0,1
27975,56474968,1960,1,1
27976,56476968,1981,0,1
27977,56478968,2039,0,1
27978,56480968,2065,0,1
27979,56482969,2063,0,1
27980,56484968,2037,0,1
27981,56486968,2021,0,1
27982,56488968,2009,0,1
27983,56490968,1993,0,1
27984,56492968,1981,0,1
27985,56494968,1971,1,1
27986,56496968,1989,0,1
27987,56498968,2037,0,1
27988,56500968,2045,0,1
27989,56502968,2037,0,1
27990,56504968,2021,0,1
27991,56506968,2003,0,1
27992,56508968,2013,0,1
27993,56510968,1994,0,1
27994,56512968,1983,0,1
27995,56514968,1959,1,1
27996,56516968,2079,0,1
27997,56518968,2249,0,1
27998,56520968,2281,0,1
27999,56522968,2233,0,1
28000,56524968,2141,0,1
28001,56526968,2066,0,1
28002,56528968,2006,0,1
28003,56530968,1951,0,1
28004,56532968,1951,0,1
28005,56534968,1929,1,1
28006,56536968,1871,0,1
28007,56538968,1829,0,1
28008,56540968,1832,0,1
28009,56542968,1879,0,1
28010,56544968,1933,0,1
28011,56546968,1989,0,1
28012,56548968,2017,0,1
28013,56550968,2035,0,1
28014,56552968,2014,0,1
28015,56554968,1991,1,1
28016,56556968,1979,0,1
28017,56558968,2019,0,1
28018,56560968,2013,0,1
28019,56562969,2013,0,1
28020,56564968,2005,0,1
28021,56566968,1996,0,1
28022,56568968,2006,0,1
28023,56570968,1984,0,1
28024,56572968,1997,0,1
28025,56574968,1944,1,1
28026,56576968,1957,0,1
28027,56578968,1991,0,1
28028,56580968,2014,0,1
28029,56582968,2027,0,1
28030,56584968,2021,0,1
28031,56586968,2008,0,1
28032,56588968,2009,0,1
28033,56590968,1995,0,1
28034,56592968,2003,0,1
28035,56594968,1945,1,1
28036,56596968,1990,0,1
28037,56598968,2045,0,1
28038,56600968,2067,0,1
28039,56602969,2059,0,1
28040,56604968,2031,0,1
28041,56606968,2013,0,1
28042,56608968,2011,0,1
28043,56610968,1993,0,1
28044,56612968,1990,0,1
28045,56614968,1975,1,1
28046,56616968,2018,0,1
28047,56618968,2076,0,1
28048,56620968,2089,0,1
28049,56622968,2069,0,1
28050,56624968,2041,0,1
28051,56626968,2013,0,1
28052,56628968,2004,0,1
28053,56630968,1984,0,1
28054,56632968,1981,0,1
28055,56634968,1939,1,1
28056,56636968,1980,0,1
28057,56638968,2031,0,1
28058,56640968,2060,0,1
28059,56642969,2057,0,1
28060,56644968,2037,0,1
28061,56646968,2015,0,1
28062,56648968,2006,0,1
28063,56650968,1989,0,1
28064,56652968,1983,0,1
28065,56654968,1952,1,1
28066,56656968,1993,0,1
28067,56658968,2031,0,1
28068,56660968,2054,0,1
28069,56662968,2043,0,1
28070,56664968,2027,0,1
28071,56666968,2009,0,1
28072,56668968,1993,0,1
28073,56670968,1981,0,1
28074,56672968,1997,0,1
28075,56674968,1961,1,1
28076,56676968,1965,0,1
28077,56678968,2005,0,1
28078,56680968,2031,0,1
28079,56682969,2044,0,1
28080,56684968,2028,0,1
28081,56686968,2010,0,1
28082,56688968,2007,0,1
28083,56690968,2003,0,1
28084,56692968,1997,0,1
28085,56694968,1976,1,1
28086,56696968,2008,0,1
28087,56698968,2038,0,1
28088,56700968,2057,0,1
28089,56702968,2045,0,1
28090,56704968,2029,0,1
28091,56706968,2012,0,1
28092,56708968,1994,0,1
28093,56710968,1982,0,1
28094,56712968,1990,0,1
28095,56714968,1939,1,1
28096,56716968,1959,0,1
28097,56718968,2004,0,1
28098,56720968,2019,0,1
28099,56722969,2025,0,1
28100,56724968,2021,0,1
28101,56726968,2013,0,1
28102,56728968,2014,0,1
28103,56730968,2005,0,1
28104,56732968,1996,0,1
28105,56734968,1962,1,1
28106,56736968,1989,0,1
28107,56738968,2030,0,1
28108,56740968,2044,0,1
28109,56742968,2057,0,1
28110,56744968,2029,0,1
28111,56746968,2009,0,1
28112,56748968,1997,0,1
28113,56750968,1994,0,1
28114,56752968,1984,0,1
28115,56754968,1960,1,1
28116,56756968,1993,0,1
28117,56758968,2039,0,1
28118,56760968,2059,0,1
28119,56762969,2063,0,1
28120,56764968,2038,0,1
28121,56766968,2019,0,1
28122,56768968,2003,0,1
28123,56770968,1981,0,1
28124,56772968,1995,0,1
28125,56774968,1955,1,1
28126,56776968,2023,1,1
28127,56778968,2053,0,1
28128,56780968,2071,0,1
28129,56782968,2065,0,1
28130,56784968,2028,0,1
28131,56786968,2007,0,1
28132,56788968,1997,0,1
28133,56790968,1989,0,1
28134,56792968,1981,0,1
28135,56794968,1940,1,1
28136,56796968,1989,0,1
28137,56798968,2020,0,1
28138,56800968,2036,0,1
28139,56802969,2039,0,1
28140,56804968,2023,0,1
28141,56806968,2009,0,1
28142,56808968,2003,0,1
28143,56810968,1992,0,1
28144,56812968,1993,0,1
28145,56814968,1989,1,1
28146,56816968,2009,0,1
28147,56818968,2024,0,1
28148,56820968,2031,0,1
28149,56822968,2027,0,1
28150,56824968,2012,0,1
28151,56826968,1999,0,1
28152,56828968,1997,0,1
28153,56830968,1996,0,1
28154,56832968,1991,0,1
28155,56834968,1957,1,1
28156,56836968,1999,0,1
28157,56838968,2011,0,1
28158,56840968,2022,0,1
28159,56842969,2027,0,1
28160,56844968,2005,0,1
28161,56846968,2009,0,1
28162,56848968,2001,0,1
28163,56850968,1989,0,1
28164,56852968,1997,0,1
28165,56854968,1971,1,1
28166,56856968,1997,0,1
28167,56858968,2014,0,1
28168,56860968,2028,0,1
28169,56862968,2021,0,1
28170,56864968,2023,0,1
28171,56866968,2005,0,1
28172,56868968,2003,0,1
28173,56870968,1988,0,1
28174,56872968,1991,0,1
28175,56874968,1980,1,1
28176,56876968,2021,0,1
28177,56878968,2037,0,1
28178,56880968,2045,0,1
28179,56882969,2037,0,1
28180,56884968,2020,0,1
28181,56886968,2001,0,1
28182,56888968,2003,0,1
28183,56890968,1983,0,1
28184,56892968,1995,0,1
28185,56894968,1951,1,1
28186,56896968,1993,0,1
28187,56898968,2027,0,1
28188,56900968,2043,0,1
28189,56902968,2031,0,1
28190,56904968,2022,0,1
28191,56906968,2028,0,1
28192,56908968,2007,0,1
28193,56910968,1993,0,1
28194,56912968,1989,0,1
28195,56914968,1971,1,1
28196,56916968,2010,0,1
28197,56918968,2037,0,1
28198,56920968,2043,0,1
28199,56922969,2039,0,1
28200,56924968,2022,0,1
28201,56926968,2013,0,1
28202,56928968,2003,0,1
28203,56930968,1993,0,1
28204,56932968,1983,0,1
28205,56934968,1942,1,1
28206,56936968,1997,0,1
28207,56938968,2039,0,1
28208,56940968,2057,0,1
28209,56942968,2056,0,1
28210,56944968,2024,0,1
28211,56946968,2015,0,1
28212,56948968,2003,0,1
28213,56950968,1991,0,1
28214,56952968,1983,0,1
28215,56954968,1968,1,1
28216,56956968,2013,0,1
28217,56958968,2043,0,1
28218,56960968,2065,0,1
28219,56962969,2053,0,1
28220,56964968,2024,0,1
28221,56966968,2020,0,1
28222,56968968,1997,0,1
28223,56970968,1992,0,1
28224,56972968,1990,0,1
28225,56974968,1955,1,1
28226,56976968,1999,0,1
28227,56978968,2025,0,1
28228,56980968,2044,0,1
28229,56982968,2038,0,1
28230,56984968,2023,0,1
28231,56986968,2013,0,1
28232,56988968,2001,0,1
28233,56990968,1997,0,1
28234,56992968,1995,0,1
28235,56994968,1911,1,1
28236,56996968,1933,0,1
28237,56998968,1949,0,1
28238,57000968,1973,0,1
28239,57002969,2009,0,1
28240,57004968,2009,0,1
28241,57006968,2026,0,1
28242,57008968,2011,0,1
28243,57010968,2018,0,1
28244,57012968,2003,0,1
28245,57014968,1949,1,1
28246,57016968,2007,0,1
28247,57018968,2042,0,1
28248,57020968,2054,0,1
28249,57022968,2043,0,1
28250,57024968,2024,0,1
28251,57026968,2023,0,1
28252,57028968,1999,0,1
28253,57030968,1994,0,1
28254,57032968,1992,0,1
28255,57034968,1957,1,1
28256,57036968,1973,0,1
28257,57038968,1982,0,1
28258,57040968,2005,0,1
28259,57042969,2021,0,1
28260,57044968,2009,0,1
28261,57046968,2020,0,1
28262,57048968,2008,0,1
28263,57050968,2003,0,1
28264,57052968,1997,0,1
28265,57054968,1976,1,1
28266,57056968,2003,0,1
28267,57058968,2029,0,1
28268,57060968,2042,0,1
28269,57062968,2035,0,1
28270,57064968,2019,0,1
28271,57066968,2011,0,1
28272,57068968,1996,0,1
28273,57070968,1989,0,1
28274,57072968,1992,0,1
28275,57074968,1932,1,1
28276,57076968,1991,0,1
28277,57078968,2021,0,1
28278,57080968,2036,0,1
28279,57082969,2040,0,1
28280,57084968,2027,0,1
28281,57086968,2024,0,1
28282,57088968,2003,0,1
28283,57090968,1999,0,1
28284,57092968,1988,0,1
28285,57094968,1947,1,1
28286,57096968,2007,0,1
28287,57098968,2025,0,1
28288,57100968,2042,0,1
28289,57102968,2041,0,1
28290,57104968,2021,0,1
28291,57106968,2012,0,1
28292,57108968,2009,0,1
28293,57110968,1991,0,1
28294,57112968,1997,0,1
28295,57114968,1961,1,1
28296,57116968,2029,0,1
28297,57118968,2074,0,1
28298,57120968,2079,0,1
28299,57122969,2075,0,1
28300,57124968,2027,0,1
28301,57126968,2009,0,1
28302,57128968,1995,0,1
28303,57130968,1992,0,1
28304,57132968,1990,0,1
28305,57134968,1950,1,1
28306,57136968,2015,0,1
28307,57138968,2073,0,1
28308,57140968,2085,0,1
28309,57142968,2065,0,1
28310,57144968,2023,0,1
28311,57146968,2011,0,1
28312,57148968,1995,0,1
28313,57150968,1981,0,1
28314,57152968,1993,0,1
28315,57154968,1976,1,1
28316,57156968,1989,0,1
28317,57158968,1997,0,1
28318,57160968,2015,0,1
28319,57162969,2013,0,1
28320,57164968,2015,0,1
28321,57166968,2003,0,1
28322,57168968,2009,0,1
28323,57170968,1992,0,1
28324,57172968,2005,1,1
28325,57174968,1989,1,1
28326,57176968,2029,0,1
28327,57178968,2055,0,1
28328,57180968,2065,0,1
28329,57182968,2045,0,1
28330,57184968,2020,0,1
28331,57186968,2011,0,1
28332,57188968,1996,0,1
28333,57190968,1994,0,1
28334,57192968,1975,1,1
28335,57194968,1947,1,1
28336,57196968,2012,0,1
28337,57198968,2035,0,1
28338,57200968,2045,0,1
28339,57202969,2040,0,1
28340,57204968,2021,0,1
28341,57206968,2005,0,1
28342,57208968,2003,0,1
28343,57210968,1983,0,1
28344,57212968,2004,1,1
28345,57214968,1950,1,1
28346,57216968,1992,0,1
28347,57218968,2030,0,1
28348,57220968,2040,0,1
28349,57222968,2043,0,1
28350,57224968,2024,0,1
28351,57226968,2009,0,1
28352,57228968,1999,0,1
28353,57230968,1992,0,1
28354,57232968,1983,1,1
28355,57234968,1934,1,1
28356,57236968,1917,0,1
28357,57238968,1933,0,1
28358,57240968,1949,0,1
28359,57242969,1981,0,1
28360,57244968,1997,0,1
28361,57246968,2008,0,1
28362,57248968,2027,0,1
28363,57250968,2024,0,1
28364,57252968,2030,1,1
28365,57254968,2024,1,1
28366,57256968,2231,0,1
28367,57258968,2329,0,1
28368,57260968,2295,0,1
28369,57262968,2205,0,1
28370,57264968,2094,0,1
28371,57266968,2007,0,1
28372,57268968,1949,0,1
28373,57270968,1917,0,1
28374,57272968,1918,1,1
28375,57274968,1899,1,1
28376,57276968,1899,0,1
28377,57278968,1899,0,1
28378,57280968,1940,0,1
28379,57282969,1967,0,1
28380,57284968,1992,0,1
28381,57286968,2011,0,1
28382,57288968,2013,0,1
28383,57290968,2021,0,1
28384,57292968,2007,1,1
28385,57294968,2003,1,1
28386,57296968,2028,0,1
28387,57298968,2056,0,1
28388,57300968,2055,0,1
28389,57302968,2037,0,1
28390,57304968,2019,0,1
28391,57306968,1992,0,1
28392,57308968,1993,0,1
28393,57310968,1992,0,1
28394,57312968,1991,1,1
28395,57314968,1991,1,1
28396,57316968,2025,0,1
28397,57318968,2057,0,1
28398,57320968,2057,0,1
28399,57322968,2038,0,1
28400,57324968,2019,0,1
28401,57326968,2007,0,1
28402,57328968,1991,0,1
28403,57330968,1993,0,1
28404,57332968,1980,1,1
28405,57334968,1955,1,1
28406,57336968,1990,0,1
28407,57338968,2019,0,1
28408,57340968,2020,0,1
28409,57342968,2021,0,1
28410,57344968,2014,0,1
28411,57346968,2008,0,1
28412,57348968,2003,0,1
28413,57350968,1995,0,1
28414,57352968,1991,1,1
28415,57354968,1951,1,1
28416,57356968,1977,0,1
28417,57358968,2010,0,1
28418,57360968,2017,0,1
28419,57362968,2027,0,1
28420,57364968,2015,0,1
28421,57366968,2005,0,1
28422,57368968,2005,0,1
28423,57370968,1998,0,1
28424,57372968,1983,1,1
28425,57374968,1974,1,1
28426,57376968,2019,0,1
28427,57378968,2038,0,1
28428,57380968,2056,0,1
28429,57382968,2037,0,1
28430,57384968,2023,0,1
28431,57386968,2014,0,1
28432,57388968,1993,0,1
28433,57390968,1991,0,1
28434,57392968,1973,1,1
28435,57394968,1979,1,1
28436,57396968,2009,0,1
28437,57398968,2031,0,1
28438,57400968,2040,0,1
28439,57402968,2037,0,1
28440,57404968,2014,0,1
28441,57406968,2009,0,1
28442,57408968,1997,0,1
28443,57410968,2001,0,1
28444,57412968,1997,1,1
28445,57414968,1959,1,1
28446,57416968,1998,0,1
28447,57418968,2027,0,1
28448,57420968,2031,0,1
28449,57422968,2042,0,1
28450,57424968,2023,0,1
28451,57426968,2009,0,1
28452,57428968,1993,0,1
28453,57430968,1993,0,1
28454,57432968,1983,1,1
28455,57434968,1994,1,1
28456,57436968,2029,0,1
28457,57438968,2069,0,1
28458,57440968,2063,0,1
28459,57442968,2038,0,1
28460,57444968,2011,0,1
28461,57446968,2010,0,1
28462,57448968,1997,0,1
28463,57450968,1993,0,1
28464,57452968,1967,1,1
28465,57454968,1963,1,1
28466,57456968,2063,0,1
28467,57458968,2077,0,1
28468,57460968,2079,0,1
28469,57462968,2059,0,1
28470,57464968,2029,0,1
28471,57466968,2015,0,1
28472,57468968,1984,0,1
28473,57470968,1992,0,1
28474,57472968,1966,1,1
28475,57474968,1967,1,1
28476,57476968,2042,0,1
28477,57478968,2069,0,1
28478,57480968,2070,0,1
28479,57482968,2053,0,1
28480,57484968,2028,0,1
28481,57486968,2011,0,1
28482,57488968,1983,0,1
28483,57490968,1991,0,1
28484,57492968,1957,1,1
28485,57494968,1949,1,1
28486,57496968,1991,0,1
28487,57498968,2012,0,1
28488,57500968,2028,0,1
28489,57502968,2031,0,1
28490,57504968,2018,0,1
28491,57506968,2013,0,1
28492,57508968,2003,0,1
28493,57510968,1992,0,1
28494,57512968,1979,1,1
28495,57514968,1972,1,1
28496,57516968,2025,0,1
28497,57518968,2039,0,1
28498,57520968,2041,0,1
28499,57522968,2031,0,1
28500,57524968,2010,0,1
28501,57526968,2017,0,1
28502,57528968,1993,0,1
28503,57530968,1991,0,1
28504,57532968,1983,1,1
28505,57534968,1978,1,1
28506,57536968,2029,0,1
28507,57538968,2043,0,1
28508,57540968,2038,0,1
28509,57542968,2025,0,1
28510,57544968,2019,0,1
28511,57546968,2005,0,1
28512,57548968,1992,0,1
28513,57550968,1993,0,1
28514,57552968,1975,1,1
28515,57554968,1963,1,1
28516,57556968,2025,0,1
28517,57558968,2039,0,1
28518,57560968,2059,0,1
28519,57562968,2043,0,1
28520,57564968,2023,0,1
28521,57566968,2011,0,1
28522,57568968,1990,0,1
28523,57570968,1995,0,1
28524,57572968,1971,1,1
28525,57574968,1975,1,1
28526,57576968,2028,0,1
28527,57578968,2053,0,1
28528,57580968,2045,0,1
28529,57582968,2032,0,1
28530,57584968,2015,0,1
28531,57586968,2013,0,1
28532,57588968,1996,0,1
28533,57590968,1989,0,1
28534,57592968,1964,1,1
28535,57594968,1989,1,1
28536,57596968,2057,0,1
28537,57598968,2072,0,1
28538,57600968,2074,0,1
28539,57602968,2063,0,1
28540,57604968,2024,0,1
28541,57606968,2007,0,1
28542,57608968,1990,0,1
28543,57610968,1981,0,1
28544,57612968,1961,1,1
28545,57614968,1976,1,1
28546,57616968,2040,0,1
28547,57618968,2059,0,1
28548,57620968,2063,0,1
28549,57622968,2053,0,1
28550,57624968,2009,0,1
28551,57626968,2009,0,1
28552,57628968,1991,0,1
28553,57630968,1988,0,1
28554,57632968,1974,1,1
28555,57634968,1996,1,1
28556,57636968,2059,0,1
28557,57638968,2077,0,1
28558,57640968,2072,0,1
28559,57642968,2045,0,1
28560,57644968,2017,0,1
28561,57646968,2005,0,1
28562,57648968,1993,0,1
28563,57650968,1979,0,1
28564,57652968,1963,1,1
28565,57654968,1976,1,1
28566,57656968,2027,0,1
28567,57658968,2063,0,1
28568,57660968,2063,0,1
28569,57662968,2042,0,1
28570,57664968,2013,0,1
28571,57666968,2001,0,1
28572,57668968,1992,0,1
28573,57670968,1989,0,1
28574,57672968,1977,1,1
28575,57674968,1979,1,1
28576,57676968,2025,0,1
28577,57678968,2056,0,1
28578,57680968,2044,0,1
28579,57682968,2043,0,1
28580,57684968,2020,0,1
28581,57686968,1995,0,1
28582,57688968,1992,0,1
28583,57690968,1989,0,1
28584,57692968,1983,1,1
28585,57694968,1983,1,1
28586,57696968,2013,0,1
28587,57698968,2039,0,1
28588,57700968,2037,0,1
28589,57702968,2024,0,1
28590,57704968,2009,0,1
28591,57706968,2004,0,1
28592,57708968,1995,0,1
28593,57710968,1994,0,1
28594,57712968,1978,1,1
28595,57714968,1989,1,1
28596,57716968,2019,0,1
28597,57718968,2035,0,1
28598,57720968,2036,0,1
28599,57722968,2029,0,1
28600,57724968,2013,0,1
28601,57726968,2005,0,1
28602,57728968,1989,0,1
28603,57730968,1995,0,1
28604,57732968,1982,1,1
28605,57734968,1991,1,1
28606,57736968,2059,0,1
28607,57738968,2073,0,1
28608,57740968,2072,0,1
28609,57742968,2045,0,1
28610,57744968,2028,0,1
28611,57746968,2001,0,1
28612,57748968,1991,0,1
28613,57750968,1979,0,1
28614,57752968,1998,1,1
28615,57754968,2021,1,1
28616,57756968,2091,0,1
28617,57758968,2095,0,1
28618,57760968,2085,0,1
28619,57762968,2043,0,1
28620,57764968,2013,0,1
28621,57766968,1991,0,1
28622,57768968,1973,0,1
28623,57770968,1973,0,1
28624,57772968,1971,1,1
28625,57774968,1993,1,1
28626,57776968,2055,0,1
28627,57778968,2079,0,1
28628,57780968,2076,0,1
28629,57782968,2057,0,1
28630,57784968,2019,0,1
28631,57786968,2008,0,1
28632,57788968,1991,0,1
28633,57790968,1981,0,1
28634,57792968,1950,1,1
28635,57794968,1967,1,1
28636,57796968,2041,0,1
28637,57798968,2079,0,1
28638,57800968,2072,0,1
28639,57802968,2055,0,1
28640,57804968,2029,0,1
28641,57806968,2005,0,1
28642,57808968,1981,0,1
28643,57810968,1991,0,1
28644,57812968,1977,1,1
28645,57814968,1965,1,1
28646,57816968,2019,0,1
28647,57818968,2043,0,1
28648,57820968,2035,0,1
28649,57822968,2037,0,1
28650,57824968,2013,0,1
28651,57826968,2009,0,1
28652,57828968,1993,0,1
28653,57830968,1983,0,1
28654,57832968,1964,1,1
28655,57834968,2003,1,1
28656,57836968,2053,0,1
28657,57838968,2079,0,1
28658,57840968,2067,0,1
28659,57842968,2042,0,1
28660,57844968,2022,0,1
28661,57846968,1991,0,1
28662,57848968,1991,0,1
28663,57850968,1992,0,1
28664,57852968,1976,1,1
28665,57854968,1989,1,1
28666,57856968,2055,0,1
28667,57858968,2067,0,1
28668,57860968,2071,0,1
28669,57862968,2041,0,1
28670,57864968,2021,0,1
28671,57866968,2002,0,1
28672,57868968,1980,0,1
28673,57870968,1989,0,1
28674,57872968,1983,1,1
28675,57874968,1988,0,1
28676,57876968,2021,0,1
28677,57878968,2043,0,1
28678,57880968,2056,0,1
28679,57882968,2039,0,1
28680,57884968,2021,0,1
28681,57886968,1999,0,1
28682,57888968,1989,0,1
28683,57890968,1988,0,1
28684,57892968,1959,1,1
28685,57894968,1998,0,1
28686,57896968,2039,0,1
28687,57898968,2059,0,1
28688,57900968,2055,0,1
28689,57902968,2035,0,1
28690,57904968,2025,0,1
28691,57906968,1999,0,1
28692,57908968,1991,0,1
28693,57910968,1983,0,1
28694,57912968,1965,1,1
28695,57914968,1994,0,1
28696,57916968,2034,0,1
28697,57918968,2041,0,1
28698,57920968,2055,0,1
28699,57922968,2031,0,1
28700,57924968,2015,0,1
28701,57926968,2007,0,1
28702,57928968,1991,0,1
28703,57930968,1979,0,1
28704,57932968,1979,1,1
28705,57934968,2022,0,1
28706,57936968,2059,0,1
28707,57938968,2066,0,1
28708,57940968,2058,0,1
28709,57942968,2037,0,1
28710,57944968,2013,0,1
28711,57946968,1995,0,1
28712,57948968,1983,0,1
28713,57950968,1983,0,1
28714,57952968,1957,1,1
28715,57954968,1991,0,1
28716,57956968,2027,0,1
28717,57958968,2053,0,1
28718,57960968,2056,0,1
28719,57962968,2027,0,1
28720,57964968,2024,0,1
28721,57966968,2003,0,1
28722,57968968,1997,0,1
28723,57970968,1989,0,1
28724,57972968,1979,1,1
28725,57974968,2074,0,1
28726,57976968,2205,0,1
28727,57978968,2248,0,1
28728,57980968,2207,0,1
28729,57982968,2135,0,1
28730,57984968,2063,0,1
28731,57986968,1997,0,1
28732,57988968,1971,0,1
28733,57990968,1955,0,1
28734,57992968,1940,1,1
28735,57994968,1892,0,1
28736,57996968,1839,0,1
28737,57998968,1842,0,1
28738,58000968,1885,0,1
28739,58002968,1931,0,1
28740,58004968,1991,0,1
28741,58006968,2020,0,1
28742,58008968,2025,0,1
28743,58010968,2029,0,1
28744,58012968,2007,1,1
28745,58014968,2011,0,1
28746,58016968,2027,0,1
28747,58018968,2027,0,1
28748,58020968,2022,0,1
28749,58022968,2021,0,1
28750,58024968,2009,0,1
28751,58026968,1996,0,1
28752,58028968,1993,0,1
28753,58030968,1983,0,1
28754,58032968,1962,1,1
28755,58034968,2011,0,1
28756,58036968,2044,0,1
28757,58038968,2053,0,1
28758,58040968,2055,0,1
28759,58042968,2030,0,1
28760,58044968,2021,0,1
28761,58046968,2001,0,1
28762,58048968,1989,0,1
28763,58050968,1991,0,1
28764,58052968,1971,1,1
28765,58054968,1982,0,1
28766,58056968,2019,0,1
28767,58058968,2040,0,1
28768,58060968,2040,0,1
28769,58062968,2031,0,1
28770,58064968,2024,0,1
28771,58066968,2011,0,1
28772,58068968,1995,0,1
28773,58070968,1998,0,1
28774,58072968,1958,1,1
28775,58074968,1975,0,1
28776,58076968,2015,0,1
28777,58078968,2045,0,1
28778,58080968,2039,0,1
28779,58082968,2035,0,1
28780,58084968,2021,0,1
28781,58086968,2001,0,1
28782,58088968,1995,0,1
28783,58090968,1991,0,1
28784,58092968,1966,1,1
28785,58094968,1993,0,1
28786,58096968,2029,0,1
28787,58098968,2040,0,1
28788,58100968,2039,0,1
28789,58102968,2025,0,1
28790,58104968,2011,0,1
28791,58106968,2003,0,1
28792,58108968,1989,0,1
28793,58110968,1983,0,1
28794,58112968,1983,1,1
28795,58114968,2013,0,1
28796,58116968,2071,0,1
28797,58118968,2077,0,1
28798,58120968,2071,0,1
28799,58122968,2041,0,1
28800,58124968,2011,0,1
28801,58126968,1998,0,1
28802,58128968,1984,0,1
28803,58130968,1989,0,1
28804,58132968,1965,1,1
28805,58134968,2003,0,1
28806,58136968,2058,0,1
28807,58138968,2069,0,1
28808,58140968,2071,0,1
28809,58142968,2043,0,1
28810,58144968,2021,0,1
28811,58146968,2000,0,1
28812,58148968,1991,0,1
28813,58150968,1980,0,1
28814,58152968,1963,1,1
28815,58154968,1979,0,1
28816,58156968,2027,0,1
28817,58158968,2053,0,1
28818,58160968,2042,0,1
28819,58162968,2029,0,1
28820,58164968,2015,0,1
28821,58166968,1999,0,1
28822,58168968,1994,0,1
28823,58170968,1992,0,1
28824,58172968,1962,1,1
28825,58174968,2023,0,1
28826,58176968,2075,0,1
28827,58178968,2085,0,1
28828,58180968,2077,0,1
28829,58182968,2045,0,1
28830,58184968,2024,0,1
28831,58186968,1999,0,1
28832,58188968,1977,0,1
28833,58190968,1989,0,1
28834,58192968,1959,1,1
28835,58194968,1999,0,1
28836,58196968,2043,0,1
28837,58198968,2063,0,1
28838,58200968,2054,0,1
28839,58202968,2039,0,1
28840,58204968,2009,0,1
28841,58206968,2001,0,1
28842,58208968,1993,0,1
28843,58210968,1981,0,1
28844,58212968,1962,1,1
28845,58214968,2021,0,1
28846,58216968,1791,0,1
28847,58218968,1716,0,1
28848,58220968,1739,0,1
28849,58222968,1818,0,1
28850,58224968,1904,0,1
28851,58226968,1991,0,1
28852,58228968,2043,0,1
28853,58230968,2069,0,1
28854,58232968,2041,1,1
28855,58234968,2056,0,1
28856,58236968,2077,0,1
28857,58238968,2068,0,1
28858,58240968,2035,0,1
28859,58242968,2021,0,1
28860,58244968,1999,0,1
28861,58246968,1991,0,1
28862,58248968,1981,0,1
28863,58250968,1989,0,1
28864,58252968,1991,1,1
28865,58254968,2027,0,1
28866,58256968,2073,0,1
28867,58258968,2091,0,1
28868,58260968,2074,0,1
28869,58262968,2045,0,1
28870,58264968,2013,0,1
28871,58266968,1995,0,1
28872,58268968,1977,0,1
28873,58270968,1976,0,1
28874,58272968,1968,1,1
28875,58274968,2039,0,1
28876,58276968,2091,0,1
28877,58278968,2104,0,1
28878,58280968,2075,0,1
28879,58282968,2040,0,1
28880,58284968,2008,0,1
28881,58286968,1991,0,1
28882,58288968,1976,0,1
28883,58290968,1971,0,1
28884,58292968,1974,1,1
28885,58294968,2010,0,1
28886,58296968,2069,0,1
28887,58298968,2086,0,1
28888,58300968,2077,0,1
28889,58302968,2037,0,1
28890,58304968,2018,0,1
28891,58306968,1999,0,1
28892,58308968,1978,0,1
28893,58310968,1983,0,1
28894,58312968,1965,1,1
28895,58314968,2011,0,1
28896,58316968,2077,0,1
28897,58318968,2077,0,1
28898,58320968,2075,0,1
28899,58322968,2040,0,1
28900,58324968,2023,0,1
28901,58326968,1994,0,1
28902,58328968,1991,0,1
28903,58330968,1983,0,1
28904,58332968,1951,1,1
28905,58334968,2002,0,1
28906,58336968,2055,0,1
28907,58338968,2067,0,1
28908,58340968,2063,0,1
28909,58342968,2031,0,1
28910,58344968,2011,0,1
28911,58346968,1997,0,1
28912,58348968,1988,0,1
28913,58350968,1984,0,1
28914,58352968,1957,1,1
28915,58354968,2007,0,1
28916,58356968,2067,0,1
28917,58358968,2084,0,1
28918,58360968,2072,0,1
28919,58362968,2045,0,1
28920,58364968,2007,0,1
28921,58366968,1999,0,1
28922,58368968,1981,0,1
28923,58370968,1975,0,1
28924,58372968,1980,1,1
28925,58374968,2039,0,1
28926,58376968,2091,0,1
28927,58378968,2095,0,1
28928,58380968,2079,0,1
28929,58382968,2037,0,1
28930,58384968,2013,0,1
28931,58386968,1995,0,1
28932,58388968,1975,0,1
28933,58390968,1984,0,1
28934,58392968,1964,1,1
28935,58394968,2015,0,1
28936,58396968,2067,0,1
28937,58398968,2077,0,1
28938,58400968,2076,0,1
28939,58402968,2037,0,1
28940,58404968,2021,0,1
28941,58406968,2004,0,1
28942,58408968,1983,0,1
28943,58410968,1989,0,1
28944,58412968,1961,1,1
28945,58414968,2017,0,1
28946,58416968,2045,0,1
28947,58418968,2063,0,1
28948,58420968,2063,0,1
28949,58422968,2023,0,1
28950,58424968,2011,0,1
28951,58426968,1993,0,1
28952,58428968,1981,0,1
28953,58430968,1993,0,1
28954,58432968,1947,1,1
28955,58434968,2010,0,1
28956,58436968,2071,0,1
28957,58438968,2077,0,1
28958,58440968,2073,0,1
28959,58442968,2034,0,1
28960,58444968,2024,0,1
28961,58446968,1991,0,1
28962,58448968,1983,0,1
28963,58450968,1980,0,1
28964,58452968,1959,1,1
28965,58454968,2029,0,1
28966,58456968,2075,0,1
28967,58458968,2095,0,1
28968,58460968,2083,0,1
28969,58462968,2043,0,1
28970,58464968,2019,0,1
28971,58466968,1995,0,1
28972,58468968,1983,0,1
28973,58470968,1983,0,1
28974,58472968,1957,1,1
28975,58474968,2007,0,1
28976,58476968,2045,0,1
28977,58478968,2057,0,1
28978,58480968,2063,0,1
28979,58482968,2031,0,1
28980,58484968,2015,0,1
28981,58486968,1997,0,1
28982,58488968,1981,0,1
28983,58490968,1977,0,1
28984,58492968,1959,1,1
28985,58494968,1951,0,1
28986,58496968,1733,0,1
28987,58498968,1662,0,1
28988,58500968,1708,0,1
28989,58502968,1807,0,1
28990,58504968,1933,0,1
28991,58506968,2012,0,1
28992,58508968,2072,0,1
28993,58510968,2088,0,1
28994,58512968,2035,1,1
28995,58514968,2067,0,1
28996,58516968,2059,0,1
28997,58518968,2039,0,1
28998,58520968,2019,0,1
28999,58522968,2008,0,1
29000,58524968,2008,0,1
29001,58526968,1991,0,1
29002,58528968,1992,0,1
29003,58530968,1992,0,1
29004,58532968,1948,1,1
29005,58534968,2011,0,1
29006,58536968,2044,0,1
29007,58538968,2067,0,1
29008,58540968,2063,0,1
29009,58542968,2028,0,1
29010,58544968,2012,0,1
29011,58546968,1997,0,1
29012,58548968,1991,0,1
29013,58550968,1980,1,1
29014,58552968,1946,1,1
29015,58554968,1989,0,1
29016,58556968,2035,0,1
29017,58558968,2059,0,1
29018,58560968,2043,0,1
29019,58562968,2039,0,1
29020,58564968,2019,0,1
29021,58566968,1997,0,1
29022,58568968,1989,0,1
29023,58570968,1995,0,1
29024,58572968,1957,1,1
29025,58574968,2041,0,1
29026,58576968,2079,0,1
29027,58578968,2087,0,1
29028,58580968,2067,0,1
29029,58582968,2042,0,1
29030,58584968,2009,0,1
29031,58586968,1989,0,1
29032,58588968,1981,0,1
29033,58590968,1983,0,1
29034,58592968,1937,1,1
29035,58594968,2018,0,1
29036,58596968,2071,0,1
29037,58598968,2093,0,1
29038,58600968,2077,0,1
29039,58602968,2039,0,1
29040,58604968,2019,0,1
29041,58606968,1995,0,1
29042,58608968,1980,0,1
29043,58610968,1975,0,1
29044,58612968,1945,1,1
29045,58614968,2015,0,1
29046,58616968,2071,0,1
29047,58618968,2089,0,1
29048,58620968,2072,0,1
29049,58622968,2041,0,1
29050,58624968,2010,0,1
29051,58626968,1989,0,1
29052,58628968,1976,0,1
29053,58630968,1982,0,1
29054,58632968,1977,1,1
29055,58634968,2044,0,1
29056,58636968,2100,0,1
29057,58638968,2100,0,1
29058,58640968,2075,0,1
29059,58642968,2038,0,1
29060,58644968,2008,0,1
29061,58646968,1990,0,1
29062,58648968,1980,0,1
29063,58650968,1976,0,1
29064,58652968,1962,1,1
29065,58654968,2027,0,1
29066,58656968,2078,0,1
29067,58658968,2087,0,1
29068,58660968,2075,0,1
29069,58662968,2037,0,1
29070,58664968,2011,0,1
29071,58666968,1991,0,1
29072,58668968,1988,0,1
29073,58670968,1983,0,1
29074,58672968,1971,1,1
29075,58674968,2005,0,1
29076,58676968,2045,0,1
29077,58678968,2063,0,1
29078,58680968,2063,0,1
29079,58682968,2034,0,1
29080,58684968,2006,0,1
29081,58686968,2012,0,1
29082,58688968,2001,0,1
29083,58690968,2003,0,1
29084,58692968,2027,1,1
29085,58694968,2195,0,1
29086,58696968,2317,0,1
29087,58698968,2309,0,1
29088,58700968,2222,0,1
29089,58702968,2111,0,1
29090,58704968,2008,0,1
29091,58706968,1941,0,1
29092,58708968,1915,0,1
29093,58710968,1927,0,1
29094,58712968,1891,1,1
29095,58714968,1917,0,1
29096,58716968,1931,0,1
29097,58718968,1960,0,1
29098,58720968,1983,0,1
29099,58722968,2006,0,1
29100,58724968,2020,0,1
29101,58726968,2023,0,1
29102,58728968,2013,0,1
29103,58730968,2008,1,1
29104,58732968,1903,1,1
29105,58734968,1930,0,1
29106,58736968,1951,0,1
29107,58738968,1979,0,1
29108,58740968,2004,0,1
29109,58742968,2019,0,1
29110,58744968,2013,0,1
29111,58746968,2017,0,1
29112,58748968,2001,0,1
29113,58750968,2009,1,1
29114,58752968,1877,1,1
29115,58754968,1883,0,1
29116,58756968,1935,0,1
29117,58758968,1991,0,1
29118,58760968,2015,0,1
29119,58762968,2025,0,1
29120,58764968,2025,0,1
29121,58766968,2014,0,1
29122,58768968,2015,0,1
29123,58770968,1997,1,1
29124,58772968,1899,1,1
29125,58774968,1944,0,1
29126,58776968,1993,0,1
29127,58778968,2027,0,1
29128,58780968,2036,0,1
29129,58782968,2040,0,1
29130,58784968,2021,0,1
29131,58786968,2012,0,1
29132,58788968,1997,0,1
29133,58790968,1983,1,1
29134,58792968,1898,1,1
29135,58794968,1948,0,1
29136,58796968,1999,0,1
29137,58798968,2035,0,1
29138,58800968,2041,0,1
29139,58802968,2030,0,1
29140,58804968,2029,0,1
29141,58806968,2007,0,1
29142,58808968,1998,0,1
29143,58810968,1995,1,1
29144,58812968,1928,1,1
29145,58814968,1951,0,1
29146,58816968,1995,0,1
29147,58818968,2023,0,1
29148,58820968,2041,0,1
29149,58822968,2026,0,1
29150,58824968,2013,0,1
29151,58826968,2010,0,1
29152,58828968,1995,0,1
29153,58830968,1991,1,1
29154,58832968,1897,1,1
29155,58834968,1911,0,1
29156,58836968,1961,0,1
29157,58838968,1997,0,1
29158,58840968,2025,0,1
29159,58842968,2029,0,1
29160,58844968,2025,0,1
29161,58846968,2021,0,1
29162,58848968,2009,0,1
29163,58850968,2010,1,1
29164,58852968,1913,1,1
29165,58854968,1938,0,1
29166,58856968,1973,0,1
29167,58858968,2011,0,1
29168,58860968,2020,0,1
29169,58862968,2026,0,1
29170,58864968,2009,0,1
29171,58866968,2007,0,1
29172,58868968,2009,0,1
29173,58870968,1982,1,1
29174,58872968,1891,1,1
29175,58874968,1911,0,1
29176,58876968,1961,0,1
29177,58878968,1999,0,1
29178,58880968,2015,0,1
29179,58882968,2028,0,1
29180,58884968,2031,0,1
29181,58886968,2013,0,1
29182,58888968,2013,0,1
29183,58890968,1976,1,1
29184,58892968,1880,1,1
29185,58894968,1910,0,1
29186,58896968,1954,0,1
29187,58898968,1995,0,1
29188,58900968,2023,0,1
29189,58902968,2031,0,1
29190,58904968,2022,0,1
29191,58906968,2021,0,1
29192,58908968,2010,0,1
29193,58910968,1981,1,1
29194,58912968,1911,1,1
29195,58914968,1933,0,1
29196,58916968,1981,0,1
29197,58918968,2020,0,1
29198,58920968,2028,0,1
29199,58922968,2040,0,1
29200,58924968,2020,0,1
29201,58926968,2012,0,1
29202,58928968,2005,0,1
29203,58930968,1993,1,1
29204,58932968,1931,1,1
29205,58934968,1973,0,1
29206,58936968,2021,0,1
29207,58938968,2043,0,1
29208,58940968,2042,0,1
29209,58942968,2036,0,1
29210,58944968,2011,0,1
29211,58946968,1999,0,1
29212,58948968,1999,0,1
29213,58950968,1971,1,1
29214,58952968,1965,1,1
29215,58954968,2035,0,1
29216,58956968,2086,0,1
29217,58958968,2093,0,1
29218,58960968,2079,0,1
29219,58962968,2060,0,1
29220,58964968,2013,0,1
29221,58966968,1981,0,1
29222,58968968,1981,0,1
29223,58970968,1973,1,1
29224,58972968,1892,1,1
29225,58974968,1945,0,1
29226,58976968,2003,0,1
29227,58978968,2024,0,1
29228,58980968,2055,0,1
29229,58982968,2039,0,1
29230,58984968,2020,0,1
29231,58986968,2012,0,1
29232,58988968,1993,0,1
29233,58990968,1971,1,1
29234,58992968,1912,1,1
29235,58994968,1944,0,1
29236,58996968,1989,0,1
29237,58998968,2019,0,1
29238,59000968,2027,0,1
29239,59002968,2039,0,1
29240,59004968,2015,0,1
29241,59006968,2011,0,1
29242,59008968,2002,0,1
29243,59010968,1973,1,1
29244,59012968,1891,1,1
29245,59014968,1911,0,1
29246,59016968,1959,0,1
29247,59018968,1989,0,1
29248,59020968,2021,0,1
29249,59022968,2029,0,1
29250,59024968,2027,0,1
29251,59026968,2021,0,1
29252,59028968,2013,0,1
29253,59030968,1982,1,1
29254,59032968,1926,1,1
29255,59034968,1948,0,1
29256,59036968,1976,0,1
29257,59038968,2008,0,1
29258,59040968,2022,0,1
29259,59042968,2029,0,1
29260,59044968,2015,0,1
29261,59046968,2013,0,1
29262,59048968,2012,0,1
29263,59050968,1980,1,1
29264,59052968,1898,1,1
29265,59054968,1930,0,1
29266,59056968,1979,0,1
29267,59058968,2007,0,1
29268,59060968,2027,0,1
29269,59062968,2031,0,1
29270,59064968,2013,0,1
29271,59066968,2008,0,1
29272,59068968,2002,0,1
29273,59070968,1977,1,1
29274,59072968,2065,1,1
29275,59074968,2309,0,1
29276,59076968,2415,0,1
29277,59078968,2363,0,1
29278,59080968,2247,0,1
29279,59082968,2108,0,1
29280,59084968,1997,0,1
29281,59086968,1928,0,1
29282,59088968,1901,0,1
29283,59090968,1913,1,1
29284,59092968,1880,1,1
29285,59094968,1913,0,1
29286,59096968,1967,0,1
29287,59098968,2007,0,1
29288,59100968,2025,0,1
29289,59102968,2027,0,1
29290,59104968,2025,0,1
29291,59106968,2023,0,1
29292,59108968,2012,0,1
29293,59110968,1978,1,1
29294,59112968,1961,1,1
29295,59114968,2009,0,1
29296,59116968,2037,0,1
29297,59118968,2041,0,1
29298,59120968,2052,0,1
29299,59122968,2023,0,1
29300,59124968,2009,0,1
29301,59126968,2001,0,1
29302,59128968,1990,0,1
29303,59130968,1983,1,1
29304,59132968,2069,1,1
29305,59134968,2249,0,1
29306,59136968,2327,0,1
29307,59138968,2279,0,1
29308,59140968,2183,0,1
29309,59142968,2073,0,1
29310,59144968,1989,0,1
29311,59146968,1943,0,1
29312,59148968,1927,0,1
29313,59150968,1901,1,1
29314,59152968,1861,1,1
29315,59154968,1942,0,1
29316,59156968,2006,0,1
29317,59158968,2043,0,1
29318,59160968,2056,0,1
29319,59162968,2036,0,1
29320,59164968,2027,0,1
29321,59166968,2018,0,1
29322,59168968,1999,0,1
29323,59170968,1974,1,1
29324,59172968,1927,1,1
29325,59174968,1962,0,1
29326,59176968,1981,0,1
29327,59178968,2005,0,1
29328,59180968,2013,0,1
29329,59182968,2011,0,1
29330,59184968,2020,0,1
29331,59186968,2004,0,1
29332,59188968,2003,0,1
29333,59190968,1974,1,1
29334,59192968,1919,1,1
29335,59194968,1972,0,1
29336,59196968,1995,0,1
29337,59198968,2019,0,1
29338,59200968,2031,0,1
29339,59202968,2023,0,1
29340,59204968,2012,0,1
29341,59206968,2001,0,1
29342,59208968,2003,0,1
29343,59210968,1978,1,1
29344,59212968,1961,1,1
29345,59214968,2015,0,1
29346,59216968,2055,0,1
29347,59218968,2058,0,1
29348,59220968,2040,0,1
29349,59222968,2021,0,1
29350,59224968,1999,0,1
29351,59226968,1995,0,1
29352,59228968,1988,0,1
29353,59230968,1950,1,1
29354,59232968,1908,1,1
29355,59234968,1959,0,1
29356,59236968,1993,0,1
29357,59238968,2021,0,1
29358,59240968,2025,0,1
29359,59242968,2023,0,1
29360,59244968,2020,0,1
29361,59246968,2009,0,1
29362,59248968,1999,0,1
29363,59250968,1967,1,1
29364,59252968,1949,1,1
29365,59254968,1999,0,1
29366,59256968,2037,0,1
29367,59258968,2045,0,1
29368,59260968,2037,0,1
29369,59262968,2029,0,1
29370,59264968,2011,0,1
29371,59266968,1999,0,1
29372,59268968,1990,0,1
29373,59270968,1939,1,1
29374,59272968,1895,1,1
29375,59274968,1939,0,1
29376,59276968,1997,0,1
29377,59278968,2029,0,1
29378,59280968,2037,0,1
29379,59282968,2029,0,1
29380,59284968,2023,0,1
29381,59286968,2013,0,1
29382,59288968,2001,0,1
29383,59290968,1967,1,1
29384,59292968,1935,1,1
29385,59294968,2003,0,1
29386,59296968,2039,0,1
29387,59298968,2069,0,1
29388,59300968,2063,0,1
29389,59302968,2031,0,1
29390,59304968,2009,0,1
29391,59306968,1993,0,1
29392,59308968,1983,0,1
29393,59310968,1955,1,1
29394,59312968,1895,1,1
29395,59314968,1963,0,1
29396,59316968,2001,0,1
29397,59318968,2025,0,1
29398,59320968,2029,0,1
29399,59322968,2023,0,1
29400,59324968,2014,0,1
29401,59326968,2011,0,1
29402,59328968,2006,0,1
29403,59330968,1932,1,1
29404,59332968,1875,1,1
29405,59334968,1896,0,1
29406,59336968,1933,0,1
29407,59338968,1972,0,1
29408,59340968,2014,0,1
29409,59342968,2023,0,1
29410,59344968,2024,0,1
29411,59346968,2021,0,1
29412,59348968,2019,0,1
29413,59350968,1948,1,1
29414,59352968,1839,1,1
29415,59354968,1893,0,1
29416,59356968,1944,0,1
29417,59358968,1989,0,1
29418,59360968,2025,0,1
29419,59362968,2031,0,1
29420,59364968,2030,0,1
29421,59366968,2021,0,1
29422,59368968,2007,0,1
29423,59370968,1956,1,1
29424,59372968,1913,1,1
29425,59374968,1958,0,1
29426,59376968,1997,0,1
29427,59378968,2020,0,1
29428,59380968,2025,0,1
29429,59382968,2024,0,1
29430,59384968,2019,0,1
29431,59386968,2007,0,1
29432,59388968,1997,0,1
29433,59390968,1960,1,1
29434,59392968,1932,1,1
29435,59394968,1963,0,1
29436,59396968,1997,0,1
29437,59398968,2005,0,1
29438,59400968,2019,0,1
29439,59402968,2015,0,1
29440,59404968,2013,0,1
29441,59406968,2009,0,1
29442,59408968,2012,0,1
29443,59410968,1961,1,1
29444,59412968,2024,1,1
29445,59414968,2283,0,1
29446,59416968,2403,0,1
29447,59418968,2375,0,1
29448,59420968,2258,0,1
29449,59422968,2127,0,1
29450,59424968,1999,0,1
29451,59426968,1943,0,1
29452,59428968,1910,0,1
29453,59430968,1837,1,1
29454,59432968,1830,1,1
29455,59434968,1769,0,1
29456,59436968,1781,0,1
29457,59438968,1834,0,1
29458,59440968,1909,0,1
29459,59442968,1977,0,1
29460,59444968,2025,0,1
29461,59446968,2052,0,1
29462,59448968,2059,0,1
29463,59450968,1992,1,1
29464,59452968,1979,1,1
29465,59454968,2007,0,1
29466,59456968,2019,0,1
29467,59458968,2023,0,1
29468,59460968,2011,0,1
29469,59462968,2029,0,1
29470,59464968,1997,0,1
29471,59466968,2004,0,1
29472,59468968,1995,0,1
29473,59470968,1944,1,1
29474,59472968,1899,1,1
29475,59474968,1943,0,1
29476,59476968,1983,0,1
29477,59478968,2011,0,1
29478,59480968,2031,0,1
29479,59482968,2031,0,1
29480,59484968,2019,0,1
29481,59486968,2013,0,1
29482,59488968,2003,0,1
29483,59490968,1965,1,1
29484,59492968,1983,1,1
29485,59494968,2035,0,1
29486,59496968,2059,0,1
29487,59498968,2063,0,1
29488,59500968,2045,0,1
29489,59502968,2019,0,1
29490,59504968,2004,0,1
29491,59506968,1989,0,1
29492,59508968,1991,0,1
29493,59510968,2017,1,1
29494,59512968,2551,1,1
29495,59514968,3183,0,1
29496,59516968,3307,0,1
29497,59518968,3003,0,1
29498,59520968,2587,0,1
29499,59522968,2199,0,1
29500,59524968,1910,0,1
29501,59526968,1773,0,1
29502,59528968,1740,0,1
29503,59530968,1741,1,1
29504,59532968,1837,1,1
29505,59534968,1967,0,1
29506,59536968,2065,0,1
29507,59538968,2107,0,1
29508,59540968,2105,0,1
29509,59542968,2076,0,1
29510,59544968,2031,0,1
29511,59546968,2006,0,1
29512,59548968,1977,0,1
29513,59550968,1960,1,1
29514,59552968,1951,1,1
29515,59554968,2013,0,1
29516,59556968,2041,0,1
29517,59558968,2059,0,1
29518,59560968,2057,0,1
29519,59562968,2035,0,1
29520,59564968,2009,0,1
29521,59566968,2003,0,1
29522,59568968,1982,0,1
29523,59570968,1977,1,1
29524,59572968,1977,1,1
29525,59574968,2024,0,1
29526,59576968,2045,0,1
29527,59578968,2053,0,1
29528,59580968,2035,0,1
29529,59582968,2029,0,1
29530,59584968,2004,0,1
29531,59586968,1994,0,1
29532,59588968,1981,0,1
29533,59590968,1966,1,1
29534,59592968,2041,1,1
29535,59594968,1811,0,1
29536,59596968,1670,0,1
29537,59598968,1659,0,1
29538,59600968,1750,0,1
29539,59602968,1871,0,1
29540,59604968,1966,0,1
29541,59606968,2040,0,1
29542,59608968,2076,0,1
29543,59610968,2061,1,1
29544,59612968,2100,1,1
29545,59614968,2125,0,1
29546,59616968,2121,0,1
29547,59618968,2083,0,1
29548,59620968,2037,0,1
29549,59622968,2018,0,1
29550,59624968,1983,0,1
29551,59626968,1973,0,1
29552,59628968,1967,0,1
29553,59630968,1979,1,1
29554,59632968,2040,1,1
29555,59634968,2106,0,1
29556,59636968,2127,0,1
29557,59638968,2104,0,1
29558,59640968,2072,0,1
29559,59642968,2041,0,1
29560,59644968,1999,0,1
29561,59646968,1981,0,1
29562,59648968,1977,0,1
29563,59650968,1919,1,1
29564,59652968,1955,1,1
29565,59654968,1997,0,1
29566,59656968,2039,0,1
29567,59658968,2059,0,1
29568,59660968,2041,0,1
29569,59662968,2029,0,1
29570,59664968,2010,0,1
29571,59666968,1994,0,1
29572,59668968,1996,0,1
29573,59670968,1951,1,1
29574,59672968,2076,1,1
29575,59674968,2255,0,1
29576,59676968,2295,0,1
29577,59678968,2251,0,1
29578,59680968,2148,0,1
29579,59682968,2053,0,1
29580,59684968,1976,0,1
29581,59686968,1946,0,1
29582,59688968,1944,0,1
29583,59690968,1887,1,1
29584,59692968,1850,1,1
29585,59694968,1917,0,1
29586,59696968,1983,0,1
29587,59698968,2012,0,1
29588,59700968,2045,0,1
29589,59702968,2040,0,1
29590,59704968,2035,0,1
29591,59706968,2023,0,1
29592,59708968,2003,0,1
29593,59710968,1919,1,1
29594,59712968,1913,1,1
29595,59714968,1937,0,1
29596,59716968,1973,0,1
29597,59718968,2007,0,1
29598,59720968,2014,0,1
29599,59722968,2025,0,1
29600,59724968,2024,0,1
29601,59726968,2021,0,1
29602,59728968,2005,0,1
29603,59730968,1927,1,1
29604,59732968,1897,1,1
29605,59734968,1945,0,1
29606,59736968,1974,0,1
29607,59738968,2007,0,1
29608,59740968,2012,0,1
29609,59742968,2014,0,1
29610,59744968,2011,0,1
29611,59746968,2010,0,1
29612,59748968,2003,0,1
29613,59750968,1949,1,1
29614,59752968,1948,1,1
29615,59754968,2003,0,1
29616,59756968,2041,0,1
29617,59758968,2041,0,1
29618,59760968,2039,0,1
29619,59762968,2017,0,1
29620,59764968,2011,0,1
29621,59766968,1997,0,1
29622,59768968,1993,0,1
29623,59770968,1899,1,1
29624,59772968,1851,1,1
29625,59774968,1918,0,1
29626,59776968,1971,0,1
29627,59778968,2021,0,1
29628,59780968,2030,0,1
29629,59782968,2029,0,1
29630,59784968,2031,0,1
29631,59786968,2015,0,1
29632,59788968,2008,0,1
29633,59790968,1937,1,1
29634,59792969,1937,1,1
29635,59794968,1999,0,1
29636,59796968,2035,0,1
29637,59798968,2053,0,1
29638,59800968,2039,0,1
29639,59802968,2023,0,1
29640,59804968,2011,0,1
29641,59806968,2002,0,1
29642,59808968,1998,0,1
29643,59810968,1955,1,1
29644,59812968,1983,1,1
29645,59814968,2036,0,1
29646,59816968,2074,0,1
29647,59818968,2069,0,1
29648,59820968,2037,0,1
29649,59822968,2015,0,1
29650,59824968,1995,0,1
29651,59826968,1990,0,1
29652,59828968,1988,0,1
29653,59830968,1929,1,1
29654,59832969,1925,1,1
29655,59834968,1983,0,1
29656,59836968,2025,0,1
29657,59838968,2041,0,1
29658,59840968,2037,0,1
29659,59842968,2015,0,1
29660,59844968,2011,0,1
29661,59846968,1995,0,1
29662,59848968,2003,0,1
29663,59850968,1939,1,1
29664,59852968,1932,1,1
29665,59854968,1974,0,1
29666,59856968,2019,0,1
29667,59858968,2029,0,1
29668,59860968,2028,0,1
29669,59862968,2023,0,1
29670,59864968,2009,0,1
29671,59866968,2013,0,1
29672,59868968,1999,0,1
29673,59870968,1911,1,1
29674,59872969,1856,1,1
29675,59874968,1914,0,1
29676,59876968,1965,0,1
29677,59878968,2002,0,1
29678,59880968,2031,0,1
29679,59882968,2029,0,1
29680,59884968,2031,0,1
29681,59886968,2021,0,1
29682,59888968,2005,0,1
29683,59890968,1931,1,1
29684,59892968,1916,0,1
29685,59894968,1933,0,1
29686,59896968,1955,0,1
29687,59898968,1979,0,1
29688,59900968,1999,0,1
29689,59902968,2013,0,1
29690,59904968,2019,0,1
29691,59906968,2018,0,1
29692,59908968,2005,0,1
29693,59910968,1955,1,1
29694,59912969,1962,1,1
29695,59914968,2027,0,1
29696,59916968,2059,0,1
29697,59918968,2058,0,1
29698,59920968,2058,0,1
29699,59922968,2013,0,1
29700,59924968,2012,0,1
29701,59926968,1995,0,1
29702,59928968,1979,0,1
29703,59930968,1948,1,1
29704,59932968,1990,1,1
29705,59934968,2011,0,1
29706,59936968,2021,0,1
29707,59938968,2020,0,1
29708,59940968,2019,0,1
29709,59942968,1995,0,1
29710,59944968,2007,0,1
29711,59946968,1997,0,1
29712,59948968,1991,0,1
29713,59950968,1930,1,1
29714,59952969,1933,1,1
29715,59954968,1977,0,1
29716,59956968,2025,0,1
29717,59958968,2039,0,1
29718,59960968,2044,0,1
29719,59962968,2029,0,1
29720,59964968,2015,0,1
29721,59966968,2007,0,1
29722,59968968,1995,0,1
29723,59970968,1945,1,1
29724,59972968,1961,1,1
29725,59974968,2005,0,1
29726,59976968,2044,0,1
29727,59978968,2053,0,1
29728,59980968,2063,0,1
29729,59982968,2021,0,1
29730,59984968,2009,0,1
29731,59986968,1991,0,1
29732,59988968,1991,0,1
29733,59990968,2157,1,1
29734,59992969,3089,1,1
29735,59994968,4070,0,1
29736,59996968,4071,0,1
29737,59998968,3400,0,1
29738,60000968,2741,0,1
29739,60002968,2168,0,1
29740,60004968,1813,0,1
29741,60006968,1653,0,1
29742,60008968,1648,0,1
29743,60010968,1691,1,1
29744,60012968,1827,1,1
29745,60014968,1980,0,1
29746,60016968,2091,0,1
29747,60018968,2142,0,1
29748,60020968,2134,0,1
29749,60022968,2085,0,1
29750,60024968,2038,0,1
29751,60026968,2004,0,1
29752,60028968,1977,0,1
29753,60030968,1895,1,1
29754,60032969,1909,0,1
29755,60034968,1959,0,1
29756,60036968,1996,0,1
29757,60038968,2036,0,1
29758,60040968,2043,0,1
29759,60042968,2032,0,1
29760,60044968,2018,0,1
29761,60046968,2009,0,1
29762,60048968,2003,0,1
29763,60050968,1971,1,1
29764,60052968,1982,0,1
29765,60054968,1997,0,1
29766,60056968,2019,0,1
29767,60058968,2024,0,1
29768,60060968,2022,0,1
29769,60062968,2007,0,1
29770,60064968,2003,0,1
29771,60066968,1994,0,1
29772,60068968,1989,0,1
29773,60070968,1885,1,1
29774,60072969,1867,0,1
29775,60074968,1911,0,1
29776,60076968,1959,0,1
29777,60078968,1999,0,1
29778,60080968,2036,0,1
29779,60082968,2023,0,1
29780,60084968,2022,0,1
29781,60086968,2023,0,1
29782,60088968,2005,0,1
29783,60090968,1909,1,1
29784,60092968,1891,0,1
29785,60094968,1898,0,1
29786,60096968,1919,0,1
29787,60098968,1963,0,1
29788,60100968,2015,0,1
29789,60102968,2027,0,1
29790,60104968,2027,0,1
29791,60106968,2031,0,1
29792,60108968,2025,0,1
29793,60110968,2003,1,1
29794,60112969,2121,0,1
29795,60114968,2235,0,1
29796,60116968,2275,0,1
29797,60118968,2237,0,1
29798,60120968,2127,0,1
29799,60122968,2030,0,1
29800,60124968,1971,0,1
29801,60126968,1939,0,1
29802,60128968,1937,0,1
29803,60130968,1869,1,1
29804,60132968,1871,0,1
29805,60134968,1880,0,1
29806,60136968,1917,0,1
29807,60138968,1960,0,1
29808,60140968,1993,0,1
29809,60142968,2022,0,1
29810,60144968,2021,0,1
29811,60146968,2019,0,1
29812,60148968,2021,0,1
29813,60150968,1934,1,1
29814,60152969,1930,0,1
29815,60154968,1955,0,1
29816,60156968,1977,0,1
29817,60158968,1987,0,1
29818,60160968,2007,0,1
29819,60162968,2008,0,1
29820,60164968,2008,0,1
29821,60166968,2009,0,1
29822,60168968,2007,0,1
29823,60170968,1911,1,1
29824,60172968,1896,0,1
29825,60174968,1932,0,1
29826,60176968,1975,0,1
29827,60178968,2008,0,1
29828,60180968,2015,0,1
29829,60182968,2019,0,1
29830,60184968,2021,0,1
29831,60186968,2014,0,1
29832,60188968,2004,0,1
29833,60190968,1885,1,1
29834,60192969,1867,0,1
29835,60194968,1899,0,1
29836,60196968,1945,0,1
29837,60198968,1982,0,1
29838,60200968,2020,0,1
29839,60202968,2022,0,1
29840,60204968,2036,0,1
29841,60206968,2029,0,1
29842,60208968,2015,0,1
29843,60210968,1895,1,1
29844,60212968,1879,0,1
29845,60214968,1919,0,1
29846,60216968,1977,0,1
29847,60218968,2009,0,1
29848,60220968,2027,0,1
29849,60222968,2035,0,1
29850,60224968,2025,0,1
29851,60226968,2015,0,1
29852,60228968,2002,0,1
29853,60230968,1919,1,1
29854,60232969,1935,0,1
29855,60234968,1965,0,1
29856,60236968,1997,0,1
29857,60238968,2006,0,1
29858,60240968,2018,0,1
29859,60242968,2011,0,1
29860,60244968,2013,0,1
29861,60246968,2005,0,1
29862,60248968,2003,0,1
29863,60250968,1887,1,1
29864,60252968,1895,0,1
29865,60254968,1949,0,1
29866,60256968,1995,0,1
29867,60258968,2013,0,1
29868,60260968,2023,0,1
29869,60262968,2028,0,1
29870,60264968,2009,0,1
29871,60266968,2005,0,1
29872,60268968,1997,0,1
29873,60270968,1880,1,1
29874,60272969,1904,0,1
29875,60274968,1943,0,1
29876,60276968,2005,0,1
29877,60278968,2021,0,1
29878,60280968,2031,0,1
29879,60282968,2037,0,1
29880,60284968,2026,0,1
29881,60286968,2006,0,1
29882,60288968,1995,0,1
29883,60290968,1908,1,1
29884,60292968,1931,0,1
29885,60294968,1979,0,1
29886,60296968,2023,0,1
29887,60298968,2037,0,1
29888,60300968,2038,0,1
29889,60302968,2035,0,1
29890,60304968,2023,0,1
29891,60306968,2004,0,1
29892,60308968,2006,0,1
29893,60310968,1989,1,1
29894,60312969,2063,0,1
29895,60314968,2089,0,1
29896,60316968,2093,0,1
29897,60318968,2067,0,1
29898,60320968,2019,0,1
29899,60322968,1997,0,1
29900,60324968,1983,0,1
29901,60326968,1971,0,1
29902,60328968,1981,0,1
29903,60330968,1881,1,1
29904,60332968,1903,0,1
29905,60334968,1955,0,1
29906,60336968,1990,0,1
29907,60338968,2019,0,1
29908,60340968,2038,0,1
29909,60342968,2031,0,1
29910,60344968,2021,0,1
29911,60346968,2007,0,1
29912,60348968,2012,0,1
29913,60350968,1989,1,1
29914,60352969,2053,0,1
29915,60354968,2103,0,1
29916,60356968,2115,0,1
29917,60358968,2077,0,1
29918,60360968,2054,0,1
29919,60362968,2011,0,1
29920,60364968,1990,0,1
29921,60366968,1976,0,1
29922,60368968,1971,0,1
29923,60370968,1832,1,1
29924,60372968,1844,0,1
29925,60374968,1887,0,1
29926,60376968,1951,0,1
29927,60378968,1998,0,1
29928,60380968,2024,0,1
29929,60382968,2035,0,1
29930,60384968,2039,0,1
29931,60386968,2025,0,1
29932,60388968,2021,0,1
29933,60390968,1917,1,1
29934,60392969,1941,0,1
29935,60394968,1977,0,1
29936,60396968,2011,0,1
29937,60398968,2023,0,1
29938,60400968,2026,0,1
29939,60402968,2025,0,1
29940,60404968,2013,0,1
29941,60406968,2003,0,1
29942,60408968,1991,0,1
29943,60410968,1919,1,1
29944,60412968,1934,0,1
29945,60414968,1991,0,1
29946,60416968,2025,0,1
29947,60418968,2043,0,1
29948,60420968,2040,0,1
29949,60422968,2031,0,1
29950,60424968,2014,0,1
29951,60426968,2005,0,1
29952,60428968,1991,0,1
29953,60430968,1928,1,1
29954,60432969,1956,0,1
29955,60434968,2020,0,1
29956,60436968,2040,0,1
29957,60438968,2057,0,1
29958,60440968,2035,0,1
29959,60442968,2031,0,1
29960,60444968,2011,0,1
29961,60446968,2005,0,1
29962,60448968,1983,0,1
29963,60450968,1943,1,1
29964,60452968,2006,0,1
29965,60454968,2054,0,1
29966,60456968,2076,0,1
29967,60458968,2071,0,1
29968,60460968,2044,0,1
29969,60462968,2015,0,1
29970,60464968,2002,0,1
29971,60466968,1989,0,1
29972,60468968,1983,0,1
29973,60470968,1931,1,1
29974,60472969,1974,0,1
29975,60474968,2025,0,1
29976,60476968,2053,0,1
29977,60478968,2057,0,1
29978,60480968,2065,0,1
29979,60482968,2021,0,1
29980,60484968,2012,0,1
29981,60486968,1983,0,1
29982,60488968,1990,0,1
29983,60490968,1939,1,1
29984,60492968,1959,0,1
29985,60494968,2004,0,1
29986,60496968,2038,0,1
29987,60498968,2045,0,1
29988,60500968,2052,0,1
29989,60502968,2021,0,1
29990,60504968,2013,0,1
29991,60506968,1995,0,1
29992,60508968,1998,0,1
29993,60510968,1925,1,1
29994,60512969,1919,0,1
29995,60514968,1963,0,1
29996,60516968,2004,0,1
29997,60518968,2021,0,1
29998,60520968,2036,0,1
29999,60522968,2023,0,1
30000,60524968,2011,0,1
30001,60526968,2007,0,1
30002,60528968,1998,0,1
30003,60530968,1941,1,1
30004,60532968,1961,0,1
30005,60534968,2009,0,1
30006,60536968,2026,0,1
30007,60538968,2031,0,1
30008,60540968,2040,0,1
30009,60542968,2023,0,1
30010,60544968,2011,0,1
30011,60546968,2003,0,1
30012,60548968,1992,0,1
30013,60550968,1943,1,1
30014,60552969,1971,0,1
30015,60554968,2013,0,1
30016,60556968,2041,0,1
30017,60558968,2043,0,1
30018,60560968,2043,0,1
30019,60562968,2027,0,1
30020,60564968,2012,0,1
30021,60566968,1997,0,1
30022,60568968,1991,0,1
30023,60570968,1962,1,1
30024,60572968,2011,0,1
30025,60574968,2053,0,1
30026,60576968,2066,0,1
30027,60578968,2055,0,1
30028,60580968,2044,0,1
30029,60582968,2009,0,1
30030,60584968,2003,0,1
30031,60586968,1991,0,1
30032,60588968,1988,1,1
30033,60590968,1908,1,1
30034,60592969,1926,0,1
30035,60594968,1967,0,1
30036,60596968,1995,0,1
30037,60598968,2015,0,1
30038,60600968,2039,0,1
30039,60602968,2025,0,1
30040,60604968,2020,0,1
30041,60606968,2011,0,1
30042,60608968,2009,0,1
30043,60610968,1952,1,1
30044,60612968,1979,0,1
30045,60614968,2011,0,1
30046,60616968,2040,0,1
30047,60618968,2040,0,1
30048,60620968,2044,0,1
30049,60622968,2015,0,1
30050,60624968,1997,0,1
30051,60626968,1995,0,1
30052,60628968,1980,1,1
30053,60630968,1909,1,1
30054,60632969,1941,0,1
30055,60634968,1981,0,1
30056,60636968,2011,0,1
30057,60638968,2025,0,1
30058,60640968,2037,0,1
30059,60642968,2025,0,1
30060,60644968,2020,0,1
30061,60646968,2013,0,1
30062,60648968,1997,1,1
30063,60650968,1877,1,1
30064,60652968,1910,0,1
30065,60654968,1941,0,1
30066,60656968,1992,0,1
30067,60658968,2019,0,1
30068,60660968,2037,0,1
30069,60662968,2031,0,1
30070,60664968,2021,0,1
30071,60666968,2004,0,1
30072,60668968,2005,1,1
30073,60670968,1917,1,1
30074,60672969,1945,0,1
30075,60674968,1971,0,1
30076,60676968,1995,0,1
30077,60678968,2020,0,1
30078,60680968,2027,0,1
30079,60682968,2015,0,1
30080,60684968,2024,0,1
30081,60686968,2015,0,1
30082,60688968,2009,1,1
30083,60690968,1899,1,1
30084,60692968,1917,0,1
30085,60694968,1964,0,1
30086,60696968,2006,0,1
30087,60698968,2021,0,1
30088,60700968,2010,0,1
30089,60702968,2021,0,1
30090,60704968,2014,0,1
30091,60706968,2015,0,1
30092,60708968,2003,1,1
30093,60710968,1875,1,1
30094,60712969,1892,0,1
30095,60714968,1943,0,1
30096,60716968,1983,0,1
30097,60718968,2007,0,1
30098,60720968,2021,0,1
30099,60722968,2023,0,1
30100,60724968,2023,0,1
30101,60726968,2015,0,1
30102,60728968,2003,1,1
30103,60730968,1917,1,1
30104,60732968,1957,0,1
30105,60734968,1997,0,1
30106,60736968,2021,0,1
30107,60738968,2035,0,1
30108,60740968,2027,0,1
30109,60742968,2021,0,1
30110,60744968,2011,0,1
30111,60746968,1999,0,1
30112,60748968,1992,1,1
30113,60750968,1896,1,1
30114,60752969,1937,0,1
30115,60754968,1963,0,1
30116,60756968,1995,0,1
30117,60758968,2025,0,1
30118,60760968,2027,0,1
30119,60762968,2014,0,1
30120,60764968,2023,0,1
30121,60766968,2003,0,1
30122,60768968,1992,1,1
30123,60770968,1941,1,1
30124,60772968,1964,0,1
30125,60774968,2008,0,1
30126,60776968,2027,0,1
30127,60778968,2029,0,1
30128,60780968,2021,0,1
30129,60782968,2014,0,1
30130,60784968,2013,0,1
30131,60786968,1995,0,1
30132,60788968,1982,1,1
30133,60790968,1887,1,1
30134,60792969,1903,0,1
30135,60794968,1944,0,1
30136,60796968,1981,0,1
30137,60798968,2021,0,1
30138,60800968,2013,0,1
30139,60802968,2023,0,1
30140,60804968,2015,0,1
30141,60806968,2021,0,1
30142,60808968,2009,1,1
30143,60810968,2505,1,1
30144,60812968,3852,0,1
30145,60814968,4095,0,0
30146,60816968,4075,0,1
30147,60818968,3304,0,1
30148,60820968,2632,0,1
30149,60822968,2091,0,1
30150,60824968,1772,0,1
30151,60826968,1630,0,1
30152,60828968,1636,1,1
30153,60830968,1645,1,1
30154,60832969,1671,0,1
30155,60834968,1727,0,1
30156,60836968,1821,0,1
30157,60838968,1933,0,1
30158,60840968,2013,0,1
30159,60842968,2067,0,1
30160,60844968,2075,0,1
30161,60846968,2055,0,1
30162,60848968,2045,1,1
30163,60850968,1991,1,1
30164,60852968,1971,0,1
30165,60854968,1959,0,1
30166,60856968,1962,0,1
30167,60858968,1968,0,1
30168,60860968,1989,0,1
30169,60862968,1993,0,1
30170,60864968,2013,0,1
30171,60866968,2006,0,1
30172,60868968,2005,1,1
30173,60870968,1979,1,1
30174,60872969,2011,0,1
30175,60874968,2021,0,1
30176,60876968,2025,0,1
30177,60878968,2023,0,1
30178,60880968,2013,0,1
30179,60882968,2004,0,1
30180,60884968,2003,0,1
30181,60886968,1995,0,1
30182,60888968,1993,1,1
30183,60890968,1959,1,1
30184,60892968,1833,0,1
30185,60894968,1654,0,1
30186,60896968,1635,0,1
30187,60898968,1715,0,1
30188,60900968,1832,0,1
30189,60902968,1939,0,1
30190,60904968,2039,0,1
30191,60906968,2077,0,1
30192,60908968,2077,1,1
30193,60910968,2025,1,1
30194,60912969,2074,0,1
30195,60914968,2071,0,1
30196,60916968,2066,0,1
30197,60918968,2035,0,1
30198,60920968,2007,0,1
30199,60922968,1996,0,1
30200,60924968,1981,0,1
30201,60926968,1975,0,1
30202,60928968,1975,1,1
30203,60930968,1960,1,1
30204,60932968,2035,0,1
30205,60934968,2085,0,1
30206,60936968,2078,0,1
30207,60938968,2079,0,1
30208,60940968,2037,0,1
30209,60942968,2004,0,1
30210,60944968,1995,0,1
30211,60946968,1989,0,1
30212,60948968,2001,1,1
30213,60950968,1995,1,1
30214,60952969,2067,0,1
30215,60954968,2093,0,1
30216,60956968,2091,0,1
30217,60958968,2077,0,1
30218,60960968,2024,0,1
30219,60962968,2005,0,1
30220,60964968,1982,0,1
30221,60966968,1981,0,1
30222,60968968,1975,1,1
30223,60970968,2254,1,1
30224,60972968,2698,0,1
30225,60974968,2639,0,1
30226,60976968,2447,0,1
30227,60978968,2217,0,1
30228,60980968,2012,0,1
30229,60982968,1895,0,1
30230,60984968,1848,0,1
30231,60986968,1864,0,1
30232,60988968,1913,1,1
30233,60990968,2143,1,1
30234,60992969,2760,0,1
30235,60994968,3003,0,1
30236,60996968,2893,0,1
30237,60998968,2611,0,1
30238,61000968,2263,0,1
30239,61002968,2007,0,1
30240,61004968,1851,0,1
30241,61006968,1789,0,1
30242,61008968,1823,1,1
30243,61010968,2137,1,1
30244,61012968,2862,0,1
30245,61014968,3179,0,1
30246,61016968,3045,0,1
30247,61018968,2711,0,1
30248,61020968,2311,0,1
30249,61022968,2005,0,1
30250,61024968,1829,0,1
30251,61026968,1757,0,1
30252,61028968,1788,1,1
30253,61030968,1818,1,1
30254,61032969,1935,0,1
30255,61034968,2005,0,1
30256,61036968,2057,0,1
30257,61038968,2077,0,1
30258,61040968,2056,0,1
30259,61042968,2029,0,1
30260,61044968,2009,0,1
30261,61046968,2005,0,1
30262,61048968,1989,1,1
30263,61050968,1963,1,1
30264,61052968,1997,0,1
30265,61054968,2015,0,1
30266,61056968,2025,0,1
30267,61058968,2031,0,1
30268,61060968,2013,0,1
30269,61062968,1999,0,1
30270,61064968,2009,0,1
30271,61066968,1993,0,1
30272,61068968,2002,1,1
30273,61070968,1974,1,1
30274,61072969,2007,0,1
30275,61074968,2027,0,1
30276,61076968,2029,0,1
30277,61078968,2035,0,1
30278,61080968,2015,0,1
30279,61082968,2008,0,1
30280,61084968,1997,0,1
30281,61086968,1995,0,1
30282,61088968,2005,1,1
30283,61090968,1960,1,1
30284,61092968,2021,0,1
30285,61094968,2035,0,1
30286,61096968,2044,0,1
30287,61098968,2036,0,1
30288,61100968,2015,0,1
30289,61102968,2010,0,1
30290,61104968,1989,0,1
30291,61106968,1991,0,1
30292,61108968,1995,1,1
30293,61110968,1959,1,1
30294,61112969,2009,0,1
30295,61114968,2029,0,1
30296,61116968,2037,0,1
30297,61118968,2037,0,1
30298,61120968,2019,0,1
30299,61122968,1997,0,1
30300,61124968,1999,0,1
30301,61126968,1983,0,1
30302,61128968,1992,1,1
30303,61130968,1975,1,1
30304,61132968,1865,0,1
30305,61134968,1726,0,1
30306,61136968,1717,0,1
30307,61138968,1779,0,1
30308,61140968,1865,0,1
30309,61142968,1962,0,1
30310,61144968,2027,0,1
30311,61146968,2063,0,1
30312,61148968,2069,1,1
30313,61150968,2040,1,1
30314,61152969,2056,0,1
30315,61154968,2038,0,1
30316,61156968,2020,0,1
30317,61158968,2005,0,1
30318,61160968,1982,0,1
30319,61162968,1975,0,1
30320,61164968,1988,0,1
30321,61166968,1990,0,1
30322,61168968,1978,1,1
30323,61170968,1977,1,1
30324,61172968,2013,0,1
30325,61174968,2045,0,1
30326,61176968,2041,0,1
30327,61178968,2025,0,1
30328,61180968,2008,0,1
30329,61182968,2006,0,1
30330,61184968,1992,0,1
30331,61186968,1979,0,1
30332,61188968,1989,1,1
30333,61190968,2003,1,1
30334,61192969,2099,0,1
30335,61194968,2121,0,1
30336,61196968,2111,0,1
30337,61198968,2076,0,1
30338,61200968,2030,0,1
30339,61202968,1993,0,1
30340,61204968,1979,0,1
30341,61206968,1967,0,1
30342,61208968,1973,1,1
30343,61210968,1919,1,1
30344,61212968,1967,0,1
30345,61214968,2005,0,1
30346,61216968,2024,0,1
30347,61218968,2035,0,1
30348,61220968,2022,0,1
30349,61222968,2019,0,1
30350,61224968,1997,0,1
30351,61226968,2003,0,1
30352,61228968,1979,1,1
30353,61230968,1918,1,1
30354,61232969,1967,0,1
30355,61234968,1997,0,1
30356,61236968,2018,0,1
30357,61238968,2023,0,1
30358,61240968,2012,0,1
30359,61242968,2012,0,1
30360,61244968,2006,0,1
30361,61246968,1993,0,1
30362,61248968,1979,1,1
30363,61250968,1991,1,1
30364,61252968,2036,0,1
30365,61254968,2063,0,1
30366,61256968,2057,0,1
30367,61258968,2039,0,1
30368,61260968,2009,0,1
30369,61262968,2005,0,1
30370,61264968,1981,0,1
30371,61266968,1977,0,1
30372,61268968,1988,1,1
30373,61270968,2037,1,1
30374,61272969,2068,0,1
30375,61274968,2072,0,1
30376,61276968,2037,0,1
30377,61278968,2029,0,1
30378,61280968,1993,0,1
30379,61282968,1989,0,1
30380,61284968,1976,0,1
30381,61286968,1989,0,1
30382,61288968,1983,1,1
30383,61290968,2037,1,1
30384,61292968,2131,0,1
30385,61294968,2151,0,1
30386,61296968,2117,0,1
30387,61298968,2077,0,1
30388,61300968,2013,0,1
30389,61302968,1994,0,1
30390,61304968,1962,0,1
30391,61306968,1965,0,1
30392,61308968,1974,1,1
30393,61310968,2025,1,1
30394,61312969,2103,0,1
30395,61314968,2119,0,1
30396,61316968,2099,0,1
30397,61318968,2057,0,1
30398,61320968,2019,0,1
30399,61322968,1995,0,1
30400,61324968,1971,0,1
30401,61326968,1977,0,1
30402,61328968,1992,1,1
30403,61330968,2035,1,1
30404,61332968,2102,0,1
30405,61334968,2123,0,1
30406,61336968,2100,0,1
30407,61338968,2067,0,1
30408,61340968,2023,0,1
30409,61342968,1994,0,1
30410,61344968,1968,0,1
30411,61346968,1973,0,1
30412,61348968,1975,1,1
30413,61350968,2020,1,1
30414,61352969,2087,0,1
30415,61354968,2109,0,1
30416,61356968,2093,0,1
30417,61358968,2060,0,1
30418,61360968,2024,0,1
30419,61362968,1995,0,1
30420,61364968,1975,0,1
30421,61366968,1976,0,1
30422,61368968,1977,1,1
30423,61370968,1996,1,1
30424,61372968,2057,0,1
30425,61374968,2080,0,1
30426,61376968,2079,0,1
30427,61378968,2056,0,1
30428,61380968,2021,0,1
30429,61382968,2005,0,1
30430,61384968,1991,0,1
30431,61386968,1979,0,1
30432,61388968,1977,1,1
30433,61390968,2018,1,1
30434,61392969,2059,0,1
30435,61394968,2042,0,1
30436,61396968,2025,0,1
30437,61398968,2011,0,1
30438,61400968,1995,0,1
30439,61402968,1992,0,1
30440,61404968,1981,0,1
30441,61406968,1997,0,1
30442,61408968,1979,1,1
30443,61410968,1975,1,1
30444,61412968,2055,0,1
30445,61414968,2088,0,1
30446,61416968,2085,0,1
30447,61418968,2057,0,1
30448,61420968,2023,0,1
30449,61422968,2005,0,1
30450,61424968,1983,0,1
30451,61426968,1977,0,1
30452,61428968,1961,1,1
30453,61430968,2007,1,1
30454,61432969,2077,0,1
30455,61434968,2104,0,1
30456,61436968,2091,0,1
30457,61438968,2056,0,1
30458,61440968,2025,0,1
30459,61442968,1994,0,1
30460,61444968,1980,0,1
30461,61446968,1978,0,1
30462,61448968,1965,1,1
30463,61450968,1983,1,1
30464,61452968,2073,0,1
30465,61454968,2089,0,1
30466,61456968,2083,0,1
30467,61458968,2063,0,1
30468,61460968,2029,0,1
30469,61462968,2002,0,1
30470,61464968,1983,0,1
30471,61466968,1974,0,1
30472,61468968,1977,1,1
30473,61470968,1991,1,1
30474,61472969,2038,0,1
30475,61474968,2069,0,1
30476,61476968,2058,0,1
30477,61478968,2059,0,1
30478,61480968,2013,0,1
30479,61482968,2005,0,1
30480,61484968,1991,0,1
30481,61486968,1983,0,1
30482,61488968,1989,1,1
30483,61490968,1964,1,1
30484,61492968,2027,0,1
30485,61494968,2055,0,1
30486,61496968,2059,0,1
30487,61498968,2056,0,1
30488,61500968,2021,0,1
30489,61502968,2004,0,1
30490,61504968,1983,0,1
30491,61506968,1989,0,1
30492,61508968,1973,1,1
30493,61510968,1975,1,1
30494,61512969,1981,0,1
30495,61514968,1994,0,1
30496,61516968,1995,0,1
30497,61518968,2012,0,1
30498,61520968,2015,0,1
30499,61522968,2009,0,1
30500,61524968,2006,0,1
30501,61526968,2011,0,1
30502,61528968,2021,1,1
30503,61530968,2123,1,1
30504,61532968,2387,0,1
30505,61534968,2455,0,1
30506,61536968,2377,0,1
30507,61538968,2248,0,1
30508,61540968,2088,0,1
30509,61542968,1977,0,1
30510,61544968,1915,0,1
30511,61546968,1897,0,1
30512,61548968,1916,1,1
30513,61550968,1892,1,1
30514,61552969,1851,0,1
30515,61554968,1845,0,1
30516,61556968,1891,0,1
30517,61558968,1947,0,1
30518,61560968,1979,0,1
30519,61562968,2011,0,1
30520,61564968,2028,0,1
30521,61566968,2036,0,1
30522,61568968,2015,1,1
30523,61570968,1993,1,1
30524,61572968,2026,0,1
30525,61574968,2034,0,1
30526,61576968,2025,0,1
30527,61578968,2031,0,1
30528,61580968,2011,0,1
30529,61582968,1998,0,1
30530,61584968,1993,0,1
30531,61586968,1991,0,1
30532,61588968,1995,1,1
30533,61590968,2005,1,1
30534,61592969,2075,0,1
30535,61594968,2085,0,1
30536,61596968,2075,0,1
30537,61598968,2063,0,1
30538,61600968,2019,0,1
30539,61602968,1995,0,1
30540,61604968,1978,0,1
30541,61606968,1983,0,1
30542,61608968,1976,1,1
30543,61610968,1992,1,1
30544,61612968,2066,0,1
30545,61614968,2086,0,1
30546,61616968,2075,0,1
30547,61618968,2067,0,1
30548,61620968,2017,0,1
30549,61622968,1993,0,1
30550,61624968,1983,0,1
30551,61626968,1981,0,1
30552,61628968,1973,1,1
30553,61630968,2003,1,1
30554,61632969,2079,0,1
30555,61634968,2105,0,1
30556,61636968,2091,0,1
30557,61638968,2066,0,1
30558,61640968,2025,0,1
30559,61642968,2004,0,1
30560,61644968,1989,0,1
30561,61646968,1979,0,1
30562,61648968,1977,1,1
30563,61650968,1981,1,1
30564,61652968,2059,0,1
30565,61654968,2077,0,1
30566,61656968,2067,0,1
30567,61658968,2063,0,1
30568,61660968,2024,0,1
30569,61662968,2009,0,1
30570,61664968,1981,0,1
30571,61666968,1991,0,1
30572,61668968,1989,1,1
30573,61670968,1983,1,1
30574,61672969,2068,0,1
30575,61674968,2087,0,1
30576,61676968,2072,0,1
30577,61678968,2060,0,1
30578,61680968,2013,0,1
30579,61682968,1993,0,1
30580,61684968,1993,0,1
30581,61686968,1978,0,1
30582,61688968,1950,1,1
30583,61690968,1965,1,1
30584,61692968,2024,0,1
30585,61694968,2053,0,1
30586,61696968,2056,0,1
30587,61698968,2036,0,1
30588,61700968,2013,0,1
30589,61702968,2007,0,1
30590,61704968,1998,0,1
30591,61706968,1991,0,1
30592,61708968,1971,1,1
30593,61710968,2019,1,1
30594,61712969,2089,0,1
30595,61714968,2107,0,1
30596,61716968,2088,0,1
30597,61718968,2043,0,1
30598,61720968,2021,0,1
30599,61722968,1998,0,1
30600,61724968,1983,0,1
30601,61726968,1977,0,1
30602,61728968,1951,1,1
30603,61730968,1966,1,1
30604,61732968,2013,0,1
30605,61734968,2041,0,1
30606,61736968,2043,0,1
30607,61738968,2029,0,1
30608,61740968,2019,0,1
30609,61742968,2003,0,1
30610,61744968,1998,0,1
30611,61746968,1995,0,1
30612,61748968,1959,1,1
30613,61750968,1935,1,1
30614,61752969,1997,0,1
30615,61754968,2023,0,1
30616,61756968,2042,0,1
30617,61758968,2053,0,1
30618,61760968,2030,0,1
30619,61762968,2012,0,1
30620,61764968,2007,0,1
30621,61766968,1996,0,1
30622,61768968,1963,1,1
30623,61770968,1993,1,1
30624,61772968,2063,0,1
30625,61774968,2085,0,1
30626,61776968,2079,0,1
30627,61778968,2059,0,1
30628,61780968,2022,0,1
30629,61782968,1994,0,1
30630,61784968,1981,0,1
30631,61786968,1991,0,1
30632,61788968,1965,1,1
30633,61790968,2109,1,1
30634,61792969,2295,0,1
30635,61794968,2323,0,1
30636,61796968,2255,0,1
30637,61798968,2152,0,1
30638,61800968,2053,0,1
30639,61802968,1973,0,1
30640,61804968,1935,0,1
30641,61806968,1929,0,1
30642,61808968,1933,1,1
30643,61810968,2009,1,1
30644,61812968,2055,0,1
30645,61814968,2068,0,1
30646,61816968,2065,0,1
30647,61818968,2039,0,1
30648,61820968,2019,0,1
30649,61822968,2002,0,1
30650,61824968,1992,0,1
30651,61826968,1988,0,1
30652,61828968,1971,1,1
30653,61830968,1988,1,1
30654,61832969,2027,0,1
30655,61834968,2038,0,1
30656,61836968,2055,0,1
30657,61838968,2028,0,1
30658,61840968,2018,0,1
30659,61842968,2001,0,1
30660,61844968,1993,0,1
30661,61846968,1991,0,1
30662,61848968,1959,1,1
30663,61850968,1976,1,1
30664,61852968,2021,0,1
30665,61854968,2040,0,1
30666,61856968,2053,0,1
30667,61858968,2029,0,1
30668,61860968,2019,0,1
30669,61862968,2005,0,1
30670,61864968,1995,0,1
30671,61866968,1999,0,1
30672,61868968,1971,1,1
30673,61870968,2003,1,1
30674,61872969,2059,0,1
30675,61874968,2072,0,1
30676,61876968,2065,0,1
30677,61878968,2035,0,1
30678,61880968,2005,0,1
30679,61882968,2001,0,1
30680,61884968,1981,0,1
30681,61886968,1981,0,1
30682,61888968,1934,1,1
30683,61890968,1925,1,1
30684,61892968,1980,0,1
30685,61894968,2003,0,1
30686,61896968,2025,0,1
30687,61898968,2024,0,1
30688,61900968,2015,0,1
30689,61902968,2013,0,1
30690,61904968,1996,0,1
30691,61906968,1997,0,1
30692,61908968,1957,1,1
30693,61910968,1945,1,1
30694,61912969,2026,0,1
30695,61914968,2057,0,1
30696,61916968,2063,0,1
30697,61918968,2058,0,1
30698,61920968,2025,0,1
30699,61922968,2010,0,1
30700,61924968,2002,0,1
30701,61926968,1991,0,1
30702,61928968,1947,1,1
30703,61930968,1964,1,1
30704,61932968,2037,0,1
30705,61934968,2063,0,1
30706,61936968,2087,0,1
30707,61938968,2043,0,1
30708,61940968,2023,0,1
30709,61942968,2011,0,1
30710,61944968,1996,0,1
30711,61946968,1994,0,1
30712,61948968,1982,1,1
30713,61950968,2060,1,1
30714,61952969,2136,0,1
30715,61954968,2131,0,1
30716,61956968,2109,0,1
30717,61958968,2065,0,1
30718,61960968,2019,0,1
30719,61962968,1979,0,1
30720,61964968,1967,0,1
30721,61966968,1977,0,1
30722,61968968,1976,1,1
30723,61970968,2039,1,1
30724,61972968,2125,0,1
30725,61974968,2133,0,1
30726,61976968,2120,0,1
30727,61978968,2070,0,1
30728,61980968,2020,0,1
30729,61982968,1991,0,1
30730,61984968,1967,0,1
30731,61986968,1974,0,1
30732,61988968,1963,1,1
30733,61990968,2037,1,1
30734,61992969,2085,0,1
30735,61994968,2095,0,1
30736,61996968,2093,0,1
30737,61998968,2044,0,1
30738,62000968,2011,0,1
30739,62002968,1999,0,1
30740,62004968,1980,0,1
30741,62006968,1983,0,1
30742,62008968,1948,1,1
30743,62010968,1958,1,1
30744,62012968,2013,0,1
30745,62014968,2035,0,1
30746,62016968,2067,0,1
30747,62018968,2036,0,1
30748,62020968,2014,0,1
30749,62022968,2011,0,1
30750,62024968,1995,0,1
30751,62026968,1995,0,1
30752,62028968,1972,1,1
30753,62030968,2093,1,1
30754,62032969,2199,0,1
30755,62034968,2206,0,1
30756,62036968,2181,0,1
30757,62038968,2091,0,1
30758,62040968,2025,0,1
30759,62042968,1981,0,1
30760,62044968,1955,0,1
30761,62046968,1963,0,1
30762,62048968,1967,1,1
30763,62050968,2035,1,1
30764,62052968,2090,0,1
30765,62054968,2121,0,1
30766,62056968,2103,0,1
30767,62058968,2063,0,1
30768,62060968,2018,0,1
30769,62062968,1997,0,1
30770,62064968,1971,0,1
30771,62066968,1977,0,1
30772,62068968,2099,1,1
30773,62070968,2810,1,1
30774,62072969,3455,0,1
30775,62074968,3438,0,1
30776,62076968,3055,0,1
30777,62078968,2550,0,1
30778,62080968,2121,0,1
30779,62082968,1839,0,1
30780,62084968,1726,0,1
30781,62086968,1733,0,1
30782,62088968,1781,1,1
30783,62090968,1941,0,1
30784,62092968,2075,0,1
30785,62094968,2137,0,1
30786,62096968,2151,0,1
30787,62098968,2103,0,1
30788,62100968,2063,0,1
30789,62102968,2013,0,1
30790,62104968,1981,0,1
30791,62106968,1981,0,1
30792,62108968,1965,1,1
30793,62110968,2021,0,1
30794,62112969,2069,0,1
30795,62114968,2075,0,1
30796,62116968,2084,0,1
30797,62118968,2031,0,1
30798,62120968,2011,0,1
30799,62122968,1995,0,1
30800,62124968,1975,0,1
30801,62126968,1983,0,1
30802,62128968,1979,1,1
30803,62130968,1996,0,1
30804,62132968,2027,0,1
30805,62134968,2042,0,1
30806,62136968,2039,0,1
30807,62138968,2029,0,1
30808,62140968,2009,0,1
30809,62142968,2005,0,1
30810,62144968,1996,0,1
30811,62146968,1983,0,1
30812,62148968,2041,1,1
30813,62150968,2376,0,1
30814,62152969,2649,0,1
30815,62154968,2639,0,1
30816,62156968,2474,0,1
30817,62158968,2261,0,1
30818,62160968,2044,0,1
30819,62162968,1928,0,1
30820,62164968,1863,0,1
30821,62166968,1869,0,1
30822,62168968,1880,1,1
30823,62170968,1939,0,1
30824,62172968,1997,0,1
30825,62174968,2038,0,1
30826,62176968,2055,0,1
30827,62178968,2039,0,1
30828,62180968,2023,0,1
30829,62182968,2019,0,1
30830,62184968,2004,0,1
30831,62186968,1991,0,1
30832,62188968,1992,1,1
30833,62190968,2147,0,1
30834,62192969,2311,0,1
30835,62194968,2326,0,1
30836,62196968,2259,0,1
30837,62198968,2132,0,1
30838,62200968,2031,0,1
30839,62202968,1971,0,1
30840,62204968,1926,0,1
30841,62206968,1931,0,1
30842,62208968,1887,1,1
30843,62210968,1867,0,1
30844,62212968,1895,0,1
30845,62214968,1939,0,1
30846,62216968,1978,0,1
30847,62218968,2003,0,1
30848,62220968,2021,0,1
30849,62222968,2023,0,1
30850,62224968,2021,0,1
30851,62226968,2021,0,1
30852,62228968,1972,1,1
30853,62230968,2068,0,1
30854,62232969,2187,0,1
30855,62234968,2213,0,1
30856,62236968,2169,0,1
30857,62238968,2120,0,1
30858,62240968,2039,0,1
30859,62242968,1997,0,1
30860,62244968,1968,0,1
30861,62246968,1964,0,1
30862,62248968,1965,1,1
30863,62250968,1961,0,1
30864,62252968,1879,0,1
30865,62254968,1852,0,1
30866,62256968,1882,0,1
30867,62258968,1931,0,1
30868,62260968,1963,0,1
30869,62262968,1995,0,1
30870,62264968,2021,0,1
30871,62266968,2021,0,1
30872,62268968,2023,1,1
30873,62270968,2043,0,1
30874,62272969,2063,0,1
30875,62274968,2043,0,1
30876,62276968,2019,0,1
30877,62278968,2006,0,1
30878,62280968,1995,0,1
30879,62282968,1983,0,1
30880,62284968,1983,0,1
30881,62286968,1991,0,1
30882,62288968,2005,1,1
30883,62290968,2247,0,1
30884,62292968,2392,0,1
30885,62294968,2380,0,1
30886,62296968,2283,0,1
30887,62298968,2139,0,1
30888,62300968,2031,0,1
30889,62302968,1957,0,1
30890,62304968,1919,0,1
30891,62306968,1913,0,1
30892,62308968,1937,1,1
30893,62310968,2055,0,1
30894,62312969,2130,0,1
30895,62314968,2139,0,1
30896,62316968,2108,0,1
30897,62318968,2063,0,1
30898,62320968,2019,0,1
30899,62322968,1995,0,1
30900,62324968,1963,0,1
30901,62326968,1963,0,1
30902,62328968,1959,1,1
30903,62330968,1980,0,1
30904,62332968,2002,0,1
30905,62334968,2028,0,1
30906,62336968,2011,0,1
30907,62338968,2008,0,1
30908,62340968,2003,0,1
30909,62342968,2009,0,1
30910,62344968,1990,0,1
30911,62346968,1993,0,1
30912,62348968,2019,1,1
30913,62350968,2036,0,1
30914,62352968,2044,0,1
30915,62354968,2056,0,1
30916,62356968,2038,0,1
30917,62358968,2003,0,1
30918,62360968,1995,0,1
30919,62362968,1991,0,1
30920,62364968,1993,0,1
30921,62366968,1999,0,1
30922,62368968,2013,1,1
30923,62370968,2199,0,1
30924,62372968,2331,0,1
30925,62374968,2317,0,1
30926,62376968,2227,0,1
30927,62378968,2121,0,1
30928,62380968,2012,0,1
30929,62382968,1957,0,1
30930,62384968,1919,0,1
30931,62386968,1925,0,1
30932,62388968,1935,1,1
30933,62390968,1979,0,1
30934,62392968,2043,0,1
30935,62394968,2073,0,1
30936,62396968,2070,0,1
30937,62398968,2055,0,1
30938,62400968,2025,0,1
30939,62402968,1997,0,1
30940,62404968,1995,0,1
30941,62406968,1975,0,1
30942,62408968,1951,1,1
30943,62410968,2005,0,1
30944,62412968,2041,0,1
30945,62414968,2045,0,1
30946,62416968,2043,0,1
30947,62418968,2021,0,1
30948,62420968,2003,0,1
30949,62422968,2007,0,1
30950,62424968,1995,0,1
30951,62426968,1981,0,1
30952,62428968,1950,1,1
30953,62430968,1981,0,1
30954,62432968,2005,0,1
30955,62434968,2040,0,1
30956,62436968,2044,0,1
30957,62438968,2030,0,1
30958,62440968,2013,0,1
30959,62442968,2011,0,1
30960,62444968,2003,0,1
30961,62446968,2003,0,1
30962,62448968,1961,1,1
30963,62450968,2007,0,1
30964,62452968,2044,0,1
30965,62454968,2071,0,1
30966,62456968,2071,0,1
