sample_index,timestamp_us,ecg_raw,leads_off,adc_ok
34447,69418968,3,1,1
34448,69420968,0,1,0
34449,69422968,10,0,1
34450,69424968,0,0,0
34451,69426968,6,0,1
34452,69428968,1,0,1
34453,69430968,3,0,1
34454,69432968,3,0,1
34455,69434968,2,0,1
34456,69436968,4,1,1
34457,69438968,4,1,1
34458,69440968,2,1,1
34459,69442969,13,0,1
34460,69444968,3,0,1
34461,69446968,2,0,1
34462,69448968,3,0,1
34463,69450968,17,0,1
34464,69452968,11,0,1
34465,69454968,7,0,1
34466,69456968,5,1,1
34467,69458968,5,1,1
34468,69460968,7,1,1
34469,69462968,5,0,1
34470,69464968,2,0,1
34471,69466968,1,0,1
34472,69468968,3,0,1
34473,69470968,3,0,1
34474,69472968,5,0,1
34475,69474968,0,0,0
34476,69476968,1,1,1
34477,69478968,0,1,0
34478,69480968,0,1,0
34479,69482969,5,0,1
34480,69484968,2,0,1
34481,69486968,0,0,0
34482,69488968,0,0,0
34483,69490968,0,0,0
34484,69492968,4,0,1
34485,69494968,0,0,0
34486,69496968,0,1,0
34487,69498968,1,1,1
34488,69500968,1,1,1
34489,69502968,0,0,0
34490,69504968,0,0,0
34491,69506968,0,0,0
34492,69508968,1,0,1
34493,69510968,0,0,0
34494,69512968,0,0,0
34495,69514968,3,0,1
34496,69516968,1,1,1
34497,69518968,0,1,0
34498,69520968,5,1,1
34499,69522968,0,0,0
34500,69524968,0,0,0
34501,69526968,1,0,1
34502,69528968,0,0,0
34503,69530968,1,0,1
34504,69532968,1,0,1
34505,69534968,0,0,0
34506,69536968,1,1,1
34507,69538968,3,1,1
34508,69540968,0,1,0
34509,69542968,2,0,1
34510,69544968,0,0,0
34511,69546968,0,0,0
34512,69548968,0,0,0
34513,69550968,0,0,0
34514,69552968,3,0,1
34515,69554968,0,0,0
34516,69556968,2,1,1
34517,69558968,0,1,0
34518,69560968,0,1,0
34519,69562969,4,0,1
34520,69564968,0,0,0
34521,69566968,0,0,0
34522,69568968,0,0,0
34523,69570968,0,0,0
34524,69572968,0,0,0
34525,69574968,0,0,0
34526,69576968,0,1,0
34527,69578968,1,1,1
34528,69580968,0,1,0
34529,69582968,2,0,1
34530,69584968,0,0,0
34531,69586968,0,0,0
34532,69588968,2,0,1
34533,69590968,0,0,0
34534,69592968,1,0,1
34535,69594968,0,0,0
34536,69596968,3,1,1
34537,69598968,0,1,0
34538,69600968,0,1,0
34539,69602969,2,0,1
34540,69604968,0,0,0
34541,69606968,0,0,0
34542,69608968,7,0,1
34543,69610968,0,0,0
34544,69612968,0,0,0
34545,69614968,1,0,1
34546,69616968,1,1,1
34547,69618968,22,1,1
34548,69620968,0,1,0
34549,69622968,1,0,1
34550,69624968,3,0,1
34551,69626968,0,0,0
34552,69628968,12,0,1
34553,69630968,0,0,0
34554,69632968,0,0,0
34555,69634968,0,0,0
34556,69636968,0,1,0
34557,69638968,7,1,1
34558,69640968,0,1,0
34559,69642969,11,0,1
34560,69644968,2,0,1
34561,69646968,0,0,0
34562,69648968,9,0,1
34563,69650968,1,0,1
34564,69652968,0,0,0
34565,69654968,0,0,0
34566,69656968,0,1,0
34567,69658968,10,1,1
34568,69660968,2,1,1
34569,69662968,2,0,1
34570,69664968,1,0,1
34571,69666968,0,0,0
34572,69668968,17,0,1
34573,69670968,0,0,0
34574,69672968,4,0,1
34575,69674968,0,0,0
34576,69676968,0,1,0
34577,69678968,16,1,1
34578,69680968,2,1,1
34579,69682969,0,0,0
34580,69684968,0,0,0
34581,69686968,0,0,0
34582,69688968,11,0,1
34583,69690968,0,0,0
34584,69692968,1,0,1
34585,69694968,3,0,1
34586,69696968,0,1,0
34587,69698968,7,1,1
34588,69700968,0,1,0
34589,69702968,0,0,0
34590,69704968,0,0,0
34591,69706968,0,0,0
34592,69708968,5,0,1
34593,69710968,0,0,0
34594,69712968,0,0,0
34595,69714968,0,0,0
34596,69716968,0,1,0
34597,69718968,11,1,1
34598,69720968,0,1,0
34599,69722969,1,0,1
34600,69724968,0,0,0
34601,69726968,0,0,0
34602,69728968,6,0,1
34603,69730968,1,0,1
34604,69732968,3,0,1
34605,69734968,0,0,0
34606,69736968,0,1,0
34607,69738968,8,1,1
34608,69740968,0,1,0
34609,69742968,3,0,1
34610,69744968,1,0,1
34611,69746968,0,0,0
34612,69748968,8,0,1
34613,69750968,0,0,0
34614,69752968,0,0,0
34615,69754968,0,0,0
34616,69756968,1,1,1
34617,69758968,4,1,1
34618,69760968,0,1,0
34619,69762969,4,0,1
34620,69764968,2,0,1
34621,69766968,0,0,0
34622,69768968,7,0,1
34623,69770968,0,0,0
34624,69772968,0,0,0
34625,69774968,0,0,0
34626,69776968,0,1,0
34627,69778968,8,1,1
34628,69780968,0,1,0
34629,69782968,0,0,0
34630,69784968,0,0,0
34631,69786968,0,0,0
34632,69788968,10,0,1
34633,69790968,4,0,1
34634,69792968,0,0,0
34635,69794968,3,0,1
34636,69796968,0,1,0
34637,69798968,3,1,1
34638,69800968,5,0,1
34639,69802969,3,0,1
34640,69804968,2,0,1
34641,69806968,0,0,0
34642,69808968,0,0,0
34643,69810968,4,0,1
34644,69812968,0,0,0
34645,69814968,0,0,0
34646,69816968,0,1,0
34647,69818968,0,1,0
34648,69820968,7,0,1
34649,69822968,0,0,0
34650,69824968,0,0,0
34651,69826968,0,0,0
34652,69828968,0,0,0
34653,69830968,0,0,0
34654,69832968,0,0,0
34655,69834968,0,0,0
34656,69836968,0,1,0
34657,69838968,0,1,0
34658,69840968,6,0,1
34659,69842969,5,0,1
34660,69844968,0,0,0
34661,69846968,0,0,0
34662,69848968,0,0,0
34663,69850968,1,0,1
34664,69852968,3,0,1
34665,69854968,0,0,0
34666,69856968,0,1,0
34667,69858968,6,1,1
34668,69860968,5,1,1
34669,69862968,0,0,0
34670,69864968,1,0,1
34671,69866968,0,0,0
34672,69868968,4,0,1
34673,69870968,0,0,0
34674,69872968,4,0,1
34675,69874968,0,0,0
34676,69876968,0,1,0
34677,69878968,4,1,1
34678,69880968,7,0,1
34679,69882969,2,0,1
34680,69884968,3,0,1
34681,69886968,0,0,0
34682,69888968,0,0,0
34683,69890968,0,0,0
34684,69892968,0,0,0
34685,69894968,2,0,1
34686,69896968,0,1,0
34687,69898968,0,1,0
34688,69900968,1,0,1
34689,69902968,0,0,0
34690,69904968,0,0,0
34691,69906968,0,0,0
34692,69908968,0,0,0
34693,69910968,0,0,0
34694,69912968,0,0,0
34695,69914968,1,0,1
34696,69916968,0,1,0
34697,69918968,0,1,0
34698,69920968,7,0,1
34699,69922969,0,0,0
34700,69924968,3,0,1
34701,69926968,0,0,0
34702,69928968,2,0,1
34703,69930968,1,0,1
34704,69932968,0,0,0
34705,69934968,0,0,0
34706,69936968,3,1,1
34707,69938968,0,1,0
34708,69940968,3,0,1
34709,69942968,0,0,0
34710,69944968,0,0,0
34711,69946968,0,0,0
34712,69948968,0,0,0
34713,69950968,0,0,0
34714,69952968,0,0,0
34715,69954968,0,0,0
34716,69956968,0,1,0
34717,69958968,0,1,0
34718,69960968,1,1,1
34719,69962969,7,0,1
34720,69964968,0,0,0
34721,69966968,0,0,0
34722,69968968,0,0,0
34723,69970968,0,0,0
34724,69972968,0,0,0
34725,69974968,0,0,0
34726,69976968,0,1,0
34727,69978968,0,1,0
34728,69980968,4,0,1
34729,69982968,0,0,0
34730,69984968,1,0,1
34731,69986968,0,0,0
34732,69988968,0,0,0
34733,69990968,0,0,0
34734,69992968,0,0,0
34735,69994968,0,0,0
34736,69996968,71,1,1
34737,69998968,13,1,1
34738,70000968,7,0,1
34739,70002969,5,0,1
34740,70004968,0,0,0
34741,70006968,231,0,1
34742,70008968,856,0,1
34743,70010968,1460,0,1
34744,70012968,1967,0,1
34745,70014968,2281,0,1
34746,70016968,2271,1,1
34747,70018968,1941,1,1
34748,70020968,1187,1,1
34749,70022968,0,0,0
34750,70024968,1,0,1
34751,70026968,61,0,1
34752,70028968,587,0,1
34753,70030968,1206,0,1
34754,70032968,1811,0,1
34755,70034968,2202,0,1
34756,70036968,2351,1,1
34757,70038968,2267,1,1
34758,70040968,1738,0,1
34759,70042969,424,0,1
34760,70044968,75,0,1
34761,70046968,493,0,1
34762,70048968,1157,0,1
34763,70050968,1709,0,1
34764,70052968,2132,0,1
34765,70054968,2349,0,1
34766,70056968,3016,1,1
34767,70058968,4095,1,0
34768,70060968,4095,0,0
34769,70062968,4095,0,0
34770,70064968,3447,0,1
34771,70066968,2889,0,1
34772,70068968,2402,0,1
34773,70070968,2004,0,1
34774,70072968,1780,0,1
34775,70074968,1707,0,1
34776,70076968,2197,1,1
34777,70078968,3807,1,1
34778,70080968,4095,1,0
34779,70082969,2845,0,1
34780,70084968,1877,0,1
34781,70086968,1484,0,1
34782,70088968,1399,0,1
34783,70090968,1478,0,1
34784,70092968,1675,0,1
34785,70094968,1865,0,1
34786,70096968,2363,1,1
34787,70098968,3517,1,1
34788,70100968,4095,1,0
34789,70102968,2016,0,1
34790,70104968,966,0,1
34791,70106968,722,0,1
34792,70108968,921,0,1
34793,70110968,1269,0,1
34794,70112968,1693,0,1
34795,70114968,2003,0,1
34796,70116968,2491,1,1
34797,70118968,3485,1,1
34798,70120968,3975,0,1
34799,70122969,2159,0,1
34800,70124968,1231,0,1
34801,70126968,999,0,1
34802,70128968,1171,0,1
34803,70130968,1395,0,1
34804,70132968,1723,0,1
34805,70134968,1983,0,1
34806,70136968,2595,1,1
34807,70138968,4095,1,0
34808,70140968,4095,0,0
34809,70142968,2859,0,1
34810,70144968,1948,0,1
34811,70146968,1559,0,1
34812,70148968,1470,0,1
34813,70150968,1509,0,1
34814,70152968,1675,0,1
34815,70154968,1851,0,1
34816,70156968,2525,1,1
34817,70158968,4095,1,0
34818,70160968,4095,1,0
34819,70162969,3029,0,1
34820,70164968,2084,0,1
34821,70166968,1635,0,1
34822,70168968,1500,0,1
34823,70170968,1497,0,1
34824,70172968,1627,0,1
34825,70174968,1811,0,1
34826,70176968,2839,1,1
34827,70178968,4095,1,0
34828,70180968,4095,0,0
34829,70182968,4095,0,0
34830,70184968,4095,0,0
34831,70186968,4095,0,0
34832,70188968,3451,0,1
34833,70190968,2713,0,1
34834,70192968,2166,0,1
34835,70194968,1801,0,1
34836,70196968,2323,1,1
34837,70198968,4095,1,0
34838,70200968,4095,0,0
34839,70202969,4095,0,0
34840,70204968,4095,0,0
34841,70206968,3606,0,1
34842,70208968,2917,0,1
34843,70210968,2312,0,1
34844,70212968,1899,0,1
34845,70214968,1691,0,1
34846,70216968,2055,1,1
34847,70218968,3357,1,1
34848,70220968,4095,0,0
34849,70222968,3431,0,1
34850,70224968,2669,0,1
34851,70226968,2147,0,1
34852,70228968,1847,0,1
34853,70230968,1655,0,1
34854,70232968,1651,0,1
34855,70234968,1733,0,1
34856,70236968,2447,1,1
34857,70238968,4095,1,0
34858,70240968,4095,0,0
34859,70242969,3546,0,1
34860,70244968,2699,0,1
34861,70246968,2141,0,1
34862,70248968,1813,0,1
34863,70250968,1622,0,1
34864,70252968,1629,0,1
34865,70254968,1717,0,1
34866,70256968,2523,1,1
34867,70258968,4095,1,0
34868,70260968,4095,0,0
34869,70262968,3880,0,1
34870,70264968,3028,0,1
34871,70266968,2428,0,1
34872,70268968,2011,0,1
34873,70270968,1727,0,1
34874,70272968,1643,0,1
34875,70274968,1688,0,1
34876,70276968,2549,1,1
34877,70278968,4095,1,0
34878,70280968,4095,0,0
34879,70282969,4095,0,0
34880,70284968,3764,0,1
34881,70286968,3081,0,1
34882,70288968,2513,0,1
34883,70290968,2009,0,1
34884,70292968,1739,0,1
34885,70294968,1637,0,1
34886,70296968,2461,1,1
34887,70298968,4095,1,0
34888,70300968,4095,0,0
34889,70302968,4095,0,0
34890,70304968,3571,0,1
34891,70306968,2919,0,1
34892,70308968,2361,0,1
34893,70310968,1938,0,1
34894,70312968,1703,0,1
34895,70314968,1636,1,1
34896,70316968,2421,1,1
34897,70318968,4095,1,0
34898,70320968,4095,0,0
34899,70322969,3803,0,1
34900,70324968,2971,0,1
34901,70326968,2426,0,1
34902,70328968,2005,0,1
34903,70330968,1753,0,1
34904,70332968,1676,0,1
34905,70334968,1715,1,1
34906,70336968,2212,1,1
34907,70338968,3385,1,1
34908,70340968,3943,0,1
34909,70342968,2834,0,1
34910,70344968,2106,0,1
34911,70346968,1764,0,1
34912,70348968,1624,0,1
34913,70350968,1618,0,1
34914,70352968,1721,0,1
34915,70354968,1850,1,1
34916,70356968,2313,1,1
34917,70358968,3269,1,1
34918,70360968,3044,0,1
34919,70362969,1241,0,1
34920,70364968,427,0,1
34921,70366968,423,0,1
34922,70368968,812,0,1
34923,70370968,1316,0,1
34924,70372968,1805,0,1
34925,70374968,2143,1,1
34926,70376968,2515,1,1
34927,70378968,3017,1,1
34928,70380968,2382,0,1
34929,70382968,923,0,1
34930,70384968,368,0,1
34931,70386968,525,0,1
34932,70388968,979,0,1
34933,70390968,1495,0,1
34934,70392968,1947,0,1
34935,70394968,2223,1,1
34936,70396968,2376,1,1
34937,70398968,2437,1,1
34938,70400968,2123,0,1
34939,70402969,1375,0,1
34940,70404968,1101,0,1
34941,70406968,1305,0,1
34942,70408968,1591,0,1
34943,70410968,1883,0,1
34944,70412968,2151,0,1
34945,70414968,2254,1,1
34946,70416968,265,1,1
34947,70418968,0,1,0
34948,70420968,0,0,0
34949,70422968,0,0,0
34950,70424968,3,0,1
34951,70426968,0,0,0
34952,70428968,0,0,0
34953,70430968,0,0,0
34954,70432968,0,0,0
34955,70434968,0,1,0
34956,70436968,0,1,0
34957,70438968,0,1,0
34958,70440968,2,0,1
34959,70442969,8,0,1
34960,70444968,3,0,1
34961,70446968,0,0,0
34962,70448968,0,0,0
34963,70450968,2,0,1
34964,70452968,1,0,1
34965,70454968,1,1,1
34966,70456968,0,1,0
34967,70458968,3,1,1
34968,70460968,1,0,1
34969,70462968,0,0,0
34970,70464968,3,0,1
34971,70466968,0,0,0
34972,70468968,2,0,1
34973,70470968,0,0,0
34974,70472968,4,0,1
34975,70474968,1,1,1
34976,70476968,0,1,0
34977,70478968,0,1,0
34978,70480968,0,0,0
34979,70482969,4,0,1
34980,70484968,0,0,0
34981,70486968,0,0,0
34982,70488968,0,0,0
34983,70490968,4,0,1
34984,70492968,0,0,0
34985,70494968,5,1,1
34986,70496968,0,1,0
34987,70498968,2,1,1
34988,70500968,0,0,0
34989,70502968,0,0,0
34990,70504968,0,0,0
34991,70506968,0,0,0
34992,70508968,0,0,0
34993,70510968,2,0,1
34994,70512968,4,0,1
34995,70514968,0,1,0
34996,70516968,1,1,1
34997,70518968,5,1,1
34998,70520968,0,0,0
34999,70522968,3,0,1
35000,70524968,0,0,0
35001,70526968,0,0,0
35002,70528968,0,0,0
35003,70530968,0,0,0
35004,70532968,1,0,1
35005,70534968,1,1,1
35006,70536968,12,1,1
35007,70538968,0,1,0
35008,70540968,0,0,0
35009,70542968,2,0,1
35010,70544968,0,0,0
35011,70546968,13,0,1
35012,70548968,0,0,0
35013,70550968,1,0,1
35014,70552968,0,0,0
35015,70554968,0,1,0
35016,70556968,9,1,1
35017,70558968,0,1,0
35018,70560968,0,0,0
35019,70562969,3,0,1
35020,70564968,0,0,0
35021,70566968,5,0,1
35022,70568968,0,0,0
35023,70570968,0,0,0
35024,70572968,1,0,1
35025,70574968,0,1,0
35026,70576968,4,1,1
35027,70578968,0,1,0
35028,70580968,0,0,0
35029,70582968,0,0,0
35030,70584968,0,0,0
35031,70586968,5,0,1
35032,70588968,0,0,0
35033,70590968,0,0,0
35034,70592968,2,0,1
35035,70594968,0,1,0
35036,70596968,10,1,1
35037,70598968,0,1,0
35038,70600968,0,0,0
35039,70602969,0,0,0
35040,70604968,0,0,0
35041,70606968,8,0,1
35042,70608968,0,0,0
35043,70610968,1,0,1
35044,70612968,0,0,0
35045,70614968,0,1,0
35046,70616968,5,1,1
35047,70618968,0,1,0
35048,70620968,0,0,0
35049,70622968,0,0,0
35050,70624968,0,0,0
35051,70626968,3,0,1
35052,70628968,0,0,0
35053,70630968,0,0,0
35054,70632968,1,0,1
35055,70634968,0,1,0
35056,70636968,3,1,1
35057,70638968,0,1,0
35058,70640968,0,0,0
35059,70642969,0,0,0
35060,70644968,1,0,1
35061,70646968,5,0,1
35062,70648968,0,0,0
35063,70650968,3,0,1
35064,70652968,4,0,1
35065,70654968,0,1,0
35066,70656968,14,1,1
35067,70658968,1,1,1
35068,70660968,1,0,1
35069,70662968,2,0,1
35070,70664968,0,0,0
35071,70666968,9,0,1
35072,70668968,0,0,0
35073,70670968,3,0,1
35074,70672968,0,0,0
35075,70674968,0,1,0
35076,70676968,7,1,1
35077,70678968,0,1,0
35078,70680968,0,0,0
35079,70682969,4,0,1
35080,70684968,0,0,0
35081,70686968,4,0,1
35082,70688968,0,0,0
35083,70690968,0,0,0
35084,70692968,0,0,0
35085,70694968,0,1,0
35086,70696968,9,1,1
35087,70698968,0,1,0
35088,70700968,1,0,1
35089,70702968,0,0,0
35090,70704968,0,0,0
35091,70706968,5,0,1
35092,70708968,0,0,0
35093,70710968,0,0,0
35094,70712968,5,0,1
35095,70714968,0,1,0
35096,70716968,5,1,1
35097,70718968,0,1,0
35098,70720968,0,0,0
35099,70722969,4,0,1
35100,70724968,0,0,0
35101,70726968,0,0,0
35102,70728968,0,0,0
35103,70730968,0,0,0
35104,70732968,0,0,0
35105,70734968,0,1,0
35106,70736968,0,1,0
35107,70738968,0,1,0
35108,70740968,0,0,0
35109,70742968,4,0,1
35110,70744968,0,0,0
35111,70746968,0,0,0
35112,70748968,1,0,1
35113,70750968,0,0,0
35114,70752968,1,0,1
35115,70754968,0,1,0
35116,70756968,0,1,0
35117,70758968,0,1,0
35118,70760968,0,0,0
35119,70762969,1,0,1
35120,70764968,0,0,0
35121,70766968,0,0,0
35122,70768968,3,0,1
35123,70770968,0,0,0
35124,70772968,5,0,1
35125,70774968,0,1,0
35126,70776968,1,1,1
35127,70778968,0,1,0
35128,70780968,0,0,0
35129,70782968,0,0,0
35130,70784968,1,0,1
35131,70786968,6,0,1
35132,70788968,5,0,1
35133,70790968,0,0,0
35134,70792968,6,0,1
35135,70794968,0,1,0
35136,70796968,3,1,1
35137,70798968,0,1,0
35138,70800968,1,0,1
35139,70802969,8,0,1
35140,70804968,0,0,0
35141,70806968,0,0,0
35142,70808968,0,0,0
35143,70810968,2,0,1
35144,70812968,4,0,1
35145,70814968,1,1,1
35146,70816968,2,1,1
35147,70818968,0,1,0
35148,70820968,0,0,0
35149,70822968,2,0,1
35150,70824968,2,0,1
35151,70826968,0,0,0
35152,70828968,3,0,1
35153,70830968,5,0,1
35154,70832968,3,0,1
35155,70834968,2,1,1
35156,70836968,0,1,0
35157,70838968,0,1,0
35158,70840968,1,0,1
35159,70842969,3,0,1
35160,70844968,0,0,0
35161,70846968,0,0,0
35162,70848968,0,0,0
35163,70850968,0,0,0
35164,70852968,1,0,1
35165,70854968,27,1,1
35166,70856968,4,1,1
35167,70858968,0,1,0
35168,70860968,0,0,0
35169,70862968,4,0,1
35170,70864968,0,0,0
35171,70866968,1,0,1
35172,70868968,0,0,0
35173,70870968,2,0,1
35174,70872968,4,0,1
35175,70874968,297,1,1
35176,70876968,6,1,1
35177,70878968,4,1,1
35178,70880968,0,0,0
35179,70882969,7,0,1
35180,70884968,0,0,0
35181,70886968,2,0,1
35182,70888968,0,0,0
35183,70890968,0,0,0
35184,70892968,35,0,1
35185,70894968,431,1,1
35186,70896968,0,1,0
35187,70898968,2,1,1
35188,70900968,0,0,0
35189,70902968,5,0,1
35190,70904968,0,0,0
35191,70906968,0,0,0
35192,70908968,2,0,1
35193,70910968,1,0,1
35194,70912968,5,0,1
35195,70914968,171,1,1
35196,70916968,0,1,0
35197,70918968,4,1,1
35198,70920968,2,0,1
35199,70922968,0,0,0
35200,70924968,1,0,1
35201,70926968,0,0,0
35202,70928968,1,0,1
35203,70930968,5,0,1
35204,70932968,1,0,1
35205,70934968,0,1,0
35206,70936968,3,1,1
35207,70938968,2,1,1
35208,70940968,2,0,1
35209,70942968,3,0,1
35210,70944968,0,0,0
35211,70946968,3,0,1
35212,70948968,1,0,1
35213,70950968,1,0,1
35214,70952968,3,0,1
35215,70954968,3,1,1
35216,70956968,4,1,1
35217,70958968,1,1,1
35218,70960968,4,0,1
35219,70962968,2,0,1
35220,70964968,5,0,1
35221,70966968,3,0,1
35222,70968968,1,0,1
35223,70970968,6,0,1
35224,70972968,2,0,1
35225,70974968,22,1,1
35226,70976968,3,1,1
35227,70978968,3,1,1
35228,70980968,2,0,1
35229,70982968,0,0,0
35230,70984968,0,0,0
35231,70986968,1,0,1
35232,70988968,3,0,1
35233,70990968,5,0,1
35234,70992968,7,0,1
35235,70994968,91,1,1
35236,70996968,5,1,1
35237,70998968,5,1,1
35238,71000968,7,0,1
35239,71002968,6,0,1
35240,71004968,7,0,1
35241,71006968,2,0,1
35242,71008968,5,0,1
35243,71010968,6,0,1
35244,71012968,8,0,1
35245,71014968,331,1,1
35246,71016968,1,1,1
35247,71018968,0,1,0
35248,71020968,2,0,1
35249,71022968,3,0,1
35250,71024968,0,0,0
35251,71026968,13,0,1
35252,71028968,1,0,1
35253,71030968,3,0,1
35254,71032968,45,0,1
35255,71034968,420,1,1
35256,71036968,23,1,1
35257,71038968,5,1,1
35258,71040968,10,0,1
35259,71042968,0,0,0
35260,71044968,0,0,0
35261,71046968,19,0,1
35262,71048968,1,0,1
35263,71050968,0,0,0
35264,71052968,41,0,1
35265,71054968,424,1,1
35266,71056968,10,1,1
35267,71058968,0,1,0
35268,71060968,0,0,0
35269,71062968,5,0,1
35270,71064968,0,0,0
35271,71066968,11,0,1
35272,71068968,2,0,1
35273,71070968,9,0,1
35274,71072968,133,0,1
35275,71074968,563,1,1
35276,71076968,7,1,1
35277,71078968,0,1,0
35278,71080968,0,0,0
35279,71082968,1,0,1
35280,71084968,1,0,1
35281,71086968,9,0,1
35282,71088968,5,0,1
35283,71090968,3,0,1
35284,71092968,229,0,1
35285,71094968,683,1,1
35286,71096968,19,1,1
35287,71098968,0,1,0
35288,71100968,3,0,1
35289,71102968,0,0,0
35290,71104968,4,0,1
35291,71106968,11,0,1
35292,71108968,0,0,0
35293,71110968,0,0,0
35294,71112968,225,0,1
35295,71114968,676,1,1
35296,71116968,13,1,1
35297,71118968,4,1,1
35298,71120968,0,0,0
35299,71122968,3,0,1
35300,71124968,7,0,1
35301,71126968,4,0,1
35302,71128968,7,0,1
35303,71130968,1,0,1
35304,71132968,3,0,1
35305,71134968,238,1,1
35306,71136968,13,1,1
35307,71138968,1,1,1
35308,71140968,0,0,0
35309,71142968,7,0,1
35310,71144968,4,0,1
35311,71146968,7,0,1
35312,71148968,1,0,1
35313,71150968,1,0,1
35314,71152968,100,0,1
35315,71154968,447,1,1
35316,71156968,11,1,1
35317,71158968,5,1,1
35318,71160968,4,0,1
35319,71162968,5,0,1
35320,71164968,7,0,1
35321,71166968,10,0,1
35322,71168968,8,0,1
35323,71170968,7,0,1
35324,71172968,0,0,0
35325,71174968,79,1,1
35326,71176968,11,1,1
35327,71178968,0,1,0
35328,71180968,5,0,1
35329,71182968,7,0,1
35330,71184968,4,0,1
35331,71186968,7,0,1
35332,71188968,2,0,1
35333,71190968,3,0,1
35334,71192968,5,0,1
35335,71194968,7,1,1
35336,71196968,14,1,1
35337,71198968,3,1,1
35338,71200968,4,0,1
35339,71202968,0,0,0
35340,71204968,0,0,0
35341,71206968,7,0,1
35342,71208968,0,0,0
35343,71210968,7,0,1
35344,71212968,176,0,1
35345,71214968,501,1,1
35346,71216968,2,1,1
35347,71218968,3,1,1
35348,71220968,5,0,1
35349,71222968,5,0,1
35350,71224968,3,0,1
35351,71226968,0,0,0
35352,71228968,0,0,0
35353,71230968,4,0,1
35354,71232968,0,0,0
35355,71234968,0,1,0
35356,71236968,0,1,0
35357,71238968,0,1,0
35358,71240968,4,0,1
35359,71242968,2,0,1
35360,71244968,0,0,0
35361,71246968,0,0,0
35362,71248968,4,0,1
35363,71250968,5,0,1
35364,71252968,1,0,1
35365,71254968,120,1,1
35366,71256968,0,1,0
35367,71258968,5,1,1
35368,71260968,7,0,1
35369,71262968,0,0,0
35370,71264968,0,0,0
35371,71266968,1,0,1
35372,71268968,0,0,0
35373,71270968,2,0,1
35374,71272968,5,0,1
35375,71274968,77,1,1
35376,71276968,0,1,0
35377,71278968,1,1,1
35378,71280968,6,0,1
35379,71282968,1,0,1
35380,71284968,0,0,0
35381,71286968,7,0,1
35382,71288968,4,0,1
35383,71290968,0,0,0
35384,71292968,183,0,1
35385,71294968,539,1,1
35386,71296968,8,1,1
35387,71298968,1,1,1
35388,71300968,0,0,0
35389,71302968,3,0,1
35390,71304968,0,0,0
35391,71306968,1,0,1
35392,71308968,5,0,1
35393,71310968,0,0,0
35394,71312968,4,0,1
35395,71314968,187,1,1
35396,71316968,1,1,1
35397,71318968,1,1,1
35398,71320968,3,0,1
35399,71322968,7,0,1
35400,71324968,0,0,0
35401,71326968,0,0,0
35402,71328968,0,0,0
35403,71330968,0,0,0
35404,71332968,5,0,1
35405,71334968,199,1,1
35406,71336968,4,1,1
35407,71338968,0,1,0
35408,71340968,0,0,0
35409,71342968,9,0,1
35410,71344968,5,0,1
35411,71346968,4,0,1
35412,71348968,5,0,1
35413,71350968,0,0,0
35414,71352968,217,0,1
35415,71354968,565,1,1
35416,71356968,2,1,1
35417,71358968,1,1,1
35418,71360968,4,0,1
35419,71362968,5,0,1
35420,71364968,5,0,1
35421,71366968,1,0,1
35422,71368968,2,0,1
35423,71370968,0,0,0
35424,71372968,8,0,1
35425,71374968,158,1,1
35426,71376968,5,1,1
35427,71378968,4,1,1
35428,71380968,5,0,1
35429,71382968,5,0,1
35430,71384968,3,0,1
35431,71386968,0,0,0
35432,71388968,6,0,1
35433,71390968,4,0,1
35434,71392968,23,0,1
35435,71394968,251,1,1
35436,71396968,0,1,0
35437,71398968,1,1,1
35438,71400968,1,0,1
35439,71402968,0,0,0
35440,71404968,2,0,1
35441,71406968,0,0,0
35442,71408968,1,0,1
35443,71410968,0,0,0
35444,71412968,26,0,1
35445,71414968,219,1,1
35446,71416968,1,1,1
35447,71418968,5,1,1
35448,71420968,6,0,1
35449,71422968,7,0,1
35450,71424968,0,0,0
35451,71426968,0,0,0
35452,71428968,6,0,1
35453,71430968,5,0,1
35454,71432968,4,0,1
35455,71434968,123,1,1
35456,71436968,6,1,1
35457,71438968,5,1,1
35458,71440968,0,0,0
35459,71442968,0,0,0
35460,71444968,13,0,1
35461,71446968,5,0,1
35462,71448968,3,0,1
35463,71450968,0,0,0
35464,71452968,2,0,1
35465,71454968,19,1,1
35466,71456968,1,1,1
35467,71458968,5,1,1
35468,71460968,5,0,1
35469,71462968,0,0,0
35470,71464968,7,0,1
35471,71466968,0,0,0
35472,71468968,0,0,0
35473,71470968,5,0,1
35474,71472968,7,0,1
35475,71474968,9,1,1
35476,71476968,4,1,1
35477,71478968,2,1,1
35478,71480968,6,0,1
35479,71482968,0,0,0
35480,71484968,11,0,1
35481,71486968,1,0,1
35482,71488968,0,0,0
35483,71490968,1,0,1
35484,71492968,141,0,1
35485,71494968,390,1,1
35486,71496968,2,1,1
35487,71498968,1,1,1
35488,71500968,4,0,1
35489,71502968,3,0,1
35490,71504968,17,0,1
35491,71506968,1,0,1
35492,71508968,0,0,0
35493,71510968,7,0,1
35494,71512968,1,0,1
35495,71514968,57,1,1
35496,71516968,4,1,1
35497,71518968,4,1,1
35498,71520968,4,0,1
35499,71522968,7,0,1
35500,71524968,9,0,1
35501,71526968,4,0,1
35502,71528968,5,0,1
35503,71530968,6,0,1
35504,71532968,331,0,1
35505,71534968,620,1,1
35506,71536968,5,1,1
35507,71538968,8,1,1
35508,71540968,0,0,0
35509,71542968,7,0,1
35510,71544968,13,0,1
35511,71546968,5,0,1
35512,71548968,5,0,1
35513,71550968,5,0,1
35514,71552968,61,0,1
35515,71554968,239,1,1
35516,71556968,0,1,0
35517,71558968,1,1,1
35518,71560968,0,0,0
35519,71562968,1,0,1
35520,71564968,11,0,1
35521,71566968,1,0,1
35522,71568968,5,0,1
35523,71570968,7,0,1
35524,71572968,7,0,1
35525,71574968,91,1,1
35526,71576968,3,1,1
35527,71578968,0,1,0
35528,71580968,0,0,0
35529,71582968,0,0,0
35530,71584968,11,0,1
35531,71586968,1,0,1
35532,71588968,1,0,1
35533,71590968,3,0,1
35534,71592968,3,0,1
35535,71594968,106,1,1
35536,71596968,3,1,1
35537,71598968,0,1,0
35538,71600968,4,0,1
35539,71602968,0,0,0
35540,71604968,7,0,1
35541,71606968,2,0,1
35542,71608968,1,0,1
35543,71610968,1,0,1
35544,71612968,263,0,1
35545,71614968,492,1,1
35546,71616968,2,1,1
35547,71618968,0,1,0
35548,71620968,4,0,1
35549,71622968,5,0,1
35550,71624968,9,0,1
35551,71626968,4,0,1
35552,71628968,0,0,0
35553,71630968,0,0,0
35554,71632968,5,0,1
35555,71634968,83,1,1
35556,71636968,0,1,0
35557,71638968,0,1,0
35558,71640968,2,0,1
35559,71642968,1,0,1
35560,71644968,1,0,1
35561,71646968,3,0,1
35562,71648968,0,0,0
35563,71650968,5,0,1
35564,71652968,2,0,1
35565,71654968,0,1,0
35566,71656968,7,1,1
35567,71658968,1,1,1
35568,71660968,6,0,1
35569,71662968,3,0,1
35570,71664968,1,0,1
35571,71666968,0,0,0
35572,71668968,1,0,1
35573,71670968,1,0,1
35574,71672968,173,0,1
35575,71674968,334,1,1
35576,71676968,5,1,1
35577,71678968,5,1,1
35578,71680968,0,0,0
35579,71682968,0,0,0
35580,71684968,0,0,0
35581,71686968,0,0,0
35582,71688968,4,0,1
35583,71690968,1,0,1
35584,71692968,360,0,1
35585,71694968,544,1,1
35586,71696968,1,1,1
35587,71698968,4,1,1
35588,71700968,0,0,0
35589,71702968,7,0,1
35590,71704968,7,0,1
35591,71706968,4,0,1
35592,71708968,2,0,1
35593,71710968,3,0,1
35594,71712968,319,0,1
35595,71714968,535,1,1
35596,71716968,0,1,0
35597,71718968,5,1,1
35598,71720968,3,0,1
35599,71722968,4,0,1
35600,71724968,1,0,1
35601,71726968,0,0,0
35602,71728968,7,0,1
35603,71730968,0,0,0
35604,71732968,116,0,1
35605,71734968,163,1,1
35606,71736968,3,1,1
35607,71738968,5,1,1
35608,71740968,4,0,1
35609,71742968,2,0,1
35610,71744968,0,0,0
35611,71746968,7,0,1
35612,71748968,7,0,1
35613,71750968,0,0,0
35614,71752968,243,0,1
35615,71754968,329,1,1
35616,71756968,0,1,0
35617,71758968,3,1,1
35618,71760968,2,0,1
35619,71762968,8,0,1
35620,71764968,0,0,0
35621,71766968,6,0,1
35622,71768968,0,0,0
35623,71770968,1,0,1
35624,71772968,287,0,1
35625,71774968,372,1,1
35626,71776968,1,1,1
35627,71778968,5,1,1
35628,71780968,0,0,0
35629,71782968,5,0,1
35630,71784968,1,0,1
35631,71786968,5,0,1
35632,71788968,0,0,0
35633,71790968,5,0,1
35634,71792968,91,0,1
35635,71794968,51,1,1
35636,71796968,1,1,1
35637,71798968,1,1,1
35638,71800968,7,0,1
35639,71802968,8,0,1
35640,71804968,3,0,1
35641,71806968,1,0,1
35642,71808968,1,0,1
35643,71810968,2,0,1
35644,71812968,215,0,1
35645,71814968,217,1,1
35646,71816968,4,1,1
35647,71818968,4,1,1
35648,71820968,5,0,1
35649,71822968,7,0,1
35650,71824968,1,0,1
35651,71826968,0,0,0
35652,71828968,4,0,1
35653,71830968,5,0,1
35654,71832968,1,0,1
35655,71834968,1,1,1
35656,71836968,4,1,1
35657,71838968,4,0,1
35658,71840968,0,0,0
35659,71842968,0,0,0
35660,71844968,0,0,0
35661,71846968,3,0,1
35662,71848968,5,0,1
35663,71850968,0,0,0
35664,71852968,121,0,1
35665,71854968,62,1,1
35666,71856968,0,1,0
35667,71858968,5,0,1
35668,71860968,3,0,1
35669,71862968,7,0,1
35670,71864968,0,0,0
35671,71866968,0,0,0
35672,71868968,3,0,1
35673,71870968,3,0,1
35674,71872968,298,0,1
35675,71874968,314,1,1
35676,71876968,5,1,1
35677,71878968,9,0,1
35678,71880968,1,0,1
35679,71882968,3,0,1
35680,71884968,2,0,1
35681,71886968,0,0,0
35682,71888968,5,0,1
35683,71890968,0,0,0
35684,71892968,5,0,1
35685,71894968,1,1,1
35686,71896968,0,1,0
35687,71898968,6,0,1
35688,71900968,0,0,0
35689,71902968,1,0,1
35690,71904968,2,0,1
35691,71906968,0,0,0
35692,71908968,1,0,1
35693,71910968,8,0,1
35694,71912968,206,0,1
35695,71914968,5,1,1
35696,71916968,4,1,1
35697,71918968,11,0,1
35698,71920968,3,0,1
35699,71922968,8,0,1
35700,71924968,5,0,1
35701,71926968,3,0,1
35702,71928968,0,0,0
35703,71930968,3,0,1
35704,71932968,4,0,1
35705,71934968,2,1,1
35706,71936968,0,1,0
35707,71938968,10,0,1
35708,71940968,2,0,1
35709,71942968,9,0,1
35710,71944968,5,0,1
35711,71946968,2,0,1
35712,71948968,7,0,1
35713,71950968,4,0,1
35714,71952968,8,0,1
35715,71954968,4,1,1
35716,71956968,0,1,0
35717,71958968,1,0,1
35718,71960968,7,0,1
35719,71962968,5,0,1
35720,71964968,7,0,1
35721,71966968,3,0,1
35722,71968968,5,0,1
35723,71970968,3,0,1
35724,71972968,7,0,1
35725,71974968,10,1,1
35726,71976968,5,1,1
35727,71978968,0,0,0
35728,71980968,1,0,1
35729,71982968,6,0,1
35730,71984968,6,0,1
35731,71986968,3,0,1
35732,71988968,7,0,1
35733,71990968,4,0,1
35734,71992968,1,0,1
35735,71994968,3,1,1
35736,71996968,2,1,1
35737,71998968,6,0,1
35738,72000968,8,0,1
35739,72002968,4,0,1
35740,72004968,7,0,1
35741,72006968,2,0,1
35742,72008968,5,0,1
35743,72010968,7,0,1
35744,72012968,9,0,1
35745,72014968,12,1,1
35746,72016968,2,1,1
35747,72018968,7,0,1
35748,72020968,1,0,1
35749,72022968,9,0,1
35750,72024968,17,0,1
35751,72026968,7,0,1
35752,72028968,4,0,1
35753,72030968,6,0,1
35754,72032968,5,0,1
35755,72034968,18,1,1
35756,72036968,1,1,1
35757,72038968,0,0,0
35758,72040968,1,0,1
35759,72042968,5,0,1
35760,72044968,10,0,1
35761,72046968,4,0,1
35762,72048968,0,0,0
35763,72050968,3,0,1
35764,72052968,67,0,1
35765,72054968,9,1,1
35766,72056968,4,1,1
35767,72058968,2,0,1
35768,72060968,5,0,1
35769,72062968,5,0,1
35770,72064968,7,0,1
35771,72066968,5,0,1
35772,72068968,2,0,1
35773,72070968,28,0,1
35774,72072968,491,0,1
35775,72074968,485,1,1
35776,72076968,4,1,1
35777,72078968,0,0,0
35778,72080968,3,0,1
35779,72082968,6,0,1
35780,72084968,17,0,1
35781,72086968,0,0,0
35782,72088968,0,0,0
35783,72090968,83,0,1
35784,72092968,595,0,1
35785,72094968,499,1,1
35786,72096968,4,1,1
35787,72098968,3,0,1
35788,72100968,5,0,1
35789,72102968,3,0,1
35790,72104968,5,0,1
35791,72106968,0,0,0
35792,72108968,4,0,1
35793,72110968,81,0,1
35794,72112968,594,0,1
35795,72114968,456,1,1
35796,72116968,0,1,0
35797,72118968,0,0,0
35798,72120968,3,0,1
35799,72122968,1,0,1
35800,72124968,9,0,1
35801,72126968,1,0,1
35802,72128968,7,0,1
35803,72130968,5,0,1
35804,72132968,117,0,1
35805,72134968,10,1,1
35806,72136968,0,1,0
35807,72138968,0,0,0
35808,72140968,0,0,0
35809,72142968,5,0,1
35810,72144968,6,0,1
35811,72146968,1,0,1
35812,72148968,2,0,1
35813,72150968,3,0,1
35814,72152968,405,0,1
35815,72154968,220,1,1
35816,72156968,0,1,0
35817,72158968,3,0,1
35818,72160968,2,0,1
35819,72162968,2,0,1
35820,72164968,0,0,0
35821,72166968,1,0,1
35822,72168968,4,0,1
35823,72170968,7,0,1
35824,72172968,28,0,1
35825,72174968,0,1,0
35826,72176968,0,1,0
35827,72178968,1,0,1
35828,72180968,2,0,1
35829,72182968,1,0,1
35830,72184968,0,0,0
35831,72186968,0,0,0
35832,72188968,6,0,1
35833,72190968,1,0,1
35834,72192968,3,0,1
35835,72194968,0,1,0
35836,72196968,5,1,1
35837,72198968,5,0,1
35838,72200968,3,0,1
35839,72202968,2,0,1
35840,72204968,7,0,1
35841,72206968,1,0,1
35842,72208968,1,0,1
35843,72210968,5,0,1
35844,72212968,2,0,1
35845,72214968,7,1,1
35846,72216968,3,1,1
35847,72218968,3,0,1
35848,72220968,5,0,1
35849,72222968,6,0,1
35850,72224968,5,0,1
35851,72226968,1,0,1
35852,72228968,0,0,0
35853,72230968,3,0,1
35854,72232968,313,0,1
35855,72234968,47,1,1
35856,72236968,3,1,1
35857,72238968,3,0,1
35858,72240968,4,0,1
35859,72242968,4,0,1
35860,72244968,0,0,0
35861,72246968,0,0,0
35862,72248968,0,0,0
35863,72250968,0,0,0
35864,72252968,39,0,1
35865,72254968,0,1,0
35866,72256968,1,1,1
35867,72258968,0,0,0
35868,72260968,0,0,0
35869,72262968,3,0,1
35870,72264968,0,0,0
35871,72266968,0,0,0
35872,72268968,4,0,1
35873,72270968,3,0,1
35874,72272968,391,0,1
35875,72274968,93,1,1
35876,72276968,3,1,1
35877,72278968,3,0,1
35878,72280968,6,0,1
35879,72282968,1,0,1
35880,72284968,8,0,1
35881,72286968,0,0,0
35882,72288968,3,0,1
35883,72290968,1,0,1
35884,72292968,263,0,1
35885,72294968,3,1,1
35886,72296968,4,1,1
35887,72298968,0,0,0
35888,72300968,5,0,1
35889,72302968,7,0,1
35890,72304968,3,0,1
35891,72306968,18,0,1
35892,72308968,0,0,0
35893,72310968,38,0,1
35894,72312968,507,0,1
35895,72314968,171,1,1
35896,72316968,2,1,1
35897,72318968,3,0,1
35898,72320968,5,0,1
35899,72322968,7,0,1
35900,72324968,3,0,1
35901,72326968,0,0,0
35902,72328968,2,0,1
35903,72330968,7,0,1
35904,72332968,72,0,1
35905,72334968,0,1,0
35906,72336968,0,1,0
35907,72338968,5,0,1
35908,72340968,1,0,1
35909,72342968,4,0,1
35910,72344968,0,0,0
35911,72346968,3,0,1
35912,72348968,6,0,1
35913,72350968,1,0,1
35914,72352968,9,0,1
35915,72354968,3,1,1
35916,72356968,0,1,0
35917,72358968,2,0,1
35918,72360968,5,0,1
35919,72362968,2,0,1
35920,72364968,1,0,1
35921,72366968,3,0,1
35922,72368968,3,0,1
35923,72370968,0,0,0
35924,72372968,379,1,1
35925,72374968,3,1,1
35926,72376968,2,1,1
35927,72378968,3,0,1
35928,72380968,0,0,0
35929,72382968,18,0,1
35930,72384968,3,0,1
35931,72386968,0,0,0
35932,72388968,6,0,1
35933,72390968,0,0,0
35934,72392968,74,1,1
35935,72394968,3,1,1
35936,72396968,0,1,0
35937,72398968,0,0,0
35938,72400968,4,0,1
35939,72402968,18,0,1
35940,72404968,1,0,1
35941,72406968,6,0,1
35942,72408968,6,0,1
35943,72410968,1,0,1
35944,72412968,393,1,1
35945,72414968,1,1,1
35946,72416968,1,1,1
35947,72418968,5,0,1
35948,72420968,0,0,0
35949,72422968,10,0,1
35950,72424968,2,0,1
35951,72426968,3,0,1
35952,72428968,2,0,1
35953,72430968,2,0,1
35954,72432968,104,1,1
35955,72434968,2,1,1
35956,72436968,1,1,1
35957,72438968,3,0,1
35958,72440968,5,0,1
35959,72442968,11,0,1
35960,72444968,2,0,1
35961,72446968,1,0,1
35962,72448968,4,0,1
35963,72450968,1,0,1
35964,72452968,37,1,1
35965,72454968,0,1,0
35966,72456968,3,1,1
35967,72458968,0,0,0
35968,72460968,0,0,0
35969,72462968,9,0,1
35970,72464968,1,0,1
35971,72466968,0,0,0
35972,72468968,0,0,0
35973,72470968,4,0,1
35974,72472968,268,1,1
35975,72474968,2,1,1
35976,72476968,5,1,1
35977,72478968,0,0,0
35978,72480968,3,0,1
35979,72482968,9,0,1
35980,72484968,0,0,0
35981,72486968,0,0,0
35982,72488968,4,0,1
35983,72490968,1,0,1
35984,72492968,399,1,1
35985,72494968,0,1,0
35986,72496968,1,1,1
35987,72498968,0,0,0
35988,72500968,0,0,0
35989,72502968,18,0,1
35990,72504968,5,0,1
35991,72506968,1,0,1
35992,72508968,1,0,1
35993,72510968,0,0,0
35994,72512968,378,1,1
35995,72514968,1,1,1
35996,72516968,0,1,0
35997,72518968,2,0,1
35998,72520968,5,0,1
35999,72522968,13,0,1
36000,72524968,3,0,1
36001,72526968,6,0,1
36002,72528968,0,0,0
36003,72530968,0,0,0
36004,72532968,69,1,1
36005,72534968,1,1,1
36006,72536968,3,1,1
36007,72538968,3,0,1
36008,72540968,6,0,1
36009,72542968,16,0,1
36010,72544968,0,0,0
36011,72546968,4,0,1
36012,72548968,3,0,1
36013,72550968,3,0,1
36014,72552968,18,1,1
36015,72554968,5,1,1
36016,72556968,0,1,0
36017,72558968,0,0,0
36018,72560968,3,0,1
36019,72562968,5,0,1
36020,72564968,0,0,0
36021,72566968,4,0,1
36022,72568968,0,0,0
36023,72570968,0,0,0
36024,72572968,1,1,1
36025,72574968,0,1,0
36026,72576968,0,1,0
36027,72578968,5,0,1
36028,72580968,0,0,0
36029,72582968,0,0,0
36030,72584968,3,0,1
36031,72586968,1,0,1
36032,72588968,2,0,1
36033,72590968,43,0,1
36034,72592968,498,1,1
36035,72594968,1,1,1
36036,72596968,4,1,1
36037,72598968,0,0,0
36038,72600968,3,0,1
36039,72602968,0,0,0
36040,72604968,3,0,1
36041,72606968,5,0,1
36042,72608968,1,0,1
36043,72610968,6,0,1
36044,72612968,3,1,1
36045,72614968,1,1,1
36046,72616968,1,0,1
36047,72618968,3,0,1
36048,72620968,1,0,1
36049,72622968,9,0,1
36050,72624968,0,0,0
36051,72626968,0,0,0
36052,72628968,1,0,1
36053,72630968,1,0,1
36054,72632968,69,1,1
36055,72634968,6,1,1
36056,72636968,0,1,0
36057,72638968,1,0,1
36058,72640968,6,0,1
36059,72642968,0,0,0
36060,72644968,1,0,1
36061,72646968,6,0,1
36062,72648968,5,0,1
36063,72650968,6,0,1
36064,72652968,5,1,1
36065,72654968,5,1,1
36066,72656968,0,1,0
36067,72658968,7,0,1
36068,72660968,5,0,1
36069,72662968,0,0,0
36070,72664968,4,0,1
36071,72666968,5,0,1
36072,72668968,3,0,1
36073,72670968,3,0,1
36074,72672968,27,1,1
36075,72674968,4,1,1
36076,72676968,0,1,0
36077,72678968,1,0,1
36078,72680968,5,0,1
36079,72682968,1,0,1
36080,72684968,5,0,1
36081,72686968,0,0,0
36082,72688968,6,0,1
36083,72690968,1,0,1
36084,72692968,28,1,1
36085,72694968,4,1,1
36086,72696968,2,1,1
36087,72698968,0,0,0
36088,72700968,9,0,1
36089,72702968,3,0,1
36090,72704968,1,0,1
36091,72706968,5,0,1
36092,72708968,3,0,1
36093,72710968,51,0,1
36094,72712968,503,1,1
36095,72714968,2,1,1
36096,72716968,4,1,1
36097,72718968,0,0,0
36098,72720968,3,0,1
36099,72722968,2,0,1
36100,72724968,3,0,1
36101,72726968,4,0,1
36102,72728968,4,0,1
36103,72730968,116,0,1
36104,72732968,629,1,1
36105,72734968,1,1,1
36106,72736968,0,1,0
36107,72738968,0,0,0
36108,72740968,7,0,1
36109,72742968,0,0,0
36110,72744968,7,0,1
36111,72746968,2,0,1
36112,72748968,0,0,0
36113,72750968,1,0,1
36114,72752968,165,1,1
36115,72754968,5,1,1
36116,72756968,1,1,1
36117,72758968,4,0,1
36118,72760968,4,0,1
36119,72762968,1,0,1
36120,72764968,6,0,1
36121,72766968,6,0,1
36122,72768968,0,0,0
36123,72770968,143,0,1
36124,72772968,671,1,1
36125,72774968,2,1,1
36126,72776968,6,1,1
36127,72778968,3,0,1
36128,72780968,0,0,0
36129,72782968,4,0,1
36130,72784968,4,0,1
36131,72786968,1,0,1
36132,72788968,5,0,1
36133,72790968,3,0,1
36134,72792968,146,1,1
36135,72794968,0,1,0
36136,72796968,1,1,1
36137,72798968,5,0,1
36138,72800968,1,0,1
36139,72802968,2,0,1
36140,72804968,2,0,1
36141,72806968,5,0,1
36142,72808968,1,0,1
36143,72810968,1,0,1
36144,72812968,206,1,1
36145,72814968,0,1,0
36146,72816968,4,1,1
36147,72818968,0,0,0
36148,72820968,3,0,1
36149,72822968,9,0,1
36150,72824968,2,0,1
36151,72826968,0,0,0
36152,72828968,0,0,0
36153,72830968,2,0,1
36154,72832968,57,1,1
36155,72834968,0,1,0
36156,72836968,0,1,0
36157,72838968,0,0,0
36158,72840968,2,0,1
36159,72842968,2,0,1
36160,72844968,1,0,1
36161,72846968,0,0,0
36162,72848968,4,0,1
36163,72850968,6,0,1
36164,72852968,10,1,1
36165,72854968,2,1,1
36166,72856968,5,1,1
36167,72858968,4,0,1
36168,72860968,5,0,1
36169,72862968,7,0,1
36170,72864968,0,0,0
36171,72866968,1,0,1
36172,72868968,2,0,1
36173,72870968,5,0,1
36174,72872968,409,1,1
36175,72874968,2,1,1
36176,72876968,0,1,0
36177,72878968,3,0,1
36178,72880968,1,0,1
36179,72882968,21,0,1
36180,72884968,0,0,0
36181,72886968,0,0,0
36182,72888968,5,0,1
36183,72890968,73,0,1
36184,72892968,557,1,1
36185,72894968,1,1,1
36186,72896968,5,1,1
36187,72898968,0,0,0
36188,72900968,4,0,1
36189,72902968,9,0,1
36190,72904968,7,0,1
36191,72906968,1,0,1
36192,72908968,5,0,1
36193,72910968,2,0,1
36194,72912968,345,1,1
36195,72914968,3,1,1
36196,72916968,2,1,1
36197,72918968,3,0,1
36198,72920968,1,0,1
36199,72922968,23,0,1
36200,72924968,3,0,1
36201,72926968,6,0,1
36202,72928968,0,0,0
36203,72930968,278,0,1
36204,72932968,815,1,1
36205,72934968,1,1,1
36206,72936968,5,1,1
36207,72938968,4,0,1
36208,72940968,0,0,0
36209,72942968,13,0,1
36210,72944968,0,0,0
36211,72946968,0,0,0
36212,72948968,2,0,1
36213,72950968,57,0,1
36214,72952968,500,1,1
36215,72954968,0,1,0
36216,72956968,8,1,1
36217,72958968,3,0,1
36218,72960968,0,0,0
36219,72962968,8,0,1
36220,72964968,1,0,1
36221,72966968,4,0,1
36222,72968968,3,0,1
36223,72970968,243,0,1
36224,72972968,763,1,1
36225,72974968,4,1,1
36226,72976968,2,1,1
36227,72978968,1,0,1
36228,72980968,5,0,1
36229,72982968,13,0,1
36230,72984968,0,0,0
36231,72986968,4,0,1
36232,72988968,5,0,1
36233,72990968,7,0,1
36234,72992968,139,1,1
36235,72994968,3,1,1
36236,72996968,0,1,0
36237,72998968,0,0,0
36238,73000968,6,0,1
36239,73002968,19,0,1
36240,73004968,4,0,1
36241,73006968,1,0,1
36242,73008968,1,0,1
36243,73010968,7,0,1
36244,73012968,212,1,1
36245,73014968,2,1,1
36246,73016968,7,1,1
36247,73018968,5,0,1
36248,73020968,9,0,1
36249,73022968,17,0,1
36250,73024968,0,0,0
36251,73026968,3,0,1
36252,73028968,5,0,1
36253,73030968,6,0,1
36254,73032968,13,1,1
36255,73034968,5,1,1
36256,73036968,6,1,1
36257,73038968,3,0,1
36258,73040968,5,0,1
36259,73042968,17,0,1
36260,73044968,5,0,1
36261,73046968,0,0,0
36262,73048968,5,0,1
36263,73050968,63,0,1
36264,73052968,459,1,1
36265,73054968,0,1,0
36266,73056968,7,1,1
36267,73058968,7,0,1
36268,73060968,5,0,1
36269,73062968,5,0,1
36270,73064968,5,0,1
36271,73066968,0,0,0
36272,73068968,3,0,1
36273,73070968,2,0,1
36274,73072968,85,1,1
36275,73074968,1,1,1
36276,73076968,6,1,1
36277,73078968,3,0,1
36278,73080968,0,0,0
36279,73082968,0,0,0
36280,73084968,0,0,0
36281,73086968,2,0,1
36282,73088968,6,0,1
36283,73090968,5,0,1
36284,73092968,1,1,1
36285,73094968,3,1,1
36286,73096968,0,1,0
36287,73098968,5,0,1
36288,73100968,1,0,1
36289,73102968,0,0,0
36290,73104968,0,0,0
36291,73106968,1,0,1
36292,73108968,5,0,1
36293,73110968,7,0,1
36294,73112968,5,1,1
36295,73114968,0,1,0
36296,73116968,1,1,1
36297,73118968,5,0,1
36298,73120968,5,0,1
36299,73122968,5,0,1
36300,73124968,0,0,0
36301,73126968,0,0,0
36302,73128968,6,0,1
36303,73130968,7,0,1
36304,73132968,0,1,0
36305,73134968,1,1,1
36306,73136968,5,1,1
36307,73138968,5,0,1
36308,73140968,3,0,1
36309,73142968,0,0,0
36310,73144968,4,0,1
36311,73146968,1,0,1
36312,73148968,2,0,1
36313,73150968,22,0,1
36314,73152968,361,1,1
36315,73154968,5,1,1
36316,73156968,3,1,1
36317,73158968,5,0,1
36318,73160968,1,0,1
36319,73162968,5,0,1
36320,73164968,0,0,0
36321,73166968,6,0,1
36322,73168968,7,0,1
36323,73170968,4,0,1
36324,73172968,219,1,1
36325,73174968,5,1,1
36326,73176968,4,1,1
36327,73178968,9,0,1
36328,73180968,5,0,1
36329,73182968,7,0,1
36330,73184968,6,0,1
36331,73186968,1,0,1
36332,73188968,7,0,1
36333,73190968,139,0,1
36334,73192969,552,1,1
36335,73194968,5,1,1
36336,73196968,3,1,1
36337,73198968,1,0,1
36338,73200968,2,0,1
36339,73202968,5,0,1
36340,73204968,3,0,1
36341,73206968,4,0,1
36342,73208968,10,0,1
36343,73210968,5,0,1
36344,73212968,227,1,1
36345,73214968,4,1,1
36346,73216968,8,1,1
36347,73218968,3,0,1
36348,73220968,8,0,1
36349,73222968,0,0,0
36350,73224968,4,0,1
36351,73226968,7,0,1
36352,73228968,9,0,1
36353,73230968,10,0,1
36354,73232969,247,1,1
36355,73234968,3,1,1
36356,73236968,6,1,1
36357,73238968,6,0,1
36358,73240968,3,0,1
36359,73242968,0,0,0
36360,73244968,9,0,1
36361,73246968,7,0,1
36362,73248968,8,0,1
36363,73250968,11,0,1
36364,73252968,45,1,1
36365,73254968,1,1,1
36366,73256968,5,1,1
36367,73258968,9,0,1
36368,73260968,3,0,1
36369,73262968,3,0,1
36370,73264968,7,0,1
36371,73266968,7,0,1
36372,73268968,5,0,1
36373,73270968,9,0,1
36374,73272969,9,1,1
36375,73274968,1,1,1
36376,73276968,9,1,1
36377,73278968,3,0,1
36378,73280968,17,0,1
36379,73282968,9,0,1
36380,73284968,7,0,1
36381,73286968,4,0,1
36382,73288968,4,0,1
36383,73290968,23,0,1
36384,73292968,5,1,1
36385,73294968,5,1,1
36386,73296968,9,1,1
36387,73298968,5,0,1
36388,73300968,21,0,1
36389,73302968,5,0,1
36390,73304968,0,0,0
36391,73306968,3,0,1
36392,73308968,3,0,1
36393,73310968,57,0,1
36394,73312969,310,1,1
36395,73314968,0,1,0
36396,73316968,3,1,1
36397,73318968,9,0,1
36398,73320968,9,0,1
36399,73322968,1,0,1
36400,73324968,7,0,1
36401,73326968,13,0,1
36402,73328968,5,0,1
36403,73330968,14,0,1
36404,73332968,57,1,1
36405,73334968,1,1,1
36406,73336968,6,1,1
36407,73338968,7,0,1
36408,73340968,13,0,1
36409,73342968,5,0,1
36410,73344968,8,0,1
36411,73346968,11,0,1
36412,73348968,7,0,1
36413,73350968,23,0,1
36414,73352969,51,1,1
36415,73354968,6,1,1
36416,73356968,9,1,1
36417,73358968,10,0,1
36418,73360968,18,0,1
36419,73362968,9,0,1
36420,73364968,3,0,1
36421,73366968,1,0,1
36422,73368968,6,0,1
36423,73370968,17,0,1
36424,73372968,7,1,1
36425,73374968,4,1,1
36426,73376968,7,1,1
36427,73378968,8,0,1
36428,73380968,18,0,1
36429,73382968,0,0,0
36430,73384968,8,0,1
36431,73386968,2,0,1
36432,73388968,8,0,1
36433,73390968,17,0,1
36434,73392969,6,1,1
36435,73394968,0,1,0
36436,73396968,7,1,1
36437,73398968,7,0,1
36438,73400968,21,0,1
36439,73402968,8,0,1
36440,73404968,1,0,1
36441,73406968,6,0,1
36442,73408968,5,0,1
36443,73410968,21,0,1
36444,73412968,120,1,1
36445,73414968,2,1,1
36446,73416968,5,1,1
36447,73418968,1,0,1
36448,73420968,20,0,1
36449,73422968,6,0,1
36450,73424968,7,0,1
36451,73426968,3,0,1
36452,73428968,7,0,1
36453,73430968,402,0,1
36454,73432969,745,1,1
36455,73434968,0,1,0
36456,73436968,5,1,1
36457,73438968,4,0,1
36458,73440968,17,0,1
36459,73442968,6,0,1
36460,73444968,1,0,1
36461,73446968,3,0,1
36462,73448968,3,0,1
36463,73450968,21,0,1
36464,73452968,125,1,1
36465,73454968,5,1,1
36466,73456968,7,1,1
36467,73458968,3,0,1
36468,73460968,18,0,1
36469,73462968,1,0,1
36470,73464968,4,0,1
36471,73466968,3,0,1
36472,73468968,5,0,1
36473,73470968,331,0,1
36474,73472969,619,1,1
36475,73474968,2,1,1
36476,73476968,5,1,1
36477,73478968,9,0,1
36478,73480968,6,0,1
36479,73482968,3,0,1
36480,73484968,2,0,1
36481,73486968,3,0,1
36482,73488968,9,0,1
36483,73490968,45,0,1
36484,73492968,229,1,1
36485,73494968,9,1,1
36486,73496968,2,1,1
36487,73498968,5,0,1
36488,73500968,2,0,1
36489,73502968,8,0,1
36490,73504968,7,0,1
36491,73506968,4,0,1
36492,73508968,5,0,1
36493,73510968,61,0,1
36494,73512969,231,1,1
36495,73514968,7,1,1
36496,73516968,10,1,1
36497,73518968,1,0,1
36498,73520968,3,0,1
36499,73522968,8,0,1
36500,73524968,3,0,1
36501,73526968,1,0,1
36502,73528968,9,0,1
36503,73530968,7,0,1
36504,73532968,6,1,1
36505,73534968,3,1,1
36506,73536968,3,1,1
36507,73538968,8,0,1
36508,73540968,17,0,1
36509,73542968,3,0,1
36510,73544968,2,0,1
36511,73546968,8,0,1
36512,73548968,9,0,1
36513,73550968,7,0,1
36514,73552969,7,1,1
36515,73554968,9,1,1
36516,73556968,6,1,1
36517,73558968,3,0,1
36518,73560968,9,0,1
36519,73562968,9,0,1
36520,73564968,5,0,1
36521,73566968,7,0,1
36522,73568968,10,0,1
36523,73570968,102,0,1
36524,73572968,231,1,1
36525,73574968,5,1,1
36526,73576968,8,1,1
36527,73578968,2,0,1
36528,73580968,5,0,1
36529,73582968,3,0,1
36530,73584968,5,0,1
36531,73586968,6,0,1
36532,73588968,8,0,1
36533,73590968,313,0,1
36534,73592969,524,1,1
36535,73594968,7,1,1
36536,73596968,5,1,1
36537,73598968,9,0,1
36538,73600968,9,0,1
36539,73602968,3,0,1
36540,73604968,4,0,1
36541,73606968,1,0,1
36542,73608968,6,0,1
36543,73610968,17,0,1
36544,73612968,10,1,1
36545,73614968,2,1,1
36546,73616968,5,1,1
36547,73618968,5,0,1
36548,73620968,11,0,1
36549,73622968,8,0,1
36550,73624968,5,0,1
36551,73626968,4,0,1
36552,73628968,6,0,1
36553,73630968,146,0,1
36554,73632969,284,1,1
36555,73634968,2,1,1
36556,73636968,3,1,1
36557,73638968,9,0,1
36558,73640968,13,0,1
36559,73642968,5,0,1
36560,73644968,1,0,1
36561,73646968,5,0,1
36562,73648968,0,0,0
36563,73650968,9,0,1
36564,73652968,7,1,1
36565,73654968,5,1,1
36566,73656968,5,1,1
36567,73658968,0,0,0
36568,73660968,7,0,1
36569,73662968,5,0,1
36570,73664968,5,0,1
36571,73666968,9,0,1
36572,73668968,3,0,1
36573,73670968,3,0,1
36574,73672969,3,1,1
36575,73674968,5,1,1
36576,73676968,7,1,1
36577,73678968,7,0,1
36578,73680968,10,0,1
36579,73682968,10,0,1
36580,73684968,2,0,1
36581,73686968,8,0,1
36582,73688968,3,0,1
36583,73690968,160,0,1
36584,73692968,231,1,1
36585,73694968,6,1,1
36586,73696968,11,1,1
36587,73698968,4,0,1
36588,73700968,5,0,1
36589,73702968,12,0,1
36590,73704968,3,0,1
36591,73706968,3,0,1
36592,73708968,5,0,1
36593,73710968,3,0,1
36594,73712969,13,1,1
36595,73714968,6,1,1
36596,73716968,3,1,1
36597,73718968,10,0,1
36598,73720968,8,0,1
36599,73722968,7,0,1
36600,73724968,3,0,1
36601,73726968,7,0,1
36602,73728968,11,0,1
36603,73730968,3,0,1
36604,73732968,7,1,1
36605,73734968,1,1,1
36606,73736968,8,1,1
36607,73738968,7,0,1
36608,73740968,11,0,1
36609,73742968,6,0,1
36610,73744968,0,0,0
36611,73746968,3,0,1
36612,73748968,9,0,1
36613,73750968,7,0,1
36614,73752969,16,1,1
36615,73754968,3,1,1
36616,73756968,6,1,1
36617,73758968,4,0,1
36618,73760968,4,0,1
36619,73762968,5,0,1
36620,73764968,2,0,1
36621,73766968,7,0,1
36622,73768968,6,0,1
36623,73770968,71,0,1
36624,73772968,35,1,1
36625,73774968,3,1,1
36626,73776968,7,1,1
36627,73778968,7,0,1
36628,73780968,11,0,1
36629,73782968,7,0,1
36630,73784968,3,0,1
36631,73786968,5,0,1
36632,73788968,4,0,1
36633,73790968,19,0,1
36634,73792969,9,1,1
36635,73794968,6,1,1
36636,73796968,14,0,1
36637,73798968,4,0,1
36638,73800968,22,0,1
36639,73802968,4,0,1
36640,73804968,7,0,1
36641,73806968,9,0,1
36642,73808968,7,0,1
36643,73810968,19,0,1
36644,73812968,6,1,1
36645,73814968,3,1,1
36646,73816968,5,0,1
36647,73818968,8,0,1
36648,73820968,18,0,1
36649,73822968,7,0,1
36650,73824968,5,0,1
36651,73826968,4,0,1
36652,73828968,5,0,1
36653,73830968,332,0,1
36654,73832969,345,1,1
36655,73834968,5,1,1
36656,73836968,20,0,1
36657,73838968,3,0,1
36658,73840968,19,0,1
36659,73842968,9,0,1
36660,73844968,8,0,1
36661,73846968,5,0,1
36662,73848968,9,0,1
36663,73850968,24,0,1
36664,73852968,9,1,1
36665,73854968,3,1,1
36666,73856968,7,0,1
36667,73858968,4,0,1
36668,73860968,19,0,1
36669,73862968,5,0,1
36670,73864968,11,0,1
36671,73866968,9,0,1
36672,73868968,11,0,1
36673,73870968,328,0,1
36674,73872969,309,1,1
36675,73874968,1,1,1
36676,73876968,9,0,1
36677,73878968,3,0,1
36678,73880968,19,0,1
36679,73882968,3,0,1
36680,73884968,2,0,1
36681,73886968,8,0,1
36682,73888968,3,0,1
36683,73890968,311,0,1
36684,73892968,299,1,1
36685,73894968,6,1,1
36686,73896968,7,0,1
36687,73898968,4,0,1
36688,73900968,23,0,1
36689,73902968,2,0,1
36690,73904968,5,0,1
36691,73906968,9,0,1
36692,73908968,10,0,1
36693,73910968,215,0,1
36694,73912969,9,1,1
36695,73914968,7,1,1
36696,73916968,10,0,1
36697,73918968,5,0,1
36698,73920968,19,0,1
36699,73922968,2,0,1
36700,73924968,7,0,1
36701,73926968,2,0,1
36702,73928968,4,0,1
36703,73930968,13,0,1
36704,73932968,10,1,1
36705,73934968,6,1,1
36706,73936968,11,0,1
36707,73938968,7,0,1
36708,73940968,19,0,1
36709,73942968,7,0,1
36710,73944968,3,0,1
36711,73946968,4,0,1
36712,73948968,8,0,1
36713,73950968,22,0,1
36714,73952969,9,1,1
36715,73954968,2,1,1
36716,73956968,9,0,1
36717,73958968,5,0,1
36718,73960968,21,0,1
36719,73962968,6,0,1
36720,73964968,7,0,1
36721,73966968,10,0,1
36722,73968968,9,0,1
36723,73970968,11,0,1
36724,73972968,7,1,1
36725,73974968,2,1,1
36726,73976968,8,0,1
36727,73978968,7,0,1
36728,73980968,9,0,1
36729,73982968,6,0,1
36730,73984968,4,0,1
36731,73986968,7,0,1
36732,73988968,11,0,1
36733,73990968,156,0,1
36734,73992969,19,1,1
36735,73994968,1,1,1
36736,73996968,8,0,1
36737,73998968,5,0,1
36738,74000968,0,0,0
36739,74002968,9,0,1
36740,74004968,6,0,1
36741,74006968,4,0,1
36742,74008968,5,0,1
36743,74010968,7,0,1
36744,74012968,3,1,1
36745,74014968,5,1,1
36746,74016968,9,0,1
36747,74018968,4,0,1
36748,74020968,5,0,1
36749,74022968,9,0,1
36750,74024968,5,0,1
36751,74026968,5,0,1
36752,74028968,5,0,1
36753,74030968,185,0,1
36754,74032969,10,1,1
36755,74034968,4,1,1
36756,74036968,5,0,1
36757,74038968,3,0,1
36758,74040968,16,0,1
36759,74042968,9,0,1
36760,74044968,5,0,1
36761,74046968,9,0,1
36762,74048968,59,0,1
36763,74050968,549,0,1
36764,74052968,396,1,1
36765,74054968,5,1,1
36766,74056968,3,0,1
36767,74058968,3,0,1
36768,74060968,9,0,1
36769,74062968,5,0,1
36770,74064968,1,0,1
36771,74066968,7,0,1
36772,74068968,2,0,1
36773,74070968,52,0,1
36774,74072969,8,1,1
36775,74074968,9,1,1
36776,74076968,8,0,1
36777,74078968,1,0,1
36778,74080968,1,0,1
36779,74082968,7,0,1
36780,74084968,9,0,1
36781,74086968,6,0,1
36782,74088968,66,0,1
36783,74090968,563,0,1
36784,74092968,366,1,1
36785,74094968,7,1,1
36786,74096968,9,0,1
36787,74098968,2,0,1
36788,74100968,3,0,1
36789,74102968,9,0,1
36790,74104968,9,0,1
36791,74106968,5,0,1
36792,74108968,79,0,1
36793,74110968,581,0,1
36794,74112969,371,1,1
36795,74114968,7,1,1
36796,74116968,8,0,1
36797,74118968,6,0,1
36798,74120968,7,0,1
36799,74122968,4,0,1
36800,74124968,3,0,1
36801,74126968,11,0,1
36802,74128968,11,0,1
36803,74130968,478,0,1
36804,74132968,286,1,1
36805,74134968,7,1,1
36806,74136968,7,0,1
36807,74138968,6,0,1
36808,74140968,1,0,1
36809,74142968,9,0,1
36810,74144968,9,0,1
36811,74146968,9,0,1
36812,74148968,173,0,1
36813,74150968,726,0,1
36814,74152969,469,1,1
36815,74154968,4,1,1
36816,74156968,5,0,1
36817,74158968,6,0,1
36818,74160968,3,0,1
36819,74162968,7,0,1
36820,74164968,1,0,1
36821,74166968,5,0,1
36822,74168968,4,0,1
36823,74170968,60,0,1
36824,74172968,4,1,1
36825,74174968,7,1,1
36826,74176968,3,0,1
36827,74178968,4,0,1
36828,74180968,8,0,1
36829,74182968,5,0,1
36830,74184968,3,0,1
36831,74186968,6,0,1
36832,74188968,10,0,1
36833,74190968,421,0,1
36834,74192969,101,1,1
36835,74194968,6,1,1
36836,74196968,7,0,1
36837,74198968,9,0,1
36838,74200968,12,0,1
36839,74202968,8,0,1
36840,74204968,2,0,1
36841,74206968,7,0,1
36842,74208968,20,0,1
36843,74210968,61,0,1
36844,74212968,11,1,1
36845,74214968,2,1,1
36846,74216968,3,0,1
36847,74218968,24,0,1
36848,74220968,4,0,1
36849,74222968,5,0,1
36850,74224968,4,0,1
36851,74226968,5,0,1
36852,74228968,17,0,1
36853,74230968,35,1,1
36854,74232969,15,1,1
36855,74234968,7,1,1
36856,74236968,6,0,1
36857,74238968,19,0,1
36858,74240968,9,0,1
36859,74242968,5,0,1
36860,74244968,5,0,1
36861,74246968,1,0,1
36862,74248968,17,0,1
36863,74250968,220,0,1
36864,74252968,8,1,1
36865,74254968,4,1,1
36866,74256968,4,0,1
36867,74258968,17,0,1
36868,74260968,11,0,1
36869,74262968,6,0,1
36870,74264968,8,0,1
36871,74266968,9,0,1
36872,74268968,88,0,1
36873,74270968,564,1,1
36874,74272969,163,1,1
36875,74274968,9,1,1
36876,74276968,5,0,1
36877,74278968,18,0,1
36878,74280968,9,0,1
36879,74282968,5,0,1
36880,74284968,10,0,1
36881,74286968,4,0,1
36882,74288968,21,0,1
36883,74290968,207,1,1
36884,74292968,11,1,1
36885,74294968,3,1,1
36886,74296968,7,0,1
36887,74298968,20,0,1
36888,74300968,3,0,1
36889,74302968,9,0,1
36890,74304968,7,0,1
36891,74306968,8,0,1
36892,74308968,21,0,1
36893,74310968,466,1,1
36894,74312969,31,1,1
36895,74314968,0,1,0
36896,74316968,7,0,1
36897,74318968,18,0,1
36898,74320968,9,0,1
36899,74322968,2,0,1
36900,74324968,1,0,1
36901,74326968,5,0,1
36902,74328968,23,0,1
36903,74330968,83,1,1
36904,74332968,11,1,1
36905,74334968,7,1,1
36906,74336968,9,0,1
36907,74338968,16,0,1
36908,74340968,6,0,1
36909,74342968,10,0,1
36910,74344968,1,0,1
36911,74346968,8,0,1
36912,74348968,16,0,1
36913,74350968,155,1,1
36914,74352969,13,1,1
36915,74354968,3,1,1
36916,74356968,8,0,1
36917,74358968,13,0,1
36918,74360968,9,0,1
36919,74362968,2,0,1
36920,74364968,5,0,1
36921,74366968,8,0,1
36922,74368968,21,0,1
36923,74370968,55,1,1
36924,74372968,5,1,1
36925,74374968,1,1,1
36926,74376968,4,0,1
36927,74378968,21,0,1
36928,74380968,9,0,1
36929,74382968,1,0,1
36930,74384968,2,0,1
36931,74386968,3,0,1
36932,74388968,13,0,1
36933,74390968,11,1,1
36934,74392969,9,1,1
36935,74394968,5,1,1
36936,74396968,8,0,1
36937,74398968,9,0,1
36938,74400968,3,0,1
36939,74402968,8,0,1
36940,74404968,9,0,1
36941,74406968,5,0,1
36942,74408968,3,0,1
36943,74410968,315,1,1
36944,74412968,4,1,1
36945,74414968,6,1,1
36946,74416968,8,0,1
36947,74418968,0,0,0
36948,74420968,9,0,1
36949,74422968,2,0,1
36950,74424968,7,0,1
36951,74426968,9,0,1
36952,74428968,8,0,1
36953,74430968,63,1,1
36954,74432969,12,1,1
36955,74434968,2,1,1
36956,74436968,9,0,1
36957,74438968,1,0,1
36958,74440968,9,0,1
36959,74442968,6,0,1
36960,74444968,7,0,1
36961,74446968,5,0,1
36962,74448968,71,0,1
36963,74450968,567,1,1
36964,74452968,10,1,1
36965,74454968,10,1,1
36966,74456968,2,0,1
36967,74458968,0,0,0
36968,74460968,5,0,1
36969,74462968,8,0,1
36970,74464968,6,0,1
36971,74466968,5,0,1
36972,74468968,16,0,1
36973,74470968,82,1,1
36974,74472969,7,1,1
36975,74474968,12,1,1
36976,74476968,7,0,1
36977,74478968,9,0,1
36978,74480968,4,0,1
36979,74482968,11,0,1
36980,74484968,6,0,1
36981,74486968,5,0,1
36982,74488968,7,0,1
36983,74490968,383,1,1
36984,74492968,7,1,1
36985,74494968,0,1,0
36986,74496968,2,0,1
36987,74498968,5,0,1
36988,74500968,11,0,1
36989,74502968,3,0,1
36990,74504968,5,0,1
36991,74506968,7,0,1
36992,74508968,5,0,1
36993,74510968,92,1,1
36994,74512969,5,1,1
36995,74514968,3,1,1
36996,74516968,5,0,1
36997,74518968,4,0,1
36998,74520968,9,0,1
36999,74522968,7,0,1
37000,74524968,12,0,1
37001,74526968,7,0,1
37002,74528968,11,0,1
37003,74530968,190,1,1
37004,74532968,8,1,1
37005,74534968,3,1,1
37006,74536968,3,0,1
37007,74538968,10,0,1
37008,74540968,0,0,0
37009,74542968,5,0,1
37010,74544968,9,0,1
37011,74546968,5,0,1
37012,74548968,8,0,1
37013,74550968,173,1,1
37014,74552969,9,1,1
37015,74554968,3,1,1
37016,74556968,6,0,1
37017,74558968,11,0,1
37018,74560968,5,0,1
37019,74562968,9,0,1
37020,74564968,9,0,1
37021,74566968,6,0,1
37022,74568968,9,0,1
37023,74570968,87,1,1
37024,74572968,4,1,1
37025,74574968,2,1,1
37026,74576968,8,0,1
37027,74578968,0,0,0
37028,74580968,7,0,1
37029,74582968,4,0,1
37030,74584968,9,0,1
37031,74586968,10,0,1
37032,74588968,6,0,1
37033,74590968,7,1,1
37034,74592969,13,1,1
37035,74594968,1,1,1
37036,74596968,7,0,1
37037,74598968,5,0,1
37038,74600968,8,0,1
37039,74602968,4,0,1
37040,74604968,6,0,1
37041,74606968,5,0,1
37042,74608968,12,0,1
37043,74610968,6,1,1
37044,74612968,7,1,1
37045,74614968,0,1,0
37046,74616968,5,0,1
37047,74618968,6,0,1
37048,74620968,7,0,1
37049,74622968,1,0,1
37050,74624968,5,0,1
37051,74626968,5,0,1
37052,74628968,10,0,1
37053,74630968,109,1,1
37054,74632969,8,1,1
37055,74634968,7,1,1
37056,74636968,7,0,1
37057,74638968,2,0,1
37058,74640968,19,0,1
37059,74642968,7,0,1
37060,74644968,6,0,1
37061,74646968,3,0,1
37062,74648968,39,0,1
37063,74650968,487,1,1
37064,74652968,6,1,1
37065,74654968,7,1,1
37066,74656968,3,0,1
37067,74658968,11,0,1
37068,74660968,2,0,1
37069,74662968,9,0,1
37070,74664968,8,0,1
37071,74666968,7,0,1
37072,74668968,92,0,1
37073,74670968,562,1,1
37074,74672969,10,1,1
37075,74674968,6,1,1
37076,74676968,9,0,1
37077,74678968,6,0,1
37078,74680968,2,0,1
37079,74682968,3,0,1
37080,74684968,8,0,1
37081,74686968,4,0,1
37082,74688968,8,0,1
37083,74690968,138,1,1
37084,74692968,9,1,1
37085,74694968,3,1,1
37086,74696968,10,0,1
37087,74698968,7,0,1
37088,74700968,3,0,1
37089,74702968,5,0,1
37090,74704968,5,0,1
37091,74706968,5,0,1
37092,74708968,19,0,1
37093,74710968,232,1,1
37094,74712969,12,1,1
37095,74714968,2,0,1
37096,74716968,5,0,1
37097,74718968,29,0,1
37098,74720968,3,0,1
37099,74722968,7,0,1
37100,74724968,7,0,1
37101,74726968,5,0,1
37102,74728968,168,0,1
37103,74730968,651,1,1
37104,74732968,6,1,1
37105,74734968,5,1,1
37106,74736968,3,0,1
37107,74738968,14,0,1
37108,74740968,5,0,1
37109,74742968,8,0,1
37110,74744968,9,0,1
37111,74746968,4,0,1
37112,74748968,122,0,1
37113,74750968,599,1,1
37114,74752969,7,1,1
37115,74754968,3,1,1
37116,74756968,9,0,1
37117,74758968,20,0,1
37118,74760968,4,0,1
37119,74762968,4,0,1
37120,74764968,1,0,1
37121,74766968,2,0,1
37122,74768968,18,0,1
37123,74770968,226,1,1
37124,74772968,7,1,1
37125,74774968,2,1,1
37126,74776968,2,0,1
37127,74778968,19,0,1
37128,74780968,9,0,1
37129,74782968,5,0,1
37130,74784968,9,0,1
37131,74786968,6,0,1
37132,74788968,115,0,1
37133,74790968,563,1,1
37134,74792969,0,1,0
37135,74794968,9,1,1
37136,74796968,9,0,1
37137,74798968,20,0,1
37138,74800968,4,0,1
37139,74802968,2,0,1
37140,74804968,1,0,1
37141,74806968,3,0,1
37142,74808968,159,0,1
37143,74810968,639,1,1
37144,74812968,2,1,1
37145,74814968,8,1,1
37146,74816968,6,0,1
37147,74818968,20,0,1
37148,74820968,2,0,1
37149,74822968,4,0,1
37150,74824968,5,0,1
37151,74826968,4,0,1
37152,74828968,39,0,1
37153,74830968,429,1,1
37154,74832969,10,1,1
37155,74834968,7,1,1
37156,74836968,6,0,1
37157,74838968,19,0,1
37158,74840968,3,0,1
37159,74842968,8,0,1
37160,74844968,9,0,1
37161,74846968,7,0,1
37162,74848968,23,0,1
37163,74850968,70,1,1
37164,74852968,9,1,1
37165,74854968,4,1,1
37166,74856968,4,0,1
37167,74858968,17,0,1
37168,74860968,3,0,1
37169,74862968,6,0,1
37170,74864968,8,0,1
37171,74866968,5,0,1
37172,74868968,51,0,1
37173,74870968,439,1,1
37174,74872969,10,1,1
37175,74874968,8,1,1
37176,74876968,8,0,1
37177,74878968,13,0,1
37178,74880968,7,0,1
37179,74882968,4,0,1
37180,74884968,5,0,1
37181,74886968,6,0,1
37182,74888968,19,0,1
37183,74890968,79,1,1
37184,74892968,9,1,1
37185,74894968,10,1,1
37186,74896968,7,0,1
37187,74898968,17,0,1
37188,74900968,7,0,1
37189,74902968,5,0,1
37190,74904968,7,0,1
37191,74906968,9,0,1
37192,74908968,58,0,1
37193,74910968,446,1,1
37194,74912969,13,1,1
37195,74914968,3,1,1
37196,74916968,3,0,1
37197,74918968,7,0,1
37198,74920968,7,0,1
37199,74922968,7,0,1
37200,74924968,5,0,1
37201,74926968,11,0,1
37202,74928968,2,0,1
37203,74930968,261,1,1
37204,74932968,7,1,1
37205,74934968,8,1,1
37206,74936968,5,0,1
37207,74938968,5,0,1
37208,74940968,6,0,1
37209,74942968,4,0,1
37210,74944968,4,0,1
37211,74946968,9,0,1
37212,74948968,4,0,1
37213,74950968,9,1,1
37214,74952969,11,1,1
37215,74954968,9,1,1
37216,74956968,5,0,1
37217,74958968,9,0,1
37218,74960968,7,0,1
37219,74962968,4,0,1
37220,74964968,8,0,1
37221,74966968,6,0,1
37222,74968968,10,0,1
37223,74970968,226,1,1
37224,74972968,5,1,1
37225,74974968,6,1,1
37226,74976968,8,0,1
37227,74978968,14,0,1
37228,74980968,2,0,1
37229,74982968,3,0,1
37230,74984968,5,0,1
37231,74986968,5,0,1
37232,74988968,9,0,1
37233,74990968,123,1,1
37234,74992969,7,1,1
37235,74994968,4,1,1
37236,74996968,9,0,1
37237,74998968,5,0,1
37238,75000968,3,0,1
37239,75002968,9,0,1
37240,75004968,7,0,1
37241,75006968,3,0,1
37242,75008968,93,0,1
37243,75010968,467,1,1
37244,75012968,9,1,1
37245,75014968,2,1,1
37246,75016968,4,0,1
37247,75018968,3,0,1
37248,75020968,3,0,1
37249,75022968,9,0,1
37250,75024968,3,0,1
37251,75026968,6,0,1
37252,75028968,181,0,1
37253,75030968,603,1,1
37254,75032969,11,1,1
37255,75034968,5,1,1
37256,75036968,7,0,1
37257,75038968,11,0,1
37258,75040968,5,0,1
37259,75042968,7,0,1
37260,75044968,4,0,1
37261,75046968,6,0,1
37262,75048968,6,0,1
37263,75050968,39,1,1
37264,75052968,2,1,1
37265,75054968,2,1,1
37266,75056968,7,0,1
37267,75058968,6,0,1
37268,75060968,1,0,1
37269,75062968,10,0,1
37270,75064968,7,0,1
37271,75066968,6,0,1
37272,75068968,93,0,1
37273,75070968,442,1,1
37274,75072969,8,1,1
37275,75074968,6,1,1
37276,75076968,8,0,1
37277,75078968,3,0,1
37278,75080968,5,0,1
37279,75082968,4,0,1
37280,75084968,3,0,1
37281,75086968,5,0,1
37282,75088968,4,0,1
37283,75090968,173,1,1
37284,75092968,6,1,1
37285,75094968,5,1,1
37286,75096968,3,0,1
37287,75098968,5,0,1
37288,75100968,5,0,1
37289,75102968,7,0,1
37290,75104968,7,0,1
37291,75106968,3,0,1
37292,75108968,11,0,1
37293,75110968,105,1,1
37294,75112969,9,1,1
37295,75114968,7,1,1
37296,75116968,11,0,1
37297,75118968,5,0,1
37298,75120968,7,0,1
37299,75122968,1,0,1
37300,75124968,9,0,1
37301,75126968,18,0,1
37302,75128968,147,0,1
37303,75130968,473,1,1
37304,75132968,6,1,1
37305,75134968,3,1,1
37306,75136968,24,0,1
37307,75138968,9,0,1
37308,75140968,3,0,1
37309,75142968,8,0,1
37310,75144968,7,0,1
37311,75146968,21,0,1
37312,75148968,9,0,1
37313,75150968,153,1,1
37314,75152969,8,1,1
37315,75154968,9,1,1
37316,75156968,13,0,1
37317,75158968,9,0,1
37318,75160968,7,0,1
37319,75162968,3,0,1
37320,75164968,8,0,1
37321,75166968,19,0,1
37322,75168968,235,0,1
37323,75170968,585,1,1
37324,75172968,9,1,1
37325,75174968,9,1,1
37326,75176968,14,0,1
37327,75178968,8,0,1
37328,75180968,5,0,1
37329,75182968,9,0,1
37330,75184968,3,0,1
37331,75186968,22,0,1
37332,75188968,13,0,1
37333,75190968,164,1,1
37334,75192969,5,1,1
37335,75194968,7,1,1
37336,75196968,14,0,1
37337,75198968,4,0,1
37338,75200968,4,0,1
37339,75202968,3,0,1
37340,75204968,5,0,1
37341,75206968,21,0,1
37342,75208968,9,0,1
37343,75210968,3,1,1
37344,75212968,10,1,1
37345,75214968,3,1,1
37346,75216968,10,0,1
37347,75218968,9,0,1
37348,75220968,6,0,1
37349,75222968,9,0,1
37350,75224968,9,0,1
37351,75226968,12,0,1
37352,75228968,3,0,1
37353,75230968,5,1,1
37354,75232969,7,1,1
37355,75234968,9,1,1
37356,75236968,10,0,1
37357,75238968,5,0,1
37358,75240968,4,0,1
37359,75242968,6,0,1
37360,75244968,3,0,1
37361,75246968,23,0,1
37362,75248968,17,0,1
37363,75250968,3,1,1
37364,75252968,6,1,1
37365,75254968,0,1,0
37366,75256968,23,0,1
37367,75258968,7,0,1
37368,75260968,7,0,1
37369,75262968,8,0,1
37370,75264968,0,0,0
37371,75266968,18,0,1
37372,75268968,9,0,1
37373,75270968,27,1,1
37374,75272969,10,1,1
37375,75274968,2,1,1
37376,75276968,19,0,1
37377,75278968,8,0,1
37378,75280968,0,0,0
37379,75282968,1,0,1
37380,75284968,3,0,1
37381,75286968,19,0,1
37382,75288968,10,0,1
37383,75290968,1,1,1
37384,75292968,8,1,1
37385,75294968,7,1,1
37386,75296968,18,0,1
37387,75298968,6,0,1
37388,75300968,7,0,1
37389,75302968,7,0,1
37390,75304968,9,0,1
37391,75306968,20,0,1
37392,75308968,91,0,1
37393,75310968,277,1,1
37394,75312969,0,1,0
37395,75314968,14,1,1
37396,75316968,11,0,1
37397,75318968,4,0,1
37398,75320968,171,0,1
37399,75322968,7,0,1
37400,75324968,3,0,1
37401,75326968,5,0,1
37402,75328968,198,0,1
37403,75330968,6,1,1
37404,75332968,8,1,1
37405,75334968,5,1,1
37406,75336968,0,0,0
37407,75338968,8,0,1
37408,75340968,1,0,1
37409,75342968,11,0,1
37410,75344968,5,0,1
37411,75346968,2,0,1
37412,75348968,5,0,1
37413,75350968,5,1,1
37414,75352969,7,1,1
37415,75354968,3,1,1
37416,75356968,2,0,1
37417,75358968,3,0,1
37418,75360968,5,0,1
37419,75362968,5,0,1
37420,75364968,7,0,1
37421,75366968,9,0,1
37422,75368968,6,0,1
37423,75370968,86,1,1
37424,75372968,3,1,1
37425,75374968,5,1,1
37426,75376968,6,0,1
37427,75378968,6,0,1
37428,75380968,6,0,1
37429,75382968,8,0,1
37430,75384968,3,0,1
37431,75386968,9,0,1
37432,75388968,8,0,1
37433,75390968,4,1,1
37434,75392969,17,1,1
37435,75394968,4,1,1
37436,75396968,11,0,1
37437,75398968,5,0,1
37438,75400968,1,0,1
37439,75402968,5,0,1
37440,75404968,3,0,1
37441,75406968,7,0,1
37442,75408968,188,0,1
37443,75410968,359,1,1
37444,75412968,8,1,1
37445,75414968,9,1,1
37446,75416968,2,0,1
37447,75418968,6,0,1
37448,75420968,3,0,1
37449,75422968,6,0,1
37450,75424968,9,0,1
37451,75426968,5,0,1
37452,75428968,405,0,1
37453,75430968,601,1,1
37454,75432969,17,1,1
37455,75434968,3,1,1
37456,75436968,5,0,1
37457,75438968,4,0,1
37458,75440968,7,0,1
37459,75442968,2,0,1
37460,75444968,3,0,1
37461,75446968,7,0,1
37462,75448968,5,0,1
37463,75450968,2,1,1
37464,75452968,9,1,1
37465,75454968,9,1,1
37466,75456968,4,0,1
37467,75458968,3,0,1
37468,75460968,7,0,1
37469,75462968,11,0,1
37470,75464968,7,0,1
37471,75466968,9,0,1
37472,75468968,98,0,1
37473,75470968,188,1,1
37474,75472969,5,1,1
37475,75474968,5,1,1
37476,75476968,5,0,1
37477,75478968,7,0,1
37478,75480968,1,0,1
37479,75482968,6,0,1
37480,75484968,10,0,1
37481,75486968,7,0,1
37482,75488968,331,0,1
37483,75490968,423,1,1
37484,75492968,9,1,1
37485,75494968,5,1,1
37486,75496968,10,0,1
37487,75498968,10,0,1
37488,75500968,9,0,1
37489,75502968,9,0,1
37490,75504968,9,0,1
37491,75506968,9,0,1
37492,75508968,58,0,1
37493,75510968,28,1,1
37494,75512968,11,1,1
37495,75514968,7,1,1
37496,75516968,9,0,1
37497,75518968,8,0,1
37498,75520968,5,0,1
37499,75522968,10,0,1
37500,75524968,11,0,1
37501,75526968,10,0,1
37502,75528968,13,0,1
37503,75530968,8,1,1
37504,75532968,10,1,1
37505,75534968,19,1,1
37506,75536968,21,0,1
37507,75538968,19,0,1
37508,75540968,16,0,1
37509,75542968,16,0,1
37510,75544968,17,0,1
37511,75546968,19,0,1
37512,75548968,21,0,1
37513,75550968,17,1,1
37514,75552968,20,1,1
37515,75554968,16,1,1
37516,75556968,12,0,1
37517,75558968,19,0,1
37518,75560968,19,0,1
37519,75562968,13,0,1
37520,75564968,20,0,1
37521,75566968,23,0,1
37522,75568968,23,0,1
37523,75570968,19,1,1
37524,75572968,18,1,1
37525,75574968,27,0,1
37526,75576968,25,0,1
37527,75578968,21,0,1
37528,75580968,18,0,1
37529,75582968,28,0,1
37530,75584968,25,0,1
37531,75586968,27,0,1
37532,75588968,160,0,1
37533,75590968,117,1,1
37534,75592968,29,1,1
37535,75594968,53,0,1
37536,75596968,25,0,1
37537,75598968,27,0,1
37538,75600968,21,0,1
37539,75602968,30,0,1
37540,75604968,30,0,1
37541,75606968,31,0,1
37542,75608968,31,0,1
37543,75610968,28,1,1
37544,75612968,30,1,1
37545,75614968,53,0,1
37546,75616968,27,0,1
37547,75618968,33,0,1
37548,75620968,26,0,1
37549,75622968,27,0,1
37550,75624968,31,0,1
37551,75626968,41,0,1
37552,75628968,37,0,1
37553,75630968,31,1,1
37554,75632968,25,1,1
37555,75634968,37,0,1
37556,75636968,41,0,1
37557,75638968,37,0,1
37558,75640968,26,0,1
37559,75642968,25,0,1
37560,75644968,26,0,1
37561,75646968,53,0,1
37562,75648968,28,0,1
37563,75650968,26,1,1
37564,75652968,26,1,1
37565,75654968,29,0,1
37566,75656968,42,0,1
37567,75658968,33,0,1
37568,75660968,29,0,1
37569,75662968,28,0,1
37570,75664968,27,0,1
37571,75666968,40,0,1
37572,75668968,125,0,1
37573,75670968,29,1,1
37574,75672968,25,1,1
37575,75674968,29,0,1
37576,75676968,37,0,1
37577,75678968,30,0,1
37578,75680968,28,0,1
37579,75682968,28,0,1
37580,75684968,27,0,1
37581,75686968,45,0,1
37582,75688968,37,0,1
37583,75690968,31,1,1
37584,75692968,31,1,1
37585,75694968,31,1,1
37586,75696968,47,0,1
37587,75698968,29,0,1
37588,75700968,27,0,1
37589,75702968,35,0,1
37590,75704968,28,0,1
37591,75706968,47,0,1
37592,75708968,35,0,1
37593,75710968,29,1,1
37594,75712968,30,1,1
37595,75714968,47,0,1
37596,75716968,43,0,1
37597,75718968,35,0,1
37598,75720968,31,0,1
37599,75722968,31,0,1
37600,75724968,35,0,1
37601,75726968,47,0,1
37602,75728968,36,0,1
37603,75730968,35,1,1
37604,75732968,30,1,1
37605,75734968,39,0,1
37606,75736968,48,0,1
37607,75738968,37,0,1
37608,75740968,33,0,1
37609,75742968,29,0,1
37610,75744968,31,0,1
37611,75746968,55,0,1
37612,75748968,37,0,1
37613,75750968,36,1,1
37614,75752968,31,1,1
37615,75754968,35,0,1
37616,75756968,55,0,1
37617,75758968,40,0,1
37618,75760968,33,0,1
37619,75762968,39,0,1
37620,75764968,37,0,1
37621,75766968,53,0,1
37622,75768968,42,0,1
37623,75770968,35,1,1
37624,75772968,31,1,1
37625,75774968,42,0,1
37626,75776968,51,0,1
37627,75778968,41,0,1
37628,75780968,39,0,1
37629,75782968,31,0,1
37630,75784968,35,0,1
37631,75786968,45,0,1
37632,75788968,43,0,1
37633,75790968,30,1,1
37634,75792968,31,1,1
37635,75794968,41,0,1
37636,75796968,51,0,1
37637,75798968,40,0,1
37638,75800968,36,0,1
37639,75802968,39,0,1
37640,75804968,35,0,1
37641,75806968,53,0,1
37642,75808968,351,0,1
37643,75810968,150,1,1
37644,75812968,35,1,1
37645,75814968,43,0,1
37646,75816968,41,0,1
37647,75818968,39,0,1
37648,75820968,29,0,1
37649,75822968,35,0,1
37650,75824968,37,0,1
37651,75826968,31,0,1
37652,75828968,43,0,1
37653,75830968,35,1,1
37654,75832968,31,1,1
37655,75834968,29,0,1
37656,75836968,28,0,1
37657,75838968,29,0,1
37658,75840968,29,0,1
37659,75842968,30,0,1
37660,75844968,35,0,1
37661,75846968,26,0,1
37662,75848968,187,0,1
37663,75850968,26,1,1
37664,75852968,27,1,1
37665,75854968,31,0,1
37666,75856968,30,0,1
37667,75858968,30,0,1
37668,75860968,27,0,1
37669,75862968,25,0,1
37670,75864968,27,0,1
37671,75866968,24,0,1
37672,75868968,29,0,1
37673,75870968,28,1,1
37674,75872968,25,1,1
37675,75874968,37,0,1
37676,75876968,31,0,1
37677,75878968,30,0,1
37678,75880968,27,0,1
37679,75882968,26,0,1
37680,75884968,23,0,1
37681,75886968,39,0,1
37682,75888968,37,0,1
37683,75890968,31,1,1
37684,75892968,25,1,1
37685,75894968,34,0,1
37686,75896968,29,0,1
37687,75898968,29,0,1
37688,75900968,21,0,1
37689,75902968,23,0,1
37690,75904968,31,0,1
37691,75906968,26,0,1
37692,75908968,135,0,1
37693,75910968,27,1,1
37694,75912968,30,1,1
37695,75914968,28,0,1
37696,75916968,30,0,1
37697,75918968,30,0,1
37698,75920968,23,0,1
37699,75922968,30,0,1
37700,75924968,29,0,1
37701,75926968,27,0,1
37702,75928968,31,0,1
37703,75930968,29,1,1
37704,75932968,26,1,1
37705,75934968,25,0,1
37706,75936968,22,0,1
37707,75938968,25,0,1
37708,75940968,26,0,1
37709,75942968,25,0,1
37710,75944968,23,0,1
37711,75946968,29,0,1
37712,75948968,159,0,1
37713,75950968,23,1,1
37714,75952968,29,1,1
37715,75954968,28,0,1
37716,75956968,26,0,1
37717,75958968,25,0,1
37718,75960968,25,0,1
37719,75962968,25,0,1
37720,75964968,30,0,1
37721,75966968,30,0,1
37722,75968968,29,0,1
37723,75970968,27,1,1
37724,75972968,27,1,1
37725,75974968,27,0,1
37726,75976968,33,0,1
37727,75978968,25,0,1
37728,75980968,29,0,1
37729,75982968,27,0,1
37730,75984968,25,0,1
37731,75986968,27,0,1
37732,75988968,31,0,1
37733,75990968,18,1,1
37734,75992968,28,1,1
37735,75994968,23,0,1
37736,75996968,25,0,1
37737,75998968,25,0,1
37738,76000968,21,0,1
37739,76002968,27,0,1
37740,76004968,27,0,1
37741,76006968,26,0,1
37742,76008968,38,0,1
37743,76010968,24,1,1
37744,76012968,25,1,1
37745,76014968,29,0,1
37746,76016968,38,0,1
37747,76018968,29,0,1
37748,76020968,33,0,1
37749,76022968,27,0,1
37750,76024968,28,0,1
37751,76026968,37,0,1
37752,76028968,29,1,1
37753,76030968,25,1,1
37754,76032968,30,1,1
37755,76034968,29,0,1
37756,76036968,31,0,1
37757,76038968,31,0,1
37758,76040968,21,0,1
37759,76042968,24,0,1
37760,76044968,35,0,1
37761,76046968,27,0,1
37762,76048968,36,1,1
37763,76050968,29,1,1
37764,76052968,31,1,1
37765,76054968,36,0,1
37766,76056968,27,0,1
37767,76058968,25,0,1
37768,76060968,27,0,1
37769,76062968,29,0,1
37770,76064968,45,0,1
37771,76066968,26,0,1
37772,76068968,37,1,1
37773,76070968,26,1,1
37774,76072968,29,1,1
37775,76074968,29,0,1
37776,76076968,38,0,1
37777,76078968,27,0,1
37778,76080968,26,0,1
37779,76082968,25,0,1
37780,76084968,35,0,1
37781,76086968,30,0,1
37782,76088968,39,1,1
37783,76090968,25,1,1
37784,76092968,29,1,1
37785,76094968,45,0,1
37786,76096968,41,0,1
37787,76098968,27,0,1
37788,76100968,28,0,1
37789,76102968,35,0,1
37790,76104968,41,0,1
37791,76106968,33,0,1
37792,76108968,88,1,1
37793,76110968,29,1,1
37794,76112968,30,1,1
37795,76114968,45,0,1
37796,76116968,31,0,1
37797,76118968,27,0,1
37798,76120968,41,0,1
37799,76122968,25,0,1
37800,76124968,39,0,1
37801,76126968,25,0,1
37802,76128968,104,1,1
37803,76130968,30,1,1
37804,76132968,26,1,1
37805,76134968,42,0,1
37806,76136968,29,0,1
37807,76138968,27,0,1
37808,76140968,25,0,1
37809,76142968,29,0,1
37810,76144968,44,0,1
37811,76146968,41,0,1
37812,76148968,327,1,1
37813,76150968,34,1,1
37814,76152968,35,1,1
37815,76154968,48,0,1
37816,76156968,31,0,1
37817,76158968,36,0,1
37818,76160968,28,0,1
37819,76162968,27,0,1
37820,76164968,43,0,1
37821,76166968,31,0,1
37822,76168968,27,1,1
37823,76170968,26,1,1
37824,76172968,27,1,1
37825,76174968,44,0,1
37826,76176968,39,0,1
37827,76178968,27,0,1
37828,76180968,27,0,1
37829,76182968,33,0,1
37830,76184968,41,0,1
37831,76186968,28,0,1
37832,76188968,293,1,1
37833,76190968,21,1,1
37834,76192968,26,1,1
37835,76194968,39,0,1
37836,76196968,29,0,1
37837,76198968,27,0,1
37838,76200968,23,0,1
37839,76202968,23,0,1
37840,76204968,43,0,1
37841,76206968,37,0,1
37842,76208968,25,1,1
37843,76210968,55,1,1
37844,76212968,23,1,1
37845,76214968,39,0,1
37846,76216968,34,0,1
37847,76218968,29,0,1
37848,76220968,21,0,1
37849,76222968,22,0,1
37850,76224968,41,0,1
37851,76226968,26,0,1
37852,76228968,51,1,1
37853,76230968,23,1,1
37854,76232968,23,1,1
37855,76234968,29,0,1
37856,76236968,28,0,1
37857,76238968,23,0,1
37858,76240968,19,0,1
37859,76242968,29,0,1
37860,76244968,25,0,1
37861,76246968,30,0,1
37862,76248968,73,1,1
37863,76250968,25,1,1
37864,76252968,25,1,1
37865,76254968,19,0,1
37866,76256968,28,0,1
37867,76258968,21,0,1
37868,76260968,23,0,1
37869,76262968,21,0,1
37870,76264968,21,0,1
37871,76266968,28,0,1
37872,76268968,460,1,1
37873,76270968,24,1,1
37874,76272968,25,1,1
37875,76274968,13,0,1
37876,76276968,20,0,1
37877,76278968,26,0,1
37878,76280968,23,0,1
37879,76282968,27,0,1
37880,76284968,21,0,1
37881,76286968,23,0,1
37882,76288968,28,1,1
37883,76290968,25,1,1
37884,76292968,21,1,1
37885,76294968,21,0,1
37886,76296968,28,0,1
37887,76298968,27,0,1
37888,76300968,21,0,1
37889,76302968,23,0,1
37890,76304968,26,0,1
37891,76306968,25,0,1
37892,76308968,26,1,1
37893,76310968,19,1,1
37894,76312968,23,1,1
37895,76314968,25,0,1
37896,76316968,23,0,1
37897,76318968,27,0,1
37898,76320968,17,0,1
37899,76322968,22,0,1
37900,76324968,19,0,1
37901,76326968,23,0,1
37902,76328968,81,1,1
37903,76330968,21,1,1
37904,76332968,25,1,1
37905,76334968,19,0,1
37906,76336968,21,0,1
37907,76338968,24,0,1
37908,76340968,25,0,1
37909,76342968,20,0,1
37910,76344968,21,0,1
37911,76346968,25,0,1
37912,76348968,24,1,1
37913,76350968,21,1,1
37914,76352968,21,1,1
37915,76354968,13,0,1
37916,76356968,27,0,1
37917,76358968,22,0,1
37918,76360968,18,0,1
37919,76362968,25,0,1
37920,76364968,23,0,1
37921,76366968,24,0,1
37922,76368968,23,1,1
37923,76370968,19,1,1
37924,76372968,23,1,1
37925,76374968,23,0,1
37926,76376968,25,0,1
37927,76378968,25,0,1
37928,76380968,17,0,1
37929,76382968,26,0,1
37930,76384968,29,0,1
37931,76386968,28,0,1
37932,76388968,18,1,1
37933,76390968,19,1,1
37934,76392968,20,1,1
37935,76394968,26,0,1
37936,76396968,25,0,1
37937,76398968,27,0,1
37938,76400968,12,0,1
37939,76402968,25,0,1
37940,76404968,19,0,1
37941,76406968,27,0,1
37942,76408968,150,1,1
37943,76410968,21,1,1
37944,76412968,26,1,1
37945,76414968,21,0,1
37946,76416968,23,0,1
37947,76418968,22,0,1
37948,76420968,19,0,1
37949,76422968,21,0,1
37950,76424968,19,0,1
37951,76426968,27,0,1
37952,76428968,20,1,1
37953,76430968,24,1,1
37954,76432968,20,1,1
37955,76434968,18,0,1
37956,76436968,20,0,1
37957,76438968,25,0,1
37958,76440968,25,0,1
37959,76442968,27,0,1
37960,76444968,27,0,1
37961,76446968,22,0,1
37962,76448968,19,1,1
37963,76450968,17,1,1
37964,76452968,26,1,1
37965,76454968,25,0,1
37966,76456968,28,0,1
37967,76458968,24,0,1
37968,76460968,23,0,1
37969,76462968,19,0,1
37970,76464968,22,0,1
37971,76466968,21,0,1
37972,76468968,24,1,1
37973,76470968,17,1,1
37974,76472968,23,1,1
37975,76474968,18,0,1
37976,76476968,25,0,1
37977,76478968,22,0,1
37978,76480968,23,0,1
37979,76482968,25,0,1
37980,76484968,21,0,1
37981,76486968,25,0,1
37982,76488968,18,1,1
37983,76490968,20,1,1
37984,76492968,23,1,1
37985,76494968,21,0,1
37986,76496968,21,0,1
37987,76498968,24,0,1
37988,76500968,23,0,1
37989,76502968,22,0,1
37990,76504968,27,0,1
37991,76506968,20,0,1
37992,76508968,21,1,1
37993,76510968,17,1,1
37994,76512968,20,1,1
37995,76514968,27,0,1
37996,76516968,25,0,1
37997,76518968,19,0,1
37998,76520968,12,0,1
37999,76522968,22,0,1
38000,76524968,9,0,1
38001,76526968,28,0,1
38002,76528968,128,1,1
38003,76530968,19,1,1
38004,76532968,25,1,1
38005,76534968,22,0,1
38006,76536968,19,0,1
38007,76538968,20,0,1
38008,76540968,21,0,1
38009,76542968,21,0,1
38010,76544968,29,0,1
38011,76546968,25,0,1
38012,76548968,26,1,1
38013,76550968,13,1,1
38014,76552968,26,1,1
38015,76554968,43,0,1
38016,76556968,25,0,1
38017,76558968,20,0,1
38018,76560968,13,0,1
38019,76562968,23,0,1
38020,76564968,41,0,1
38021,76566968,29,0,1
38022,76568968,21,1,1
38023,76570968,17,1,1
38024,76572968,24,1,1
38025,76574968,28,0,1
38026,76576968,28,0,1
38027,76578968,24,0,1
38028,76580968,17,0,1
38029,76582968,23,0,1
38030,76584968,25,0,1
38031,76586968,21,0,1
38032,76588968,69,1,1
38033,76590968,21,1,1
38034,76592968,25,1,1
38035,76594968,26,0,1
38036,76596968,25,0,1
38037,76598968,21,0,1
38038,76600968,17,0,1
38039,76602968,17,0,1
38040,76604968,31,0,1
38041,76606968,23,0,1
38042,76608968,25,1,1
38043,76610968,25,1,1
38044,76612968,20,1,1
38045,76614968,27,0,1
38046,76616968,25,0,1
38047,76618968,23,0,1
38048,76620968,16,0,1
38049,76622968,22,0,1
38050,76624968,39,0,1
38051,76626968,28,0,1
38052,76628968,22,1,1
38053,76630968,21,1,1
38054,76632968,22,1,1
38055,76634968,31,0,1
38056,76636968,26,0,1
38057,76638968,24,0,1
38058,76640968,16,0,1
38059,76642968,21,0,1
38060,76644968,36,0,1
38061,76646968,21,0,1
38062,76648968,18,1,1
38063,76650968,17,1,1
38064,76652968,28,1,1
38065,76654968,35,0,1
38066,76656968,26,0,1
38067,76658968,13,0,1
38068,76660968,21,0,1
38069,76662968,23,0,1
38070,76664968,31,0,1
38071,76666968,20,0,1
38072,76668968,14,1,1
38073,76670968,20,1,1
38074,76672968,22,1,1
38075,76674968,29,0,1
38076,76676968,25,0,1
38077,76678968,16,0,1
38078,76680968,17,0,1
38079,76682968,24,0,1
38080,76684968,29,0,1
38081,76686968,19,0,1
38082,76688968,17,1,1
38083,76690968,12,1,1
38084,76692968,27,1,1
38085,76694968,35,0,1
38086,76696968,27,0,1
38087,76698968,21,0,1
38088,76700968,23,0,1
38089,76702968,17,0,1
38090,76704968,33,0,1
38091,76706968,21,0,1
38092,76708968,17,1,1
38093,76710968,24,1,1
38094,76712968,19,1,1
38095,76714968,28,0,1
38096,76716968,23,0,1
38097,76718968,0,0,0
38098,76720968,23,0,1
38099,76722968,27,0,1
38100,76724968,38,0,1
38101,76726968,17,0,1
38102,76728968,16,1,1
38103,76730968,17,1,1
38104,76732968,22,1,1
38105,76734968,56,0,1
38106,76736968,25,0,1
38107,76738968,14,0,1
38108,76740968,21,0,1
38109,76742968,23,0,1
38110,76744968,22,0,1
38111,76746968,22,0,1
38112,76748968,24,1,1
38113,76750968,23,1,1
38114,76752968,27,1,1
38115,76754968,12,0,1
38116,76756968,25,0,1
38117,76758968,21,0,1
38118,76760968,18,0,1
38119,76762968,17,0,1
38120,76764968,23,0,1
38121,76766968,26,0,1
38122,76768968,19,1,1
38123,76770968,17,1,1
38124,76772968,26,1,1
38125,76774968,13,0,1
38126,76776968,26,0,1
38127,76778968,13,0,1
38128,76780968,16,0,1
38129,76782968,23,0,1
38130,76784968,25,0,1
38131,76786968,23,0,1
38132,76788968,24,1,1
38133,76790968,20,1,1
38134,76792968,21,1,1
38135,76794968,19,0,1
38136,76796968,21,0,1
38137,76798968,16,0,1
38138,76800968,20,0,1
38139,76802968,21,0,1
38140,76804968,31,0,1
38141,76806968,20,0,1
38142,76808968,25,1,1
38143,76810968,23,1,1
38144,76812968,29,1,1
38145,76814968,21,0,1
38146,76816968,22,0,1
38147,76818968,22,0,1
38148,76820968,22,0,1
38149,76822968,31,0,1
38150,76824968,29,0,1
38151,76826968,21,0,1
38152,76828968,21,1,1
38153,76830968,21,1,1
38154,76832968,23,1,1
38155,76834968,20,0,1
38156,76836968,18,0,1
38157,76838968,16,0,1
38158,76840968,13,0,1
38159,76842968,23,0,1
38160,76844968,9,0,1
38161,76846968,20,0,1
38162,76848968,16,1,1
38163,76850968,20,1,1
38164,76852968,23,1,1
38165,76854968,24,0,1
38166,76856968,25,0,1
38167,76858968,20,0,1
38168,76860968,22,0,1
38169,76862968,27,0,1
38170,76864968,26,0,1
38171,76866968,21,0,1
38172,76868968,63,1,1
38173,76870968,25,1,1
38174,76872968,25,1,1
38175,76874968,18,0,1
38176,76876968,24,0,1
38177,76878968,22,0,1
38178,76880968,25,0,1
38179,76882968,20,0,1
38180,76884968,21,0,1
38181,76886968,29,0,1
38182,76888968,213,1,1
38183,76890968,23,1,1
38184,76892968,28,1,1
38185,76894968,25,0,1
38186,76896968,25,0,1
38187,76898968,11,0,1
38188,76900968,13,0,1
38189,76902968,20,0,1
38190,76904968,17,0,1
38191,76906968,69,0,1
38192,76908968,250,1,1
38193,76910968,11,1,1
38194,76912968,22,1,1
38195,76914968,28,0,1
38196,76916968,23,0,1
38197,76918968,17,0,1
38198,76920968,21,0,1
38199,76922968,26,0,1
38200,76924968,14,0,1
38201,76926968,135,0,1
38202,76928968,349,1,1
38203,76930968,22,1,1
38204,76932968,29,1,1
38205,76934968,23,0,1
38206,76936968,23,0,1
38207,76938968,17,0,1
38208,76940968,23,0,1
38209,76942968,28,0,1
38210,76944968,25,0,1
38211,76946968,61,0,1
38212,76948968,205,1,1
38213,76950968,0,1,0
38214,76952968,23,1,1
38215,76954968,25,0,1
38216,76956968,18,0,1
38217,76958968,20,0,1
38218,76960968,13,0,1
38219,76962968,31,0,1
38220,76964968,25,0,1
38221,76966968,102,0,1
38222,76968968,255,1,1
38223,76970968,19,1,1
38224,76972968,45,1,1
38225,76974968,18,0,1
38226,76976968,26,0,1
38227,76978968,13,0,1
38228,76980968,19,0,1
38229,76982968,37,0,1
38230,76984968,23,0,1
38231,76986968,18,0,1
38232,76988968,24,1,1
38233,76990968,20,1,1
38234,76992968,36,1,1
38235,76994968,21,0,1
38236,76996968,21,0,1
38237,76998968,11,0,1
38238,77000968,12,0,1
38239,77002968,30,0,1
38240,77004968,19,0,1
38241,77006968,26,0,1
38242,77008968,26,1,1
38243,77010968,23,1,1
38244,77012968,30,1,1
38245,77014968,23,0,1
38246,77016968,22,0,1
38247,77018968,12,0,1
38248,77020968,21,0,1
38249,77022968,31,0,1
38250,77024968,19,0,1
38251,77026968,28,0,1
38252,77028968,18,1,1
38253,77030968,21,1,1
38254,77032968,35,1,1
38255,77034968,23,0,1
38256,77036968,19,0,1
38257,77038968,20,0,1
38258,77040968,18,0,1
38259,77042968,27,0,1
38260,77044968,19,0,1
38261,77046968,21,0,1
38262,77048968,21,1,1
38263,77050968,12,1,1
38264,77052968,31,1,1
38265,77054968,18,0,1
38266,77056968,21,0,1
38267,77058968,20,0,1
38268,77060968,12,0,1
38269,77062968,27,0,1
38270,77064968,21,0,1
38271,77066968,25,0,1
38272,77068968,11,1,1
38273,77070968,17,1,1
38274,77072968,31,1,1
38275,77074968,25,0,1
38276,77076968,25,0,1
38277,77078968,17,0,1
38278,77080968,21,0,1
38279,77082968,40,0,1
38280,77084968,21,0,1
38281,77086968,24,0,1
38282,77088968,21,1,1
38283,77090968,21,1,1
38284,77092968,35,1,1
38285,77094968,25,0,1
38286,77096968,19,0,1
38287,77098968,16,0,1
38288,77100968,19,0,1
38289,77102968,29,0,1
38290,77104968,19,0,1
38291,77106968,21,0,1
38292,77108968,22,1,1
38293,77110968,13,1,1
38294,77112968,36,1,1
38295,77114968,23,0,1
38296,77116968,20,0,1
38297,77118968,21,0,1
38298,77120968,23,0,1
38299,77122968,35,0,1
38300,77124968,21,0,1
38301,77126968,25,0,1
38302,77128968,20,1,1
38303,77130968,19,1,1
38304,77132968,36,1,1
38305,77134968,23,0,1
38306,77136968,22,0,1
38307,77138968,18,0,1
38308,77140968,23,0,1
38309,77142968,29,0,1
38310,77144968,26,0,1
38311,77146968,23,0,1
38312,77148968,22,1,1
38313,77150968,13,1,1
38314,77152968,23,1,1
38315,77154968,17,0,1
38316,77156968,23,0,1
38317,77158968,22,0,1
38318,77160968,25,0,1
38319,77162968,19,0,1
38320,77164968,23,0,1
38321,77166968,21,0,1
38322,77168968,24,1,1
38323,77170968,22,1,1
38324,77172968,22,1,1
38325,77174968,25,0,1
38326,77176968,27,0,1
38327,77178968,24,0,1
38328,77180968,19,0,1
38329,77182968,21,0,1
38330,77184968,21,0,1
38331,77186968,24,0,1
38332,77188968,19,1,1
38333,77190968,22,1,1
38334,77192968,13,0,1
38335,77194968,21,0,1
38336,77196968,30,0,1
38337,77198968,17,0,1
38338,77200968,23,0,1
38339,77202968,27,0,1
38340,77204968,27,0,1
38341,77206968,26,0,1
38342,77208968,17,1,1
38343,77210968,23,1,1
38344,77212968,34,0,1
38345,77214968,20,0,1
38346,77216968,21,0,1
38347,77218968,13,0,1
38348,77220968,22,0,1
38349,77222968,16,0,1
38350,77224968,25,0,1
38351,77226968,27,0,1
38352,77228968,21,1,1
38353,77230968,17,1,1
38354,77232968,28,0,1
38355,77234968,23,0,1
38356,77236968,19,0,1
38357,77238968,13,0,1
38358,77240968,13,0,1
38359,77242968,25,0,1
38360,77244968,23,0,1
38361,77246968,112,0,1
38362,77248968,41,1,1
38363,77250968,19,1,1
38364,77252968,36,0,1
38365,77254968,23,0,1
38366,77256968,25,0,1
38367,77258968,12,0,1
38368,77260968,23,0,1
38369,77262968,16,0,1
38370,77264968,27,0,1
38371,77266968,21,0,1
38372,77268968,17,1,1
38373,77270968,13,1,1
38374,77272968,25,0,1
38375,77274968,22,0,1
38376,77276968,21,0,1
38377,77278968,13,0,1
38378,77280968,23,0,1
38379,77282968,22,0,1
38380,77284968,21,0,1
38381,77286968,21,0,1
38382,77288968,23,1,1
38383,77290968,18,1,1
38384,77292968,21,0,1
38385,77294968,20,0,1
38386,77296968,19,0,1
38387,77298968,12,0,1
38388,77300968,18,0,1
38389,77302968,18,0,1
38390,77304968,23,0,1
38391,77306968,25,0,1
38392,77308968,24,1,1
38393,77310968,21,1,1
38394,77312968,23,0,1
38395,77314968,21,0,1
38396,77316968,21,0,1
38397,77318968,22,0,1
38398,77320968,19,0,1
38399,77322968,21,0,1
38400,77324968,25,0,1
38401,77326968,28,0,1
38402,77328968,19,1,1
38403,77330968,0,1,0
38404,77332968,19,0,1
38405,77334968,23,0,1
38406,77336968,21,0,1
38407,77338968,23,0,1
38408,77340968,21,0,1
38409,77342968,22,0,1
38410,77344968,21,0,1
38411,77346968,24,0,1
38412,77348968,23,1,1
38413,77350968,17,1,1
38414,77352968,23,0,1
38415,77354968,22,0,1
38416,77356968,25,0,1
38417,77358968,20,0,1
38418,77360968,23,0,1
38419,77362968,16,0,1
38420,77364968,24,0,1
38421,77366968,27,0,1
38422,77368968,21,1,1
38423,77370968,21,1,1
38424,77372968,29,0,1
38425,77374968,23,0,1
38426,77376968,20,0,1
38427,77378968,13,0,1
38428,77380968,16,0,1
38429,77382968,17,0,1
38430,77384968,22,0,1
38431,77386968,135,0,1
38432,77388968,21,1,1
38433,77390968,21,1,1
38434,77392968,22,0,1
38435,77394968,18,0,1
38436,77396968,18,0,1
38437,77398968,13,0,1
38438,77400968,22,0,1
38439,77402968,20,0,1
38440,77404968,20,0,1
38441,77406968,27,0,1
38442,77408968,24,1,1
38443,77410968,22,1,1
38444,77412968,21,0,1
38445,77414968,25,0,1
38446,77416968,20,0,1
38447,77418968,9,0,1
38448,77420968,14,0,1
38449,77422968,21,0,1
38450,77424968,21,0,1
38451,77426968,107,0,1
38452,77428968,22,1,1
38453,77430968,21,1,1
38454,77432968,26,0,1
38455,77434968,24,0,1
38456,77436968,19,0,1
38457,77438968,17,0,1
38458,77440968,21,0,1
38459,77442968,25,0,1
38460,77444968,21,0,1
38461,77446968,21,0,1
38462,77448968,18,1,1
38463,77450968,21,1,1
38464,77452968,21,0,1
38465,77454968,27,0,1
38466,77456968,21,0,1
38467,77458968,17,0,1
38468,77460968,22,0,1
38469,77462968,33,0,1
38470,77464968,23,0,1
38471,77466968,140,0,1
38472,77468968,17,1,1
38473,77470968,18,1,1
38474,77472968,44,0,1
38475,77474968,24,0,1
38476,77476968,20,0,1
38477,77478968,20,0,1
38478,77480968,22,0,1
38479,77482968,44,0,1
38480,77484968,23,0,1
38481,77486968,19,0,1
38482,77488968,20,1,1
38483,77490968,21,1,1
38484,77492968,29,0,1
38485,77494968,19,0,1
38486,77496968,22,0,1
38487,77498968,13,0,1
38488,77500968,22,0,1
38489,77502968,26,0,1
38490,77504968,24,0,1
38491,77506968,86,0,1
38492,77508968,21,1,1
38493,77510968,16,1,1
38494,77512968,27,0,1
38495,77514968,17,0,1
38496,77516968,12,0,1
38497,77518968,21,0,1
38498,77520968,23,0,1
38499,77522968,29,0,1
38500,77524968,24,0,1
38501,77526968,23,0,1
38502,77528968,19,1,1
38503,77530968,23,1,1
38504,77532968,41,0,1
38505,77534968,20,0,1
38506,77536968,23,0,1
38507,77538968,17,0,1
38508,77540968,18,0,1
38509,77542968,41,0,1
38510,77544968,25,0,1
38511,77546968,39,0,1
38512,77548968,24,1,1
38513,77550968,23,1,1
38514,77552968,29,0,1
38515,77554968,20,0,1
38516,77556968,25,0,1
38517,77558968,21,0,1
38518,77560968,19,0,1
38519,77562968,28,0,1
38520,77564968,19,0,1
38521,77566968,200,0,1
38522,77568968,23,1,1
38523,77570968,16,1,1
38524,77572968,31,0,1
38525,77574968,22,0,1
38526,77576968,25,0,1
38527,77578968,17,0,1
38528,77580968,16,0,1
38529,77582968,33,0,1
38530,77584968,25,0,1
38531,77586968,311,0,1
38532,77588968,23,1,1
38533,77590968,19,1,1
38534,77592968,30,0,1
38535,77594968,21,0,1
38536,77596968,22,0,1
38537,77598968,22,0,1
38538,77600968,18,0,1
38539,77602968,28,0,1
38540,77604968,18,0,1
38541,77606968,220,0,1
38542,77608968,12,1,1
38543,77610968,23,1,1
38544,77612968,35,0,1
38545,77614968,24,0,1
38546,77616968,22,0,1
38547,77618968,23,0,1
38548,77620968,17,0,1
38549,77622968,39,0,1
38550,77624968,21,0,1
38551,77626968,391,0,1
38552,77628968,21,1,1
38553,77630968,16,1,1
38554,77632968,29,0,1
38555,77634968,24,0,1
38556,77636968,17,0,1
38557,77638968,13,0,1
38558,77640968,21,0,1
38559,77642968,36,0,1
38560,77644968,25,0,1
38561,77646968,28,1,1
38562,77648968,22,1,1
38563,77650968,16,1,1
38564,77652968,28,0,1
38565,77654968,21,0,1
38566,77656968,19,0,1
38567,77658968,21,0,1
38568,77660968,25,0,1
38569,77662968,25,0,1
38570,77664968,24,0,1
38571,77666968,27,1,1
38572,77668968,16,1,1
38573,77670968,13,1,1
38574,77672968,21,0,1
38575,77674968,21,0,1
38576,77676968,27,0,1
38577,77678968,17,0,1
38578,77680968,21,0,1
38579,77682968,19,0,1
38580,77684968,25,0,1
38581,77686968,26,1,1
38582,77688968,18,1,1
38583,77690968,20,1,1
38584,77692968,20,0,1
38585,77694968,19,0,1
38586,77696968,13,0,1
38587,77698968,19,0,1
38588,77700968,18,0,1
38589,77702968,21,0,1
38590,77704968,29,0,1
38591,77706968,126,1,1
38592,77708968,20,1,1
38593,77710968,24,1,1
38594,77712968,23,0,1
38595,77714968,23,0,1
38596,77716968,23,0,1
38597,77718968,12,0,1
38598,77720968,17,0,1
38599,77722968,31,0,1
38600,77724968,22,0,1
38601,77726968,28,1,1
38602,77728968,17,1,1
38603,77730968,21,1,1
38604,77732968,16,0,1
38605,77734968,19,0,1
38606,77736968,18,0,1
38607,77738968,21,0,1
38608,77740968,21,0,1
38609,77742968,9,0,1
38610,77744968,29,0,1
38611,77746968,210,1,1
38612,77748968,22,1,1
38613,77750968,16,1,1
38614,77752968,13,0,1
38615,77754968,25,0,1
38616,77756968,23,0,1
38617,77758968,21,0,1
38618,77760968,17,0,1
38619,77762968,13,0,1
38620,77764968,29,0,1
38621,77766968,25,1,1
38622,77768968,24,1,1
38623,77770968,17,1,1
38624,77772968,17,0,1
38625,77774968,26,0,1
38626,77776968,21,0,1
38627,77778968,18,0,1
38628,77780968,16,0,1
38629,77782969,21,0,1
38630,77784968,18,0,1
38631,77786968,24,1,1
38632,77788968,19,1,1
38633,77790968,21,1,1
38634,77792968,21,0,1
38635,77794968,19,0,1
38636,77796968,23,0,1
38637,77798968,24,0,1
38638,77800968,20,0,1
38639,77802968,20,0,1
38640,77804968,23,0,1
38641,77806968,77,1,1
38642,77808968,25,1,1
38643,77810968,17,1,1
38644,77812968,22,0,1
38645,77814968,20,0,1
38646,77816968,19,0,1
38647,77818968,21,0,1
38648,77820968,14,0,1
38649,77822969,17,0,1
38650,77824968,28,0,1
38651,77826968,25,1,1
38652,77828968,8,1,1
38653,77830968,11,1,1
38654,77832968,17,0,1
38655,77834968,18,0,1
38656,77836968,21,0,1
38657,77838968,23,0,1
38658,77840968,12,0,1
38659,77842968,13,0,1
38660,77844968,21,0,1
38661,77846968,73,1,1
38662,77848968,25,1,1
38663,77850968,16,1,1
38664,77852968,19,0,1
38665,77854968,21,0,1
38666,77856968,24,0,1
38667,77858968,21,0,1
38668,77860968,21,0,1
38669,77862969,20,0,1
38670,77864968,24,0,1
38671,77866968,373,1,1
38672,77868968,19,1,1
38673,77870968,19,1,1
38674,77872968,24,0,1
38675,77874968,19,0,1
38676,77876968,19,0,1
38677,77878968,19,0,1
38678,77880968,25,0,1
38679,77882968,27,0,1
38680,77884968,19,0,1
38681,77886968,23,1,1
38682,77888968,22,1,1
38683,77890968,27,1,1
38684,77892968,25,0,1
38685,77894968,24,0,1
38686,77896968,19,0,1
38687,77898968,22,0,1
38688,77900968,40,0,1
38689,77902969,22,0,1
38690,77904968,23,0,1
38691,77906968,267,1,1
38692,77908968,24,1,1
38693,77910968,31,1,1
38694,77912968,16,0,1
38695,77914968,25,0,1
38696,77916968,21,0,1
38697,77918968,23,0,1
38698,77920968,31,0,1
38699,77922968,17,0,1
38700,77924968,22,0,1
38701,77926968,21,1,1
38702,77928968,16,1,1
38703,77930968,25,1,1
38704,77932968,23,0,1
38705,77934968,20,0,1
38706,77936968,22,0,1
38707,77938968,16,0,1
38708,77940968,35,0,1
38709,77942969,19,0,1
38710,77944968,29,0,1
38711,77946968,22,1,1
38712,77948968,18,1,1
38713,77950968,35,1,1
38714,77952968,20,0,1
38715,77954968,25,0,1
38716,77956968,18,0,1
38717,77958968,17,0,1
38718,77960968,36,0,1
38719,77962968,29,0,1
38720,77964968,21,0,1
38721,77966968,87,1,1
38722,77968968,19,1,1
38723,77970968,26,1,1
38724,77972968,679,0,1
38725,77974968,17,0,1
38726,77976968,18,0,1
38727,77978968,20,0,1
38728,77980968,31,0,1
38729,77982969,20,0,1
38730,77984968,25,0,1
38731,77986968,17,1,1
38732,77988968,13,1,1
38733,77990968,25,1,1
38734,77992968,16,0,1
38735,77994968,18,0,1
38736,77996968,16,0,1
38737,77998968,11,0,1
38738,78000968,31,0,1
38739,78002968,21,0,1
38740,78004968,19,0,1
38741,78006968,19,1,1
38742,78008968,14,1,1
38743,78010968,37,1,1
38744,78012968,19,0,1
38745,78014968,21,0,1
38746,78016968,19,0,1
38747,78018968,21,0,1
38748,78020968,29,0,1
38749,78022969,22,0,1
38750,78024968,17,0,1
38751,78026968,0,1,0
38752,78028968,13,1,1
38753,78030968,27,1,1
38754,78032968,19,0,1
38755,78034968,25,0,1
38756,78036968,21,0,1
38757,78038968,13,0,1
38758,78040968,29,0,1
38759,78042968,18,0,1
38760,78044968,24,0,1
38761,78046968,24,1,1
38762,78048968,16,1,1
38763,78050968,25,1,1
38764,78052968,17,0,1
38765,78054968,22,0,1
38766,78056968,21,0,1
38767,78058968,20,0,1
38768,78060968,35,0,1
38769,78062969,28,0,1
38770,78064968,27,0,1
38771,78066968,182,1,1
38772,78068968,23,1,1
38773,78070968,23,1,1
38774,78072968,27,0,1
38775,78074968,23,0,1
38776,78076968,23,0,1
38777,78078968,17,0,1
38778,78080968,25,0,1
38779,78082968,25,0,1
38780,78084968,23,0,1
38781,78086968,27,1,1
38782,78088968,22,1,1
38783,78090968,21,1,1
38784,78092968,22,0,1
38785,78094968,25,0,1
38786,78096968,13,0,1
38787,78098968,15,0,1
38788,78100968,13,0,1
38789,78102969,21,0,1
38790,78104968,25,0,1
38791,78106968,23,1,1
38792,78108968,22,1,1
38793,78110968,19,1,1
38794,78112968,17,0,1
38795,78114968,25,0,1
38796,78116968,23,0,1
38797,78118968,17,0,1
38798,78120968,14,0,1
38799,78122968,21,0,1
38800,78124968,20,0,1
38801,78126968,47,1,1
38802,78128968,20,1,1
38803,78130968,19,1,1
38804,78132968,19,0,1
38805,78134968,26,0,1
38806,78136968,17,0,1
38807,78138968,21,0,1
38808,78140968,16,0,1
38809,78142969,23,0,1
38810,78144968,21,0,1
38811,78146968,19,1,1
38812,78148968,16,1,1
38813,78150968,29,1,1
38814,78152968,39,0,1
38815,78154968,19,0,1
38816,78156968,21,0,1
38817,78158968,20,0,1
38818,78160968,22,0,1
38819,78162968,23,0,1
38820,78164968,26,0,1
38821,78166968,21,1,1
38822,78168968,22,1,1
38823,78170968,58,1,1
38824,78172968,24,0,1
38825,78174968,20,0,1
38826,78176968,20,0,1
38827,78178968,17,0,1
38828,78180968,22,0,1
38829,78182969,23,0,1
38830,78184968,25,0,1
38831,78186968,170,1,1
38832,78188968,16,1,1
38833,78190968,17,1,1
38834,78192968,21,0,1
38835,78194968,26,0,1
38836,78196968,23,0,1
38837,78198968,22,0,1
38838,78200968,16,0,1
38839,78202968,26,0,1
38840,78204968,25,0,1
38841,78206968,20,1,1
38842,78208968,19,1,1
38843,78210968,20,1,1
38844,78212968,26,0,1
38845,78214968,20,0,1
38846,78216968,21,0,1
38847,78218968,21,0,1
38848,78220968,23,0,1
38849,78222969,25,0,1
38850,78224968,24,0,1
38851,78226968,22,1,1
38852,78228968,23,1,1
38853,78230968,23,1,1
38854,78232968,22,0,1
38855,78234968,22,0,1
38856,78236968,23,0,1
38857,78238968,19,0,1
38858,78240968,25,0,1
38859,78242968,21,0,1
38860,78244968,25,0,1
38861,78246968,188,1,1
38862,78248968,19,1,1
38863,78250968,23,1,1
38864,78252968,21,0,1
38865,78254968,25,0,1
38866,78256968,18,0,1
38867,78258968,12,0,1
38868,78260968,16,0,1
38869,78262969,28,0,1
38870,78264968,57,0,1
38871,78266968,397,1,1
38872,78268968,23,1,1
38873,78270968,18,1,1
38874,78272968,26,0,1
38875,78274968,21,0,1
38876,78276968,22,0,1
38877,78278968,17,0,1
38878,78280968,23,0,1
38879,78282968,23,0,1
38880,78284968,25,0,1
38881,78286968,211,1,1
38882,78288968,25,1,1
38883,78290968,27,1,1
38884,78292968,18,0,1
38885,78294968,17,0,1
38886,78296968,17,0,1
38887,78298968,16,0,1
38888,78300968,27,0,1
38889,78302969,22,0,1
38890,78304968,25,0,1
38891,78306968,21,1,1
38892,78308968,19,1,1
38893,78310968,18,1,1
38894,78312968,20,0,1
38895,78314968,21,0,1
38896,78316968,21,0,1
38897,78318968,17,0,1
38898,78320968,25,0,1
38899,78322968,21,0,1
38900,78324968,23,0,1
38901,78326968,142,1,1
38902,78328968,17,1,1
38903,78330968,21,1,1
38904,78332968,18,0,1
38905,78334968,23,0,1
38906,78336968,16,0,1
38907,78338968,20,0,1
38908,78340968,24,0,1
38909,78342969,29,0,1
38910,78344968,20,0,1
38911,78346968,20,1,1
38912,78348968,20,1,1
38913,78350968,18,1,1
38914,78352968,25,0,1
38915,78354968,25,0,1
38916,78356968,17,0,1
38917,78358968,20,0,1
38918,78360968,21,0,1
38919,78362968,21,0,1
38920,78364968,24,0,1
38921,78366968,84,1,1
38922,78368968,22,1,1
38923,78370968,24,1,1
38924,78372968,20,0,1
38925,78374968,25,0,1
38926,78376968,21,0,1
38927,78378968,19,0,1
38928,78380968,24,0,1
38929,78382969,23,0,1
38930,78384968,20,0,1
38931,78386968,20,1,1
38932,78388968,18,1,1
38933,78390968,23,1,1
38934,78392968,26,0,1
38935,78394968,21,0,1
38936,78396968,24,0,1
38937,78398968,14,0,1
38938,78400968,29,0,1
38939,78402968,19,0,1
38940,78404968,20,0,1
38941,78406968,17,1,1
38942,78408968,21,1,1
38943,78410968,41,1,1
38944,78412968,23,0,1
38945,78414968,25,0,1
38946,78416968,20,0,1
38947,78418968,13,0,1
38948,78420968,36,0,1
38949,78422969,26,0,1
38950,78424968,23,0,1
38951,78426968,127,1,1
38952,78428968,18,1,1
38953,78430968,36,1,1
38954,78432968,21,0,1
38955,78434968,25,0,1
38956,78436968,17,0,1
38957,78438968,23,0,1
38958,78440968,26,0,1
38959,78442968,27,0,1
38960,78444968,25,0,1
38961,78446968,25,1,1
38962,78448968,16,1,1
38963,78450968,27,1,1
38964,78452968,21,0,1
38965,78454968,20,0,1
38966,78456968,23,0,1
38967,78458968,21,0,1
38968,78460968,43,0,1
38969,78462969,24,0,1
38970,78464968,75,0,1
38971,78466968,299,1,1
38972,78468968,17,1,1
38973,78470968,30,1,1
38974,78472968,19,0,1
38975,78474968,21,0,1
38976,78476968,20,0,1
38977,78478968,18,0,1
38978,78480968,28,0,1
38979,78482968,23,0,1
38980,78484968,23,0,1
38981,78486968,25,1,1
38982,78488968,17,1,1
38983,78490968,25,1,1
38984,78492968,23,0,1
38985,78494968,23,0,1
38986,78496968,21,0,1
38987,78498968,19,0,1
38988,78500968,27,0,1
38989,78502969,25,0,1
38990,78504968,25,0,1
38991,78506968,21,1,1
38992,78508968,22,1,1
38993,78510968,29,1,1
38994,78512968,27,0,1
38995,78514968,36,0,1
38996,78516968,13,0,1
38997,78518968,14,0,1
38998,78520968,29,0,1
38999,78522968,20,0,1
39000,78524968,25,0,1
39001,78526968,17,1,1
39002,78528968,19,1,1
39003,78530968,30,1,1
39004,78532968,18,0,1
39005,78534968,21,0,1
39006,78536968,22,0,1
39007,78538968,20,0,1
39008,78540968,35,0,1
39009,78542969,30,0,1
39010,78544968,25,0,1
39011,78546968,19,1,1
39012,78548968,21,1,1
39013,78550968,34,1,1
39014,78552968,18,0,1
39015,78554968,18,0,1
39016,78556968,14,0,1
39017,78558968,22,0,1
39018,78560968,29,0,1
39019,78562968,27,0,1
39020,78564968,20,0,1
39021,78566968,21,1,1
39022,78568968,21,1,1
39023,78570968,31,1,1
39024,78572968,27,0,1
39025,78574968,17,0,1
39026,78576968,3,0,1
39027,78578968,16,0,1
39028,78580968,29,0,1
39029,78582969,26,0,1
39030,78584968,87,0,1
39031,78586968,217,1,1
39032,78588968,16,1,1
39033,78590968,29,1,1
39034,78592968,21,0,1
39035,78594968,23,0,1
39036,78596968,24,0,1
39037,78598968,22,0,1
39038,78600968,11,0,1
39039,78602968,26,0,1
39040,78604968,19,0,1
39041,78606968,12,1,1
39042,78608968,23,1,1
39043,78610968,18,1,1
39044,78612968,20,0,1
39045,78614968,20,0,1
39046,78616968,21,0,1
39047,78618968,25,0,1
39048,78620968,16,0,1
39049,78622969,26,0,1
39050,78624968,26,0,1
39051,78626968,18,1,1
39052,78628968,24,1,1
39053,78630968,18,1,1
39054,78632968,39,0,1
39055,78634968,26,0,1
39056,78636968,19,0,1
39057,78638968,22,0,1
39058,78640968,19,0,1
39059,78642968,29,0,1
39060,78644968,21,0,1
39061,78646968,25,1,1
39062,78648968,17,1,1
39063,78650968,30,0,1
39064,78652968,24,0,1
39065,78654968,27,0,1
39066,78656968,21,0,1
39067,78658968,20,0,1
39068,78660968,23,0,1
39069,78662969,34,0,1
39070,78664968,21,0,1
39071,78666968,22,1,1
39072,78668968,19,1,1
39073,78670968,22,1,1
39074,78672968,27,0,1
39075,78674968,26,0,1
39076,78676968,21,0,1
39077,78678968,16,0,1
39078,78680968,19,0,1
39079,78682968,24,0,1
39080,78684968,21,0,1
39081,78686968,19,1,1
39082,78688968,18,1,1
39083,78690968,24,1,1
39084,78692968,22,0,1
39085,78694968,21,0,1
39086,78696968,20,0,1
39087,78698968,19,0,1
39088,78700968,22,0,1
39089,78702969,35,0,1
39090,78704968,25,0,1
39091,78706968,21,1,1
39092,78708968,21,1,1
39093,78710968,22,1,1
39094,78712968,17,0,1
39095,78714968,25,0,1
39096,78716968,22,0,1
39097,78718968,21,0,1
39098,78720968,21,0,1
39099,78722968,19,0,1
39100,78724968,24,0,1
39101,78726968,19,1,1
39102,78728968,24,1,1
39103,78730968,25,1,1
39104,78732968,20,0,1
39105,78734968,25,0,1
39106,78736968,21,0,1
39107,78738968,19,0,1
39108,78740968,28,0,1
39109,78742969,22,0,1
39110,78744968,25,0,1
39111,78746968,19,1,1
39112,78748968,21,1,1
39113,78750968,21,1,1
39114,78752968,21,0,1
39115,78754968,24,0,1
39116,78756968,19,0,1
39117,78758968,22,0,1
39118,78760968,19,0,1
39119,78762968,25,0,1
39120,78764968,143,0,1
39121,78766968,139,1,1
39122,78768968,17,1,1
39123,78770968,27,0,1
39124,78772968,25,0,1
39125,78774968,23,0,1
39126,78776968,18,0,1
39127,78778968,13,0,1
39128,78780968,21,0,1
39129,78782969,31,0,1
39130,78784968,269,0,1
39131,78786968,295,1,1
39132,78788968,21,1,1
39133,78790968,40,0,1
39134,78792968,21,0,1
39135,78794968,25,0,1
39136,78796968,17,0,1
39137,78798968,13,0,1
39138,78800968,25,0,1
39139,78802968,23,0,1
39140,78804968,21,0,1
39141,78806968,19,1,1
39142,78808968,22,1,1
39143,78810968,31,0,1
39144,78812968,23,0,1
39145,78814968,18,0,1
39146,78816968,13,0,1
39147,78818968,26,0,1
39148,78820968,27,0,1
39149,78822969,25,0,1
39150,78824968,376,0,1
39151,78826968,378,1,1
39152,78828968,41,1,1
39153,78830968,27,0,1
39154,78832968,23,0,1
39155,78834968,25,0,1
39156,78836968,23,0,1
39157,78838968,27,0,1
39158,78840968,20,0,1
39159,78842968,26,0,1
39160,78844968,347,0,1
39161,78846968,367,1,1
39162,78848968,23,1,1
39163,78850968,24,0,1
39164,78852968,21,0,1
39165,78854968,23,0,1
39166,78856968,20,0,1
39167,78858968,31,0,1
39168,78860968,23,0,1
39169,78862969,37,0,1
39170,78864968,487,0,1
39171,78866968,495,1,1
39172,78868968,35,1,1
39173,78870968,31,0,1
39174,78872968,20,0,1
39175,78874968,23,0,1
39176,78876968,21,0,1
39177,78878968,31,0,1
39178,78880968,23,0,1
39179,78882968,29,0,1
39180,78884968,26,0,1
39181,78886968,19,1,1
39182,78888968,36,1,1
39183,78890968,24,0,1
39184,78892968,22,0,1
39185,78894968,26,0,1
39186,78896968,19,0,1
39187,78898968,30,0,1
39188,78900968,17,0,1
39189,78902969,29,0,1
39190,78904968,25,0,1
39191,78906968,0,1,0
39192,78908968,35,1,1
39193,78910968,23,0,1
39194,78912968,25,0,1
39195,78914968,21,0,1
39196,78916968,21,0,1
39197,78918968,27,0,1
39198,78920968,21,0,1
39199,78922968,27,0,1
39200,78924968,27,0,1
39201,78926968,21,1,1
39202,78928968,37,1,1
39203,78930968,21,0,1
39204,78932968,23,0,1
39205,78934968,22,0,1
39206,78936968,17,0,1
39207,78938968,33,0,1
39208,78940968,25,0,1
39209,78942969,29,0,1
39210,78944968,88,0,1
39211,78946968,24,1,1
39212,78948968,37,1,1
39213,78950968,23,0,1
39214,78952968,24,0,1
39215,78954968,24,0,1
39216,78956968,23,0,1
39217,78958968,28,0,1
39218,78960968,25,0,1
39219,78962968,25,0,1
39220,78964968,23,0,1
39221,78966968,19,1,1
39222,78968968,31,1,1
39223,78970968,23,0,1
39224,78972968,20,0,1
39225,78974968,23,0,1
39226,78976968,13,0,1
39227,78978968,25,0,1
39228,78980968,22,0,1
39229,78982969,25,0,1
39230,78984968,25,0,1
39231,78986968,19,1,1
39232,78988968,29,1,1
39233,78990968,23,0,1
39234,78992968,23,0,1
39235,78994968,27,0,1
39236,78996968,17,0,1
39237,78998968,28,0,1
39238,79000968,25,0,1
39239,79002968,24,0,1
39240,79004968,23,0,1
39241,79006968,23,1,1
39242,79008968,25,1,1
39243,79010968,26,0,1
39244,79012968,22,0,1
39245,79014968,25,0,1
39246,79016968,23,0,1
39247,79018968,13,0,1
39248,79020968,27,0,1
39249,79022969,26,0,1
39250,79024968,27,0,1
39251,79026968,19,1,1
39252,79028968,21,1,1
39253,79030968,21,0,1
39254,79032968,27,0,1
39255,79034968,20,0,1
39256,79036968,23,0,1
39257,79038968,21,0,1
39258,79040968,23,0,1
39259,79042968,25,0,1
39260,79044968,125,0,1
39261,79046968,24,1,1
39262,79048968,21,1,1
39263,79050968,23,0,1
39264,79052968,25,0,1
39265,79054968,23,0,1
39266,79056968,21,0,1
39267,79058968,21,0,1
39268,79060968,23,0,1
39269,79062969,27,0,1
39270,79064968,44,0,1
39271,79066968,23,1,1
39272,79068968,26,1,1
39273,79070968,21,0,1
39274,79072968,25,0,1
39275,79074968,25,0,1
39276,79076968,14,0,1
39277,79078968,27,0,1
39278,79080968,21,0,1
39279,79082968,25,0,1
39280,79084968,23,0,1
39281,79086968,21,1,1
39282,79088968,23,1,1
39283,79090968,25,0,1
39284,79092968,22,0,1
39285,79094968,22,0,1
39286,79096968,19,0,1
39287,79098968,21,0,1
39288,79100968,23,0,1
39289,79102969,29,0,1
39290,79104968,278,0,1
39291,79106968,20,1,1
39292,79108968,18,1,1
39293,79110968,21,0,1
39294,79112968,25,0,1
39295,79114968,19,0,1
39296,79116968,21,0,1
39297,79118968,16,0,1
39298,79120968,21,0,1
39299,79122968,26,0,1
39300,79124968,28,0,1
39301,79126968,22,1,1
39302,79128968,17,1,1
39303,79130968,19,0,1
39304,79132968,28,0,1
39305,79134968,19,0,1
39306,79136968,18,0,1
39307,79138968,24,0,1
39308,79140968,21,0,1
39309,79142969,29,0,1
39310,79144968,228,0,1
39311,79146968,21,1,1
39312,79148968,23,1,1
39313,79150968,24,0,1
39314,79152968,22,0,1
39315,79154968,22,0,1
39316,79156968,16,0,1
39317,79158968,25,0,1
39318,79160968,23,0,1
39319,79162968,25,0,1
39320,79164968,27,0,1
39321,79166968,26,1,1
39322,79168968,21,1,1
39323,79170968,24,0,1
39324,79172968,25,0,1
39325,79174968,26,0,1
39326,79176968,24,0,1
39327,79178968,20,0,1
39328,79180968,25,0,1
39329,79182969,27,0,1
39330,79184968,143,1,1
39331,79186968,25,1,1
39332,79188968,19,1,1
39333,79190968,25,0,1
39334,79192968,26,0,1
39335,79194968,24,0,1
39336,79196968,19,0,1
39337,79198968,26,0,1
39338,79200968,22,0,1
39339,79202968,23,0,1
39340,79204968,25,1,1
39341,79206968,17,1,1
39342,79208968,25,1,1
39343,79210968,21,0,1
39344,79212968,24,0,1
39345,79214968,25,0,1
39346,79216968,17,0,1
39347,79218968,20,0,1
39348,79220968,21,0,1
39349,79222969,26,0,1
39350,79224968,25,1,1
39351,79226968,19,1,1
39352,79228968,23,1,1
39353,79230968,21,0,1
39354,79232968,23,0,1
39355,79234968,20,0,1
39356,79236968,21,0,1
39357,79238968,20,0,1
39358,79240968,25,0,1
39359,79242968,23,0,1
39360,79244968,23,1,1
39361,79246968,24,1,1
39362,79248968,21,1,1
39363,79250968,22,0,1
39364,79252968,23,0,1
39365,79254968,23,0,1
39366,79256968,18,0,1
39367,79258968,25,0,1
39368,79260968,23,0,1
39369,79262969,27,0,1
39370,79264968,25,1,1
39371,79266968,21,1,1
39372,79268968,20,1,1
39373,79270968,19,0,1
39374,79272968,25,0,1
39375,79274968,23,0,1
39376,79276968,21,0,1
39377,79278968,20,0,1
39378,79280968,26,0,1
39379,79282968,27,0,1
39380,79284968,29,1,1
39381,79286968,21,1,1
39382,79288968,26,1,1
39383,79290968,24,0,1
39384,79292968,25,0,1
39385,79294968,27,0,1
39386,79296968,22,0,1
39387,79298968,25,0,1
39388,79300968,20,0,1
39389,79302969,27,0,1
39390,79304968,27,1,1
39391,79306968,19,1,1
39392,79308968,25,1,1
39393,79310968,19,0,1
39394,79312968,25,0,1
39395,79314968,20,0,1
39396,79316968,25,0,1
39397,79318968,33,0,1
39398,79320968,21,0,1
39399,79322968,29,0,1
39400,79324968,325,1,1
39401,79326968,18,1,1
39402,79328968,35,1,1
39403,79330968,23,0,1
39404,79332968,24,0,1
39405,79334968,25,0,1
39406,79336968,12,0,1
39407,79338968,37,0,1
39408,79340968,28,0,1
39409,79342969,30,0,1
39410,79344968,27,1,1
39411,79346968,25,1,1
39412,79348968,31,1,1
39413,79350968,19,0,1
39414,79352968,26,0,1
39415,79354968,26,0,1
39416,79356968,16,0,1
39417,79358968,35,0,1
39418,79360968,23,0,1
39419,79362968,29,0,1
39420,79364968,20,1,1
39421,79366968,17,1,1
39422,79368968,27,1,1
39423,79370968,26,0,1
39424,79372968,29,0,1
39425,79374968,23,0,1
39426,79376968,16,0,1
39427,79378968,29,0,1
39428,79380968,26,0,1
39429,79382969,31,0,1
39430,79384968,28,1,1
39431,79386968,20,1,1
39432,79388968,39,1,1
39433,79390968,20,0,1
39434,79392968,20,0,1
39435,79394968,24,0,1
39436,79396968,23,0,1
39437,79398968,35,0,1
39438,79400968,23,0,1
39439,79402968,27,0,1
39440,79404968,20,1,1
39441,79406968,28,1,1
39442,79408968,31,1,1
39443,79410968,21,0,1
39444,79412968,25,0,1
39445,79414968,23,0,1
39446,79416968,17,0,1
39447,79418968,35,0,1
39448,79420968,17,0,1
39449,79422969,29,0,1
39450,79424968,25,1,1
39451,79426968,19,1,1
39452,79428968,43,1,1
39453,79430968,25,0,1
39454,79432968,24,0,1
39455,79434968,20,0,1
39456,79436968,24,0,1
39457,79438968,39,0,1
39458,79440968,21,0,1
39459,79442968,29,0,1
39460,79444968,167,1,1
39461,79446968,26,1,1
39462,79448968,43,1,1
39463,79450968,19,0,1
39464,79452968,22,0,1
39465,79454968,19,0,1
39466,79456968,21,0,1
39467,79458968,31,0,1
39468,79460968,26,0,1
39469,79462969,33,0,1
39470,79464968,23,1,1
39471,79466968,20,1,1
39472,79468968,31,1,1
39473,79470968,20,0,1
39474,79472968,23,0,1
39475,79474968,29,0,1
39476,79476968,20,0,1
39477,79478968,27,0,1
39478,79480968,21,0,1
39479,79482968,26,0,1
39480,79484968,120,1,1
39481,79486968,21,1,1
39482,79488968,37,1,1
39483,79490968,25,0,1
39484,79492968,23,0,1
39485,79494968,23,0,1
39486,79496968,23,0,1
39487,79498968,39,0,1
39488,79500968,23,0,1
39489,79502969,45,0,1
39490,79504968,127,1,1
39491,79506968,22,1,1
39492,79508968,37,1,1
39493,79510968,26,0,1
39494,79512968,25,0,1
39495,79514968,9,0,1
39496,79516968,19,0,1
39497,79518968,25,0,1
39498,79520968,21,0,1
39499,79522968,134,0,1
39500,79524968,614,1,1
39501,79526968,25,1,1
39502,79528968,26,1,1
39503,79530968,21,0,1
39504,79532968,31,0,1
39505,79534968,19,0,1
39506,79536968,23,0,1
39507,79538968,19,0,1
39508,79540968,23,0,1
39509,79542969,28,0,1
39510,79544968,47,1,1
39511,79546968,22,1,1
39512,79548968,22,1,1
39513,79550968,22,0,1
39514,79552968,28,0,1
39515,79554968,20,0,1
39516,79556968,25,0,1
39517,79558968,24,0,1
39518,79560968,25,0,1
39519,79562968,29,0,1
39520,79564968,315,1,1
39521,79566968,23,1,1
39522,79568968,24,1,1
39523,79570968,27,0,1
39524,79572968,33,0,1
39525,79574968,27,0,1
39526,79576968,22,0,1
39527,79578968,36,0,1
39528,79580968,27,0,1
39529,79582969,35,0,1
39530,79584968,372,1,1
39531,79586968,27,1,1
39532,79588968,31,1,1
39533,79590968,24,0,1
39534,79592968,27,0,1
39535,79594968,25,0,1
39536,79596968,25,0,1
39537,79598968,26,0,1
39538,79600968,23,0,1
39539,79602968,29,0,1
39540,79604968,93,1,1
39541,79606968,20,1,1
39542,79608968,27,1,1
39543,79610968,25,0,1
39544,79612968,31,0,1
39545,79614968,23,0,1
39546,79616968,27,0,1
39547,79618968,20,0,1
39548,79620968,27,0,1
39549,79622969,31,0,1
39550,79624968,292,1,1
39551,79626968,23,1,1
39552,79628968,28,1,1
39553,79630968,28,0,1
39554,79632968,29,0,1
39555,79634968,25,0,1
39556,79636968,20,0,1
39557,79638968,20,0,1
39558,79640968,25,0,1
39559,79642968,31,0,1
39560,79644968,302,1,1
39561,79646968,23,1,1
39562,79648968,27,1,1
39563,79650968,27,0,1
39564,79652968,33,0,1
39565,79654968,24,0,1
39566,79656968,27,0,1
39567,79658968,37,0,1
39568,79660968,29,0,1
39569,79662969,33,0,1
39570,79664968,26,1,1
39571,79666968,25,1,1
39572,79668968,27,1,1
39573,79670968,23,0,1
39574,79672968,25,0,1
39575,79674968,23,0,1
39576,79676968,24,0,1
39577,79678968,24,0,1
39578,79680968,25,0,1
39579,79682968,29,0,1
39580,79684968,25,1,1
39581,79686968,23,1,1
39582,79688968,30,1,1
39583,79690968,31,0,1
39584,79692968,27,0,1
39585,79694968,27,0,1
39586,79696968,23,0,1
39587,79698968,25,0,1
39588,79700968,25,0,1
39589,79702969,39,0,1
39590,79704968,28,1,1
39591,79706968,30,1,1
39592,79708968,29,1,1
39593,79710968,30,0,1
39594,79712968,37,0,1
39595,79714968,25,0,1
39596,79716968,24,0,1
39597,79718968,31,0,1
39598,79720968,27,0,1
39599,79722968,36,0,1
39600,79724968,29,1,1
39601,79726968,28,1,1
39602,79728968,37,1,1
39603,79730968,29,0,1
39604,79732968,30,0,1
39605,79734968,28,0,1
39606,79736968,28,0,1
39607,79738968,37,0,1
39608,79740968,33,0,1
39609,79742969,40,0,1
39610,79744968,93,1,1
39611,79746968,37,1,1
39612,79748968,27,1,1
39613,79750968,29,0,1
39614,79752968,39,0,1
39615,79754968,25,0,1
39616,79756968,41,0,1
39617,79758968,35,0,1
39618,79760968,27,0,1
39619,79762968,37,0,1
39620,79764968,137,1,1
39621,79766968,43,1,1
39622,79768968,39,1,1
39623,79770968,33,0,1
39624,79772968,39,0,1
39625,79774968,31,0,1
39626,79776968,39,0,1
39627,79778968,28,0,1
39628,79780968,29,0,1
39629,79782969,121,0,1
39630,79784968,459,1,1
39631,79786968,40,1,1
39632,79788968,29,1,1
39633,79790968,35,0,1
39634,79792968,37,0,1
39635,79794968,27,0,1
39636,79796968,39,0,1
39637,79798968,26,0,1
39638,79800968,27,0,1
39639,79802968,79,0,1
39640,79804968,377,1,1
39641,79806968,41,1,1
39642,79808968,38,1,1
39643,79810968,27,0,1
39644,79812968,30,0,1
39645,79814968,31,0,1
39646,79816968,37,0,1
39647,79818968,29,0,1
39648,79820968,29,0,1
39649,79822969,37,0,1
39650,79824968,25,1,1
39651,79826968,40,1,1
39652,79828968,29,1,1
39653,79830968,29,0,1
39654,79832968,31,0,1
39655,79834968,37,0,1
39656,79836968,39,0,1
39657,79838968,37,0,1
39658,79840968,39,0,1
39659,79842968,41,0,1
39660,79844968,93,1,1
39661,79846968,42,1,1
39662,79848968,28,1,1
39663,79850968,29,0,1
39664,79852968,37,0,1
39665,79854968,25,0,1
39666,79856968,41,0,1
39667,79858968,36,0,1
39668,79860968,29,0,1
39669,79862969,41,0,1
39670,79864968,133,1,1
39671,79866968,45,1,1
39672,79868968,31,1,1
39673,79870968,28,0,1
39674,79872968,37,0,1
39675,79874968,28,0,1
39676,79876968,37,0,1
39677,79878968,25,0,1
39678,79880968,35,0,1
39679,79882968,29,0,1
39680,79884968,31,1,1
39681,79886968,39,1,1
39682,79888968,30,1,1
39683,79890968,29,0,1
39684,79892968,33,0,1
39685,79894968,29,0,1
39686,79896968,39,0,1
39687,79898968,27,0,1
39688,79900968,28,0,1
39689,79902969,31,0,1
39690,79904968,31,1,1
39691,79906968,43,1,1
39692,79908968,30,1,1
39693,79910968,30,0,1
39694,79912968,36,0,1
39695,79914968,31,0,1
39696,79916968,39,0,1
39697,79918968,26,0,1
39698,79920968,25,0,1
39699,79922968,38,0,1
39700,79924968,31,1,1
39701,79926968,31,1,1
39702,79928968,37,1,1
39703,79930968,36,0,1
39704,79932968,39,0,1
39705,79934968,28,0,1
39706,79936968,27,0,1
39707,79938968,37,0,1
39708,79940968,35,0,1
39709,79942969,43,0,1
39710,79944968,31,1,1
39711,79946968,29,1,1
39712,79948968,37,1,1
39713,79950968,27,0,1
39714,79952968,38,0,1
39715,79954968,29,0,1
39716,79956968,23,0,1
39717,79958968,31,0,1
39718,79960968,36,0,1
39719,79962968,34,0,1
39720,79964968,31,1,1
39721,79966968,24,1,1
39722,79968968,35,1,1
39723,79970968,29,0,1
39724,79972968,29,0,1
39725,79974968,23,0,1
39726,79976968,28,0,1
39727,79978968,27,0,1
39728,79980968,29,0,1
39729,79982969,38,0,1
39730,79984968,30,1,1
39731,79986968,25,1,1
39732,79988968,29,1,1
39733,79990968,31,0,1
39734,79992968,31,0,1
39735,79994968,23,0,1
39736,79996968,30,0,1
39737,79998968,29,0,1
39738,80000968,30,0,1
39739,80002968,37,0,1
39740,80004968,27,1,1
39741,80006968,39,1,1
39742,80008968,35,1,1
39743,80010968,29,0,1
39744,80012968,31,0,1
39745,80014968,22,0,1
39746,80016968,33,0,1
39747,80018968,27,0,1
39748,80020968,31,0,1
39749,80022969,35,0,1
39750,80024968,29,1,1
39751,80026968,30,1,1
39752,80028968,27,1,1
39753,80030968,29,0,1
39754,80032968,38,0,1
39755,80034968,25,0,1
39756,80036968,20,0,1
39757,80038968,27,0,1
39758,80040968,31,0,1
39759,80042968,29,0,1
39760,80044968,30,1,1
39761,80046968,26,1,1
39762,80048968,34,1,1
39763,80050968,26,0,1
39764,80052968,29,0,1
39765,80054968,23,0,1
39766,80056968,26,0,1
39767,80058968,33,0,1
39768,80060968,25,0,1
39769,80062969,38,0,1
39770,80064968,31,1,1
39771,80066968,27,1,1
39772,80068968,31,1,1
39773,80070968,29,0,1
39774,80072968,35,0,1
39775,80074968,29,0,1
39776,80076968,25,0,1
39777,80078968,25,0,1
39778,80080968,27,0,1
39779,80082968,31,0,1
39780,80084968,25,1,1
39781,80086968,26,1,1
39782,80088968,27,1,1
39783,80090968,31,0,1
39784,80092968,36,0,1
39785,80094968,25,0,1
39786,80096968,29,0,1
39787,80098968,27,0,1
39788,80100968,27,0,1
39789,80102969,37,0,1
39790,80104968,27,1,1
39791,80106968,27,1,1
39792,80108968,25,1,1
39793,80110968,29,0,1
39794,80112968,27,0,1
39795,80114968,23,0,1
39796,80116968,23,0,1
39797,80118968,36,0,1
39798,80120968,29,0,1
39799,80122968,35,0,1
39800,80124968,27,1,1
39801,80126968,29,1,1
39802,80128968,35,1,1
39803,80130968,31,0,1
39804,80132968,30,0,1
39805,80134968,25,0,1
39806,80136968,28,0,1
39807,80138968,35,0,1
39808,80140968,31,0,1
39809,80142968,33,0,1
39810,80144968,26,1,1
39811,80146968,30,1,1
39812,80148968,31,1,1
39813,80150968,25,0,1
39814,80152968,35,0,1
39815,80154968,21,0,1
39816,80156968,25,0,1
39817,80158968,30,0,1
39818,80160968,35,0,1
39819,80162968,41,0,1
39820,80164968,29,1,1
39821,80166968,27,1,1
39822,80168968,27,1,1
39823,80170968,37,0,1
39824,80172968,37,0,1
39825,80174968,27,0,1
39826,80176968,35,0,1
39827,80178968,36,0,1
39828,80180968,30,0,1
39829,80182968,39,0,1
39830,80184968,27,1,1
39831,80186968,25,1,1
39832,80188968,37,0,1
39833,80190968,26,0,1
39834,80192968,0,0,0
39835,80194968,29,0,1
39836,80196968,25,0,1
39837,80198968,31,0,1
39838,80200968,42,0,1
39839,80202968,39,0,1
39840,80204968,30,1,1
39841,80206968,27,1,1
39842,80208968,45,0,1
39843,80210968,23,0,1
39844,80212968,31,0,1
39845,80214968,24,0,1
39846,80216968,33,0,1
39847,80218968,29,0,1
39848,80220968,35,0,1
39849,80222968,28,0,1
39850,80224968,30,1,1
39851,80226968,31,1,1
39852,80228968,55,0,1
39853,80230968,26,0,1
39854,80232968,39,0,1
39855,80234968,21,0,1
39856,80236968,27,0,1
39857,80238968,21,0,1
39858,80240968,37,0,1
39859,80242968,34,0,1
39860,80244968,31,1,1
39861,80246968,37,1,1
39862,80248968,35,0,1
39863,80250968,24,0,1
39864,80252968,31,0,1
39865,80254968,29,0,1
39866,80256968,43,0,1
39867,80258968,27,0,1
39868,80260968,38,0,1
39869,80262968,30,0,1
39870,80264968,28,1,1
39871,80266968,41,1,1
39872,80268968,35,0,1
39873,80270968,31,0,1
39874,80272968,39,0,1
39875,80274968,24,0,1
39876,80276968,39,0,1
39877,80278968,29,0,1
39878,80280968,27,0,1
39879,80282968,147,0,1
39880,80284968,29,1,1
39881,80286968,38,1,1
39882,80288968,29,0,1
39883,80290968,30,0,1
39884,80292968,21,0,1
39885,80294968,22,0,1
39886,80296968,39,0,1
39887,80298968,30,0,1
39888,80300968,36,0,1
39889,80302968,37,0,1
39890,80304968,31,1,1
39891,80306968,31,1,1
39892,80308968,31,0,1
39893,80310968,29,0,1
39894,80312968,31,0,1
39895,80314968,27,0,1
39896,80316968,41,0,1
39897,80318968,33,0,1
39898,80320968,29,0,1
39899,80322968,149,0,1
39900,80324968,27,1,1
39901,80326968,41,1,1
39902,80328968,35,0,1
39903,80330968,27,0,1
39904,80332968,37,0,1
39905,80334968,23,0,1
39906,80336968,37,0,1
39907,80338968,26,0,1
39908,80340968,35,0,1
39909,80342968,36,0,1
39910,80344968,25,1,1
39911,80346968,40,1,1
39912,80348968,35,0,1
39913,80350968,25,0,1
39914,80352968,35,0,1
39915,80354968,24,0,1
39916,80356968,33,0,1
39917,80358968,25,0,1
39918,80360968,1,0,1
39919,80362968,35,0,1
39920,80364968,24,1,1
39921,80366968,31,1,1
39922,80368968,25,0,1
39923,80370968,31,0,1
39924,80372968,27,0,1
39925,80374968,28,0,1
39926,80376968,35,0,1
39927,80378968,22,0,1
39928,80380968,34,0,1
39929,80382968,31,0,1
39930,80384968,25,1,1
39931,80386968,43,1,1
39932,80388968,25,0,1
39933,80390968,25,0,1
39934,80392968,34,0,1
39935,80394968,23,0,1
39936,80396968,37,0,1
39937,80398968,27,0,1
39938,80400968,26,0,1
39939,80402968,29,0,1
39940,80404968,25,1,1
39941,80406968,39,1,1
39942,80408968,25,0,1
39943,80410968,31,0,1
39944,80412968,35,0,1
39945,80414968,25,0,1
39946,80416968,30,0,1
39947,80418968,30,0,1
39948,80420968,30,0,1
39949,80422968,29,0,1
39950,80424968,23,1,1
39951,80426968,42,1,1
39952,80428968,31,0,1
39953,80430968,27,0,1
39954,80432968,29,0,1
39955,80434968,27,0,1
39956,80436968,39,0,1
39957,80438968,25,0,1
39958,80440968,36,0,1
39959,80442968,37,0,1
39960,80444968,27,1,1
39961,80446968,30,1,1
39962,80448968,27,0,1
39963,80450968,29,0,1
39964,80452968,33,0,1
39965,80454968,31,0,1
39966,80456968,27,0,1
39967,80458968,27,0,1
39968,80460968,30,0,1
39969,80462968,37,0,1
39970,80464968,24,1,1
39971,80466968,28,1,1
39972,80468968,29,0,1
39973,80470968,26,0,1
39974,80472968,33,0,1
39975,80474968,26,0,1
39976,80476968,28,0,1
39977,80478968,31,0,1
39978,80480968,28,0,1
39979,80482968,30,0,1
39980,80484968,25,1,1
39981,80486968,21,1,1
39982,80488968,30,0,1
39983,80490968,29,0,1
39984,80492968,27,0,1
39985,80494968,21,0,1
39986,80496968,26,0,1
39987,80498968,23,0,1
39988,80500968,31,0,1
39989,80502968,37,0,1
39990,80504968,28,1,1
39991,80506968,26,1,1
39992,80508968,28,0,1
39993,80510968,30,0,1
39994,80512968,27,0,1
39995,80514968,22,0,1
39996,80516968,35,0,1
39997,80518968,37,0,1
39998,80520968,27,0,1
39999,80522968,39,0,1
40000,80524968,29,1,1
40001,80526968,35,1,1
40002,80528968,29,0,1
40003,80530968,28,0,1
40004,80532968,27,0,1
40005,80534968,21,0,1
40006,80536968,27,0,1
40007,80538968,24,0,1
40008,80540968,31,0,1
40009,80542968,31,0,1
40010,80544968,25,1,1
40011,80546968,34,1,1
40012,80548968,30,0,1
40013,80550968,29,0,1
40014,80552968,28,0,1
40015,80554968,23,0,1
40016,80556968,29,0,1
40017,80558968,27,0,1
40018,80560968,25,0,1
40019,80562968,31,1,1
40020,80564968,22,1,1
40021,80566968,23,1,1
40022,80568968,29,0,1
40023,80570968,28,0,1
40024,80572968,28,0,1
40025,80574968,22,0,1
40026,80576968,22,0,1
40027,80578968,27,0,1
40028,80580968,29,0,1
40029,80582968,36,1,1
40030,80584968,23,1,1
40031,80586968,26,1,1
40032,80588968,28,0,1
40033,80590968,29,0,1
40034,80592968,30,0,1
40035,80594968,24,0,1
40036,80596968,30,0,1
40037,80598968,27,0,1
40038,80600968,35,0,1
40039,80602968,38,1,1
40040,80604968,27,1,1
40041,80606968,31,1,1
40042,80608968,29,0,1
40043,80610968,36,0,1
40044,80612968,29,0,1
40045,80614968,29,0,1
40046,80616968,23,0,1
40047,80618968,27,0,1
40048,80620968,33,0,1
40049,80622968,38,1,1
40050,80624968,22,1,1
40051,80626968,25,1,1
40052,80628968,27,0,1
40053,80630968,31,0,1
40054,80632968,34,0,1
40055,80634968,21,0,1
40056,80636968,29,0,1
40057,80638968,30,0,1
40058,80640968,31,0,1
40059,80642968,36,1,1
40060,80644968,25,1,1
40061,80646968,25,1,1
40062,80648968,30,0,1
40063,80650968,28,0,1
40064,80652968,37,0,1
40065,80654968,23,0,1
40066,80656968,29,0,1
40067,80658968,31,0,1
40068,80660968,27,0,1
40069,80662968,36,1,1
40070,80664968,29,1,1
40071,80666968,31,1,1
40072,80668968,24,0,1
40073,80670968,29,0,1
40074,80672968,28,0,1
40075,80674968,26,0,1
40076,80676968,29,0,1
40077,80678968,28,0,1
40078,80680968,36,0,1
40079,80682968,35,1,1
40080,80684968,39,1,1
40081,80686968,27,1,1
40082,80688968,29,0,1
40083,80690968,31,0,1
40084,80692968,35,0,1
40085,80694968,38,0,1
40086,80696968,24,0,1
40087,80698968,26,0,1
40088,80700968,30,0,1
40089,80702968,28,1,1
40090,80704968,39,1,1
40091,80706968,27,1,1
40092,80708968,29,0,1
40093,80710968,31,0,1
40094,80712968,35,0,1
40095,80714968,27,0,1
40096,80716968,29,0,1
40097,80718968,25,0,1
40098,80720968,31,0,1
40099,80722968,27,1,1
40100,80724968,37,1,1
40101,80726968,27,1,1
40102,80728968,29,0,1
40103,80730968,27,0,1
40104,80732968,26,0,1
40105,80734968,29,0,1
40106,80736968,26,0,1
40107,80738968,23,0,1
40108,80740968,25,0,1
40109,80742968,35,1,1
40110,80744968,35,1,1
40111,80746968,29,1,1
40112,80748968,28,0,1
40113,80750968,25,0,1
40114,80752968,26,0,1
40115,80754968,37,0,1
40116,80756968,27,0,1
40117,80758968,22,0,1
40118,80760968,26,0,1
40119,80762968,29,1,1
40120,80764968,37,1,1
40121,80766968,25,1,1
40122,80768968,27,0,1
40123,80770968,27,0,1
40124,80772968,29,0,1
40125,80774968,39,0,1
40126,80776968,29,0,1
40127,80778968,27,0,1
40128,80780968,31,0,1
40129,80782968,29,1,1
40130,80784968,35,1,1
40131,80786968,23,1,1
40132,80788968,27,0,1
40133,80790968,26,0,1
40134,80792968,27,0,1
40135,80794968,38,0,1
40136,80796968,24,0,1
40137,80798968,28,0,1
40138,80800968,31,0,1
40139,80802968,37,1,1
40140,80804968,39,1,1
40141,80806968,35,1,1
40142,80808968,30,0,1
40143,80810968,36,0,1
40144,80812968,33,0,1
40145,80814968,43,0,1
40146,80816968,31,0,1
40147,80818968,31,0,1
40148,80820968,30,0,1
40149,80822968,37,1,1
40150,80824968,45,1,1
40151,80826968,36,1,1
40152,80828968,37,0,1
40153,80830968,31,0,1
40154,80832968,30,0,1
40155,80834968,39,0,1
40156,80836968,25,0,1
40157,80838968,35,0,1
40158,80840968,29,0,1
40159,80842968,30,1,1
40160,80844968,37,1,1
40161,80846968,27,1,1
40162,80848968,35,0,1
40163,80850968,36,0,1
40164,80852968,31,0,1
40165,80854968,38,0,1
40166,80856968,25,0,1
40167,80858968,26,0,1
40168,80860968,29,0,1
40169,80862968,28,1,1
40170,80864968,39,1,1
40171,80866968,27,1,1
40172,80868968,27,0,1
40173,80870968,29,0,1
40174,80872968,31,0,1
40175,80874968,29,0,1
40176,80876968,25,0,1
40177,80878968,24,0,1
40178,80880968,31,0,1
40179,80882968,35,1,1
40180,80884968,24,1,1
40181,80886968,25,1,1
40182,80888968,27,0,1
40183,80890968,29,0,1
40184,80892968,27,0,1
40185,80894968,16,0,1
40186,80896968,22,0,1
40187,80898968,23,0,1
40188,80900968,33,0,1
40189,80902968,28,1,1
40190,80904968,23,1,1
40191,80906968,29,1,1
40192,80908968,27,0,1
40193,80910968,24,0,1
40194,80912968,25,0,1
40195,80914968,19,0,1
40196,80916968,20,0,1
40197,80918968,24,0,1
40198,80920968,27,0,1
40199,80922968,175,1,1
40200,80924968,20,1,1
40201,80926968,22,1,1
40202,80928968,26,0,1
40203,80930968,24,0,1
40204,80932968,21,0,1
40205,80934968,24,0,1
40206,80936968,27,0,1
40207,80938968,21,0,1
40208,80940968,25,0,1
40209,80942968,28,1,1
40210,80944968,31,1,1
40211,80946968,26,1,1
40212,80948968,22,0,1
40213,80950968,26,0,1
40214,80952968,24,0,1
40215,80954968,27,0,1
40216,80956968,27,0,1
40217,80958968,23,0,1
40218,80960968,29,0,1
40219,80962968,25,1,1
40220,80964968,23,1,1
40221,80966968,23,1,1
40222,80968968,25,0,1
40223,80970968,27,0,1
40224,80972968,27,0,1
40225,80974968,13,0,1
40226,80976968,22,0,1
40227,80978968,25,0,1
40228,80980968,27,0,1
40229,80982968,21,1,1
40230,80984968,19,1,1
40231,80986968,21,1,1
40232,80988968,19,0,1
40233,80990968,23,0,1
40234,80992968,21,0,1
40235,80994968,21,0,1
40236,80996968,22,0,1
40237,80998968,22,0,1
40238,81000968,29,0,1
40239,81002968,26,1,1
40240,81004968,27,1,1
40241,81006968,25,1,1
40242,81008968,20,0,1
40243,81010968,23,0,1
40244,81012968,24,0,1
40245,81014968,22,0,1
40246,81016968,17,0,1
40247,81018968,18,0,1
40248,81020968,31,0,1
40249,81022968,99,1,1
40250,81024968,23,1,1
40251,81026968,25,1,1
40252,81028968,19,0,1
40253,81030968,17,0,1
40254,81032968,21,0,1
40255,81034968,19,0,1
40256,81036968,28,0,1
40257,81038968,25,0,1
40258,81040968,25,0,1
40259,81042968,151,1,1
40260,81044968,22,1,1
40261,81046968,25,1,1
40262,81048968,22,0,1
40263,81050968,26,0,1
40264,81052968,24,0,1
40265,81054968,18,0,1
40266,81056968,28,0,1
40267,81058968,24,0,1
40268,81060968,25,0,1
40269,81062968,85,1,1
40270,81064968,19,1,1
40271,81066968,27,1,1
40272,81068968,25,0,1
40273,81070968,27,0,1
40274,81072968,27,0,1
40275,81074968,25,0,1
40276,81076968,23,0,1
40277,81078968,27,0,1
40278,81080968,25,0,1
40279,81082968,25,1,1
40280,81084968,27,1,1
40281,81086968,29,1,1
40282,81088968,21,0,1
40283,81090968,26,0,1
40284,81092968,27,0,1
40285,81094968,21,0,1
40286,81096968,21,0,1
40287,81098968,25,0,1
40288,81100968,29,0,1
40289,81102968,27,1,1
40290,81104968,25,1,1
40291,81106968,27,1,1
40292,81108968,31,0,1
40293,81110968,28,0,1
40294,81112968,27,0,1
40295,81114968,23,0,1
40296,81116968,24,0,1
40297,81118968,27,0,1
40298,81120968,31,0,1
40299,81122968,174,1,1
40300,81124968,23,1,1
40301,81126968,23,1,1
40302,81128968,23,0,1
40303,81130968,25,0,1
40304,81132968,28,0,1
40305,81134968,23,0,1
40306,81136968,22,0,1
40307,81138968,29,0,1
40308,81140968,27,0,1
40309,81142968,33,1,1
40310,81144968,25,1,1
40311,81146968,22,1,1
40312,81148968,29,0,1
40313,81150968,31,0,1
40314,81152968,27,0,1
40315,81154968,29,0,1
40316,81156968,25,0,1
40317,81158968,31,0,1
40318,81160968,28,0,1
40319,81162968,291,1,1
40320,81164968,25,1,1
40321,81166968,25,1,1
40322,81168968,22,0,1
40323,81170968,31,0,1
40324,81172968,26,0,1
40325,81174968,21,0,1
40326,81176968,29,0,1
40327,81178968,27,0,1
40328,81180968,29,0,1
40329,81182968,25,1,1
40330,81184968,30,1,1
40331,81186968,25,1,1
40332,81188968,25,0,1
40333,81190968,31,0,1
40334,81192968,27,0,1
40335,81194968,43,0,1
40336,81196968,24,0,1
40337,81198968,29,0,1
40338,81200968,26,0,1
40339,81202968,29,1,1
40340,81204968,42,1,1
40341,81206968,29,1,1
40342,81208968,25,0,1
40343,81210968,35,0,1
40344,81212968,36,0,1
40345,81214968,31,0,1
40346,81216968,23,0,1
40347,81218968,25,0,1
40348,81220968,27,0,1
40349,81222968,59,1,1
40350,81224968,27,1,1
40351,81226968,31,1,1
40352,81228968,27,0,1
40353,81230968,29,0,1
40354,81232968,30,0,1
40355,81234968,37,0,1
40356,81236968,30,0,1
40357,81238968,31,0,1
40358,81240968,30,0,1
40359,81242968,26,1,1
40360,81244968,39,1,1
40361,81246968,28,1,1
40362,81248968,33,0,1
40363,81250968,29,0,1
40364,81252968,26,0,1
40365,81254968,41,0,1
40366,81256968,35,0,1
40367,81258968,28,0,1
40368,81260968,39,0,1
40369,81262968,137,1,1
40370,81264968,39,1,1
40371,81266968,36,1,1
40372,81268968,31,0,1
40373,81270968,31,0,1
40374,81272968,36,0,1
40375,81274968,37,0,1
40376,81276968,36,0,1
40377,81278968,43,0,1
40378,81280968,41,0,1
40379,81282968,85,1,1
40380,81284968,41,1,1
40381,81286968,39,1,1
40382,81288968,37,0,1
40383,81290968,39,0,1
40384,81292968,37,0,1
40385,81294968,47,0,1
40386,81296968,47,0,1
40387,81298968,44,0,1
40388,81300968,55,0,1
40389,81302968,43,1,1
40390,81304968,56,1,1
40391,81306968,47,1,1
40392,81308968,41,0,1
40393,81310968,39,0,1
40394,81312968,41,0,1
40395,81314968,55,0,1
40396,81316968,42,0,1
40397,81318968,45,0,1
40398,81320968,51,0,1
40399,81322968,41,1,1
40400,81324968,51,1,1
40401,81326968,43,1,1
40402,81328968,41,0,1
40403,81330968,41,0,1
40404,81332968,40,0,1
40405,81334968,52,0,1
40406,81336968,43,0,1
40407,81338968,45,0,1
40408,81340968,54,0,1
40409,81342968,43,1,1
40410,81344968,47,1,1
40411,81346968,41,1,1
40412,81348968,39,0,1
40413,81350968,39,0,1
40414,81352968,41,0,1
40415,81354968,52,0,1
40416,81356968,47,0,1
40417,81358968,51,0,1
40418,81360968,51,0,1
40419,81362968,52,1,1
40420,81364968,56,1,1
40421,81366968,45,1,1
40422,81368968,45,0,1
40423,81370968,40,0,1
40424,81372968,41,0,1
40425,81374968,44,0,1
40426,81376968,45,0,1
40427,81378968,55,0,1
40428,81380968,53,0,1
40429,81382968,40,1,1
40430,81384968,42,1,1
40431,81386968,51,1,1
40432,81388968,41,0,1
40433,81390968,52,0,1
40434,81392968,36,0,1
40435,81394968,29,0,1
40436,81396968,45,0,1
40437,81398968,55,0,1
40438,81400968,55,0,1
40439,81402968,51,1,1
40440,81404968,37,1,1
40441,81406968,51,1,1
40442,81408968,41,0,1
40443,81410968,44,0,1
40444,81412968,43,0,1
40445,81414968,43,0,1
40446,81416968,41,0,1
40447,81418968,47,0,1
40448,81420968,52,0,1
40449,81422968,45,1,1
40450,81424968,40,1,1
40451,81426968,45,1,1
40452,81428968,39,0,1
40453,81430968,45,0,1
40454,81432968,37,0,1
40455,81434968,37,0,1
40456,81436968,45,0,1
40457,81438968,58,0,1
40458,81440968,55,0,1
40459,81442968,50,1,1
40460,81444968,44,1,1
40461,81446968,46,1,1
40462,81448968,43,0,1
40463,81450968,43,0,1
40464,81452968,40,0,1
40465,81454968,44,0,1
40466,81456968,39,0,1
40467,81458968,45,0,1
40468,81460968,56,0,1
40469,81462968,47,1,1
40470,81464968,45,1,1
40471,81466968,44,1,1
40472,81468968,44,0,1
40473,81470968,43,0,1
40474,81472968,43,0,1
40475,81474968,41,0,1
40476,81476968,43,0,1
40477,81478968,57,0,1
40478,81480968,51,0,1
40479,81482968,52,1,1
40480,81484968,37,1,1
40481,81486968,45,1,1
40482,81488968,43,0,1
40483,81490968,47,0,1
40484,81492968,45,0,1
40485,81494968,36,0,1
40486,81496968,41,0,1
40487,81498968,53,0,1
40488,81500968,53,0,1
40489,81502968,47,1,1
40490,81504968,39,1,1
40491,81506968,50,0,1
40492,81508968,45,0,1
40493,81510968,52,0,1
40494,81512968,45,0,1
40495,81514968,41,0,1
40496,81516968,47,0,1
40497,81518968,51,0,1
40498,81520968,60,0,1
40499,81522968,57,1,1
40500,81524968,51,1,1
40501,81526968,59,0,1
40502,81528968,43,0,1
40503,81530968,44,0,1
40504,81532968,45,0,1
40505,81534968,41,0,1
40506,81536968,44,0,1
40507,81538968,57,0,1
40508,81540968,55,0,1
40509,81542968,52,1,1
40510,81544968,43,1,1
40511,81546968,82,0,1
40512,81548968,51,0,1
40513,81550968,52,0,1
40514,81552968,48,0,1
40515,81554968,47,0,1
40516,81556968,44,0,1
40517,81558968,55,0,1
40518,81560968,54,0,1
40519,81562968,57,1,1
40520,81564968,43,1,1
40521,81566968,56,0,1
40522,81568968,51,0,1
40523,81570968,57,0,1
40524,81572968,51,0,1
40525,81574968,43,0,1
40526,81576968,47,0,1
40527,81578968,56,0,1
40528,81580968,60,0,1
40529,81582968,55,1,1
40530,81584968,46,1,1
40531,81586968,54,0,1
40532,81588968,45,0,1
40533,81590968,51,0,1
40534,81592968,47,0,1
40535,81594968,46,0,1
40536,81596968,45,0,1
40537,81598968,55,0,1
40538,81600968,56,0,1
40539,81602968,59,1,1
40540,81604968,55,1,1
40541,81606968,54,0,1
40542,81608968,46,0,1
40543,81610968,48,0,1
40544,81612968,63,0,1
40545,81614968,42,0,1
40546,81616968,51,0,1
40547,81618968,52,0,1
40548,81620968,59,0,1
40549,81622968,73,1,1
40550,81624968,45,1,1
40551,81626968,57,1,1
40552,81628968,48,0,1
40553,81630968,52,0,1
40554,81632968,53,0,1
40555,81634968,45,0,1
40556,81636968,45,0,1
40557,81638968,53,0,1
40558,81640968,53,0,1
40559,81642968,57,1,1
40560,81644968,53,1,1
40561,81646968,57,0,1
40562,81648968,46,0,1
40563,81650968,47,0,1
40564,81652968,47,0,1
40565,81654968,45,0,1
40566,81656968,53,0,1
40567,81658968,54,0,1
40568,81660968,67,0,1
40569,81662968,69,1,1
40570,81664968,48,1,1
40571,81666968,56,0,1
40572,81668968,51,0,1
40573,81670968,50,0,1
40574,81672968,64,0,1
40575,81674968,43,0,1
40576,81676968,49,0,1
40577,81678968,53,0,1
40578,81680968,73,0,1
40579,81682968,57,1,1
40580,81684968,42,1,1
40581,81686968,53,0,1
40582,81688968,52,0,1
40583,81690968,57,0,1
40584,81692968,56,0,1
40585,81694968,46,0,1
40586,81696968,53,0,1
40587,81698968,63,0,1
40588,81700968,62,0,1
40589,81702968,58,1,1
40590,81704968,47,1,1
40591,81706968,55,0,1
40592,81708968,51,0,1
40593,81710968,47,0,1
40594,81712968,53,0,1
40595,81714968,48,0,1
40596,81716968,51,0,1
40597,81718968,49,0,1
40598,81720968,58,0,1
40599,81722968,63,1,1
40600,81724968,45,1,1
40601,81726968,55,0,1
40602,81728968,57,0,1
40603,81730968,52,0,1
40604,81732968,57,0,1
40605,81734968,43,0,1
40606,81736968,45,0,1
40607,81738968,59,0,1
40608,81740968,61,0,1
40609,81742968,71,1,1
40610,81744968,47,1,1
40611,81746968,50,0,1
40612,81748968,53,0,1
40613,81750968,56,0,1
40614,81752968,57,0,1
40615,81754968,44,0,1
40616,81756968,44,0,1
40617,81758968,59,0,1
40618,81760968,59,0,1
40619,81762968,60,1,1
40620,81764968,45,1,1
40621,81766968,56,0,1
40622,81768968,57,0,1
40623,81770968,56,0,1
40624,81772968,59,0,1
40625,81774968,47,0,1
40626,81776968,53,0,1
40627,81778968,57,0,1
40628,81780968,61,0,1
40629,81782968,61,1,1
40630,81784968,45,1,1
40631,81786968,58,0,1
40632,81788968,55,0,1
40633,81790968,59,0,1
40634,81792968,52,0,1
40635,81794968,44,0,1
40636,81796968,43,0,1
40637,81798968,63,0,1
40638,81800968,124,0,1
40639,81802968,54,1,1
40640,81804968,45,1,1
40641,81806968,57,0,1
40642,81808968,55,0,1
40643,81810968,56,0,1
40644,81812968,42,0,1
40645,81814968,57,0,1
40646,81816968,56,0,1
40647,81818968,62,0,1
40648,81820968,69,0,1
40649,81822968,54,1,1
40650,81824968,45,1,1
40651,81826968,59,0,1
40652,81828968,51,0,1
40653,81830968,56,0,1
40654,81832968,37,0,1
40655,81834968,43,0,1
40656,81836968,45,0,1
40657,81838968,52,0,1
40658,81840968,103,0,1
40659,81842968,44,1,1
40660,81844968,43,1,1
40661,81846968,51,0,1
40662,81848968,53,0,1
40663,81850968,45,0,1
40664,81852968,43,0,1
40665,81854968,45,0,1
40666,81856968,53,0,1
40667,81858968,52,0,1
40668,81860968,61,0,1
40669,81862968,46,1,1
40670,81864968,43,1,1
40671,81866968,49,0,1
40672,81868968,51,0,1
40673,81870968,55,0,1
40674,81872968,38,0,1
40675,81874968,44,0,1
40676,81876968,51,0,1
40677,81878968,59,0,1
40678,81880968,55,1,1
40679,81882968,41,1,1
40680,81884968,47,1,1
40681,81886968,44,0,1
40682,81888968,53,0,1
40683,81890968,52,0,1
40684,81892968,41,0,1
40685,81894968,52,0,1
40686,81896968,37,0,1
40687,81898968,54,0,1
40688,81900968,69,1,1
40689,81902968,43,1,1
40690,81904968,41,1,1
40691,81906968,47,0,1
40692,81908968,52,0,1
40693,81910968,47,0,1
40694,81912968,28,0,1
40695,81914968,52,0,1
40696,81916968,47,0,1
40697,81918968,58,0,1
40698,81920968,63,1,1
40699,81922968,40,1,1
40700,81924968,51,1,1
40701,81926968,47,0,1
40702,81928968,45,0,1
40703,81930968,53,0,1
40704,81932968,52,0,1
40705,81934968,52,0,1
40706,81936968,47,0,1
40707,81938968,57,0,1
40708,81940968,59,1,1
40709,81942968,51,1,1
40710,81944968,53,1,1
40711,81946968,39,0,1
40712,81948968,54,0,1
40713,81950968,52,0,1
40714,81952968,35,0,1
40715,81954968,44,0,1
40716,81956968,51,0,1
40717,81958968,57,0,1
40718,81960968,61,1,1
40719,81962968,51,1,1
40720,81964968,43,1,1
40721,81966968,51,0,1
40722,81968968,53,0,1
40723,81970968,44,0,1
40724,81972968,34,0,1
40725,81974968,39,0,1
40726,81976968,43,0,1
40727,81978968,54,0,1
40728,81980968,43,1,1
40729,81982968,37,1,1
40730,81984968,44,1,1
40731,81986968,31,0,1
40732,81988968,44,0,1
40733,81990968,36,0,1
40734,81992968,22,0,1
40735,81994968,35,0,1
40736,81996968,29,0,1
40737,81998968,28,0,1
40738,82000968,69,1,1
40739,82002968,23,1,1
40740,82004968,23,1,1
40741,82006968,22,0,1
40742,82008968,26,0,1
40743,82010968,25,0,1
40744,82012968,22,0,1
40745,82014968,25,0,1
40746,82016968,19,0,1
40747,82018968,21,0,1
40748,82020968,22,1,1
40749,82022968,24,1,1
40750,82024968,24,1,1
40751,82026968,24,0,1
40752,82028968,22,0,1
40753,82030968,21,0,1
40754,82032968,20,0,1
40755,82034968,18,0,1
40756,82036968,22,0,1
40757,82038968,23,0,1
40758,82040968,21,1,1
40759,82042968,17,1,1
40760,82044968,20,1,1
40761,82046968,14,0,1
40762,82048968,26,0,1
40763,82050968,17,0,1
40764,82052968,21,0,1
40765,82054968,18,0,1
40766,82056968,17,0,1
40767,82058968,21,0,1
40768,82060968,19,1,1
40769,82062968,17,1,1
40770,82064968,17,1,1
40771,82066968,19,0,1
40772,82068968,22,0,1
40773,82070968,19,0,1
40774,82072968,21,0,1
40775,82074968,19,0,1
40776,82076968,17,0,1
40777,82078968,21,0,1
40778,82080968,16,1,1
40779,82082968,19,1,1
40780,82084968,19,1,1
40781,82086968,18,0,1
40782,82088968,16,0,1
40783,82090968,9,0,1
40784,82092968,18,0,1
40785,82094968,19,0,1
40786,82096968,18,0,1
40787,82098968,17,0,1
40788,82100968,12,1,1
40789,82102968,20,1,1
40790,82104968,11,1,1
40791,82106968,14,0,1
40792,82108968,11,0,1
40793,82110968,19,0,1
40794,82112968,39,0,1
40795,82114968,17,0,1
40796,82116968,13,0,1
40797,82118968,13,0,1
40798,82120968,18,1,1
40799,82122968,34,1,1
40800,82124968,13,1,1
40801,82126968,17,0,1
40802,82128968,20,0,1
40803,82130968,17,0,1
40804,82132968,31,0,1
40805,82134968,19,0,1
40806,82136968,13,0,1
40807,82138968,15,0,1
40808,82140968,17,1,1
40809,82142968,23,1,1
40810,82144968,19,1,1
40811,82146968,17,0,1
40812,82148968,21,0,1
40813,82150968,14,0,1
40814,82152968,25,0,1
40815,82154968,11,0,1
40816,82156968,20,0,1
40817,82158968,13,0,1
40818,82160968,21,1,1
40819,82162968,29,1,1
40820,82164968,10,1,1
40821,82166968,18,0,1
40822,82168968,21,0,1
40823,82170968,16,0,1
40824,82172968,25,0,1
40825,82174968,11,0,1
40826,82176968,17,0,1
40827,82178968,19,0,1
40828,82180968,18,1,1
40829,82182968,30,1,1
40830,82184968,19,1,1
40831,82186968,20,0,1
40832,82188968,20,0,1
40833,82190968,11,0,1
40834,82192968,21,0,1
40835,82194968,17,0,1
40836,82196968,19,0,1
40837,82198968,19,0,1
40838,82200968,16,1,1
40839,82202968,25,1,1
40840,82204968,20,1,1
40841,82206968,20,0,1
40842,82208968,16,0,1
40843,82210968,17,0,1
40844,82212968,22,0,1
40845,82214968,21,0,1
40846,82216968,16,0,1
40847,82218968,17,0,1
40848,82220968,13,1,1
40849,82222968,33,1,1
40850,82224968,20,1,1
40851,82226968,13,0,1
40852,82228968,16,0,1
40853,82230968,10,0,1
40854,82232968,23,0,1
40855,82234968,13,0,1
40856,82236968,18,0,1
40857,82238968,19,0,1
40858,82240968,16,1,1
40859,82242968,26,1,1
40860,82244968,13,1,1
40861,82246968,18,0,1
40862,82248968,18,0,1
40863,82250968,18,0,1
40864,82252968,23,0,1
40865,82254968,17,0,1
40866,82256968,13,0,1
40867,82258968,19,0,1
40868,82260968,11,1,1
40869,82262968,26,1,1
40870,82264968,16,1,1
40871,82266968,20,0,1
40872,82268968,16,0,1
40873,82270968,16,0,1
40874,82272968,27,0,1
40875,82274968,20,0,1
40876,82276968,21,0,1
40877,82278968,17,0,1
40878,82280968,331,1,1
40879,82282968,27,1,1
40880,82284968,12,1,1
40881,82286968,11,0,1
40882,82288968,13,0,1
40883,82290968,17,0,1
40884,82292968,21,0,1
40885,82294968,13,0,1
40886,82296968,16,0,1
40887,82298968,17,0,1
40888,82300968,14,1,1
40889,82302968,18,1,1
40890,82304968,13,1,1
40891,82306968,17,0,1
40892,82308968,12,0,1
40893,82310968,18,0,1
40894,82312968,9,0,1
40895,82314968,19,0,1
40896,82316968,17,0,1
40897,82318968,24,0,1
40898,82320968,21,1,1
40899,82322968,9,1,1
40900,82324968,13,1,1
40901,82326968,20,0,1
40902,82328968,13,0,1
40903,82330968,17,0,1
40904,82332968,3,0,1
40905,82334968,17,0,1
40906,82336968,13,0,1
40907,82338968,21,0,1
40908,82340968,19,1,1
40909,82342968,7,1,1
40910,82344968,13,1,1
40911,82346968,16,0,1
40912,82348968,19,0,1
40913,82350968,18,0,1
40914,82352968,16,0,1
40915,82354968,12,0,1
40916,82356968,16,0,1
40917,82358968,16,0,1
40918,82360968,17,1,1
40919,82362968,22,1,1
40920,82364968,21,1,1
40921,82366968,13,0,1
40922,82368968,16,0,1
40923,82370968,19,0,1
40924,82372968,11,0,1
40925,82374968,9,0,1
40926,82376968,17,0,1
40927,82378968,21,0,1
40928,82380968,17,1,1
40929,82382968,12,1,1
40930,82384968,13,1,1
40931,82386968,20,0,1
40932,82388968,19,0,1
40933,82390968,13,0,1
40934,82392968,8,0,1
40935,82394968,18,0,1
40936,82396968,18,0,1
40937,82398968,11,0,1
40938,82400968,13,1,1
40939,82402968,11,1,1
40940,82404968,19,1,1
40941,82406968,11,0,1
40942,82408968,21,0,1
40943,82410968,11,0,1
40944,82412968,11,0,1
40945,82414968,19,0,1
40946,82416968,18,0,1
40947,82418968,20,0,1
40948,82420968,12,1,1
40949,82422968,8,1,1
40950,82424968,19,1,1
40951,82426968,13,0,1
40952,82428968,20,0,1
40953,82430968,19,0,1
40954,82432968,11,0,1
40955,82434968,19,0,1
40956,82436968,21,0,1
40957,82438968,95,0,1
40958,82440968,421,1,1
40959,82442968,18,1,1
40960,82444968,18,1,1
40961,82446968,12,0,1
40962,82448968,11,0,1
40963,82450968,18,0,1
40964,82452969,12,0,1
40965,82454968,8,0,1
40966,82456968,19,0,1
40967,82458968,17,0,1
40968,82460968,16,1,1
40969,82462968,10,1,1
40970,82464968,13,1,1
40971,82466968,19,0,1
40972,82468968,19,0,1
40973,82470968,9,0,1
40974,82472968,9,0,1
40975,82474968,10,0,1
40976,82476968,18,0,1
40977,82478968,21,0,1
40978,82480968,218,1,1
40979,82482968,7,1,1
40980,82484968,16,1,1
40981,82486968,19,0,1
40982,82488968,20,0,1
40983,82490968,16,0,1
40984,82492969,11,0,1
40985,82494968,17,0,1
40986,82496968,13,0,1
40987,82498968,115,0,1
40988,82500968,399,1,1
40989,82502968,11,1,1
40990,82504968,19,1,1
40991,82506968,9,0,1
40992,82508968,0,0,0
40993,82510968,13,0,1
40994,82512968,17,0,1
40995,82514968,17,0,1
40996,82516968,20,0,1
40997,82518968,20,0,1
40998,82520968,17,1,1
40999,82522968,12,1,1
41000,82524968,22,0,1
41001,82526968,20,0,1
41002,82528968,17,0,1
41003,82530968,31,0,1
41004,82532969,19,0,1
41005,82534968,11,0,1
41006,82536968,21,0,1
41007,82538968,16,0,1
41008,82540968,47,1,1
41009,82542968,20,1,1
41010,82544968,19,1,1
41011,82546968,11,0,1
41012,82548968,20,0,1
41013,82550968,28,0,1
41014,82552968,13,0,1
41015,82554968,19,0,1
41016,82556968,19,0,1
41017,82558968,18,0,1
41018,82560968,27,1,1
41019,82562968,13,1,1
41020,82564968,20,1,1
41021,82566968,20,0,1
41022,82568968,14,0,1
41023,82570968,23,0,1
41024,82572969,23,0,1
41025,82574968,11,0,1
41026,82576968,19,0,1
41027,82578968,26,0,1
41028,82580968,25,1,1
41029,82582968,13,1,1
41030,82584968,12,1,1
41031,82586968,19,0,1
41032,82588968,17,0,1
41033,82590968,29,0,1
41034,82592968,19,0,1
41035,82594968,13,0,1
41036,82596968,23,0,1
41037,82598968,53,0,1
41038,82600968,189,1,1
41039,82602968,19,1,1
41040,82604968,17,1,1
41041,82606968,13,0,1
41042,82608968,21,0,1
41043,82610968,21,0,1
41044,82612969,19,0,1
41045,82614968,22,0,1
41046,82616968,13,0,1
41047,82618968,25,0,1
41048,82620968,28,1,1
41049,82622968,21,1,1
41050,82624968,25,1,1
41051,82626968,18,0,1
41052,82628968,20,0,1
41053,82630968,24,0,1
41054,82632968,22,0,1
41055,82634968,13,0,1
41056,82636968,25,0,1
41057,82638968,83,0,1
41058,82640968,206,1,1
41059,82642968,19,1,1
41060,82644968,18,1,1
41061,82646968,19,0,1
41062,82648968,23,0,1
41063,82650968,26,0,1
41064,82652969,22,0,1
41065,82654968,17,0,1
41066,82656968,23,0,1
41067,82658968,207,0,1
41068,82660968,397,1,1
41069,82662968,19,1,1
41070,82664968,16,1,1
41071,82666968,9,0,1
41072,82668968,13,0,1
41073,82670968,21,0,1
41074,82672968,10,0,1
41075,82674968,13,0,1
41076,82676968,12,0,1
41077,82678968,20,0,1
41078,82680968,31,1,1
41079,82682968,17,1,1
41080,82684968,10,1,1
41081,82686968,22,0,1
41082,82688968,9,0,1
41083,82690968,25,0,1
41084,82692969,18,0,1
41085,82694968,9,0,1
41086,82696968,13,0,1
41087,82698968,13,0,1
41088,82700968,19,1,1
41089,82702968,16,1,1
41090,82704968,3,1,1
41091,82706968,13,0,1
41092,82708968,9,0,1
41093,82710968,24,0,1
41094,82712968,12,0,1
41095,82714968,13,0,1
41096,82716968,8,0,1
41097,82718968,133,0,1
41098,82720968,203,1,1
41099,82722968,13,1,1
41100,82724968,11,1,1
41101,82726968,8,0,1
41102,82728968,17,0,1
41103,82730968,0,0,0
41104,82732969,14,0,1
41105,82734968,9,0,1
41106,82736968,13,0,1
41107,82738968,16,0,1
41108,82740968,10,1,1
41109,82742968,8,1,1
41110,82744968,9,1,1
41111,82746968,6,0,1
41112,82748968,4,0,1
41113,82750968,5,0,1
41114,82752968,9,0,1
41115,82754968,4,0,1
41116,82756968,7,0,1
41117,82758968,26,0,1
41118,82760968,3,1,1
41119,82762968,4,1,1
41120,82764968,13,0,1
41121,82766968,5,0,1
41122,82768968,13,0,1
41123,82770968,6,0,1
41124,82772969,4,0,1
41125,82774968,5,0,1
41126,82776968,12,0,1
41127,82778968,205,0,1
41128,82780968,239,1,1
41129,82782968,7,1,1
41130,82784968,21,0,1
41131,82786968,10,0,1
41132,82788968,16,0,1
41133,82790968,13,0,1
41134,82792968,13,0,1
41135,82794968,8,0,1
41136,82796968,7,0,1
41137,82798968,13,0,1
41138,82800968,10,1,1
41139,82802968,7,1,1
41140,82804968,7,0,1
41141,82806968,5,0,1
41142,82808968,12,0,1
41143,82810968,3,0,1
41144,82812969,7,0,1
41145,82814968,7,0,1
41146,82816968,11,0,1
41147,82818968,220,0,1
41148,82820968,199,1,1
41149,82822968,7,1,1
41150,82824968,7,0,1
41151,82826968,5,0,1
41152,82828968,11,0,1
41153,82830968,5,0,1
41154,82832968,8,0,1
41155,82834968,3,0,1
41156,82836968,9,0,1
41157,82838968,55,0,1
41158,82840968,7,1,1
41159,82842968,11,1,1
41160,82844968,11,0,1
41161,82846968,12,0,1
41162,82848968,9,0,1
41163,82850968,8,0,1
41164,82852969,11,0,1
41165,82854968,6,0,1
41166,82856968,7,0,1
41167,82858968,215,0,1
41168,82860968,137,1,1
41169,82862968,8,1,1
41170,82864968,11,0,1
41171,82866968,5,0,1
41172,82868968,12,0,1
41173,82870968,12,0,1
41174,82872968,3,0,1
41175,82874968,3,0,1
41176,82876968,11,0,1
41177,82878968,11,0,1
41178,82880968,11,1,1
41179,82882968,9,1,1
41180,82884968,5,0,1
41181,82886968,10,0,1
41182,82888968,7,0,1
41183,82890968,5,0,1
41184,82892969,7,0,1
41185,82894968,5,0,1
41186,82896968,11,0,1
41187,82898968,169,0,1
41188,82900968,39,1,1
41189,82902968,7,1,1
41190,82904968,11,0,1
41191,82906968,5,0,1
41192,82908968,10,0,1
41193,82910968,6,0,1
41194,82912968,11,0,1
41195,82914968,8,0,1
41196,82916968,11,0,1
41197,82918968,9,0,1
41198,82920968,7,1,1
41199,82922968,11,1,1
41200,82924968,5,0,1
41201,82926968,3,0,1
41202,82928968,6,0,1
41203,82930968,6,0,1
41204,82932969,8,0,1
41205,82934968,4,0,1
41206,82936968,9,0,1
41207,82938968,9,0,1
41208,82940968,10,1,1
41209,82942968,9,1,1
41210,82944968,8,0,1
41211,82946968,4,0,1
41212,82948968,8,0,1
41213,82950968,7,0,1
41214,82952968,11,0,1
41215,82954968,11,0,1
41216,82956968,8,0,1
41217,82958968,12,0,1
41218,82960968,7,1,1
41219,82962968,6,1,1
41220,82964968,9,0,1
41221,82966968,5,0,1
41222,82968968,11,0,1
41223,82970968,5,0,1
41224,82972969,11,0,1
41225,82974968,9,0,1
41226,82976968,8,0,1
41227,82978968,7,0,1
41228,82980968,6,1,1
41229,82982968,4,1,1
41230,82984968,3,0,1
41231,82986968,9,0,1
41232,82988968,9,0,1
41233,82990968,6,0,1
41234,82992968,5,0,1
41235,82994968,9,0,1
41236,82996968,9,0,1
41237,82998968,43,0,1
41238,83000968,15,1,1
41239,83002968,5,1,1
41240,83004968,7,0,1
41241,83006968,7,0,1
41242,83008968,6,0,1
41243,83010968,9,0,1
41244,83012969,13,0,1
41245,83014968,7,0,1
41246,83016968,9,0,1
41247,83018968,6,0,1
41248,83020968,7,1,1
41249,83022968,7,1,1
41250,83024968,3,0,1
41251,83026968,10,0,1
41252,83028968,9,0,1
41253,83030968,17,0,1
41254,83032968,5,0,1
41255,83034968,9,0,1
41256,83036968,4,0,1
41257,83038968,10,0,1
41258,83040968,21,1,1
41259,83042968,7,1,1
41260,83044968,9,0,1
41261,83046968,10,0,1
41262,83048968,9,0,1
41263,83050968,23,0,1
41264,83052969,11,0,1
41265,83054968,4,0,1
41266,83056968,5,0,1
41267,83058968,7,0,1
41268,83060968,19,1,1
41269,83062968,9,1,1
41270,83064968,7,0,1
41271,83066968,9,0,1
41272,83068968,7,0,1
41273,83070968,9,0,1
41274,83072968,6,0,1
41275,83074968,5,0,1
41276,83076968,10,0,1
41277,83078968,7,0,1
41278,83080968,14,1,1
41279,83082968,7,1,1
41280,83084968,7,0,1
41281,83086968,9,0,1
41282,83088968,9,0,1
41283,83090968,23,0,1
41284,83092969,12,0,1
41285,83094968,9,0,1
41286,83096968,9,0,1
41287,83098968,10,0,1
41288,83100968,26,1,1
41289,83102968,11,1,1
41290,83104968,7,0,1
41291,83106968,9,0,1
41292,83108968,4,0,1
41293,83110968,22,0,1
41294,83112968,7,0,1
41295,83114968,4,0,1
41296,83116968,9,0,1
41297,83118968,190,1,1
41298,83120968,13,1,1
41299,83122968,8,1,1
41300,83124968,9,0,1
41301,83126968,11,0,1
41302,83128968,7,0,1
41303,83130968,12,0,1
41304,83132969,11,0,1
41305,83134968,10,0,1
41306,83136968,7,0,1
41307,83138968,429,1,1
41308,83140968,17,1,1
41309,83142968,8,1,1
41310,83144968,4,0,1
41311,83146968,9,0,1
41312,83148968,11,0,1
41313,83150968,21,0,1
41314,83152968,9,0,1
41315,83154968,7,0,1
41316,83156968,12,0,1
41317,83158968,91,1,1
41318,83160968,21,1,1
41319,83162968,7,1,1
41320,83164968,6,0,1
41321,83166968,12,0,1
41322,83168968,11,0,1
41323,83170968,18,0,1
41324,83172969,6,0,1
41325,83174968,12,0,1
41326,83176968,7,0,1
41327,83178968,283,1,1
41328,83180968,13,1,1
41329,83182968,6,1,1
41330,83184968,7,0,1
41331,83186968,11,0,1
41332,83188968,6,0,1
41333,83190968,19,0,1
41334,83192968,9,0,1
41335,83194968,7,0,1
41336,83196968,5,0,1
41337,83198968,5,1,1
41338,83200968,23,1,1
41339,83202968,9,1,1
41340,83204968,10,0,1
41341,83206968,10,0,1
41342,83208968,4,0,1
41343,83210968,13,0,1
41344,83212969,7,0,1
41345,83214968,7,0,1
41346,83216968,10,0,1
41347,83218968,295,1,1
41348,83220968,10,1,1
41349,83222968,4,1,1
41350,83224968,9,0,1
41351,83226968,11,0,1
41352,83228968,10,0,1
41353,83230968,5,0,1
41354,83232968,5,0,1
41355,83234968,5,0,1
41356,83236968,7,0,1
41357,83238968,7,1,1
41358,83240968,5,1,1
41359,83242968,4,1,1
41360,83244968,3,0,1
41361,83246968,10,0,1
41362,83248968,0,0,0
41363,83250968,7,0,1
41364,83252969,11,0,1
41365,83254968,11,0,1
41366,83256968,9,0,1
41367,83258968,360,1,1
41368,83260968,0,1,0
41369,83262968,7,1,1
41370,83264968,5,0,1
41371,83266968,4,0,1
41372,83268968,3,0,1
41373,83270968,0,0,0
41374,83272968,9,0,1
41375,83274968,9,0,1
41376,83276968,9,0,1
41377,83278968,185,1,1
41378,83280968,8,1,1
41379,83282968,6,1,1
41380,83284968,5,0,1
41381,83286968,5,0,1
41382,83288968,5,0,1
41383,83290968,13,0,1
41384,83292969,9,0,1
41385,83294968,7,0,1
41386,83296968,5,0,1
41387,83298968,10,1,1
41388,83300968,7,1,1
41389,83302968,7,1,1
41390,83304968,7,0,1
41391,83306968,6,0,1
41392,83308968,5,0,1
41393,83310968,7,0,1
41394,83312968,9,0,1
41395,83314968,5,0,1
41396,83316968,6,0,1
41397,83318968,8,1,1
41398,83320968,5,1,1
41399,83322968,9,1,1
41400,83324968,9,0,1
41401,83326968,7,0,1
41402,83328968,5,0,1
41403,83330968,3,0,1
41404,83332969,5,0,1
41405,83334968,7,0,1
41406,83336968,4,0,1
41407,83338968,6,1,1
41408,83340968,1,1,1
41409,83342968,7,1,1
41410,83344968,5,0,1
41411,83346968,11,0,1
41412,83348968,4,0,1
41413,83350968,5,0,1
41414,83352968,11,0,1
41415,83354968,9,0,1
41416,83356968,10,0,1
41417,83358968,4,1,1
41418,83360968,7,1,1
41419,83362968,7,1,1
41420,83364968,7,0,1
41421,83366968,7,0,1
41422,83368968,9,0,1
41423,83370968,7,0,1
41424,83372969,10,0,1
41425,83374968,6,0,1
41426,83376968,7,0,1
41427,83378968,5,1,1
41428,83380968,7,1,1
41429,83382968,11,1,1
41430,83384968,9,0,1
41431,83386968,8,0,1
41432,83388968,5,0,1
41433,83390968,5,0,1
41434,83392968,10,0,1
41435,83394968,9,0,1
41436,83396968,5,0,1
41437,83398968,10,1,1
41438,83400968,5,1,1
41439,83402968,5,1,1
41440,83404968,9,0,1
41441,83406968,5,0,1
41442,83408968,6,0,1
41443,83410968,8,0,1
41444,83412969,11,0,1
41445,83414968,7,0,1
41446,83416968,6,0,1
41447,83418968,9,1,1
41448,83420968,11,1,1
41449,83422968,8,1,1
41450,83424968,9,0,1
41451,83426968,7,0,1
41452,83428968,8,0,1
41453,83430968,9,0,1
41454,83432968,9,0,1
41455,83434968,6,0,1
41456,83436968,5,0,1
41457,83438968,92,1,1
41458,83440968,9,1,1
41459,83442968,10,1,1
41460,83444968,8,0,1
41461,83446968,8,0,1
41462,83448968,22,0,1
41463,83450968,5,0,1
41464,83452969,13,0,1
41465,83454968,5,0,1
41466,83456968,73,0,1
41467,83458968,521,1,1
41468,83460968,0,1,0
41469,83462968,12,1,1
41470,83464968,7,0,1
41471,83466968,7,0,1
41472,83468968,16,0,1
41473,83470968,7,0,1
41474,83472968,9,0,1
41475,83474968,11,0,1
41476,83476968,117,0,1
41477,83478968,583,1,1
41478,83480968,5,1,1
41479,83482968,6,1,1
41480,83484968,3,0,1
41481,83486968,3,0,1
41482,83488968,19,0,1
41483,83490968,9,0,1
41484,83492969,13,0,1
41485,83494968,8,0,1
41486,83496968,5,0,1
41487,83498968,83,1,1
41488,83500968,7,1,1
41489,83502968,10,1,1
41490,83504968,1,0,1
41491,83506968,5,0,1
41492,83508968,16,0,1
41493,83510968,5,0,1
41494,83512968,11,0,1
41495,83514968,9,0,1
41496,83516968,12,0,1
41497,83518968,19,1,1
41498,83520968,4,1,1
41499,83522968,7,1,1
41500,83524968,11,0,1
41501,83526968,7,0,1
41502,83528968,13,0,1
41503,83530968,4,0,1
41504,83532969,12,0,1
41505,83534968,5,0,1
41506,83536968,11,0,1
41507,83538968,21,1,1
41508,83540968,3,1,1
41509,83542968,6,1,1
41510,83544968,3,0,1
41511,83546968,6,0,1
41512,83548968,21,0,1
41513,83550968,8,0,1
41514,83552968,1,0,1
41515,83554968,1,0,1
41516,83556968,23,0,1
41517,83558968,19,1,1
41518,83560968,17,1,1
41519,83562968,7,1,1
41520,83564968,7,0,1
41521,83566968,10,0,1
41522,83568968,23,0,1
41523,83570968,9,0,1
41524,83572969,11,0,1
41525,83574968,11,0,1
41526,83576968,10,0,1
41527,83578968,20,1,1
41528,83580968,6,1,1
41529,83582968,5,1,1
41530,83584968,1,0,1
41531,83586968,5,0,1
41532,83588968,19,0,1
41533,83590968,5,0,1
41534,83592968,7,0,1
41535,83594968,7,0,1
41536,83596968,11,0,1
41537,83598968,20,1,1
41538,83600968,5,1,1
41539,83602968,4,1,1
41540,83604968,11,0,1
41541,83606968,5,0,1
41542,83608968,23,0,1
41543,83610968,3,0,1
41544,83612969,8,0,1
41545,83614968,7,0,1
41546,83616968,84,0,1
41547,83618968,405,1,1
41548,83620968,7,1,1
41549,83622968,9,1,1
41550,83624968,9,0,1
41551,83626968,16,0,1
41552,83628968,4,0,1
41553,83630968,7,0,1
41554,83632968,7,0,1
41555,83634968,5,0,1
41556,83636968,34,0,1
41557,83638968,284,1,1
41558,83640968,4,1,1
41559,83642968,4,1,1
41560,83644968,7,0,1
41561,83646968,5,0,1
41562,83648968,2,0,1
41563,83650968,4,0,1
41564,83652969,12,0,1
41565,83654968,5,0,1
41566,83656968,10,0,1
41567,83658968,0,1,0
41568,83660968,3,1,1
41569,83662968,5,1,1
41570,83664968,5,0,1
41571,83666968,6,0,1
41572,83668968,5,0,1
41573,83670968,6,0,1
41574,83672968,8,0,1
41575,83674968,5,0,1
41576,83676968,7,0,1
41577,83678968,23,1,1
41578,83680968,7,1,1
41579,83682968,7,1,1
41580,83684968,9,0,1
41581,83686968,11,0,1
41582,83688968,1,0,1
41583,83690968,7,0,1
41584,83692969,9,0,1
41585,83694968,7,0,1
41586,83696968,7,0,1
41587,83698968,106,1,1
41588,83700968,5,1,1
41589,83702968,8,1,1
41590,83704968,7,0,1
41591,83706968,7,0,1
41592,83708968,11,0,1
41593,83710968,7,0,1
41594,83712968,7,0,1
41595,83714968,9,0,1
41596,83716968,8,0,1
41597,83718968,9,1,1
41598,83720968,7,1,1
41599,83722968,9,1,1
41600,83724968,6,0,1
41601,83726968,9,0,1
41602,83728968,0,0,0
41603,83730968,7,0,1
41604,83732969,11,0,1
41605,83734968,6,0,1
41606,83736968,187,0,1
41607,83738968,525,1,1
41608,83740968,4,1,1
41609,83742968,11,1,1
41610,83744968,8,0,1
41611,83746968,7,0,1
41612,83748968,5,0,1
41613,83750968,6,0,1
41614,83752968,9,0,1
41615,83754968,8,0,1
41616,83756968,107,0,1
41617,83758968,361,1,1
41618,83760968,8,1,1
41619,83762968,9,1,1
41620,83764968,7,0,1
41621,83766968,9,0,1
41622,83768968,9,0,1
41623,83770968,7,0,1
41624,83772969,11,0,1
41625,83774968,9,0,1
41626,83776968,398,0,1
41627,83778968,725,1,1
41628,83780968,4,1,1
41629,83782968,7,1,1
41630,83784968,6,0,1
41631,83786968,10,0,1
41632,83788968,5,0,1
41633,83790968,6,0,1
41634,83792968,11,0,1
41635,83794968,10,0,1
41636,83796968,359,0,1
41637,83798968,647,1,1
41638,83800968,3,1,1
41639,83802968,11,1,1
41640,83804968,9,0,1
41641,83806968,10,0,1
41642,83808968,3,0,1
41643,83810968,9,0,1
41644,83812969,17,0,1
41645,83814968,7,0,1
41646,83816968,415,0,1
41647,83818968,711,1,1
41648,83820968,5,1,1
41649,83822968,5,1,1
41650,83824968,9,0,1
41651,83826968,5,0,1
41652,83828968,10,0,1
41653,83830968,3,0,1
41654,83832968,7,0,1
41655,83834968,8,0,1
41656,83836968,205,0,1
41657,83838968,435,1,1
41658,83840968,9,1,1
41659,83842968,5,1,1
41660,83844968,8,0,1
41661,83846968,10,0,1
41662,83848968,7,0,1
41663,83850968,4,0,1
41664,83852969,11,0,1
41665,83854968,11,0,1
41666,83856968,463,0,1
41667,83858968,687,1,1
41668,83860968,4,1,1
41669,83862968,7,1,1
41670,83864968,9,0,1
41671,83866968,9,0,1
41672,83868968,3,0,1
41673,83870968,7,0,1
41674,83872968,8,0,1
41675,83874968,8,0,1
41676,83876968,375,0,1
41677,83878968,589,1,1
41678,83880968,5,1,1
41679,83882968,11,1,1
41680,83884968,9,0,1
41681,83886968,7,0,1
41682,83888968,9,0,1
41683,83890968,3,0,1
41684,83892969,11,0,1
41685,83894968,9,0,1
41686,83896968,7,0,1
41687,83898968,26,1,1
41688,83900968,7,1,1
41689,83902968,14,0,1
41690,83904968,4,0,1
41691,83906968,6,0,1
41692,83908968,5,0,1
41693,83910968,4,0,1
41694,83912968,5,0,1
41695,83914968,5,0,1
41696,83916968,45,0,1
41697,83918968,51,1,1
41698,83920968,7,1,1
41699,83922968,13,0,1
41700,83924968,3,0,1
41701,83926968,9,0,1
41702,83928968,3,0,1
41703,83930968,8,0,1
41704,83932969,9,0,1
41705,83934968,9,0,1
41706,83936968,239,0,1
41707,83938968,339,1,1
41708,83940968,7,1,1
41709,83942968,11,0,1
41710,83944968,9,0,1
41711,83946968,5,0,1
41712,83948968,13,0,1
41713,83950968,5,0,1
41714,83952968,8,0,1
41715,83954968,40,0,1
41716,83956968,508,0,1
41717,83958968,633,1,1
41718,83960968,7,1,1
41719,83962968,7,0,1
41720,83964968,8,0,1
41721,83966968,5,0,1
41722,83968968,19,0,1
41723,83970968,3,0,1
41724,83972969,11,0,1
41725,83974968,7,0,1
41726,83976968,150,0,1
41727,83978968,148,1,1
41728,83980968,4,1,1
41729,83982968,10,0,1
41730,83984968,5,0,1
41731,83986968,6,0,1
41732,83988968,17,0,1
41733,83990968,5,0,1
41734,83992968,8,0,1
41735,83994968,9,0,1
41736,83996968,6,0,1
41737,83998968,21,1,1
41738,84000968,3,1,1
41739,84002968,10,0,1
41740,84004968,3,0,1
41741,84006968,7,0,1
41742,84008968,19,0,1
41743,84010968,8,0,1
41744,84012969,11,0,1
41745,84014968,5,0,1
41746,84016968,243,0,1
41747,84018968,251,1,1
41748,84020968,9,1,1
41749,84022968,9,0,1
41750,84024968,6,0,1
41751,84026968,6,0,1
41752,84028968,12,0,1
41753,84030968,9,0,1
41754,84032968,7,0,1
41755,84034968,5,0,1
41756,84036968,399,0,1
41757,84038968,399,1,1
41758,84040968,3,1,1
41759,84042968,12,0,1
41760,84044968,7,0,1
41761,84046968,5,0,1
41762,84048968,19,0,1
41763,84050968,7,0,1
41764,84052969,8,0,1
41765,84054968,9,0,1
41766,84056968,295,0,1
41767,84058968,286,1,1
41768,84060968,7,1,1
41769,84062968,7,0,1
41770,84064968,9,0,1
41771,84066968,8,0,1
41772,84068968,22,0,1
41773,84070968,11,0,1
41774,84072968,8,0,1
41775,84074968,7,0,1
41776,84076968,173,0,1
41777,84078968,60,1,1
41778,84080968,5,1,1
41779,84082968,9,0,1
41780,84084968,9,0,1
41781,84086968,10,0,1
41782,84088968,17,0,1
41783,84090968,4,0,1
41784,84092969,7,0,1
41785,84094968,6,0,1
41786,84096968,319,0,1
41787,84098968,296,1,1
41788,84100968,3,1,1
41789,84102968,9,0,1
41790,84104968,3,0,1
41791,84106968,6,0,1
41792,84108968,16,0,1
41793,84110968,5,0,1
41794,84112968,8,0,1
41795,84114968,5,0,1
41796,84116968,253,0,1
41797,84118968,104,1,1
41798,84120968,7,1,1
41799,84122968,9,0,1
41800,84124968,9,0,1
41801,84126968,6,0,1
41802,84128968,13,0,1
41803,84130968,9,0,1
41804,84132969,12,0,1
41805,84134968,7,0,1
41806,84136968,64,0,1
41807,84138968,5,1,1
41808,84140968,9,1,1
41809,84142968,10,0,1
41810,84144968,9,0,1
41811,84146968,7,0,1
41812,84148968,4,0,1
41813,84150968,3,0,1
41814,84152968,7,0,1
41815,84154968,9,0,1
41816,84156968,41,0,1
41817,84158968,3,1,1
41818,84160968,3,1,1
41819,84162968,16,0,1
41820,84164968,9,0,1
41821,84166968,5,0,1
41822,84168968,5,0,1
41823,84170968,9,0,1
41824,84172969,13,0,1
41825,84174968,6,0,1
41826,84176968,109,0,1
41827,84178968,5,1,1
41828,84180968,3,1,1
41829,84182968,5,0,1
41830,84184968,8,0,1
41831,84186968,9,0,1
41832,84188968,4,0,1
41833,84190968,6,0,1
41834,84192968,5,0,1
41835,84194968,10,0,1
41836,84196968,47,0,1
41837,84198968,9,1,1
41838,84200968,5,1,1
41839,84202968,5,0,1
41840,84204968,9,0,1
41841,84206968,6,0,1
41842,84208968,11,0,1
41843,84210968,1,0,1
41844,84212969,8,0,1
41845,84214968,7,0,1
41846,84216968,397,0,1
41847,84218968,109,1,1
41848,84220968,2,1,1
41849,84222968,4,0,1
41850,84224968,7,0,1
41851,84226968,4,0,1
41852,84228968,6,0,1
41853,84230968,7,0,1
41854,84232968,7,0,1
41855,84234968,10,0,1
41856,84236968,197,0,1
41857,84238968,3,1,1
41858,84240968,6,1,1
41859,84242968,4,0,1
41860,84244968,5,0,1
41861,84246968,5,0,1
41862,84248968,5,0,1
41863,84250968,7,0,1
41864,84252969,8,0,1
41865,84254968,9,0,1
41866,84256968,355,0,1
41867,84258968,9,1,1
41868,84260968,5,1,1
41869,84262968,4,0,1
41870,84264968,9,0,1
41871,84266968,3,0,1
41872,84268968,7,0,1
41873,84270968,5,0,1
41874,84272968,7,0,1
41875,84274968,7,0,1
41876,84276968,83,1,1
41877,84278968,10,1,1
41878,84280968,4,1,1
41879,84282968,9,0,1
41880,84284968,9,0,1
41881,84286968,7,0,1
41882,84288968,8,0,1
41883,84290968,3,0,1
41884,84292969,10,0,1
41885,84294968,6,0,1
41886,84296968,17,1,1
41887,84298968,2,1,1
41888,84300968,2,1,1
41889,84302968,8,0,1
41890,84304968,9,0,1
41891,84306968,6,0,1
41892,84308968,1,0,1
41893,84310968,5,0,1
41894,84312968,8,0,1
41895,84314968,4,0,1
41896,84316968,247,1,1
41897,84318968,0,1,0
41898,84320968,3,1,1
41899,84322968,7,0,1
41900,84324968,9,0,1
41901,84326968,0,0,0
41902,84328968,8,0,1
41903,84330968,7,0,1
41904,84332969,9,0,1
41905,84334968,6,0,1
41906,84336968,27,1,1
41907,84338968,8,1,1
41908,84340968,11,1,1
41909,84342968,9,0,1
41910,84344968,5,0,1
41911,84346968,7,0,1
41912,84348968,5,0,1
41913,84350968,3,0,1
41914,84352968,8,0,1
41915,84354968,7,0,1
41916,84356968,7,1,1
41917,84358968,10,1,1
41918,84360968,4,1,1
41919,84362968,6,0,1
41920,84364968,5,0,1
41921,84366968,19,0,1
41922,84368968,6,0,1
41923,84370968,9,0,1
41924,84372969,8,0,1
41925,84374968,9,0,1
41926,84376968,26,1,1
41927,84378968,1,1,1
41928,84380968,7,1,1
41929,84382968,1,0,1
41930,84384968,0,0,0
41931,84386968,25,0,1
41932,84388968,6,0,1
41933,84390968,2,0,1
41934,84392968,3,0,1
41935,84394968,7,0,1
41936,84396968,285,1,1
41937,84398968,5,1,1
41938,84400968,7,1,1
41939,84402968,9,0,1
41940,84404968,3,0,1
41941,84406968,11,0,1
41942,84408968,3,0,1
41943,84410968,4,0,1
41944,84412969,7,0,1
41945,84414968,9,0,1
41946,84416968,199,1,1
41947,84418968,7,1,1
41948,84420968,5,1,1
41949,84422968,11,0,1
41950,84424968,6,0,1
41951,84426968,19,0,1
41952,84428968,5,0,1
41953,84430968,1,0,1
41954,84432968,5,0,1
41955,84434968,10,0,1
41956,84436968,139,1,1
41957,84438968,4,1,1
41958,84440968,5,1,1
41959,84442968,8,0,1
41960,84444968,7,0,1
41961,84446968,21,0,1
41962,84448968,2,0,1
41963,84450968,3,0,1
41964,84452969,10,0,1
41965,84454968,7,0,1
41966,84456968,148,1,1
41967,84458968,7,1,1
41968,84460968,2,1,1
41969,84462968,4,0,1
41970,84464968,7,0,1
41971,84466968,13,0,1
41972,84468968,10,0,1
41973,84470968,7,0,1
41974,84472968,6,0,1
41975,84474968,253,0,1
41976,84476968,844,1,1
41977,84478968,157,1,1
41978,84480968,5,1,1
41979,84482968,8,0,1
41980,84484968,3,0,1
41981,84486968,20,0,1
41982,84488968,7,0,1
41983,84490968,4,0,1
41984,84492969,7,0,1
41985,84494968,276,0,1
41986,84496968,876,1,1
41987,84498968,231,1,1
41988,84500968,1,1,1
41989,84502968,9,0,1
41990,84504968,0,0,0
41991,84506968,19,0,1
41992,84508968,9,0,1
41993,84510968,1,0,1
41994,84512968,99,0,1
41995,84514968,622,0,1
41996,84516968,1255,1,1
41997,84518968,390,1,1
41998,84520968,9,1,1
41999,84522968,5,0,1
42000,84524968,5,0,1
42001,84526968,22,0,1
42002,84528968,3,0,1
42003,84530968,6,0,1
42004,84532969,12,0,1
42005,84534968,10,0,1
42006,84536968,292,1,1
42007,84538968,7,1,1
42008,84540968,9,1,1
42009,84542968,11,0,1
42010,84544968,5,0,1
42011,84546968,22,0,1
42012,84548968,4,0,1
42013,84550968,7,0,1
42014,84552968,5,0,1
42015,84554968,6,0,1
42016,84556968,221,1,1
42017,84558968,9,1,1
42018,84560968,3,1,1
42019,84562968,7,0,1
42020,84564968,7,0,1
42021,84566968,7,0,1
42022,84568968,9,0,1
42023,84570968,7,0,1
42024,84572969,5,0,1
42025,84574968,6,0,1
42026,84576968,136,1,1
42027,84578968,9,1,1
42028,84580968,5,1,1
42029,84582968,9,0,1
42030,84584968,4,0,1
42031,84586968,1,0,1
42032,84588968,1,0,1
42033,84590968,10,0,1
42034,84592968,6,0,1
42035,84594968,263,0,1
42036,84596968,803,1,1
42037,84598968,7,1,1
42038,84600968,5,1,1
42039,84602968,4,0,1
42040,84604968,2,0,1
42041,84606968,6,0,1
42042,84608968,5,0,1
42043,84610968,3,0,1
42044,84612969,9,0,1
42045,84614968,11,0,1
42046,84616968,429,1,1
42047,84618968,6,1,1
42048,84620968,7,1,1
42049,84622968,6,0,1
42050,84624968,6,0,1
42051,84626968,13,0,1
42052,84628968,5,0,1
42053,84630968,9,0,1
42054,84632968,7,0,1
42055,84634968,6,0,1
42056,84636968,150,1,1
42057,84638968,5,1,1
42058,84640968,5,1,1
42059,84642968,8,0,1
42060,84644968,9,0,1
42061,84646968,9,0,1
42062,84648968,7,0,1
42063,84650968,6,0,1
42064,84652969,13,0,1
42065,84654968,8,0,1
42066,84656968,105,1,1
42067,84658968,8,1,1
42068,84660968,5,1,1
42069,84662968,6,0,1
42070,84664968,3,0,1
42071,84666968,1,0,1
42072,84668968,6,0,1
42073,84670968,3,0,1
42074,84672968,7,0,1
42075,84674968,4,0,1
42076,84676968,108,1,1
42077,84678968,4,1,1
42078,84680968,5,1,1
42079,84682968,7,0,1
42080,84684968,6,0,1
42081,84686968,8,0,1
42082,84688968,4,0,1
42083,84690968,5,0,1
42084,84692969,10,0,1
42085,84694968,9,0,1
42086,84696968,97,1,1
42087,84698968,6,1,1
42088,84700968,4,1,1
42089,84702968,6,0,1
42090,84704968,4,0,1
42091,84706968,11,0,1
42092,84708968,8,0,1
42093,84710968,3,0,1
42094,84712968,13,0,1
42095,84714968,5,0,1
42096,84716968,61,1,1
42097,84718968,8,1,1
42098,84720968,3,1,1
42099,84722968,5,0,1
42100,84724968,5,0,1
42101,84726968,9,0,1
42102,84728968,2,0,1
42103,84730968,3,0,1
42104,84732968,11,0,1
42105,84734968,25,0,1
42106,84736968,379,1,1
42107,84738968,3,1,1
42108,84740968,2,1,1
42109,84742968,8,0,1
42110,84744968,9,0,1
42111,84746968,3,0,1
42112,84748968,7,0,1
42113,84750968,7,0,1
42114,84752968,10,0,1
42115,84754968,201,0,1
42116,84756968,635,1,1
42117,84758968,4,1,1
42118,84760968,5,1,1
42119,84762968,9,0,1
42120,84764968,9,0,1
42121,84766968,11,0,1
42122,84768968,4,0,1
42123,84770968,5,0,1
42124,84772968,9,0,1
42125,84774968,6,0,1
42126,84776968,165,1,1
42127,84778968,7,1,1
42128,84780968,3,1,1
42129,84782968,6,0,1
42130,84784968,3,0,1
42131,84786968,9,0,1
42132,84788968,4,0,1
42133,84790968,5,0,1
42134,84792968,8,0,1
42135,84794968,230,0,1
42136,84796968,646,1,1
42137,84798968,3,1,1
42138,84800968,4,1,1
42139,84802968,5,0,1
42140,84804968,7,0,1
42141,84806968,2,0,1
42142,84808968,4,0,1
42143,84810968,3,0,1
42144,84812968,6,0,1
42145,84814968,442,0,1
42146,84816968,885,1,1
42147,84818968,2,1,1
42148,84820968,4,1,1
42149,84822968,6,0,1
42150,84824968,4,0,1
42151,84826968,9,0,1
42152,84828968,4,0,1
42153,84830968,3,0,1
42154,84832968,6,0,1
42155,84834968,261,0,1
42156,84836968,635,1,1
42157,84838968,5,1,1
42158,84840968,2,1,1
42159,84842968,8,0,1
42160,84844968,5,0,1
42161,84846968,9,0,1
42162,84848968,4,0,1
42163,84850968,9,0,1
42164,84852968,7,0,1
42165,84854968,8,0,1
42166,84856968,111,1,1
42167,84858968,4,1,1
42168,84860968,9,1,1
42169,84862968,6,0,1
42170,84864968,7,0,1
42171,84866968,8,0,1
42172,84868968,5,0,1
42173,84870968,9,0,1
42174,84872968,6,0,1
42175,84874968,159,0,1
42176,84876968,489,1,1
42177,84878968,4,1,1
42178,84880968,4,1,1
42179,84882968,7,0,1
42180,84884968,9,0,1
42181,84886968,26,0,1
42182,84888968,7,0,1
42183,84890968,1,0,1
42184,84892968,5,0,1
42185,84894968,9,0,1
42186,84896968,126,1,1
42187,84898968,3,1,1
42188,84900968,4,1,1
42189,84902968,11,0,1
42190,84904968,9,0,1
42191,84906968,17,0,1
42192,84908968,7,0,1
42193,84910968,6,0,1
42194,84912968,7,0,1
42195,84914968,267,0,1
42196,84916968,614,1,1
42197,84918968,5,1,1
42198,84920968,7,1,1
42199,84922968,4,0,1
42200,84924968,8,0,1
42201,84926968,17,0,1
42202,84928968,2,0,1
42203,84930968,3,0,1
42204,84932968,5,0,1
42205,84934968,108,0,1
42206,84936968,365,1,1
42207,84938968,2,1,1
42208,84940968,3,1,1
42209,84942968,1,0,1
42210,84944968,9,0,1
42211,84946968,16,0,1
42212,84948968,3,0,1
42213,84950968,7,0,1
42214,84952968,9,0,1
42215,84954968,343,0,1
42216,84956968,653,1,1
42217,84958968,9,1,1
42218,84960968,7,1,1
42219,84962968,3,0,1
42220,84964968,5,0,1
42221,84966968,16,0,1
42222,84968968,7,0,1
42223,84970968,3,0,1
42224,84972968,8,0,1
42225,84974968,17,0,1
42226,84976968,100,1,1
42227,84978968,1,1,1
42228,84980968,2,1,1
42229,84982968,9,0,1
42230,84984968,5,0,1
42231,84986968,23,0,1
42232,84988968,7,0,1
42233,84990968,2,0,1
42234,84992968,7,0,1
42235,84994968,8,0,1
42236,84996968,17,1,1
42237,84998968,3,1,1
42238,85000968,6,1,1
42239,85002968,5,0,1
42240,85004968,9,0,1
42241,85006968,11,0,1
42242,85008968,0,0,0
42243,85010968,7,0,1
42244,85012968,6,0,1
42245,85014968,5,0,1
42246,85016968,19,1,1
42247,85018968,6,1,1
42248,85020968,3,1,1
42249,85022968,10,0,1
42250,85024968,2,0,1
42251,85026968,12,0,1
42252,85028968,1,0,1
42253,85030968,9,0,1
42254,85032968,7,0,1
42255,85034968,284,0,1
42256,85036968,477,1,1
42257,85038968,5,1,1
42258,85040968,3,0,1
42259,85042968,2,0,1
42260,85044968,3,0,1
42261,85046968,20,0,1
42262,85048968,5,0,1
42263,85050968,9,0,1
42264,85052968,10,0,1
42265,85054968,45,0,1
42266,85056968,87,1,1
42267,85058968,4,1,1
42268,85060968,16,0,1
42269,85062968,7,0,1
42270,85064968,10,0,1
42271,85066968,1,0,1
42272,85068968,1,0,1
42273,85070968,6,0,1
42274,85072968,9,0,1
42275,85074968,9,0,1
42276,85076968,1,1,1
42277,85078968,3,1,1
42278,85080968,10,0,1
42279,85082968,5,0,1
42280,85084968,5,0,1
42281,85086968,5,0,1
42282,85088968,1,0,1
42283,85090968,7,0,1
42284,85092968,7,0,1
42285,85094968,37,0,1
42286,85096968,16,1,1
42287,85098968,6,1,1
42288,85100968,9,0,1
42289,85102968,3,0,1
42290,85104968,10,0,1
42291,85106968,0,0,0
42292,85108968,0,0,0
42293,85110968,5,0,1
42294,85112968,11,0,1
42295,85114968,9,0,1
42296,85116968,2,1,1
42297,85118968,1,1,1
42298,85120968,3,0,1
42299,85122968,9,0,1
42300,85124968,2,0,1
42301,85126968,3,0,1
42302,85128968,5,0,1
42303,85130968,7,0,1
42304,85132968,5,0,1
42305,85134968,9,0,1
42306,85136968,12,1,1
42307,85138968,0,1,0
42308,85140968,8,0,1
42309,85142968,7,0,1
42310,85144968,3,0,1
42311,85146968,8,0,1
42312,85148968,3,0,1
42313,85150968,1,0,1
42314,85152968,5,0,1
42315,85154968,116,0,1
42316,85156968,73,1,1
42317,85158968,5,1,1
42318,85160968,0,0,0
42319,85162968,6,0,1
42320,85164968,5,0,1
42321,85166968,0,0,0
42322,85168968,1,0,1
42323,85170968,7,0,1
42324,85172968,9,0,1
42325,85174968,23,0,1
42326,85176968,6,1,1
42327,85178968,4,1,1
42328,85180968,7,0,1
42329,85182968,7,0,1
42330,85184968,10,0,1
42331,85186968,3,0,1
42332,85188968,0,0,0
42333,85190968,7,0,1
42334,85192968,7,0,1
42335,85194968,278,0,1
42336,85196968,283,1,1
42337,85198968,0,1,0
42338,85200968,7,0,1
42339,85202968,9,0,1
42340,85204968,9,0,1
42341,85206968,7,0,1
42342,85208968,0,0,0
42343,85210968,5,0,1
42344,85212968,5,0,1
42345,85214968,242,0,1
42346,85216968,169,1,1
42347,85218968,1,1,1
42348,85220968,7,0,1
42349,85222968,6,0,1
42350,85224968,9,0,1
42351,85226968,2,0,1
42352,85228968,8,0,1
42353,85230968,19,0,1
42354,85232968,8,0,1
42355,85234968,87,0,1
42356,85236968,5,1,1
42357,85238968,3,1,1
42358,85240968,1,0,1
42359,85242968,9,0,1
42360,85244968,9,0,1
42361,85246968,3,0,1
42362,85248968,1,0,1
42363,85250968,5,0,1
42364,85252968,51,0,1
42365,85254968,531,0,1
42366,85256968,430,1,1
42367,85258968,1,1,1
42368,85260968,3,0,1
42369,85262968,5,0,1
42370,85264968,9,0,1
42371,85266968,5,0,1
42372,85268968,4,0,1
42373,85270968,7,0,1
42374,85272968,3,0,1
42375,85274968,119,0,1
42376,85276968,7,1,1
42377,85278968,0,1,0
42378,85280968,0,0,0
42379,85282968,2,0,1
42380,85284968,8,0,1
42381,85286968,1,0,1
42382,85288968,1,0,1
42383,85290968,2,0,1
42384,85292968,10,0,1
42385,85294968,76,0,1
42386,85296968,6,1,1
42387,85298968,0,1,0
42388,85300968,3,0,1
42389,85302968,9,0,1
42390,85304968,27,0,1
42391,85306968,5,0,1
42392,85308968,1,0,1
42393,85310968,7,0,1
42394,85312968,7,0,1
42395,85314968,170,0,1
42396,85316968,2,1,1
42397,85318968,5,1,1
42398,85320968,7,0,1
42399,85322968,2,0,1
42400,85324968,17,0,1
42401,85326968,0,0,0
42402,85328968,6,0,1
42403,85330968,3,0,1
42404,85332968,171,0,1
42405,85334968,726,0,1
42406,85336968,485,1,1
42407,85338968,3,1,1
42408,85340968,4,0,1
42409,85342968,9,0,1
42410,85344968,17,0,1
42411,85346968,8,0,1
42412,85348968,0,0,0
42413,85350968,3,0,1
42414,85352968,3,0,1
42415,85354968,211,0,1
42416,85356968,5,1,1
42417,85358968,6,1,1
42418,85360968,5,0,1
42419,85362968,6,0,1
42420,85364968,13,0,1
42421,85366968,4,0,1
42422,85368968,5,0,1
42423,85370968,5,0,1
42424,85372968,8,0,1
42425,85374968,366,0,1
42426,85376968,26,1,1
42427,85378968,3,1,1
42428,85380968,1,0,1
42429,85382968,2,0,1
42430,85384968,11,0,1
42431,85386968,3,0,1
42432,85388968,0,0,0
42433,85390968,3,0,1
42434,85392968,7,0,1
42435,85394968,91,1,1
42436,85396968,1,1,1
42437,85398968,5,1,1
42438,85400968,1,0,1
42439,85402968,7,0,1
42440,85404968,18,0,1
42441,85406968,6,0,1
42442,85408968,5,0,1
42443,85410968,5,0,1
42444,85412968,3,0,1
42445,85414968,101,1,1
42446,85416968,3,1,1
42447,85418968,0,1,0
42448,85420968,0,0,0
42449,85422968,2,0,1
42450,85424968,14,0,1
42451,85426968,7,0,1
42452,85428968,1,0,1
42453,85430968,5,0,1
42454,85432968,6,0,1
42455,85434968,90,1,1
42456,85436968,4,1,1
42457,85438968,7,1,1
42458,85440968,2,0,1
42459,85442968,9,0,1
42460,85444968,12,0,1
42461,85446968,2,0,1
42462,85448968,5,0,1
42463,85450968,7,0,1
42464,85452968,4,0,1
42465,85454968,91,1,1
42466,85456968,6,1,1
42467,85458968,0,1,0
42468,85460968,6,0,1
42469,85462968,7,0,1
42470,85464968,19,0,1
42471,85466968,0,0,0
42472,85468968,5,0,1
42473,85470968,2,0,1
42474,85472968,85,0,1
42475,85474968,599,1,1
42476,85476968,91,1,1
42477,85478968,5,1,1
42478,85480968,4,0,1
42479,85482968,9,0,1
42480,85484968,5,0,1
42481,85486968,6,0,1
42482,85488968,1,0,1
42483,85490968,4,0,1
42484,85492968,6,0,1
42485,85494968,313,1,1
42486,85496968,2,1,1
42487,85498968,0,1,0
42488,85500968,3,0,1
42489,85502968,9,0,1
42490,85504968,0,0,0
42491,85506968,6,0,1
42492,85508968,4,0,1
42493,85510968,6,0,1
42494,85512968,10,0,1
42495,85514968,457,1,1
42496,85516968,4,1,1
42497,85518968,2,1,1
42498,85520968,3,0,1
42499,85522968,3,0,1
42500,85524968,0,0,0
42501,85526968,1,0,1
42502,85528968,0,0,0
42503,85530968,53,0,1
42504,85532968,549,0,1
42505,85534968,1175,1,1
42506,85536968,484,1,1
42507,85538968,3,1,1
42508,85540968,0,0,0
42509,85542968,6,0,1
42510,85544968,6,0,1
42511,85546968,4,0,1
42512,85548968,7,0,1
42513,85550968,7,0,1
42514,85552968,4,0,1
42515,85554968,255,1,1
42516,85556968,2,1,1
42517,85558968,6,1,1
42518,85560968,0,0,0
42519,85562968,1,0,1
42520,85564968,2,0,1
42521,85566968,0,0,0
42522,85568968,6,0,1
42523,85570968,0,0,0
42524,85572968,105,0,1
42525,85574968,601,1,1
42526,85576968,2,1,1
42527,85578968,1,1,1
42528,85580968,1,0,1
42529,85582968,9,0,1
42530,85584968,1,0,1
42531,85586968,3,0,1
42532,85588968,1,0,1
42533,85590968,5,0,1
42534,85592968,183,0,1
42535,85594968,741,1,1
42536,85596968,17,1,1
42537,85598968,1,1,1
42538,85600968,5,0,1
42539,85602968,10,0,1
42540,85604968,1,0,1
42541,85606968,0,0,0
42542,85608968,6,0,1
42543,85610968,6,0,1
42544,85612968,3,0,1
42545,85614968,235,1,1
42546,85616968,1,1,1
42547,85618968,2,1,1
42548,85620968,1,0,1
42549,85622968,6,0,1
42550,85624968,5,0,1
42551,85626968,0,0,0
42552,85628968,1,0,1
42553,85630968,7,0,1
42554,85632968,389,0,1
42555,85634968,983,1,1
42556,85636968,1,1,1
42557,85638968,2,1,1
42558,85640968,3,0,1
42559,85642968,7,0,1
42560,85644968,3,0,1
42561,85646968,4,0,1
42562,85648968,5,0,1
42563,85650968,1,0,1
42564,85652968,8,0,1
42565,85654968,2,1,1
42566,85656968,5,1,1
42567,85658968,7,1,1
42568,85660968,0,0,0
42569,85662968,4,0,1
42570,85664968,1,0,1
42571,85666968,2,0,1
42572,85668968,0,0,0
42573,85670968,3,0,1
42574,85672968,1,0,1
42575,85674968,1,1,1
42576,85676968,2,1,1
42577,85678968,0,1,0
42578,85680968,1,0,1
42579,85682968,2,0,1
42580,85684968,8,0,1
42581,85686968,2,0,1
42582,85688968,2,0,1
42583,85690968,4,0,1
42584,85692968,5,0,1
42585,85694968,9,1,1
42586,85696968,4,1,1
42587,85698968,7,1,1
42588,85700968,0,0,0
42589,85702968,4,0,1
42590,85704968,1,0,1
42591,85706968,0,0,0
42592,85708968,8,0,1
42593,85710968,4,0,1
42594,85712968,2,0,1
42595,85714968,55,1,1
42596,85716968,0,1,0
42597,85718968,3,1,1
42598,85720968,0,0,0
42599,85722968,7,0,1
42600,85724968,4,0,1
42601,85726968,1,0,1
42602,85728968,3,0,1
42603,85730968,0,0,0
42604,85732968,187,0,1
42605,85734968,694,1,1
42606,85736968,3,1,1
42607,85738968,4,1,1
42608,85740968,4,0,1
42609,85742968,4,0,1
42610,85744968,3,0,1
42611,85746968,0,0,0
42612,85748968,3,0,1
42613,85750968,1,0,1
42614,85752968,5,0,1
42615,85754968,287,1,1
42616,85756968,1,1,1
42617,85758968,5,1,1
42618,85760968,4,0,1
42619,85762968,3,0,1
42620,85764968,6,0,1
42621,85766968,0,0,0
42622,85768968,5,0,1
42623,85770968,5,0,1
42624,85772968,7,0,1
42625,85774968,175,1,1
42626,85776968,0,1,0
42627,85778968,1,1,1
42628,85780968,4,0,1
42629,85782968,2,0,1
42630,85784968,1,0,1
42631,85786968,0,0,0
42632,85788968,5,0,1
42633,85790968,7,0,1
42634,85792968,188,0,1
42635,85794968,677,1,1
42636,85796968,0,1,0
42637,85798968,0,1,0
42638,85800968,0,0,0
42639,85802968,3,0,1
42640,85804968,23,0,1
42641,85806968,0,0,0
42642,85808968,0,0,0
42643,85810968,6,0,1
42644,85812968,23,0,1
42645,85814968,395,1,1
42646,85816968,2,1,1
42647,85818968,3,1,1
42648,85820968,0,0,0
42649,85822968,6,0,1
42650,85824968,9,0,1
42651,85826968,3,0,1
42652,85828968,1,0,1
42653,85830968,5,0,1
42654,85832968,7,0,1
42655,85834968,269,1,1
42656,85836968,1,1,1
42657,85838968,1,1,1
42658,85840968,1,0,1
42659,85842968,3,0,1
42660,85844968,10,0,1
42661,85846968,3,0,1
42662,85848968,0,0,0
42663,85850968,0,0,0
42664,85852968,61,0,1
42665,85854968,423,1,1
42666,85856968,3,1,1
42667,85858968,8,1,1
42668,85860968,5,0,1
42669,85862968,5,0,1
42670,85864968,13,0,1
42671,85866968,0,0,0
42672,85868968,6,0,1
42673,85870968,13,0,1
42674,85872968,490,0,1
42675,85874968,980,1,1
42676,85876968,4,1,1
42677,85878968,5,1,1
42678,85880968,2,0,1
42679,85882968,3,0,1
42680,85884968,9,0,1
42681,85886968,5,0,1
42682,85888968,3,0,1
42683,85890968,3,0,1
42684,85892968,59,0,1
42685,85894968,459,1,1
42686,85896968,4,1,1
42687,85898968,1,1,1
42688,85900968,5,0,1
42689,85902968,8,0,1
42690,85904968,12,0,1
42691,85906968,0,0,0
42692,85908968,5,0,1
42693,85910968,5,0,1
42694,85912968,3,0,1
42695,85914968,231,1,1
42696,85916968,0,1,0
42697,85918968,3,1,1
42698,85920968,1,0,1
42699,85922968,7,0,1
42700,85924968,13,0,1
42701,85926968,3,0,1
42702,85928968,0,0,0
42703,85930968,3,0,1
42704,85932968,7,0,1
42705,85934968,135,1,1
42706,85936968,2,1,1
42707,85938968,2,1,1
42708,85940968,0,0,0
42709,85942968,8,0,1
42710,85944968,11,0,1
42711,85946968,2,0,1
42712,85948968,5,0,1
42713,85950968,2,0,1
42714,85952968,5,0,1
42715,85954968,104,1,1
42716,85956968,1,1,1
42717,85958968,7,1,1
42718,85960968,8,0,1
42719,85962968,9,0,1
42720,85964968,11,0,1
42721,85966968,4,0,1
42722,85968968,4,0,1
42723,85970968,3,0,1
42724,85972968,6,0,1
42725,85974968,59,1,1
42726,85976968,4,1,1
42727,85978968,6,1,1
42728,85980968,7,0,1
42729,85982968,6,0,1
42730,85984968,9,0,1
42731,85986968,3,0,1
42732,85988968,6,0,1
42733,85990968,2,0,1
42734,85992968,133,0,1
42735,85994968,391,1,1
42736,85996968,0,1,0
42737,85998968,6,1,1
42738,86000968,6,0,1
42739,86002968,3,0,1
42740,86004968,1,0,1
42741,86006968,1,0,1
42742,86008968,5,0,1
42743,86010968,1,0,1
42744,86012968,425,0,1
42745,86014968,749,1,1
42746,86016968,4,1,1
42747,86018968,6,1,1
42748,86020968,2,0,1
42749,86022968,9,0,1
42750,86024968,0,0,0
42751,86026968,5,0,1
42752,86028968,7,0,1
42753,86030968,3,0,1
42754,86032968,176,0,1
42755,86034968,447,1,1
42756,86036968,0,1,0
42757,86038968,1,1,1
42758,86040968,6,0,1
42759,86042968,5,0,1
42760,86044968,9,0,1
42761,86046968,0,0,0
42762,86048968,6,0,1
42763,86050968,121,0,1
42764,86052968,658,0,1
42765,86054968,959,1,1
42766,86056968,5,1,1
42767,86058968,4,1,1
42768,86060968,6,0,1
42769,86062968,5,0,1
42770,86064968,7,0,1
42771,86066968,4,0,1
42772,86068968,2,0,1
42773,86070968,9,0,1
42774,86072968,72,0,1
42775,86074968,187,1,1
42776,86076968,5,1,1
42777,86078968,7,1,1
42778,86080968,5,0,1
42779,86082968,3,0,1
42780,86084968,0,0,0
42781,86086968,0,0,0
42782,86088968,3,0,1
42783,86090968,4,0,1
42784,86092968,9,0,1
42785,86094968,99,1,1
42786,86096968,3,1,1
42787,86098968,4,1,1
42788,86100968,3,0,1
42789,86102968,8,0,1
42790,86104968,5,0,1
42791,86106968,1,0,1
42792,86108968,3,0,1
42793,86110968,0,0,0
42794,86112968,9,0,1
42795,86114968,40,1,1
42796,86116968,4,1,1
42797,86118968,3,1,1
42798,86120968,4,0,1
42799,86122968,6,0,1
42800,86124968,8,0,1
42801,86126968,1,0,1
42802,86128968,7,0,1
42803,86130968,6,0,1
42804,86132968,6,0,1
42805,86134968,26,1,1
42806,86136968,1,1,1
42807,86138968,12,0,1
42808,86140968,5,0,1
42809,86142968,2,0,1
42810,86144968,3,0,1
42811,86146968,0,0,0
42812,86148968,3,0,1
42813,86150968,3,0,1
42814,86152968,5,0,1
42815,86154968,4,1,1
42816,86156968,6,1,1
42817,86158968,7,0,1
42818,86160968,3,0,1
42819,86162968,5,0,1
42820,86164968,0,0,0
42821,86166968,0,0,0
42822,86168968,5,0,1
42823,86170968,6,0,1
42824,86172968,364,0,1
42825,86174968,491,1,1
42826,86176968,1,1,1
42827,86178968,5,0,1
42828,86180968,7,0,1
42829,86182968,4,0,1
42830,86184968,0,0,0
42831,86186968,3,0,1
42832,86188968,5,0,1
42833,86190968,7,0,1
42834,86192968,283,0,1
42835,86194968,359,1,1
42836,86196968,1,1,1
42837,86198968,6,0,1
42838,86200968,1,0,1
42839,86202968,13,0,1
42840,86204968,1,0,1
42841,86206968,2,0,1
42842,86208968,4,0,1
42843,86210968,151,0,1
42844,86212968,725,0,1
42845,86214968,778,1,1
42846,86216968,4,1,1
42847,86218968,5,0,1
42848,86220968,7,0,1
42849,86222968,25,0,1
42850,86224968,0,0,0
42851,86226968,1,0,1
42852,86228968,0,0,0
42853,86230968,6,0,1
42854,86232968,149,0,1
42855,86234968,103,1,1
42856,86236968,2,1,1
42857,86238968,7,0,1
42858,86240968,3,0,1
42859,86242968,14,0,1
42860,86244968,0,0,0
42861,86246968,4,0,1
42862,86248968,1,0,1
42863,86250968,2,0,1
42864,86252968,75,0,1
42865,86254968,5,1,1
42866,86256968,1,1,1
42867,86258968,4,0,1
42868,86260968,5,0,1
42869,86262968,21,0,1
42870,86264968,6,0,1
42871,86266968,0,0,0
42872,86268968,5,0,1
42873,86270968,1,0,1
42874,86272968,87,0,1
42875,86274968,7,1,1
42876,86276968,5,1,1
42877,86278968,5,0,1
42878,86280968,3,0,1
42879,86282968,19,0,1
42880,86284968,0,0,0
42881,86286968,1,0,1
42882,86288968,3,0,1
42883,86290968,5,0,1
42884,86292968,125,0,1
42885,86294968,2,1,1
42886,86296968,4,1,1
42887,86298968,2,0,1
42888,86300968,1,0,1
42889,86302968,11,0,1
42890,86304968,2,0,1
42891,86306968,5,0,1
42892,86308968,0,0,0
42893,86310968,5,0,1
42894,86312968,11,0,1
42895,86314968,5,1,1
42896,86316968,0,1,0
42897,86318968,1,0,1
42898,86320968,5,0,1
42899,86322968,11,0,1
42900,86324968,7,0,1
42901,86326968,5,0,1
42902,86328968,7,0,1
42903,86330968,5,0,1
42904,86332968,16,0,1
42905,86334968,3,1,1
42906,86336968,2,1,1
42907,86338968,3,0,1
42908,86340968,4,0,1
42909,86342968,12,0,1
42910,86344968,1,0,1
42911,86346968,7,0,1
42912,86348968,5,0,1
42913,86350968,4,0,1
42914,86352968,72,0,1
42915,86354968,7,1,1
42916,86356968,1,1,1
42917,86358968,6,0,1
42918,86360968,9,0,1
42919,86362968,14,0,1
42920,86364968,0,0,0
42921,86366968,3,0,1
42922,86368968,1,0,1
42923,86370968,135,0,1
42924,86372968,678,0,1
42925,86374968,520,1,1
42926,86376968,3,1,1
42927,86378968,5,0,1
42928,86380968,2,0,1
42929,86382968,12,0,1
42930,86384968,1,0,1
42931,86386968,1,0,1
42932,86388968,3,0,1
42933,86390968,6,0,1
42934,86392968,243,0,1
42935,86394968,13,1,1
42936,86396968,2,1,1
42937,86398968,6,0,1
42938,86400968,1,0,1
42939,86402968,4,0,1
42940,86404968,1,0,1
42941,86406968,5,0,1
42942,86408968,1,0,1
42943,86410968,3,0,1
42944,86412968,190,0,1
42945,86414968,7,1,1
42946,86416968,2,1,1
42947,86418968,3,0,1
42948,86420968,8,0,1
42949,86422968,0,0,0
42950,86424968,0,0,0
42951,86426968,0,0,0
42952,86428968,2,0,1
42953,86430968,176,0,1
42954,86432968,743,0,1
42955,86434968,521,1,1
42956,86436968,0,1,0
42957,86438968,1,0,1
42958,86440968,5,0,1
42959,86442968,3,0,1
42960,86444968,5,0,1
42961,86446968,0,0,0
42962,86448968,5,0,1
42963,86450968,5,0,1
42964,86452968,327,0,1
42965,86454968,26,1,1
42966,86456968,0,1,0
42967,86458968,6,0,1
42968,86460968,3,0,1
42969,86462968,7,0,1
42970,86464968,7,0,1
42971,86466968,3,0,1
42972,86468968,0,0,0
42973,86470968,243,0,1
42974,86472968,821,1,1
42975,86474968,508,1,1
42976,86476968,0,1,0
42977,86478968,0,0,0
42978,86480968,2,0,1
42979,86482968,1,0,1
42980,86484968,0,0,0
42981,86486968,6,0,1
42982,86488968,3,0,1
42983,86490968,115,0,1
42984,86492968,652,1,1
42985,86494968,285,1,1
42986,86496968,0,1,0
42987,86498968,1,0,1
42988,86500968,0,0,0
42989,86502968,4,0,1
42990,86504968,0,0,0
42991,86506968,1,0,1
42992,86508968,7,0,1
42993,86510968,7,0,1
42994,86512968,389,1,1
42995,86514968,1,1,1
42996,86516968,1,1,1
42997,86518968,1,0,1
42998,86520968,0,0,0
42999,86522968,7,0,1
43000,86524968,5,0,1
43001,86526968,1,0,1
43002,86528968,5,0,1
43003,86530968,3,0,1
43004,86532968,247,1,1
43005,86534968,3,1,1
43006,86536968,1,1,1
43007,86538968,0,0,0
43008,86540968,5,0,1
43009,86542968,5,0,1
43010,86544968,7,0,1
43011,86546968,5,0,1
43012,86548968,0,0,0
43013,86550968,178,0,1
43014,86552968,733,1,1
43015,86554968,255,1,1
43016,86556968,0,1,0
43017,86558968,5,0,1
43018,86560968,1,0,1
43019,86562968,4,0,1
43020,86564968,1,0,1
43021,86566968,0,0,0
43022,86568968,5,0,1
43023,86570968,1,0,1
43024,86572968,313,1,1
43025,86574968,3,1,1
43026,86576968,2,1,1
43027,86578968,0,0,0
43028,86580968,2,0,1
43029,86582968,4,0,1
43030,86584968,3,0,1
43031,86586968,5,0,1
43032,86588968,0,0,0
43033,86590968,61,0,1
43034,86592968,553,1,1
43035,86594968,6,1,1
43036,86596968,5,1,1
43037,86598968,3,0,1
43038,86600968,9,0,1
43039,86602968,6,0,1
43040,86604968,0,0,0
43041,86606968,0,0,0
43042,86608968,3,0,1
43043,86610968,1,0,1
43044,86612968,277,1,1
43045,86614968,3,1,1
43046,86616968,5,1,1
43047,86618968,0,0,0
43048,86620968,8,0,1
43049,86622968,6,0,1
43050,86624968,0,0,0
43051,86626968,0,0,0
43052,86628968,5,0,1
43053,86630968,4,0,1
43054,86632968,371,1,1
43055,86634968,2,1,1
43056,86636968,0,1,0
43057,86638968,0,0,0
43058,86640968,0,0,0
43059,86642968,4,0,1
43060,86644968,2,0,1
43061,86646968,1,0,1
43062,86648968,1,0,1
43063,86650968,5,0,1
43064,86652968,191,1,1
43065,86654968,0,1,0
43066,86656968,6,1,1
43067,86658968,2,0,1
43068,86660968,1,0,1
43069,86662968,6,0,1
43070,86664968,4,0,1
43071,86666968,4,0,1
43072,86668968,4,0,1
43073,86670968,2,0,1
43074,86672968,43,1,1
43075,86674968,4,1,1
43076,86676968,6,1,1
43077,86678968,5,0,1
43078,86680968,4,0,1
43079,86682968,5,0,1
43080,86684968,1,0,1
43081,86686968,1,0,1
43082,86688968,1,0,1
43083,86690968,2,0,1
43084,86692968,293,1,1
43085,86694968,3,1,1
43086,86696968,4,1,1
43087,86698968,2,0,1
43088,86700968,7,0,1
43089,86702968,15,0,1
43090,86704968,0,0,0
43091,86706968,5,0,1
43092,86708968,0,0,0
43093,86710968,274,0,1
43094,86712968,861,1,1
43095,86714968,191,1,1
43096,86716968,0,1,0
43097,86718968,4,0,1
43098,86720968,0,0,0
43099,86722968,25,0,1
43100,86724968,4,0,1
43101,86726968,7,0,1
43102,86728968,1,0,1
43103,86730968,379,0,1
43104,86732968,971,1,1
43105,86734968,297,1,1
43106,86736968,0,1,0
43107,86738968,2,0,1
43108,86740968,4,0,1
43109,86742968,6,0,1
43110,86744968,5,0,1
43111,86746968,0,0,0
43112,86748968,2,0,1
43113,86750968,76,0,1
43114,86752968,539,1,1
43115,86754968,4,1,1
43116,86756968,0,1,0
43117,86758968,3,0,1
43118,86760968,2,0,1
43119,86762968,10,0,1
43120,86764968,4,0,1
43121,86766968,6,0,1
43122,86768968,4,0,1
43123,86770968,473,0,1
43124,86772968,1071,1,1
43125,86774968,408,1,1
43126,86776968,5,1,1
43127,86778968,0,0,0
43128,86780968,7,0,1
43129,86782968,17,0,1
43130,86784968,0,0,0
43131,86786968,7,0,1
43132,86788968,4,0,1
43133,86790968,171,0,1
43134,86792968,685,1,1
43135,86794968,26,1,1
43136,86796968,1,1,1
43137,86798968,1,0,1
43138,86800968,3,0,1
43139,86802968,7,0,1
43140,86804968,3,0,1
43141,86806968,6,0,1
43142,86808968,133,0,1
43143,86810968,677,0,1
43144,86812968,1259,1,1
43145,86814968,519,1,1
43146,86816968,5,1,1
43147,86818968,3,0,1
43148,86820968,0,0,0
43149,86822968,10,0,1
43150,86824968,10,0,1
43151,86826968,3,0,1
43152,86828968,510,0,1
43153,86830968,1157,0,1
43154,86832968,1703,1,1
43155,86834968,692,1,1
43156,86836968,5,1,1
43157,86838968,2,0,1
43158,86840968,1,0,1
43159,86842968,9,0,1
43160,86844968,0,0,0
43161,86846968,7,0,1
43162,86848968,12,0,1
43163,86850968,484,0,1
43164,86852968,1016,1,1
43165,86854968,0,1,0
43166,86856968,7,1,1
43167,86858968,1,0,1
43168,86860968,3,0,1
43169,86862968,9,0,1
43170,86864968,7,0,1
43171,86866968,3,0,1
43172,86868968,7,0,1
43173,86870968,47,0,1
43174,86872968,427,1,1
43175,86874968,7,1,1
43176,86876968,0,1,0
43177,86878968,0,0,0
43178,86880968,10,0,1
43179,86882968,16,0,1
43180,86884968,0,0,0
43181,86886968,9,0,1
43182,86888968,1,0,1
43183,86890968,1,0,1
43184,86892968,300,1,1
43185,86894968,0,1,0
43186,86896968,3,1,1
43187,86898968,0,0,0
43188,86900968,0,0,0
43189,86902968,8,0,1
43190,86904968,0,0,0
43191,86906968,5,0,1
43192,86908968,3,0,1
43193,86910968,5,0,1
43194,86912968,295,1,1
43195,86914968,1,1,1
43196,86916968,7,1,1
43197,86918968,3,0,1
43198,86920968,3,0,1
43199,86922968,1,0,1
43200,86924968,2,0,1
43201,86926968,1,0,1
43202,86928968,4,0,1
43203,86930968,42,0,1
43204,86932968,340,1,1
43205,86934968,4,1,1
43206,86936968,3,1,1
43207,86938968,3,0,1
43208,86940968,0,0,0
43209,86942968,7,0,1
43210,86944968,1,0,1
43211,86946968,7,0,1
43212,86948968,9,0,1
43213,86950968,2,0,1
43214,86952968,221,1,1
43215,86954968,1,1,1
43216,86956968,0,1,0
43217,86958968,0,0,0
43218,86960968,0,0,0
43219,86962968,5,0,1
43220,86964968,0,0,0
43221,86966968,1,0,1
43222,86968968,1,0,1
43223,86970968,8,0,1
43224,86972968,0,1,0
43225,86974968,3,1,1
43226,86976968,0,1,0
43227,86978968,5,0,1
43228,86980968,2,0,1
43229,86982968,1,0,1
43230,86984968,6,0,1
43231,86986968,3,0,1
43232,86988968,5,0,1
43233,86990968,1,0,1
43234,86992968,30,1,1
43235,86994968,5,1,1
43236,86996968,6,1,1
43237,86998968,5,0,1
43238,87000968,1,0,1
43239,87002968,0,0,0
43240,87004968,5,0,1
43241,87006968,1,0,1
43242,87008968,5,0,1
43243,87010968,125,0,1
43244,87012968,459,1,1
43245,87014968,5,1,1
43246,87016968,5,1,1
43247,87018968,1,0,1
43248,87020968,2,0,1
43249,87022968,0,0,0
43250,87024968,0,0,0
43251,87026968,1,0,1
43252,87028968,0,0,0
43253,87030968,91,0,1
43254,87032968,367,1,1
43255,87034968,2,1,1
43256,87036968,0,1,0
43257,87038968,1,0,1
43258,87040968,0,0,0
43259,87042969,6,0,1
43260,87044968,0,0,0
43261,87046968,6,0,1
43262,87048968,6,0,1
43263,87050968,53,0,1
43264,87052968,277,1,1
43265,87054968,5,1,1
43266,87056968,6,1,1
43267,87058968,0,0,0
43268,87060968,2,0,1
43269,87062968,0,0,0
43270,87064968,2,0,1
43271,87066968,6,0,1
43272,87068968,3,0,1
43273,87070968,83,0,1
43274,87072968,293,1,1
43275,87074968,3,1,1
43276,87076968,5,1,1
43277,87078968,0,0,0
43278,87080968,3,0,1
43279,87082969,0,0,0
43280,87084968,6,0,1
43281,87086968,4,0,1
43282,87088968,6,0,1
43283,87090968,91,0,1
43284,87092968,331,1,1
43285,87094968,3,1,1
43286,87096968,4,0,1
43287,87098968,0,0,0
43288,87100968,7,0,1
43289,87102968,1,0,1
43290,87104968,3,0,1
43291,87106968,3,0,1
43292,87108968,5,0,1
43293,87110968,348,0,1
43294,87112968,636,1,1
43295,87114968,0,1,0
43296,87116968,5,1,1
43297,87118968,3,0,1
43298,87120968,17,0,1
43299,87122969,7,0,1
43300,87124968,0,0,0
43301,87126968,7,0,1
43302,87128968,1,0,1
43303,87130968,171,0,1
43304,87132968,353,1,1
43305,87134968,0,1,0
43306,87136968,0,1,0
43307,87138968,0,0,0
43308,87140968,17,0,1
43309,87142968,0,0,0
43310,87144968,3,0,1
43311,87146968,3,0,1
43312,87148968,7,0,1
43313,87150968,141,0,1
43314,87152968,291,1,1
43315,87154968,1,1,1
43316,87156968,3,1,1
43317,87158968,3,0,1
43318,87160968,13,0,1
43319,87162969,5,0,1
43320,87164968,3,0,1
43321,87166968,7,0,1
43322,87168968,3,0,1
43323,87170968,460,0,1
43324,87172968,683,1,1
43325,87174968,7,1,1
43326,87176968,11,0,1
43327,87178968,2,0,1
43328,87180968,13,0,1
43329,87182968,2,0,1
43330,87184968,0,0,0
43331,87186968,7,0,1
43332,87188968,2,0,1
43333,87190968,158,0,1
43334,87192968,263,1,1
43335,87194968,0,1,0
43336,87196968,1,0,1
43337,87198968,5,0,1
43338,87200968,13,0,1
43339,87202969,6,0,1
43340,87204968,4,0,1
43341,87206968,2,0,1
43342,87208968,56,0,1
43343,87210968,559,0,1
43344,87212968,723,1,1
43345,87214968,3,1,1
43346,87216968,8,0,1
43347,87218968,0,0,0
43348,87220968,9,0,1
43349,87222968,1,0,1
43350,87224968,3,0,1
43351,87226968,4,0,1
43352,87228968,0,0,0
43353,87230968,179,0,1
43354,87232968,231,1,1
43355,87234968,3,1,1
43356,87236968,1,0,1
43357,87238968,0,0,0
43358,87240968,17,0,1
43359,87242969,8,0,1
43360,87244968,3,0,1
43361,87246968,4,0,1
43362,87248968,5,0,1
43363,87250968,126,0,1
43364,87252968,125,1,1
43365,87254968,0,1,0
43366,87256968,3,0,1
43367,87258968,1,0,1
43368,87260968,9,0,1
43369,87262968,1,0,1
43370,87264968,3,0,1
43371,87266968,0,0,0
43372,87268968,1,0,1
43373,87270968,99,0,1
43374,87272968,53,1,1
43375,87274968,3,1,1
43376,87276968,6,0,1
43377,87278968,6,0,1
43378,87280968,9,0,1
43379,87282969,9,0,1
43380,87284968,3,0,1
43381,87286968,2,0,1
43382,87288968,109,0,1
43383,87290968,655,0,1
43384,87292968,701,1,1
43385,87294968,0,1,0
43386,87296968,4,0,1
43387,87298968,1,0,1
43388,87300968,13,0,1
43389,87302968,6,0,1
43390,87304968,3,0,1
43391,87306968,2,0,1
43392,87308968,359,0,1
43393,87310968,973,0,1
43394,87312968,959,1,1
43395,87314968,1,1,1
43396,87316968,0,0,0
43397,87318968,5,0,1
43398,87320968,0,0,0
43399,87322969,4,0,1
43400,87324968,2,0,1
43401,87326968,0,0,0
43402,87328968,1,0,1
43403,87330968,221,0,1
43404,87332968,157,1,1
43405,87334968,0,1,0
43406,87336968,0,0,0
43407,87338968,0,0,0
43408,87340968,0,0,0
43409,87342968,0,0,0
43410,87344968,6,0,1
43411,87346968,0,0,0
43412,87348968,189,0,1
43413,87350968,760,0,1
43414,87352968,741,1,1
43415,87354968,0,1,0
43416,87356968,0,0,0
43417,87358968,1,0,1
43418,87360968,2,0,1
43419,87362969,4,0,1
43420,87364968,5,0,1
43421,87366968,5,0,1
43422,87368968,52,0,1
43423,87370968,539,0,1
43424,87372968,469,1,1
43425,87374968,1,1,1
43426,87376968,6,0,1
43427,87378968,0,0,0
43428,87380968,12,0,1
43429,87382968,2,0,1
43430,87384968,1,0,1
43431,87386968,3,0,1
43432,87388968,371,0,1
43433,87390968,984,0,1
43434,87392968,855,1,1
43435,87394968,3,1,1
43436,87396968,0,0,0
43437,87398968,3,0,1
43438,87400968,0,0,0
43439,87402969,3,0,1
43440,87404968,3,0,1
43441,87406968,1,0,1
43442,87408968,0,0,0
43443,87410968,302,0,1
43444,87412968,235,1,1
43445,87414968,1,1,1
43446,87416968,3,0,1
43447,87418968,1,0,1
43448,87420968,0,0,0
43449,87422968,5,0,1
43450,87424968,2,0,1
43451,87426968,3,0,1
43452,87428968,105,0,1
43453,87430968,628,0,1
43454,87432968,461,1,1
43455,87434968,0,1,0
43456,87436968,7,0,1
43457,87438968,1,0,1
43458,87440968,7,0,1
43459,87442969,3,0,1
43460,87444968,3,0,1
43461,87446968,0,0,0
43462,87448968,332,0,1
43463,87450968,938,0,1
43464,87452968,695,1,1
43465,87454968,3,1,1
43466,87456968,3,0,1
43467,87458968,1,0,1
43468,87460968,7,0,1
43469,87462968,0,0,0
43470,87464968,0,0,0
43471,87466968,6,0,1
43472,87468968,83,0,1
43473,87470968,599,0,1
43474,87472968,415,1,1
43475,87474968,2,1,1
43476,87476968,5,0,1
43477,87478968,0,0,0
43478,87480968,5,0,1
43479,87482969,3,0,1
43480,87484968,5,0,1
43481,87486968,5,0,1
43482,87488968,62,0,1
43483,87490968,552,0,1
43484,87492968,260,1,1
43485,87494968,3,1,1
43486,87496968,5,0,1
43487,87498968,6,0,1
43488,87500968,1,0,1
43489,87502968,5,0,1
43490,87504968,1,0,1
43491,87506968,0,0,0
43492,87508968,52,0,1
43493,87510968,531,1,1
43494,87512968,245,1,1
43495,87514968,0,1,0
43496,87516968,1,0,1
43497,87518968,7,0,1
43498,87520968,4,0,1
43499,87522968,5,0,1
43500,87524968,5,0,1
43501,87526968,4,0,1
43502,87528968,439,0,1
43503,87530968,1075,1,1
43504,87532968,651,1,1
43505,87534968,4,1,1
43506,87536968,0,0,0
43507,87538968,1,0,1
43508,87540968,5,0,1
43509,87542968,0,0,0
43510,87544968,5,0,1
43511,87546968,1,0,1
43512,87548968,356,0,1
43513,87550968,964,1,1
43514,87552968,549,1,1
43515,87554968,3,1,1
43516,87556968,0,0,0
43517,87558968,7,0,1
43518,87560968,2,0,1
43519,87562969,9,0,1
43520,87564968,0,0,0
43521,87566968,2,0,1
43522,87568968,4,0,1
43523,87570968,375,1,1
43524,87572968,2,1,1
43525,87574968,4,1,1
43526,87576968,3,0,1
43527,87578968,0,0,0
43528,87580968,8,0,1
43529,87582968,1,0,1
43530,87584968,2,0,1
43531,87586968,2,0,1
43532,87588968,7,0,1
43533,87590968,297,1,1
43534,87592968,6,1,1
43535,87594968,4,1,1
43536,87596968,1,0,1
43537,87598968,5,0,1
43538,87600968,4,0,1
43539,87602969,9,0,1
43540,87604968,4,0,1
43541,87606968,7,0,1
43542,87608968,5,0,1
43543,87610968,441,1,1
43544,87612968,4,1,1
43545,87614968,0,1,0
43546,87616968,7,0,1
43547,87618968,2,0,1
43548,87620968,3,0,1
43549,87622968,3,0,1
43550,87624968,3,0,1
43551,87626968,1,0,1
43552,87628968,52,0,1
43553,87630968,536,1,1
43554,87632968,6,1,1
43555,87634968,1,1,1
43556,87636968,2,0,1
43557,87638968,7,0,1
43558,87640968,19,0,1
43559,87642969,2,0,1
43560,87644968,0,0,0
43561,87646968,6,0,1
43562,87648968,1,0,1
43563,87650968,13,1,1
43564,87652968,3,1,1
43565,87654968,3,1,1
43566,87656968,0,0,0
43567,87658968,5,0,1
43568,87660968,9,0,1
43569,87662968,4,0,1
43570,87664968,0,0,0
43571,87666968,7,0,1
43572,87668968,5,0,1
43573,87670968,67,1,1
43574,87672968,8,1,1
43575,87674968,0,1,0
43576,87676968,1,0,1
43577,87678968,6,0,1
43578,87680968,10,0,1
43579,87682969,3,0,1
43580,87684968,1,0,1
43581,87686968,1,0,1
43582,87688968,203,0,1
43583,87690968,774,1,1
43584,87692968,92,1,1
43585,87694968,7,1,1
43586,87696968,1,0,1
43587,87698968,5,0,1
43588,87700968,17,0,1
43589,87702968,1,0,1
43590,87704968,6,0,1
43591,87706968,1,0,1
43592,87708968,1,0,1
43593,87710968,431,1,1
43594,87712968,3,1,1
43595,87714968,7,1,1
43596,87716968,0,0,0
43597,87718968,8,0,1
43598,87720968,5,0,1
43599,87722969,8,0,1
43600,87724968,7,0,1
43601,87726968,4,0,1
43602,87728968,443,0,1
43603,87730968,1065,1,1
43604,87732968,391,1,1
43605,87734968,0,1,0
43606,87736968,1,0,1
43607,87738968,3,0,1
43608,87740968,10,0,1
43609,87742968,3,0,1
43610,87744968,1,0,1
43611,87746968,5,0,1
43612,87748968,175,0,1
43613,87750968,729,1,1
43614,87752968,5,1,1
43615,87754968,7,1,1
43616,87756968,0,0,0
43617,87758968,4,0,1
43618,87760968,20,0,1
43619,87762969,4,0,1
43620,87764968,5,0,1
43621,87766968,5,0,1
43622,87768968,40,0,1
43623,87770968,484,1,1
43624,87772968,1,1,1
43625,87774968,3,1,1
43626,87776968,6,0,1
43627,87778968,4,0,1
43628,87780968,19,0,1
43629,87782968,5,0,1
43630,87784968,5,0,1
43631,87786968,2,0,1
43632,87788968,28,0,1
43633,87790968,463,1,1
43634,87792968,3,1,1
43635,87794968,5,1,1
43636,87796968,2,0,1
43637,87798968,0,0,0
43638,87800968,13,0,1
43639,87802969,5,0,1
43640,87804968,9,0,1
43641,87806968,3,0,1
43642,87808968,201,0,1
43643,87810968,737,1,1
43644,87812968,7,1,1
43645,87814968,5,1,1
43646,87816968,4,0,1
43647,87818968,5,0,1
43648,87820968,5,0,1
43649,87822968,0,0,0
43650,87824968,0,0,0
43651,87826968,0,0,0
43652,87828968,253,0,1
43653,87830968,767,1,1
43654,87832968,2,1,1
43655,87834968,6,1,1
43656,87836968,3,0,1
43657,87838968,0,0,0
43658,87840968,0,0,0
43659,87842969,9,0,1
43660,87844968,6,0,1
43661,87846968,7,0,1
43662,87848968,53,0,1
43663,87850968,456,1,1
43664,87852968,4,1,1
43665,87854968,5,1,1
43666,87856968,1,0,1
43667,87858968,1,0,1
43668,87860968,1,0,1
43669,87862968,2,0,1
43670,87864968,0,0,0
43671,87866968,1,0,1
43672,87868968,5,0,1
43673,87870968,346,1,1
43674,87872968,5,1,1
43675,87874968,1,1,1
43676,87876968,1,0,1
43677,87878968,5,0,1
43678,87880968,5,0,1
43679,87882969,1,0,1
43680,87884968,7,0,1
43681,87886968,5,0,1
43682,87888968,20,0,1
43683,87890968,375,1,1
43684,87892968,5,1,1
43685,87894968,1,1,1
43686,87896968,2,0,1
43687,87898968,3,0,1
43688,87900968,8,0,1
43689,87902968,0,0,0
43690,87904968,1,0,1
43691,87906968,1,0,1
43692,87908968,12,0,1
43693,87910968,345,1,1
43694,87912968,5,1,1
43695,87914968,0,1,0
43696,87916968,5,0,1
43697,87918968,7,0,1
43698,87920968,0,0,0
43699,87922969,5,0,1
43700,87924968,5,0,1
43701,87926968,41,0,1
43702,87928968,509,0,1
43703,87930968,1018,1,1
43704,87932968,7,1,1
43705,87934968,5,1,1
43706,87936968,7,0,1
43707,87938968,6,0,1
43708,87940968,3,0,1
43709,87942968,0,0,0
43710,87944968,2,0,1
43711,87946968,299,0,1
43712,87948968,915,0,1
43713,87950968,1404,1,1
43714,87952968,285,1,1
43715,87954968,2,1,1
43716,87956968,2,0,1
43717,87958968,3,0,1
43718,87960968,3,0,1
43719,87962969,10,0,1
43720,87964968,2,0,1
43721,87966968,1,0,1
43722,87968968,330,0,1
43723,87970968,757,1,1
43724,87972968,3,1,1
43725,87974968,1,1,1
43726,87976968,3,0,1
43727,87978968,7,0,1
43728,87980968,6,0,1
43729,87982968,2,0,1
43730,87984968,0,0,0
43731,87986968,3,0,1
43732,87988968,115,0,1
43733,87990968,459,1,1
43734,87992968,5,1,1
43735,87994968,2,1,1
43736,87996968,0,0,0
43737,87998968,2,0,1
43738,88000968,1,0,1
43739,88002969,5,0,1
43740,88004968,0,0,0
43741,88006968,5,0,1
43742,88008968,45,0,1
43743,88010968,310,1,1
43744,88012968,3,1,1
43745,88014968,1,1,1
43746,88016968,1,0,1
43747,88018968,5,0,1
43748,88020968,3,0,1
43749,88022968,0,0,0
43750,88024968,6,0,1
43751,88026968,107,0,1
43752,88028968,633,0,1
43753,88030968,1033,1,1
43754,88032968,2,1,1
43755,88034968,0,1,0
43756,88036968,5,0,1
43757,88038968,2,0,1
43758,88040968,7,0,1
43759,88042969,5,0,1
43760,88044968,3,0,1
43761,88046968,6,0,1
43762,88048968,115,0,1
43763,88050968,361,1,1
43764,88052968,2,1,1
43765,88054968,4,1,1
43766,88056968,4,0,1
43767,88058968,22,0,1
43768,88060968,1,0,1
43769,88062968,3,0,1
43770,88064968,5,0,1
43771,88066968,3,0,1
43772,88068968,287,0,1
43773,88070968,587,1,1
43774,88072968,3,1,1
43775,88074968,4,1,1
43776,88076968,0,0,0
43777,88078968,10,0,1
43778,88080968,3,0,1
43779,88082969,2,0,1
43780,88084968,1,0,1
43781,88086968,5,0,1
43782,88088968,393,0,1
43783,88090968,696,1,1
43784,88092968,1,1,1
43785,88094968,5,1,1
43786,88096968,5,0,1
43787,88098968,10,0,1
43788,88100968,0,0,0
43789,88102968,5,0,1
43790,88104968,7,0,1
43791,88106968,2,0,1
43792,88108968,151,0,1
43793,88110968,360,1,1
43794,88112968,7,1,1
43795,88114968,0,1,0
43796,88116968,0,0,0
43797,88118968,17,0,1
43798,88120968,3,0,1
43799,88122969,7,0,1
43800,88124968,3,0,1
43801,88126968,5,0,1
43802,88128968,105,0,1
43803,88130968,262,1,1
43804,88132968,2,1,1
43805,88134968,4,1,1
43806,88136968,3,0,1
43807,88138968,9,0,1
43808,88140968,3,0,1
43809,88142968,2,0,1
43810,88144968,0,0,0
43811,88146968,5,0,1
43812,88148968,94,0,1
43813,88150968,215,1,1
43814,88152968,5,1,1
43815,88154968,10,0,1
43816,88156968,0,0,0
43817,88158968,12,0,1
43818,88160968,6,0,1
43819,88162969,6,0,1
43820,88164968,0,0,0
43821,88166968,2,0,1
43822,88168968,109,0,1
43823,88170968,199,1,1
43824,88172968,5,1,1
43825,88174968,9,0,1
43826,88176968,5,0,1
43827,88178968,18,0,1
43828,88180968,0,0,0
43829,88182968,5,0,1
43830,88184968,3,0,1
43831,88186968,2,0,1
43832,88188968,115,0,1
43833,88190968,187,1,1
43834,88192968,5,1,1
43835,88194968,1,0,1
43836,88196968,7,0,1
43837,88198968,17,0,1
43838,88200968,1,0,1
43839,88202969,10,0,1
43840,88204968,0,0,0
43841,88206968,0,0,0
43842,88208968,107,0,1
43843,88210968,167,1,1
43844,88212968,0,1,0
43845,88214968,3,0,1
43846,88216968,3,0,1
43847,88218968,10,0,1
43848,88220968,0,0,0
43849,88222968,4,0,1
43850,88224968,4,0,1
43851,88226968,5,0,1
43852,88228968,135,0,1
43853,88230968,155,1,1
43854,88232968,1,1,1
43855,88234968,5,0,1
43856,88236968,0,0,0
43857,88238968,3,0,1
43858,88240968,1,0,1
43859,88242969,6,0,1
43860,88244968,1,0,1
43861,88246968,6,0,1
43862,88248968,395,0,1
43863,88250968,490,1,1
43864,88252968,4,1,1
43865,88254968,9,0,1
43866,88256968,3,0,1
43867,88258968,1,0,1
43868,88260968,8,0,1
43869,88262968,2,0,1
43870,88264968,3,0,1
43871,88266968,0,0,0
43872,88268968,159,0,1
43873,88270968,182,1,1
43874,88272968,2,1,1
43875,88274968,5,0,1
43876,88276968,4,0,1
43877,88278968,1,0,1
43878,88280968,1,0,1
43879,88282969,7,0,1
43880,88284968,6,0,1
43881,88286968,7,0,1
43882,88288968,139,0,1
43883,88290968,103,1,1
43884,88292968,3,1,1
43885,88294968,8,0,1
43886,88296968,0,0,0
43887,88298968,2,0,1
43888,88300968,1,0,1
43889,88302968,1,0,1
43890,88304968,5,0,1
43891,88306968,180,0,1
43892,88308968,758,0,1
43893,88310968,747,1,1
43894,88312968,5,1,1
43895,88314968,6,0,1
43896,88316968,0,0,0
43897,88318968,7,0,1
43898,88320968,4,0,1
43899,88322969,5,0,1
43900,88324968,1,0,1
43901,88326968,3,0,1
43902,88328968,219,0,1
43903,88330968,5,1,1
43904,88332968,2,1,1
43905,88334968,2,0,1
43906,88336968,3,0,1
43907,88338968,4,0,1
43908,88340968,3,0,1
43909,88342968,4,0,1
43910,88344968,2,0,1
43911,88346968,1,0,1
43912,88348968,59,0,1
43913,88350968,5,1,1
43914,88352968,4,1,1
43915,88354968,1,0,1
43916,88356968,2,0,1
43917,88358968,5,0,1
43918,88360968,1,0,1
43919,88362969,7,0,1
43920,88364968,3,0,1
43921,88366968,201,0,1
43922,88368968,773,0,1
43923,88370968,691,1,1
43924,88372968,5,1,1
43925,88374968,5,0,1
43926,88376968,6,0,1
43927,88378968,4,0,1
43928,88380968,0,0,0
43929,88382968,2,0,1
43930,88384968,0,0,0
43931,88386968,11,0,1
43932,88388968,485,0,1
43933,88390968,431,1,1
43934,88392968,6,1,1
43935,88394968,0,0,0
43936,88396968,7,0,1
43937,88398968,9,0,1
43938,88400968,1,0,1
43939,88402969,7,0,1
43940,88404968,43,0,1
43941,88406968,541,0,1
43942,88408968,1177,0,1
43943,88410968,968,1,1
43944,88412968,2,1,1
43945,88414968,3,0,1
43946,88416968,5,0,1
43947,88418968,1,0,1
43948,88420968,0,0,0
43949,88422968,3,0,1
43950,88424968,5,0,1
43951,88426968,8,0,1
43952,88428968,327,0,1
43953,88430968,117,1,1
43954,88432968,7,1,1
43955,88434968,1,0,1
43956,88436968,0,0,0
43957,88438968,7,0,1
43958,88440968,0,0,0
43959,88442969,7,0,1
43960,88444968,0,0,0
43961,88446968,39,0,1
43962,88448968,519,0,1
43963,88450968,303,1,1
43964,88452968,5,1,1
43965,88454968,7,0,1
43966,88456968,7,0,1
43967,88458968,7,0,1
43968,88460968,5,0,1
43969,88462968,6,0,1
43970,88464968,1,0,1
43971,88466968,7,0,1
43972,88468968,375,0,1
43973,88470968,137,1,1
43974,88472968,0,1,0
43975,88474968,5,0,1
43976,88476968,4,0,1
43977,88478968,0,0,0
43978,88480968,7,0,1
43979,88482969,5,0,1
43980,88484968,2,0,1
43981,88486968,1,0,1
43982,88488968,366,1,1
43983,88490968,77,1,1
43984,88492968,0,1,0
43985,88494968,0,0,0
43986,88496968,9,0,1
43987,88498968,6,0,1
43988,88500968,0,0,0
43989,88502968,0,0,0
43990,88504968,7,0,1
43991,88506968,3,0,1
43992,88508968,355,1,1
43993,88510968,21,1,1
43994,88512968,2,1,1
43995,88514968,4,0,1
43996,88516968,6,0,1
43997,88518968,6,0,1
43998,88520968,1,0,1
43999,88522968,3,0,1
44000,88524968,7,0,1
44001,88526968,409,0,1
44002,88528968,1036,1,1
44003,88530968,617,1,1
44004,88532968,5,1,1
44005,88534968,5,0,1
44006,88536968,7,0,1
44007,88538968,0,0,0
44008,88540968,0,0,0
44009,88542968,11,0,1
44010,88544968,0,0,0
44011,88546968,12,0,1
44012,88548968,362,1,1
44013,88550968,5,1,1
44014,88552968,3,1,1
44015,88554968,7,0,1
44016,88556968,6,0,1
44017,88558968,8,0,1
44018,88560968,3,0,1
44019,88562969,7,0,1
44020,88564968,4,0,1
44021,88566968,1,0,1
44022,88568968,295,1,1
44023,88570968,0,1,0
44024,88572968,5,1,1
44025,88574968,4,0,1
44026,88576968,1,0,1
44027,88578968,13,0,1
44028,88580968,5,0,1
44029,88582968,1,0,1
44030,88584968,0,0,0
44031,88586968,229,0,1
44032,88588968,811,1,1
44033,88590968,287,1,1
44034,88592968,4,1,1
44035,88594968,5,0,1
44036,88596968,3,0,1
44037,88598968,7,0,1
44038,88600968,5,0,1
44039,88602969,7,0,1
44040,88604968,0,0,0
44041,88606968,75,0,1
44042,88608968,614,1,1
44043,88610968,39,1,1
44044,88612968,1,1,1
44045,88614968,1,0,1
44046,88616968,4,0,1
44047,88618968,21,0,1
44048,88620968,1,0,1
44049,88622968,8,0,1
44050,88624968,4,0,1
44051,88626968,9,0,1
44052,88628968,403,1,1
44053,88630968,0,1,0
44054,88632968,4,1,1
44055,88634968,3,0,1
44056,88636968,2,0,1
44057,88638968,18,0,1
44058,88640968,4,0,1
44059,88642969,8,0,1
44060,88644968,5,0,1
44061,88646968,379,0,1
44062,88648968,1012,1,1
44063,88650968,299,1,1
44064,88652968,5,1,1
44065,88654968,0,0,0
44066,88656968,6,0,1
44067,88658968,9,0,1
44068,88660968,3,0,1
44069,88662968,6,0,1
44070,88664968,0,0,0
44071,88666968,35,0,1
44072,88668968,533,1,1
44073,88670968,3,1,1
44074,88672968,2,1,1
44075,88674968,7,0,1
44076,88676968,1,0,1
44077,88678968,18,0,1
44078,88680968,5,0,1
44079,88682969,7,0,1
44080,88684968,1,0,1
44081,88686968,1,0,1
44082,88688968,356,1,1
44083,88690968,0,1,0
44084,88692968,4,1,1
44085,88694968,1,0,1
44086,88696968,2,0,1
44087,88698968,10,0,1
44088,88700968,3,0,1
44089,88702968,2,0,1
44090,88704968,4,0,1
44091,88706968,68,0,1
44092,88708968,537,1,1
44093,88710968,7,1,1
44094,88712968,3,1,1
44095,88714968,3,0,1
44096,88716968,0,0,0
44097,88718968,7,0,1
44098,88720968,0,0,0
44099,88722969,10,0,1
44100,88724968,3,0,1
44101,88726968,343,0,1
44102,88728968,933,1,1
44103,88730968,61,1,1
44104,88732968,1,1,1
44105,88734968,3,0,1
44106,88736968,0,0,0
44107,88738968,11,0,1
44108,88740968,0,0,0
44109,88742968,0,0,0
44110,88744968,0,0,0
44111,88746968,5,0,1
44112,88748968,348,1,1
44113,88750968,4,1,1
44114,88752968,7,1,1
44115,88754968,5,0,1
44116,88756968,5,0,1
44117,88758968,3,0,1
44118,88760968,0,0,0
44119,88762969,5,0,1
44120,88764968,4,0,1
44121,88766968,7,0,1
44122,88768968,297,1,1
44123,88770968,0,1,0
44124,88772968,3,1,1
44125,88774968,6,0,1
44126,88776968,3,0,1
44127,88778968,0,0,0
44128,88780968,2,0,1
44129,88782968,1,0,1
44130,88784968,1,0,1
44131,88786968,0,0,0
44132,88788968,285,1,1
44133,88790968,5,1,1
44134,88792968,1,1,1
44135,88794968,2,0,1
44136,88796968,1,0,1
44137,88798968,0,0,0
44138,88800968,3,0,1
44139,88802969,7,0,1
44140,88804968,5,0,1
44141,88806968,2,0,1
44142,88808968,262,1,1
44143,88810968,4,1,1
44144,88812968,5,1,1
44145,88814968,1,0,1
44146,88816968,2,0,1
44147,88818968,5,0,1
44148,88820968,3,0,1
44149,88822968,0,0,0
44150,88824968,6,0,1
44151,88826968,0,0,0
44152,88828968,267,1,1
44153,88830968,1,1,1
44154,88832968,7,1,1
44155,88834968,0,0,0
44156,88836968,5,0,1
44157,88838968,6,0,1
44158,88840968,0,0,0
44159,88842969,2,0,1
44160,88844968,1,0,1
44161,88846968,5,0,1
44162,88848968,360,1,1
44163,88850968,0,1,0
44164,88852968,6,1,1
44165,88854968,0,0,0
44166,88856968,0,0,0
44167,88858968,0,0,0
44168,88860968,3,0,1
44169,88862968,0,0,0
44170,88864968,1,0,1
44171,88866968,3,0,1
44172,88868968,227,1,1
44173,88870968,0,1,0
44174,88872968,7,1,1
44175,88874968,0,0,0
44176,88876968,2,0,1
44177,88878968,2,0,1
44178,88880968,5,0,1
44179,88882969,8,0,1
44180,88884968,0,0,0
44181,88886968,1,0,1
44182,88888968,187,1,1
44183,88890968,5,1,1
44184,88892968,7,1,1
44185,88894968,0,0,0
44186,88896968,2,0,1
44187,88898968,7,0,1
44188,88900968,3,0,1
44189,88902968,3,0,1
44190,88904968,0,0,0
44191,88906968,6,0,1
44192,88908968,201,1,1
44193,88910968,0,1,0
44194,88912968,0,1,0
44195,88914968,4,0,1
44196,88916968,2,0,1
44197,88918968,0,0,0
44198,88920968,0,0,0
44199,88922969,7,0,1
44200,88924968,0,0,0
44201,88926968,3,0,1
44202,88928968,180,1,1
44203,88930968,4,1,1
44204,88932968,6,1,1
44205,88934968,2,0,1
44206,88936968,2,0,1
44207,88938968,5,0,1
44208,88940968,0,0,0
44209,88942968,0,0,0
44210,88944968,2,0,1
44211,88946968,3,0,1
44212,88948968,162,1,1
44213,88950968,2,1,1
44214,88952968,4,1,1
44215,88954968,5,0,1
44216,88956968,5,0,1
44217,88958968,0,0,0
44218,88960968,5,0,1
44219,88962969,2,0,1
44220,88964968,7,0,1
44221,88966968,5,0,1
44222,88968968,211,1,1
44223,88970968,2,1,1
44224,88972968,6,1,1
44225,88974968,3,0,1
44226,88976968,8,0,1
44227,88978968,5,0,1
44228,88980968,12,0,1
44229,88982968,1,0,1
44230,88984968,1,0,1
44231,88986968,87,0,1
44232,88988968,237,1,1
44233,88990968,5,1,1
44234,88992968,3,1,1
44235,88994968,2,0,1
44236,88996968,23,0,1
44237,88998968,2,0,1
44238,89000968,0,0,0
44239,89002969,9,0,1
44240,89004968,5,0,1
44241,89006968,14,0,1
44242,89008968,3,1,1
44243,89010968,4,1,1
44244,89012968,5,1,1
44245,89014968,6,0,1
44246,89016968,8,0,1
44247,89018968,3,0,1
44248,89020968,2,0,1
44249,89022968,7,0,1
44250,89024968,0,0,0
44251,89026968,78,0,1
44252,89028968,281,1,1
44253,89030968,1,1,1
44254,89032968,3,1,1
44255,89034968,0,0,0
44256,89036968,9,0,1
44257,89038968,5,0,1
44258,89040968,0,0,0
44259,89042969,9,0,1
44260,89044968,0,0,0
44261,89046968,291,0,1
44262,89048968,559,1,1
44263,89050968,5,1,1
44264,89052968,2,1,1
44265,89054968,3,0,1
44266,89056968,13,0,1
44267,89058968,5,0,1
44268,89060968,4,0,1
44269,89062968,1,0,1
44270,89064968,0,0,0
44271,89066968,55,0,1
44272,89068968,169,1,1
44273,89070968,3,1,1
44274,89072968,5,1,1
44275,89074968,5,0,1
44276,89076968,17,0,1
44277,89078968,0,0,0
44278,89080968,4,0,1
44279,89082969,11,0,1
44280,89084968,1,0,1
44281,89086968,57,0,1
44282,89088968,182,1,1
44283,89090968,4,1,1
44284,89092968,7,0,1
44285,89094968,7,0,1
44286,89096968,9,0,1
44287,89098968,1,0,1
44288,89100968,4,0,1
44289,89102968,2,0,1
44290,89104968,3,0,1
44291,89106968,136,0,1
44292,89108968,261,1,1
44293,89110968,3,1,1
44294,89112968,8,0,1
44295,89114968,5,0,1
44296,89116968,19,0,1
44297,89118968,0,0,0
44298,89120968,3,0,1
44299,89122969,7,0,1
44300,89124968,1,0,1
44301,89126968,25,0,1
44302,89128968,61,1,1
44303,89130968,3,1,1
44304,89132968,7,0,1
44305,89134968,7,0,1
44306,89136968,11,0,1
44307,89138968,0,0,0
44308,89140968,3,0,1
44309,89142968,0,0,0
44310,89144968,2,0,1
44311,89146968,281,0,1
44312,89148968,399,1,1
44313,89150968,5,1,1
44314,89152968,6,0,1
44315,89154968,3,0,1
44316,89156968,18,0,1
44317,89158968,3,0,1
44318,89160968,5,0,1
44319,89162969,3,0,1
44320,89164968,45,0,1
44321,89166968,531,0,1
44322,89168968,658,1,1
44323,89170968,0,1,0
44324,89172968,4,0,1
44325,89174968,0,0,0
44326,89176968,6,0,1
44327,89178968,4,0,1
44328,89180968,3,0,1
44329,89182968,6,0,1
44330,89184968,3,0,1
44331,89186968,85,0,1
44332,89188968,73,1,1
44333,89190968,0,1,0
44334,89192968,9,0,1
44335,89194968,0,0,0
44336,89196968,0,0,0
44337,89198968,0,0,0
44338,89200968,0,0,0
44339,89202969,3,0,1
44340,89204968,7,0,1
44341,89206968,0,0,0
44342,89208968,3,1,1
44343,89210968,0,1,0
44344,89212968,1,0,1
44345,89214968,2,0,1
44346,89216968,2,0,1
44347,89218968,2,0,1
44348,89220968,3,0,1
44349,89222968,2,0,1
44350,89224968,5,0,1
44351,89226968,0,0,0
44352,89228968,0,1,0
44353,89230968,1,1,1
44354,89232968,6,0,1
44355,89234968,0,0,0
44356,89236968,4,0,1
44357,89238968,3,0,1
44358,89240968,0,0,0
44359,89242969,11,0,1
44360,89244968,3,0,1
44361,89246968,7,0,1
44362,89248968,4,1,1
44363,89250968,1,1,1
44364,89252968,3,0,1
44365,89254968,6,0,1
44366,89256968,9,0,1
44367,89258968,0,0,0
44368,89260968,3,0,1
44369,89262968,5,0,1
44370,89264968,6,0,1
44371,89266968,3,0,1
44372,89268968,4,1,1
44373,89270968,3,1,1
44374,89272968,9,0,1
44375,89274968,0,0,0
44376,89276968,1,0,1
44377,89278968,0,0,0
44378,89280968,5,0,1
44379,89282969,5,0,1
44380,89284968,1,0,1
44381,89286968,1,0,1
44382,89288968,5,1,1
44383,89290968,1,1,1
44384,89292968,6,0,1
44385,89294968,0,0,0
44386,89296968,0,0,0
44387,89298968,3,0,1
44388,89300968,0,0,0
44389,89302968,5,0,1
44390,89304968,2,0,1
44391,89306968,101,0,1
44392,89308968,5,1,1
44393,89310968,0,1,0
44394,89312968,5,0,1
44395,89314968,7,0,1
44396,89316968,1,0,1
44397,89318968,0,0,0
44398,89320968,1,0,1
44399,89322969,7,0,1
44400,89324968,0,0,0
44401,89326968,221,0,1
44402,89328968,7,1,1
44403,89330968,1,1,1
44404,89332968,6,0,1
44405,89334968,3,0,1
44406,89336968,4,0,1
44407,89338968,1,0,1
44408,89340968,7,0,1
44409,89342968,7,0,1
44410,89344968,3,0,1
44411,89346968,11,0,1
44412,89348968,4,1,1
44413,89350968,1,1,1
44414,89352968,1,0,1
44415,89354968,5,0,1
44416,89356968,0,0,0
44417,89358968,0,0,0
44418,89360968,1,0,1
44419,89362968,5,0,1
44420,89364968,0,0,0
44421,89366968,3,0,1
44422,89368968,0,1,0
44423,89370968,2,1,1
44424,89372968,6,0,1
44425,89374968,4,0,1
44426,89376968,0,0,0
44427,89378968,3,0,1
44428,89380968,5,0,1
44429,89382968,3,0,1
44430,89384968,2,0,1
44431,89386968,1,0,1
44432,89388968,3,1,1
44433,89390968,0,1,0
44434,89392968,1,0,1
44435,89394968,5,0,1
44436,89396968,1,0,1
44437,89398968,5,0,1
44438,89400968,0,0,0
44439,89402968,0,0,0
44440,89404968,0,0,0
44441,89406968,1,0,1
44442,89408968,0,1,0
44443,89410968,0,1,0
44444,89412968,0,0,0
44445,89414968,0,0,0
44446,89416968,1,0,1
44447,89418968,0,0,0
44448,89420968,1,0,1
44449,89422968,2,0,1
44450,89424968,5,0,1
44451,89426968,475,1,1
44452,89428968,112,1,1
44453,89430968,0,1,0
44454,89432968,0,0,0
44455,89434968,1,0,1
44456,89436968,0,0,0
44457,89438968,0,0,0
44458,89440968,1,0,1
44459,89442968,0,0,0
44460,89444968,0,0,0
44461,89446968,327,1,1
44462,89448968,0,1,0
44463,89450968,0,1,0
44464,89452968,0,0,0
44465,89454968,0,0,0
44466,89456968,2,0,1
44467,89458968,0,0,0
44468,89460968,0,0,0
44469,89462968,1,0,1
44470,89464968,0,0,0
44471,89466968,217,1,1
44472,89468968,0,1,0
44473,89470968,0,1,0
44474,89472968,6,0,1
44475,89474968,0,0,0
44476,89476968,0,0,0
44477,89478968,0,0,0
44478,89480968,0,0,0
44479,89482968,3,0,1
44480,89484968,3,0,1
44481,89486968,169,1,1
44482,89488968,0,1,0
44483,89490968,0,1,0
44484,89492968,0,0,0
44485,89494968,0,0,0
44486,89496968,0,0,0
44487,89498968,0,0,0
44488,89500968,0,0,0
44489,89502968,1,0,1
44490,89504968,0,0,0
44491,89506968,125,1,1
44492,89508968,0,1,0
44493,89510968,0,1,0
44494,89512968,2,0,1
44495,89514968,0,0,0
44496,89516968,11,0,1
44497,89518968,0,0,0
44498,89520968,0,0,0
44499,89522968,0,0,0
44500,89524968,45,0,1
44501,89526968,551,1,1
44502,89528968,0,1,0
44503,89530968,0,1,0
44504,89532968,0,0,0
44505,89534968,0,0,0
44506,89536968,9,0,1
44507,89538968,0,0,0
44508,89540968,0,0,0
44509,89542968,1,0,1
44510,89544968,0,0,0
44511,89546968,311,1,1
44512,89548968,1,1,1
44513,89550968,0,1,0
44514,89552968,0,0,0
44515,89554968,0,0,0
44516,89556968,9,0,1
44517,89558968,0,0,0
44518,89560968,0,0,0
44519,89562968,0,0,0
44520,89564968,233,0,1
44521,89566968,831,1,1
44522,89568968,150,1,1
44523,89570968,0,1,0
44524,89572968,1,0,1
44525,89574968,0,0,0
44526,89576968,10,0,1
44527,89578968,0,0,0
44528,89580968,0,0,0
44529,89582968,0,0,0
44530,89584968,0,0,0
44531,89586968,414,1,1
44532,89588968,0,1,0
44533,89590968,0,1,0
44534,89592968,0,0,0
44535,89594968,0,0,0
44536,89596968,1,0,1
44537,89598968,0,0,0
44538,89600968,0,0,0
44539,89602968,1,0,1
44540,89604968,215,0,1
44541,89606968,777,1,1
44542,89608968,104,1,1
44543,89610968,0,1,0
44544,89612968,0,0,0
44545,89614968,1,0,1
44546,89616968,6,0,1
44547,89618968,0,0,0
44548,89620968,0,0,0
44549,89622968,0,0,0
44550,89624968,302,0,1
44551,89626968,917,1,1
44552,89628968,0,1,0
44553,89630968,0,1,0
44554,89632968,0,0,0
44555,89634968,0,0,0
44556,89636968,8,0,1
44557,89638968,0,0,0
44558,89640968,0,0,0
44559,89642968,0,0,0
44560,89644968,0,0,0
44561,89646968,7,1,1
44562,89648968,0,1,0
44563,89650968,0,1,0
44564,89652968,2,0,1
44565,89654968,1,0,1
44566,89656968,5,0,1
44567,89658968,0,0,0
44568,89660968,0,0,0
44569,89662968,1,0,1
44570,89664968,0,0,0
44571,89666968,7,1,1
44572,89668968,0,1,0
44573,89670968,0,1,0
44574,89672968,0,0,0
44575,89674968,0,0,0
44576,89676968,19,0,1
44577,89678968,0,0,0
44578,89680968,0,0,0
44579,89682968,1,0,1
44580,89684968,35,0,1
44581,89686968,482,1,1
44582,89688968,0,1,0
44583,89690968,0,1,0
44584,89692968,0,0,0
44585,89694968,0,0,0
44586,89696968,0,0,0
44587,89698968,0,0,0
44588,89700968,0,0,0
44589,89702968,0,0,0
44590,89704968,74,0,1
44591,89706968,525,1,1
44592,89708968,0,1,0
44593,89710968,0,1,0
44594,89712968,0,0,0
44595,89714968,0,0,0
44596,89716968,0,0,0
44597,89718968,0,0,0
44598,89720968,0,0,0
44599,89722968,0,0,0
44600,89724968,0,0,0
44601,89726968,357,1,1
44602,89728968,1,1,1
44603,89730968,0,1,0
44604,89732968,0,0,0
44605,89734968,0,0,0
44606,89736968,0,0,0
44607,89738968,0,0,0
44608,89740968,0,0,0
44609,89742968,3,0,1
44610,89744968,181,0,1
44611,89746968,678,1,1
44612,89748968,0,1,0
44613,89750968,0,1,0
44614,89752968,0,0,0
44615,89754968,0,0,0
44616,89756968,0,0,0
44617,89758968,0,0,0
44618,89760968,0,0,0
44619,89762968,67,0,1
44620,89764968,575,0,1
44621,89766968,1141,1,1
44622,89768968,73,1,1
44623,89770968,0,1,0
44624,89772968,0,0,0
44625,89774968,0,0,0
44626,89776968,3,0,1
44627,89778968,0,0,0
44628,89780968,0,0,0
44629,89782968,2,0,1
44630,89784968,59,0,1
44631,89786968,447,1,1
44632,89788968,0,1,0
44633,89790968,0,1,0
44634,89792968,0,0,0
44635,89794968,0,0,0
44636,89796968,0,0,0
44637,89798968,0,0,0
44638,89800968,0,0,0
44639,89802968,0,0,0
44640,89804968,26,0,1
44641,89806968,375,1,1
44642,89808968,0,1,0
44643,89810968,0,1,0
44644,89812968,0,0,0
44645,89814968,0,0,0
44646,89816968,0,0,0
44647,89818968,0,0,0
44648,89820968,0,0,0
44649,89822968,0,0,0
44650,89824968,282,0,1
44651,89826968,779,1,1
44652,89828968,0,1,0
44653,89830968,0,1,0
44654,89832968,0,0,0
44655,89834968,0,0,0
44656,89836968,0,0,0
44657,89838968,0,0,0
44658,89840968,0,0,0
44659,89842968,0,0,0
44660,89844968,267,0,1
44661,89846968,719,1,1
44662,89848968,0,1,0
44663,89850968,1,1,1
44664,89852968,0,0,0
44665,89854968,0,0,0
44666,89856968,0,0,0
44667,89858968,0,0,0
44668,89860968,0,0,0
44669,89862968,0,0,0
44670,89864968,124,0,1
44671,89866968,493,1,1
44672,89868968,0,1,0
44673,89870968,0,1,0
44674,89872968,0,0,0
44675,89874968,0,0,0
44676,89876968,0,0,0
44677,89878968,0,0,0
44678,89880968,0,0,0
44679,89882968,0,0,0
44680,89884968,42,0,1
44681,89886968,351,1,1
44682,89888968,0,1,0
44683,89890968,1,1,1
44684,89892968,0,0,0
44685,89894968,2,0,1
44686,89896968,0,0,0
44687,89898968,10,0,1
44688,89900968,0,0,0
44689,89902968,87,0,1
44690,89904968,595,0,1
44691,89906968,1019,1,1
44692,89908968,0,1,0
44693,89910968,0,1,0
44694,89912968,2,0,1
44695,89914968,3,0,1
44696,89916968,3,0,1
44697,89918968,0,0,0
44698,89920968,0,0,0
44699,89922968,143,0,1
44700,89924968,712,0,1
44701,89926968,1101,1,1
44702,89928968,0,1,0
44703,89930968,0,1,0
44704,89932968,0,0,0
44705,89934968,16,0,1
44706,89936968,0,0,0
44707,89938968,0,0,0
44708,89940968,0,0,0
44709,89942968,205,0,1
44710,89944968,804,0,1
44711,89946968,1151,1,1
44712,89948968,0,1,0
44713,89950968,0,1,0
44714,89952968,0,0,0
44715,89954968,5,0,1
44716,89956968,0,0,0
44717,89958968,0,0,0
44718,89960968,0,0,0
44719,89962968,0,0,0
44720,89964968,185,0,1
44721,89966968,506,1,1
44722,89968968,0,1,0
44723,89970968,1,1,1
44724,89972968,0,0,0
44725,89974968,9,0,1
44726,89976968,0,0,0
44727,89978968,0,0,0
44728,89980968,1,0,1
44729,89982968,233,0,1
44730,89984968,828,0,1
44731,89986968,1157,1,1
44732,89988968,0,1,0
44733,89990968,0,1,0
44734,89992968,0,0,0
44735,89994968,11,0,1
44736,89996968,0,0,0
44737,89998968,0,0,0
44738,90000968,0,0,0
44739,90002968,2,0,1
44740,90004968,219,0,1
44741,90006968,491,1,1
44742,90008968,0,1,0
44743,90010968,0,1,0
44744,90012968,0,0,0
44745,90014968,9,0,1
44746,90016968,0,0,0
44747,90018968,0,0,0
44748,90020968,0,0,0
44749,90022968,12,0,1
44750,90024968,485,0,1
44751,90026968,775,1,1
44752,90028968,0,1,0
44753,90030968,2,0,1
44754,90032968,0,0,0
44755,90034968,7,0,1
44756,90036968,0,0,0
44757,90038968,0,0,0
44758,90040968,1,0,1
44759,90042968,2,0,1
44760,90044968,247,0,1
44761,90046968,455,1,1
44762,90048968,0,1,0
44763,90050968,4,0,1
44764,90052968,2,0,1
44765,90054968,11,0,1
44766,90056968,0,0,0
44767,90058968,0,0,0
44768,90060968,0,0,0
44769,90062968,1,0,1
44770,90064968,462,0,1
44771,90066968,697,1,1
44772,90068968,0,1,0
44773,90070968,0,0,0
44774,90072968,0,0,0
44775,90074968,9,0,1
44776,90076968,0,0,0
44777,90078968,0,0,0
44778,90080968,0,0,0
44779,90082968,3,0,1
44780,90084968,285,0,1
44781,90086968,455,1,1
44782,90088968,0,1,0
44783,90090968,0,0,0
44784,90092968,0,0,0
44785,90094968,5,0,1
44786,90096968,0,0,0
44787,90098968,0,0,0
44788,90100968,0,0,0
44789,90102968,0,0,0
44790,90104968,307,0,1
44791,90106968,461,1,1
44792,90108968,2,1,1
44793,90110968,0,0,0
44794,90112968,3,0,1
44795,90114968,0,0,0
44796,90116968,0,0,0
44797,90118968,0,0,0
44798,90120968,0,0,0
44799,90122968,1,0,1
44800,90124968,276,0,1
44801,90126968,409,1,1
44802,90128968,0,1,0
44803,90130968,0,0,0
44804,90132968,2,0,1
44805,90134968,0,0,0
44806,90136968,0,0,0
44807,90138968,0,0,0
44808,90140968,0,0,0
44809,90142968,205,0,1
44810,90144968,781,0,1
44811,90146968,909,1,1
44812,90148968,0,1,0
44813,90150968,0,0,0
44814,90152968,1,0,1
44815,90154968,0,0,0
44816,90156968,0,0,0
44817,90158968,0,0,0
44818,90160968,0,0,0
44819,90162968,0,0,0
44820,90164968,362,0,1
44821,90166968,444,1,1
44822,90168968,0,1,0
44823,90170968,0,0,0
44824,90172968,0,0,0
44825,90174968,4,0,1
44826,90176968,0,0,0
44827,90178968,0,0,0
44828,90180968,0,0,0
44829,90182968,3,0,1
44830,90184968,285,0,1
44831,90186968,318,1,1
44832,90188968,0,1,0
44833,90190968,0,0,0
44834,90192968,2,0,1
44835,90194968,0,0,0
44836,90196968,0,0,0
44837,90198968,0,0,0
44838,90200968,0,0,0
44839,90202968,3,0,1
44840,90204968,359,0,1
44841,90206968,381,1,1
44842,90208968,0,1,0
44843,90210968,0,0,0
44844,90212968,1,0,1
44845,90214968,0,0,0
44846,90216968,0,0,0
44847,90218968,0,0,0
44848,90220968,0,0,0
44849,90222968,0,0,0
44850,90224968,356,0,1
44851,90226968,339,1,1
44852,90228968,0,1,0
44853,90230968,0,0,0
44854,90232968,0,0,0
44855,90234968,0,0,0
44856,90236968,0,0,0
44857,90238968,0,0,0
44858,90240968,0,0,0
44859,90242968,0,0,0
44860,90244968,345,0,1
44861,90246968,287,1,1
44862,90248968,0,1,0
44863,90250968,1,0,1
44864,90252968,0,0,0
44865,90254968,5,0,1
44866,90256968,0,0,0
44867,90258968,0,0,0
44868,90260968,0,0,0
44869,90262968,3,0,1
44870,90264968,329,0,1
44871,90266968,253,1,1
44872,90268968,0,1,0
44873,90270968,0,0,0
44874,90272968,5,0,1
44875,90274968,1,0,1
44876,90276968,1,0,1
44877,90278968,2,0,1
44878,90280968,1,0,1
44879,90282968,1,0,1
44880,90284968,420,0,1
44881,90286968,346,1,1
44882,90288968,1,1,1
44883,90290968,1,0,1
44884,90292968,0,0,0
44885,90294968,0,0,0
44886,90296968,0,0,0
44887,90298968,0,0,0
44888,90300968,0,0,0
44889,90302968,83,0,1
44890,90304968,596,0,1
44891,90306968,98,1,1
44892,90308968,0,1,0
44893,90310968,0,0,0
44894,90312968,1,0,1
44895,90314968,0,0,0
44896,90316968,0,0,0
44897,90318968,0,0,0
44898,90320968,0,0,0
44899,90322968,0,0,0
44900,90324968,1,0,1
44901,90326968,0,1,0
44902,90328968,0,1,0
44903,90330968,1,0,1
44904,90332968,0,0,0
44905,90334968,1,0,1
44906,90336968,0,0,0
44907,90338968,0,0,0
44908,90340968,0,0,0
44909,90342968,0,0,0
44910,90344968,201,0,1
44911,90346968,0,1,0
44912,90348968,0,1,0
44913,90350968,0,0,0
44914,90352968,1,0,1
44915,90354968,0,0,0
44916,90356968,0,0,0
44917,90358968,0,0,0
44918,90360968,1,0,1
44919,90362968,2,0,1
44920,90364968,443,1,1
44921,90366968,213,1,1
44922,90368968,0,1,0
44923,90370968,0,0,0
44924,90372968,0,0,0
44925,90374968,0,0,0
44926,90376968,0,0,0
44927,90378968,0,0,0
44928,90380968,0,0,0
44929,90382968,3,0,1
44930,90384968,456,1,1
44931,90386968,183,1,1
44932,90388968,0,1,0
44933,90390968,0,0,0
44934,90392968,0,0,0
44935,90394968,3,0,1
44936,90396968,0,0,0
44937,90398968,0,0,0
44938,90400968,0,0,0
44939,90402968,203,0,1
44940,90404968,774,1,1
44941,90406968,455,1,1
44942,90408968,0,1,0
44943,90410968,0,0,0
44944,90412968,1,0,1
44945,90414968,3,0,1
44946,90416968,0,0,0
44947,90418968,1,0,1
44948,90420968,8,0,1
44949,90422968,491,0,1
44950,90424968,1135,1,1
44951,90426968,727,1,1
44952,90428968,0,1,0
44953,90430968,0,0,0
44954,90432968,1,0,1
44955,90434968,14,0,1
44956,90436968,0,0,0
44957,90438968,0,0,0
44958,90440968,0,0,0
44959,90442968,103,0,1
44960,90444968,628,1,1
44961,90446968,247,1,1
44962,90448968,1,1,1
44963,90450968,0,0,0
44964,90452968,3,0,1
44965,90454968,5,0,1
44966,90456968,0,0,0
44967,90458968,4,0,1
44968,90460968,0,0,0
44969,90462968,102,0,1
44970,90464968,621,1,1
44971,90466968,311,1,1
44972,90468968,0,1,0
44973,90470968,0,0,0
44974,90472968,0,0,0
44975,90474968,7,0,1
44976,90476968,0,0,0
44977,90478968,0,0,0
44978,90480968,2,0,1
44979,90482968,327,0,1
44980,90484968,953,1,1
44981,90486968,483,1,1
44982,90488968,1,1,1
44983,90490968,0,0,0
44984,90492968,0,0,0
44985,90494968,9,0,1
44986,90496968,0,0,0
44987,90498968,0,0,0
44988,90500968,228,0,1
44989,90502968,823,0,1
44990,90504968,1467,1,1
44991,90506968,821,1,1
44992,90508968,3,1,1
44993,90510968,0,0,0
44994,90512968,0,0,0
44995,90514968,9,0,1
44996,90516968,0,0,0
44997,90518968,1,0,1
44998,90520968,261,0,1
44999,90522968,873,0,1
45000,90524968,1510,1,1
45001,90526968,797,1,1
45002,90528968,0,1,0
45003,90530968,0,0,0
45004,90532968,0,0,0
45005,90534968,6,0,1
45006,90536968,0,0,0
45007,90538968,0,0,0
45008,90540968,1,0,1
45009,90542968,167,0,1
45010,90544968,731,1,1
45011,90546968,101,1,1
45012,90548968,0,1,0
45013,90550968,0,0,0
45014,90552968,2,0,1
45015,90554968,13,0,1
45016,90556968,1,0,1
45017,90558968,0,0,0
45018,90560968,0,0,0
45019,90562968,111,0,1
45020,90564968,630,1,1
45021,90566968,0,1,0
45022,90568968,0,1,0
45023,90570968,0,0,0
45024,90572968,0,0,0
45025,90574968,5,0,1
45026,90576968,0,0,0
45027,90578968,0,0,0
45028,90580968,117,0,1
45029,90582968,667,0,1
45030,90584968,1299,1,1
45031,90586968,621,1,1
45032,90588968,0,1,0
45033,90590968,0,0,0
45034,90592968,0,0,0
45035,90594968,2,0,1
45036,90596968,0,0,0
45037,90598968,0,0,0
45038,90600968,366,0,1
45039,90602968,1001,0,1
45040,90604968,1607,1,1
45041,90606968,679,1,1
45042,90608968,0,1,0
45043,90610968,0,0,0
45044,90612968,0,0,0
45045,90614968,0,0,0
45046,90616968,0,0,0
45047,90618968,0,0,0
45048,90620968,0,0,0
45049,90622968,185,0,1
45050,90624968,717,1,1
45051,90626968,74,1,1
45052,90628968,0,1,0
45053,90630968,0,0,0
45054,90632968,0,0,0
45055,90634968,0,0,0
45056,90636968,0,0,0
45057,90638968,0,0,0
45058,90640968,0,0,0
45059,90642968,315,0,1
45060,90644968,870,1,1
45061,90646968,56,1,1
45062,90648968,0,1,0
45063,90650968,0,0,0
45064,90652968,2,0,1
45065,90654968,0,0,0
45066,90656968,1,0,1
45067,90658968,0,0,0
45068,90660968,73,0,1
45069,90662968,598,0,1
45070,90664968,1165,1,1
45071,90666968,297,1,1
45072,90668968,0,1,0
45073,90670968,0,0,0
45074,90672968,2,0,1
45075,90674968,1,0,1
45076,90676968,0,0,0
45077,90678968,0,0,0
45078,90680968,0,0,0
45079,90682968,221,0,1
45080,90684968,743,1,1
45081,90686968,0,1,0
45082,90688968,0,1,0
45083,90690968,0,0,0
45084,90692968,1,0,1
45085,90694968,0,0,0
45086,90696968,0,0,0
45087,90698968,0,0,0
45088,90700968,0,0,0
45089,90702968,215,0,1
45090,90704968,696,1,1
45091,90706968,0,1,0
45092,90708968,0,1,0
45093,90710968,0,0,0
45094,90712968,0,0,0
45095,90714968,0,0,0
45096,90716968,0,0,0
45097,90718968,0,0,0
45098,90720968,2,0,1
45099,90722968,203,0,1
45100,90724968,683,1,1
45101,90726968,0,1,0
45102,90728968,0,1,0
45103,90730968,0,0,0
45104,90732968,1,0,1
45105,90734968,0,0,0
45106,90736968,0,0,0
45107,90738968,2,0,1
45108,90740968,0,0,0
45109,90742968,419,0,1
45110,90744968,932,1,1
45111,90746968,0,1,0
45112,90748968,0,1,0
45113,90750968,0,0,0
45114,90752968,5,0,1
45115,90754968,3,0,1
45116,90756968,0,0,0
45117,90758968,0,0,0
45118,90760968,0,0,0
45119,90762968,279,0,1
45120,90764968,747,1,1
45121,90766968,0,1,0
45122,90768968,0,1,0
45123,90770968,0,0,0
45124,90772968,4,0,1
45125,90774968,0,0,0
45126,90776968,0,0,0
45127,90778968,0,0,0
45128,90780968,0,0,0
45129,90782968,367,0,1
45130,90784968,853,1,1
45131,90786968,1,1,1
45132,90788968,0,1,0
45133,90790968,0,0,0
45134,90792968,0,0,0
45135,90794968,0,0,0
45136,90796968,0,0,0
45137,90798968,0,0,0
45138,90800968,156,0,1
45139,90802968,715,0,1
45140,90804968,1199,1,1
45141,90806968,55,1,1
45142,90808968,0,1,0
45143,90810968,0,0,0
45144,90812968,0,0,0
45145,90814968,0,0,0
45146,90816968,2,0,1
45147,90818968,2,0,1
45148,90820968,0,0,0
45149,90822968,351,0,1
45150,90824968,773,1,1
45151,90826968,0,1,0
45152,90828968,0,1,0
45153,90830968,0,0,0
45154,90832968,10,0,1
45155,90834968,0,0,0
45156,90836968,0,0,0
45157,90838968,0,0,0
45158,90840968,0,0,0
45159,90842968,327,0,1
45160,90844968,699,1,1
45161,90846968,0,1,0
45162,90848968,0,1,0
45163,90850968,0,0,0
45164,90852968,16,0,1
45165,90854968,0,0,0
45166,90856968,0,0,0
45167,90858968,0,0,0
45168,90860968,0,0,0
45169,90862968,327,0,1
45170,90864968,701,1,1
45171,90866968,0,1,0
45172,90868968,0,1,0
45173,90870968,0,0,0
45174,90872968,7,0,1
45175,90874968,0,0,0
45176,90876968,0,0,0
45177,90878968,0,0,0
45178,90880968,79,0,1
45179,90882968,605,0,1
45180,90884968,989,1,1
45181,90886968,0,1,0
45182,90888968,0,1,0
45183,90890968,0,0,0
45184,90892968,11,0,1
45185,90894968,0,0,0
45186,90896968,0,0,0
45187,90898968,0,0,0
45188,90900968,314,0,1
45189,90902968,949,0,1
45190,90904968,1273,1,1
45191,90906968,0,1,0
45192,90908968,1,1,1
45193,90910968,0,0,0
45194,90912968,4,0,1
45195,90914968,0,0,0
45196,90916968,0,0,0
45197,90918968,0,0,0
45198,90920968,0,0,0
45199,90922968,407,0,1
45200,90924968,732,1,1
45201,90926968,0,1,0
45202,90928968,0,1,0
45203,90930968,0,0,0
45204,90932968,6,0,1
45205,90934968,0,0,0
45206,90936968,0,0,0
45207,90938968,0,0,0
45208,90940968,0,0,0
45209,90942968,428,0,1
45210,90944968,757,1,1
45211,90946968,0,1,0
45212,90948968,3,0,1
45213,90950968,0,0,0
45214,90952968,7,0,1
45215,90954968,0,0,0
45216,90956968,0,0,0
45217,90958968,1,0,1
45218,90960968,43,0,1
45219,90962968,539,0,1
45220,90964968,797,1,1
45221,90966968,22,1,1
45222,90968968,0,0,0
45223,90970968,0,0,0
45224,90972968,9,0,1
45225,90974968,0,0,0
45226,90976968,0,0,0
45227,90978968,0,0,0
45228,90980968,389,0,1
45229,90982968,1032,0,1
45230,90984968,1087,1,1
45231,90986968,0,1,0
45232,90988968,0,0,0
45233,90990968,0,0,0
45234,90992968,7,0,1
45235,90994968,0,0,0
45236,90996968,0,0,0
45237,90998968,0,0,0
45238,91000968,0,0,0
45239,91002968,11,0,1
45240,91004968,103,1,1
45241,91006968,0,1,0
45242,91008968,0,0,0
45243,91010968,0,0,0
45244,91012968,3,0,1
45245,91014968,0,0,0
45246,91016968,0,0,0
45247,91018968,30,0,1
45248,91020968,533,0,1
45249,91022968,1173,0,1
45250,91024968,1335,1,1
45251,91026968,0,1,0
45252,91028968,0,0,0
45253,91030968,0,0,0
45254,91032968,0,0,0
45255,91034968,0,0,0
45256,91036968,0,0,0
45257,91038968,0,0,0
45258,91040968,37,0,1
45259,91042968,509,0,1
45260,91044968,709,1,1
45261,91046968,0,1,0
45262,91048968,0,0,0
45263,91050968,0,0,0
45264,91052968,0,0,0
45265,91054968,0,0,0
45266,91056968,0,0,0
45267,91058968,0,0,0
45268,91060968,59,0,1
45269,91062968,558,0,1
45270,91064968,729,1,1
45271,91066968,0,1,0
45272,91068968,0,0,0
45273,91070968,0,0,0
45274,91072968,3,0,1
45275,91074968,0,0,0
45276,91076968,0,0,0
45277,91078968,1,0,1
45278,91080968,51,0,1
45279,91082968,552,0,1
45280,91084968,692,1,1
45281,91086968,0,1,0
45282,91088968,0,0,0
45283,91090968,0,0,0
45284,91092968,1,0,1
45285,91094968,0,0,0
45286,91096968,0,0,0
45287,91098968,0,0,0
45288,91100968,347,0,1
45289,91102968,956,0,1
45290,91104968,1049,1,1
45291,91106968,0,1,0
45292,91108968,0,0,0
45293,91110968,0,0,0
45294,91112968,3,0,1
45295,91114968,0,0,0
45296,91116968,0,0,0
45297,91118968,0,0,0
45298,91120968,111,0,1
45299,91122968,653,0,1
45300,91124968,732,1,1
45301,91126968,0,1,0
45302,91128968,0,0,0
45303,91130968,0,0,0
45304,91132968,0,0,0
45305,91134968,0,0,0
45306,91136968,0,0,0
45307,91138968,0,0,0
45308,91140968,94,0,1
45309,91142968,611,0,1
45310,91144968,671,1,1
45311,91146968,0,1,0
45312,91148968,0,0,0
45313,91150968,0,0,0
45314,91152968,0,0,0
45315,91154968,0,0,0
45316,91156968,0,0,0
45317,91158968,0,0,0
45318,91160968,111,0,1
45319,91162968,639,0,1
45320,91164968,638,1,1
45321,91166968,0,1,0
45322,91168968,0,0,0
45323,91170968,0,0,0
45324,91172968,0,0,0
45325,91174968,0,0,0
45326,91176968,0,0,0
45327,91178968,1,0,1
45328,91180968,453,0,1
45329,91182968,1079,0,1
45330,91184968,991,1,1
45331,91186968,0,1,0
45332,91188968,0,0,0
45333,91190968,0,0,0
45334,91192968,0,0,0
45335,91194968,0,0,0
45336,91196968,0,0,0
45337,91198968,0,0,0
45338,91200968,124,0,1
45339,91202968,663,0,1
45340,91204968,594,1,1
45341,91206968,0,1,0
45342,91208968,0,0,0
45343,91210968,0,0,0
45344,91212968,0,0,0
45345,91214968,0,0,0
45346,91216968,0,0,0
45347,91218968,0,0,0
45348,91220968,192,0,1
45349,91222968,766,0,1
45350,91224968,632,1,1
45351,91226968,0,1,0
45352,91228968,0,0,0
45353,91230968,0,0,0
45354,91232968,3,0,1
45355,91234968,1,0,1
45356,91236968,0,0,0
45357,91238968,127,0,1
45358,91240968,691,0,1
45359,91242968,1333,0,1
45360,91244968,1075,1,1
45361,91246968,1,1,1
45362,91248968,0,0,0
45363,91250968,1,0,1
45364,91252968,0,0,0
45365,91254968,0,0,0
45366,91256968,0,0,0
45367,91258968,123,0,1
45368,91260968,685,0,1
45369,91262968,1334,0,1
45370,91264968,1054,1,1
45371,91266968,0,1,0
45372,91268968,0,0,0
45373,91270968,2,0,1
45374,91272968,0,0,0
45375,91274968,0,0,0
45376,91276968,0,0,0
45377,91278968,84,0,1
45378,91280968,617,0,1
45379,91282968,1260,1,1
45380,91284968,949,1,1
45381,91286968,0,1,0
45382,91288968,0,0,0
45383,91290968,0,0,0
45384,91292968,0,0,0
45385,91294968,0,0,0
45386,91296968,0,0,0
45387,91298968,133,0,1
45388,91300968,698,0,1
45389,91302968,1339,1,1
45390,91304968,983,1,1
45391,91306968,0,1,0
45392,91308968,0,0,0
45393,91310968,2,0,1
45394,91312968,0,0,0
45395,91314968,0,0,0
45396,91316968,0,0,0
45397,91318968,0,0,0
45398,91320968,185,0,1
45399,91322968,747,1,1
45400,91324968,445,1,1
45401,91326968,0,1,0
45402,91328968,0,0,0
45403,91330968,0,0,0
45404,91332968,6,0,1
45405,91334968,0,0,0
45406,91336968,0,0,0
45407,91338968,0,0,0
45408,91340968,175,0,1
45409,91342968,776,1,1
45410,91344968,423,1,1
45411,91346968,0,1,0
45412,91348968,1,0,1
45413,91350968,2,0,1
45414,91352968,19,0,1
45415,91354968,0,0,0
45416,91356968,0,0,0
45417,91358968,0,0,0
45418,91360968,181,0,1
45419,91362968,759,1,1
45420,91364968,355,1,1
45421,91366968,0,1,0
45422,91368968,0,0,0
45423,91370968,0,0,0
45424,91372968,3,0,1
45425,91374968,0,0,0
45426,91376968,0,0,0
45427,91378968,1,0,1
45428,91380968,232,0,1
45429,91382968,815,1,1
45430,91384968,377,1,1
45431,91386968,0,1,0
45432,91388968,0,0,0
45433,91390968,2,0,1
45434,91392968,11,0,1
45435,91394968,0,0,0
45436,91396968,0,0,0
45437,91398968,1,0,1
45438,91400968,235,0,1
45439,91402968,847,1,1
45440,91404968,366,1,1
45441,91406968,1,0,1
45442,91408968,0,0,0
45443,91410968,1,0,1
45444,91412968,5,0,1
45445,91414968,0,0,0
45446,91416968,0,0,0
45447,91418968,237,0,1
45448,91420968,844,0,1
45449,91422968,1492,1,1
45450,91424968,828,1,1
45451,91426968,0,1,0
45452,91428968,0,0,0
45453,91430968,0,0,0
45454,91432968,6,0,1
45455,91434968,0,0,0
45456,91436968,0,0,0
45457,91438968,1,0,1
45458,91440968,303,0,1
45459,91442968,907,1,1
45460,91444968,355,1,1
45461,91446968,1,1,1
45462,91448968,0,0,0
45463,91450968,0,0,0
45464,91452968,12,0,1
45465,91454968,0,0,0
45466,91456968,0,0,0
45467,91458968,0,0,0
45468,91460968,316,0,1
45469,91462968,931,1,1
45470,91464968,333,1,1
45471,91466968,0,1,0
45472,91468968,0,0,0
45473,91470968,0,0,0
45474,91472968,9,0,1
45475,91474968,0,0,0
45476,91476968,0,0,0
45477,91478968,54,0,1
45478,91480968,548,0,1
45479,91482968,1189,1,1
45480,91484968,491,1,1
45481,91486968,0,1,0
45482,91488968,0,0,0
45483,91490968,0,0,0
45484,91492968,9,0,1
45485,91494968,0,0,0
45486,91496968,0,0,0
45487,91498968,0,0,0
45488,91500968,406,0,1
45489,91502968,1019,1,1
45490,91504968,482,1,1
45491,91506968,0,1,0
45492,91508968,0,0,0
45493,91510968,0,0,0
45494,91512968,9,0,1
45495,91514968,0,0,0
45496,91516968,0,0,0
45497,91518968,79,0,1
45498,91520968,598,0,1
45499,91522968,1209,1,1
45500,91524968,421,1,1
45501,91526968,0,1,0
45502,91528968,1,0,1
45503,91530968,0,0,0
45504,91532968,0,0,0
45505,91534968,0,0,0
45506,91536968,1,0,1
45507,91538968,0,0,0
45508,91540968,343,0,1
45509,91542968,911,1,1
45510,91544968,151,1,1
45511,91546968,1,1,1
45512,91548968,0,0,0
45513,91550968,0,0,0
45514,91552968,0,0,0
45515,91554968,0,0,0
45516,91556968,0,0,0
45517,91558968,0,0,0
45518,91560968,461,0,1
45519,91562968,1043,1,1
45520,91564968,260,1,1
45521,91566968,1,1,1
45522,91568968,0,0,0
45523,91570968,0,0,0
45524,91572968,0,0,0
45525,91574968,0,0,0
45526,91576968,0,0,0
45527,91578968,0,0,0
45528,91580968,374,0,1
45529,91582968,940,1,1
45530,91584968,104,1,1
45531,91586968,0,1,0
45532,91588968,0,0,0
45533,91590968,0,0,0
45534,91592968,3,0,1
45535,91594968,0,0,0
45536,91596968,0,0,0
45537,91598968,167,0,1
45538,91600968,733,0,1
45539,91602968,1300,1,1
45540,91604968,359,1,1
45541,91606968,0,1,0
45542,91608968,1,0,1
45543,91610968,1,0,1
45544,91612968,0,0,0
45545,91614968,0,0,0
45546,91616968,0,0,0
45547,91618968,0,0,0
45548,91620968,384,0,1
45549,91622968,911,1,1
45550,91624968,29,1,1
45551,91626968,0,1,0
45552,91628968,0,0,0
45553,91630968,0,0,0
45554,91632968,0,0,0
45555,91634968,0,0,0
45556,91636968,0,0,0
45557,91638968,0,0,0
45558,91640968,374,0,1
45559,91642968,893,1,1
45560,91644968,2,1,1
45561,91646968,0,1,0
45562,91648968,0,0,0
45563,91650968,1,0,1
45564,91652968,0,0,0
45565,91654968,0,0,0
45566,91656968,0,0,0
45567,91658968,172,0,1
45568,91660968,738,0,1
45569,91662968,1274,1,1
45570,91664968,378,1,1
45571,91666968,0,1,0
45572,91668968,0,0,0
45573,91670968,0,0,0
45574,91672969,0,0,0
45575,91674968,0,0,0
45576,91676968,98,0,1
45577,91678968,675,0,1
45578,91680968,1336,0,1
45579,91682968,1711,1,1
45580,91684968,0,1,0
45581,91686968,0,1,0
45582,91688968,0,0,0
45583,91690968,0,0,0
45584,91692968,0,0,0
45585,91694968,2,0,1
45586,91696968,2,0,1
45587,91698968,5,0,1
45588,91700968,0,0,0
45589,91702968,71,1,1
45590,91704968,0,1,0
45591,91706968,0,1,0
45592,91708968,0,0,0
45593,91710968,0,0,0
45594,91712969,0,0,0
45595,91714968,0,0,0
45596,91716968,0,0,0
45597,91718968,0,0,0
45598,91720968,75,0,1
45599,91722968,413,1,1
45600,91724968,1,1,1
45601,91726968,0,1,0
45602,91728968,0,0,0
45603,91730968,0,0,0
45604,91732968,0,0,0
45605,91734968,0,0,0
45606,91736968,0,0,0
45607,91738968,0,0,0
45608,91740968,381,0,1
45609,91742968,821,1,1
45610,91744968,0,1,0
45611,91746968,0,1,0
45612,91748968,0,0,0
45613,91750968,7,0,1
45614,91752969,0,0,0
45615,91754968,2,0,1
45616,91756968,72,0,1
45617,91758968,607,0,1
45618,91760968,1276,0,1
45619,91762968,1617,1,1
45620,91764968,291,1,1
45621,91766968,0,1,0
45622,91768968,0,0,0
45623,91770968,11,0,1
45624,91772968,0,0,0
45625,91774968,0,0,0
45626,91776968,1,0,1
45627,91778968,31,0,1
45628,91780968,509,0,1
45629,91782968,901,1,1
45630,91784968,0,1,0
45631,91786968,0,1,0
45632,91788968,0,0,0
45633,91790968,1,0,1
45634,91792969,0,0,0
45635,91794968,0,0,0
45636,91796968,0,0,0
45637,91798968,75,0,1
45638,91800968,589,0,1
45639,91802968,997,1,1
45640,91804968,0,1,0
45641,91806968,0,0,0
45642,91808968,0,0,0
45643,91810968,6,0,1
45644,91812968,1,0,1
45645,91814968,0,0,0
45646,91816968,0,0,0
45647,91818968,76,0,1
45648,91820968,595,0,1
45649,91822968,986,1,1
45650,91824968,0,1,0
45651,91826968,6,0,1
45652,91828968,0,0,0
45653,91830968,6,0,1
45654,91832969,0,0,0
45655,91834968,0,0,0
45656,91836968,0,0,0
45657,91838968,309,0,1
45658,91840968,927,0,1
45659,91842968,1253,1,1
45660,91844968,0,1,0
45661,91846968,0,0,0
45662,91848968,0,0,0
45663,91850968,5,0,1
45664,91852968,0,0,0
45665,91854968,0,0,0
45666,91856968,2,0,1
45667,91858968,275,0,1
45668,91860968,883,0,1
45669,91862968,1223,1,1
45670,91864968,59,1,1
45671,91866968,0,0,0
45672,91868968,0,0,0
45673,91870968,5,0,1
45674,91872969,3,0,1
45675,91874968,0,0,0
45676,91876968,0,0,0
45677,91878968,267,0,1
45678,91880968,877,0,1
45679,91882968,1145,1,1
45680,91884968,0,1,0
45681,91886968,0,0,0
45682,91888968,0,0,0
45683,91890968,3,0,1
45684,91892968,0,0,0
45685,91894968,0,0,0
45686,91896968,0,0,0
45687,91898968,72,0,1
45688,91900968,583,0,1
45689,91902968,821,1,1
45690,91904968,0,1,0
45691,91906968,0,0,0
45692,91908968,1,0,1
45693,91910968,9,0,1
45694,91912969,0,0,0
45695,91914968,0,0,0
45696,91916968,0,0,0
45697,91918968,379,0,1
45698,91920968,1011,0,1
45699,91922968,1211,1,1
45700,91924968,0,1,0
45701,91926968,0,0,0
45702,91928968,0,0,0
45703,91930968,0,0,0
45704,91932968,0,0,0
45705,91934968,0,0,0
45706,91936968,0,0,0
45707,91938968,73,0,1
45708,91940968,581,0,1
45709,91942968,787,1,1
45710,91944968,0,1,0
45711,91946968,0,0,0
45712,91948968,0,0,0
45713,91950968,0,0,0
45714,91952969,1,0,1
45715,91954968,0,0,0
45716,91956968,0,0,0
45717,91958968,94,0,1
45718,91960968,612,0,1
45719,91962968,794,1,1
45720,91964968,0,1,0
45721,91966968,0,0,0
45722,91968968,0,0,0
45723,91970968,0,0,0
45724,91972968,1,0,1
45725,91974968,0,0,0
45726,91976968,0,0,0
45727,91978968,95,0,1
45728,91980968,616,0,1
45729,91982968,850,1,1
45730,91984968,0,1,0
45731,91986968,0,0,0
45732,91988968,0,0,0
45733,91990968,0,0,0
45734,91992969,3,0,1
45735,91994968,0,0,0
45736,91996968,0,0,0
45737,91998968,373,0,1
45738,92000968,999,0,1
45739,92002968,1093,1,1
45740,92004968,0,1,0
45741,92006968,1,1,1
45742,92008968,0,0,0
45743,92010968,6,0,1
45744,92012968,0,0,0
45745,92014968,0,0,0
45746,92016968,0,0,0
45747,92018968,108,0,1
45748,92020968,644,0,1
45749,92022968,694,1,1
45750,92024968,0,1,0
45751,92026968,0,0,0
45752,92028968,0,0,0
45753,92030968,0,0,0
45754,92032969,5,0,1
45755,92034968,1,0,1
45756,92036968,93,0,1
45757,92038968,639,0,1
45758,92040968,1278,0,1
45759,92042968,1244,1,1
45760,92044968,0,1,0
45761,92046968,0,0,0
45762,92048968,0,0,0
45763,92050968,0,0,0
45764,92052968,1,0,1
45765,92054968,0,0,0
45766,92056968,0,0,0
45767,92058968,275,0,1
45768,92060968,871,0,1
45769,92062968,906,1,1
45770,92064968,0,1,0
45771,92066968,0,0,0
45772,92068968,0,0,0
45773,92070968,2,0,1
45774,92072969,2,0,1
45775,92074968,0,0,0
45776,92076968,0,0,0
45777,92078968,154,0,1
45778,92080968,700,0,1
45779,92082968,681,1,1
45780,92084968,0,1,0
45781,92086968,1,0,1
45782,92088968,1,0,1
45783,92090968,1,0,1
45784,92092968,0,0,0
45785,92094968,0,0,0
45786,92096968,76,0,1
45787,92098968,601,0,1
45788,92100968,1251,0,1
45789,92102968,1204,1,1
45790,92104968,0,1,0
45791,92106968,0,0,0
45792,92108968,0,0,0
45793,92110968,0,0,0
45794,92112969,2,0,1
45795,92114968,0,0,0
45796,92116968,199,0,1
45797,92118968,789,0,1
45798,92120968,1432,0,1
45799,92122968,1215,1,1
45800,92124968,0,1,0
45801,92126968,0,0,0
45802,92128968,0,0,0
45803,92130968,0,0,0
45804,92132968,0,0,0
45805,92134968,0,0,0
45806,92136968,234,0,1
45807,92138968,853,0,1
45808,92140968,1493,0,1
45809,92142968,1229,1,1
45810,92144968,0,1,0
45811,92146968,0,0,0
45812,92148968,0,0,0
45813,92150968,3,0,1
45814,92152969,3,0,1
45815,92154968,0,0,0
45816,92156968,0,0,0
45817,92158968,157,0,1
45818,92160968,712,0,1
45819,92162968,571,1,1
45820,92164968,0,1,0
45821,92166968,0,0,0
45822,92168968,0,0,0
45823,92170968,1,0,1
45824,92172968,0,0,0
45825,92174968,0,0,0
45826,92176968,0,0,0
45827,92178968,233,0,1
45828,92180968,810,1,1
45829,92182968,623,1,1
45830,92184968,0,1,0
45831,92186968,0,0,0
45832,92188968,1,0,1
45833,92190968,1,0,1
45834,92192969,3,0,1
45835,92194968,0,0,0
45836,92196968,0,0,0
45837,92198968,142,0,1
45838,92200968,688,1,1
45839,92202968,479,1,1
45840,92204968,0,1,0
45841,92206968,0,0,0
45842,92208968,0,0,0
45843,92210968,1,0,1
45844,92212968,0,0,0
45845,92214968,1,0,1
45846,92216968,0,0,0
45847,92218968,215,0,1
45848,92220968,781,1,1
45849,92222968,603,1,1
45850,92224968,0,1,0
45851,92226968,0,0,0
45852,92228968,1,0,1
45853,92230968,0,0,0
45854,92232969,3,0,1
45855,92234968,1,0,1
45856,92236968,1,0,1
45857,92238968,423,0,1
45858,92240968,1053,1,1
45859,92242968,685,1,1
45860,92244968,0,1,0
45861,92246968,0,0,0
45862,92248968,1,0,1
45863,92250968,5,0,1
45864,92252968,0,0,0
45865,92254968,1,0,1
45866,92256968,0,0,0
45867,92258968,183,0,1
45868,92260968,761,1,1
45869,92262968,420,1,1
45870,92264968,0,1,0
45871,92266968,0,0,0
45872,92268968,0,0,0
45873,92270968,9,0,1
45874,92272969,0,0,0
45875,92274968,0,0,0
45876,92276968,0,0,0
45877,92278968,455,0,1
45878,92280968,1075,1,1
45879,92282968,621,1,1
45880,92284968,0,1,0
45881,92286968,1,0,1
45882,92288968,0,0,0
45883,92290968,0,0,0
45884,92292968,0,0,0
45885,92294968,0,0,0
45886,92296968,1,0,1
45887,92298968,261,0,1
45888,92300968,859,1,1
45889,92302968,395,1,1
45890,92304968,0,1,0
45891,92306968,0,0,0
45892,92308968,0,0,0
45893,92310968,3,0,1
45894,92312969,0,0,0
45895,92314968,0,0,0
45896,92316968,0,0,0
45897,92318968,180,0,1
45898,92320968,757,1,1
45899,92322968,279,1,1
45900,92324968,0,1,0
45901,92326968,1,0,1
45902,92328968,0,0,0
45903,92330968,3,0,1
45904,92332968,1,0,1
45905,92334968,1,0,1
45906,92336968,183,0,1
45907,92338968,764,0,1
45908,92340968,1388,1,1
45909,92342968,744,1,1
45910,92344968,0,1,0
45911,92346968,0,0,0
45912,92348968,0,0,0
45913,92350968,5,0,1
45914,92352969,2,0,1
45915,92354968,0,0,0
45916,92356968,83,0,1
45917,92358968,613,0,1
45918,92360968,1245,1,1
45919,92362968,665,1,1
45920,92364968,0,1,0
45921,92366968,0,0,0
45922,92368968,0,0,0
45923,92370968,5,0,1
45924,92372968,0,0,0
45925,92374968,0,0,0
45926,92376968,0,0,0
45927,92378968,339,0,1
45928,92380968,947,1,1
45929,92382968,31,1,1
45930,92384968,0,1,0
45931,92386968,0,0,0
45932,92388968,0,0,0
45933,92390968,2,0,1
45934,92392969,3,0,1
45935,92394968,0,0,0
45936,92396968,0,0,0
45937,92398968,393,0,1
45938,92400968,989,1,1
45939,92402968,55,1,1
45940,92404968,0,0,0
45941,92406968,0,0,0
45942,92408968,1,0,1
45943,92410968,3,0,1
45944,92412968,0,0,0
45945,92414968,1,0,1
45946,92416968,0,0,0
45947,92418968,373,0,1
45948,92420968,977,1,1
45949,92422968,359,1,1
45950,92424968,0,1,0
45951,92426968,0,0,0
45952,92428968,1,0,1
45953,92430968,6,0,1
45954,92432969,3,0,1
45955,92434968,0,0,0
45956,92436968,356,0,1
45957,92438968,983,0,1
45958,92440968,1576,1,1
45959,92442968,700,1,1
45960,92444968,0,1,0
45961,92446968,1,0,1
45962,92448968,0,0,0
45963,92450968,0,0,0
45964,92452968,0,0,0
45965,92454968,0,0,0
45966,92456968,0,0,0
45967,92458968,435,0,1
45968,92460968,1000,1,1
45969,92462968,269,1,1
45970,92464968,0,1,0
45971,92466968,0,0,0
45972,92468968,0,0,0
45973,92470968,0,0,0
45974,92472969,0,0,0
45975,92474968,2,0,1
45976,92476968,520,0,1
45977,92478968,1164,0,1
45978,92480968,1883,1,1
45979,92482968,712,1,1
45980,92484968,0,1,0
45981,92486968,0,0,0
45982,92488968,1,0,1
45983,92490968,0,0,0
45984,92492968,0,0,0
45985,92494968,0,0,0
45986,92496968,0,0,0
45987,92498968,361,0,1
45988,92500968,918,1,1
45989,92502968,143,1,1
45990,92504968,0,1,0
45991,92506968,0,0,0
45992,92508968,0,0,0
45993,92510968,0,0,0
45994,92512969,1,0,1
45995,92514968,0,0,0
45996,92516968,0,0,0
45997,92518968,411,0,1
45998,92520968,958,1,1
45999,92522968,117,1,1
46000,92524968,1,1,1
46001,92526968,0,0,0
46002,92528968,0,0,0
46003,92530968,0,0,0
46004,92532968,0,0,0
46005,92534968,0,0,0
46006,92536968,0,0,0
46007,92538968,335,0,1
46008,92540968,841,1,1
46009,92542968,11,1,1
46010,92544968,0,1,0
46011,92546968,0,0,0
46012,92548968,0,0,0
46013,92550968,0,0,0
46014,92552969,0,0,0
46015,92554968,0,0,0
46016,92556968,344,0,1
46017,92558968,968,0,1
46018,92560968,1479,1,1
46019,92562968,427,1,1
46020,92564968,0,1,0
46021,92566968,0,0,0
46022,92568968,0,0,0
46023,92570968,1,0,1
46024,92572968,0,0,0
46025,92574968,0,0,0
46026,92576968,486,0,1
46027,92578968,1132,0,1
46028,92580968,1608,1,1
46029,92582968,461,1,1
46030,92584968,0,1,0
46031,92586968,0,0,0
46032,92588968,0,0,0
46033,92590968,0,0,0
46034,92592969,0,0,0
46035,92594968,0,0,0
46036,92596968,328,0,1
46037,92598968,941,0,1
46038,92600968,1403,1,1
46039,92602968,263,1,1
46040,92604968,1,1,1
46041,92606968,0,0,0
46042,92608968,0,0,0
46043,92610968,0,0,0
46044,92612968,0,0,0
46045,92614968,1,0,1
46046,92616968,247,0,1
46047,92618968,851,0,1
46048,92620968,1299,1,1
46049,92622968,107,1,1
46050,92624968,0,1,0
46051,92626968,0,0,0
46052,92628968,0,0,0
46053,92630968,0,0,0
46054,92632969,3,0,1
46055,92634968,0,0,0
46056,92636968,2,0,1
46057,92638968,437,0,1
46058,92640968,888,1,1
46059,92642968,0,1,0
46060,92644968,0,1,0
46061,92646968,0,0,0
46062,92648968,0,0,0
46063,92650968,1,0,1
46064,92652968,0,0,0
46065,92654968,1,0,1
46066,92656968,0,0,0
46067,92658968,328,0,1
46068,92660968,732,1,1
46069,92662968,0,1,0
46070,92664968,0,1,0
46071,92666968,0,0,0
46072,92668968,12,0,1
46073,92670968,1,0,1
46074,92672969,5,0,1
46075,92674968,0,0,0
46076,92676968,414,0,1
46077,92678968,1062,0,1
46078,92680968,1434,1,1
46079,92682968,237,1,1
46080,92684968,0,1,0
46081,92686968,0,0,0
46082,92688968,9,0,1
46083,92690968,0,0,0
46084,92692968,1,0,1
46085,92694968,0,0,0
46086,92696968,383,0,1
46087,92698968,1015,0,1
46088,92700968,1391,1,1
46089,92702968,104,1,1
46090,92704968,0,0,0
46091,92706968,0,0,0
46092,92708968,0,0,0
46093,92710968,0,0,0
46094,92712969,3,0,1
46095,92714968,2,0,1
46096,92716968,9,0,1
46097,92718968,489,0,1
46098,92720968,850,1,1
46099,92722968,5,1,1
46100,92724968,0,0,0
46101,92726968,0,0,0
46102,92728968,12,0,1
46103,92730968,0,0,0
46104,92732968,2,0,1
46105,92734968,0,0,0
46106,92736968,7,0,1
46107,92738968,489,0,1
46108,92740968,807,1,1
46109,92742968,0,1,0
46110,92744968,0,0,0
46111,92746968,0,0,0
46112,92748968,1,0,1
46113,92750968,0,0,0
46114,92752969,3,0,1
46115,92754968,1,0,1
46116,92756968,3,0,1
46117,92758968,475,0,1
46118,92760968,786,1,1
46119,92762968,0,1,0
46120,92764968,0,0,0
46121,92766968,0,0,0
46122,92768968,1,0,1
46123,92770968,0,0,0
46124,92772968,0,0,0
46125,92774968,157,0,1
46126,92776968,747,0,1
46127,92778968,1416,0,1
46128,92780968,1611,1,1
46129,92782968,149,1,1
46130,92784968,0,0,0
46131,92786968,0,0,0
46132,92788968,4,0,1
46133,92790968,0,0,0
46134,92792969,0,0,0
46135,92794968,0,0,0
46136,92796968,137,0,1
46137,92798968,694,0,1
46138,92800968,968,1,1
46139,92802968,0,1,0
46140,92804968,4,0,1
46141,92806968,0,0,0
46142,92808968,9,0,1
46143,92810968,0,0,0
46144,92812968,0,0,0
46145,92814968,134,0,1
46146,92816968,714,0,1
46147,92818968,1367,0,1
46148,92820968,1529,1,1
46149,92822968,53,1,1
46150,92824968,0,0,0
46151,92826968,0,0,0
46152,92828968,8,0,1
46153,92830968,0,0,0
46154,92832969,3,0,1
46155,92834968,0,0,0
46156,92836968,377,0,1
46157,92838968,1021,0,1
46158,92840968,1224,1,1
46159,92842968,0,1,0
46160,92844968,0,0,0
46161,92846968,1,0,1
46162,92848968,4,0,1
46163,92850968,0,0,0
46164,92852968,0,0,0
46165,92854968,0,0,0
46166,92856968,152,0,1
46167,92858968,699,0,1
46168,92860968,894,1,1
46169,92862968,0,1,0
46170,92864968,0,0,0
46171,92866968,1,0,1
46172,92868968,0,0,0
46173,92870968,0,0,0
46174,92872969,0,0,0
46175,92874968,0,0,0
46176,92876968,81,0,1
46177,92878968,596,0,1
46178,92880968,779,1,1
46179,92882968,1,1,1
46180,92884968,0,0,0
46181,92886968,0,0,0
46182,92888968,0,0,0
46183,92890968,0,0,0
46184,92892968,0,0,0
46185,92894968,0,0,0
46186,92896968,137,0,1
46187,92898968,683,0,1
46188,92900968,853,1,1
46189,92902968,0,1,0
46190,92904968,2,0,1
46191,92906968,0,0,0
46192,92908968,0,0,0
46193,92910968,0,0,0
46194,92912969,0,0,0
46195,92914968,0,0,0
46196,92916968,155,0,1
46197,92918968,718,0,1
46198,92920968,826,1,1
46199,92922968,0,1,0
46200,92924968,1,0,1
46201,92926968,0,0,0
46202,92928968,0,0,0
46203,92930968,0,0,0
46204,92932968,0,0,0
46205,92934968,0,0,0
46206,92936968,155,0,1
46207,92938968,710,0,1
46208,92940968,807,1,1
46209,92942968,0,1,0
46210,92944968,0,0,0
46211,92946968,0,0,0
46212,92948968,0,0,0
46213,92950968,0,0,0
46214,92952969,5,0,1
46215,92954968,226,0,1
46216,92956968,839,0,1
46217,92958968,1472,0,1
46218,92960968,1391,1,1
46219,92962968,0,1,0
46220,92964968,0,0,0
46221,92966968,0,0,0
46222,92968968,0,0,0
46223,92970968,0,0,0
46224,92972968,0,0,0
46225,92974968,0,0,0
46226,92976968,442,0,1
46227,92978968,1071,0,1
46228,92980968,1129,1,1
46229,92982968,1,1,1
46230,92984968,1,0,1
46231,92986968,3,0,1
46232,92988968,0,0,0
46233,92990968,0,0,0
46234,92992969,4,0,1
46235,92994968,0,0,0
46236,92996968,424,0,1
46237,92998968,1055,0,1
46238,93000968,1019,1,1
46239,93002968,0,1,0
46240,93004968,0,0,0
46241,93006968,0,0,0
46242,93008968,0,0,0
46243,93010968,0,0,0
46244,93012968,2,0,1
46245,93014968,0,0,0
46246,93016968,264,0,1
46247,93018968,859,0,1
46248,93020968,859,1,1
46249,93022968,0,1,0
46250,93024968,0,0,0
46251,93026968,0,0,0
46252,93028968,0,0,0
46253,93030968,0,0,0
46254,93032969,0,0,0
46255,93034968,83,0,1
46256,93036968,612,0,1
46257,93038968,1263,0,1
46258,93040968,999,1,1
46259,93042968,0,1,0
46260,93044968,1,0,1
46261,93046968,0,0,0
46262,93048968,0,0,0
46263,93050968,0,0,0
46264,93052968,0,0,0
46265,93054968,0,0,0
46266,93056968,86,0,1
46267,93058968,596,0,1
46268,93060968,315,1,1
46269,93062968,0,1,0
46270,93064968,0,0,0
46271,93066968,0,0,0
46272,93068968,0,0,0
46273,93070968,0,0,0
46274,93072969,0,0,0
46275,93074968,0,0,0
46276,93076968,167,0,1
46277,93078968,725,1,1
46278,93080968,611,1,1
46279,93082968,0,1,0
46280,93084968,0,0,0
46281,93086968,0,0,0
46282,93088968,2,0,1
46283,93090968,0,0,0
46284,93092968,0,0,0
46285,93094968,147,0,1
46286,93096968,713,0,1
46287,93098968,1353,1,1
46288,93100968,1193,1,1
46289,93102968,1,1,1
46290,93104968,0,0,0
46291,93106968,0,0,0
46292,93108968,0,0,0
46293,93110968,0,0,0
46294,93112969,2,0,1
46295,93114968,41,0,1
46296,93116968,531,0,1
46297,93118968,1163,1,1
46298,93120968,920,1,1
46299,93122968,0,1,0
46300,93124968,0,0,0
46301,93126968,0,0,0
46302,93128968,0,0,0
46303,93130968,0,0,0
46304,93132968,0,0,0
46305,93134968,4,0,1
46306,93136968,475,0,1
46307,93138968,1107,1,1
46308,93140968,871,1,1
46309,93142968,1,1,1
46310,93144968,0,0,0
46311,93146968,0,0,0
46312,93148968,0,0,0
46313,93150968,0,0,0
46314,93152969,1,0,1
46315,93154968,0,0,0
46316,93156968,437,0,1
46317,93158968,1075,1,1
46318,93160968,787,1,1
46319,93162968,2,1,1
46320,93164968,0,0,0
46321,93166968,0,0,0
46322,93168968,12,0,1
46323,93170968,0,0,0
46324,93172968,0,0,0
46325,93174968,0,0,0
46326,93176968,341,0,1
46327,93178968,968,1,1
46328,93180968,666,1,1
46329,93182968,0,1,0
46330,93184968,0,0,0
46331,93186968,0,0,0
46332,93188968,8,0,1
46333,93190968,1,0,1
46334,93192969,3,0,1
46335,93194968,3,0,1
46336,93196968,378,0,1
46337,93198968,1001,1,1
46338,93200968,661,1,1
46339,93202968,0,1,0
46340,93204968,0,0,0
46341,93206968,0,0,0
46342,93208968,7,0,1
46343,93210968,0,0,0
46344,93212968,0,0,0
46345,93214968,0,0,0
46346,93216968,421,0,1
46347,93218968,1055,1,1
46348,93220968,649,1,1
46349,93222968,0,1,0
46350,93224968,0,0,0
46351,93226968,1,0,1
46352,93228968,6,0,1
46353,93230968,0,0,0
46354,93232969,0,0,0
46355,93234968,0,0,0
46356,93236968,411,0,1
46357,93238968,1044,1,1
46358,93240968,618,1,1
46359,93242968,0,1,0
46360,93244968,1,0,1
46361,93246968,0,0,0
46362,93248968,7,0,1
46363,93250968,0,0,0
46364,93252968,0,0,0
46365,93254968,0,0,0
46366,93256968,441,0,1
46367,93258968,1063,1,1
46368,93260968,603,1,1
46369,93262968,1,1,1
46370,93264968,0,0,0
46371,93266968,0,0,0
46372,93268968,2,0,1
46373,93270968,0,0,0
46374,93272969,3,0,1
46375,93274968,397,0,1
46376,93276968,1041,0,1
46377,93278968,1647,1,1
46378,93280968,1064,1,1
46379,93282968,0,1,0
46380,93284968,0,0,0
46381,93286968,1,0,1
46382,93288968,8,0,1
46383,93290968,0,0,0
46384,93292968,1,0,1
46385,93294968,123,0,1
46386,93296968,679,0,1
46387,93298968,1311,1,1
46388,93300968,717,1,1
46389,93302968,0,1,0
46390,93304968,0,0,0
46391,93306968,0,0,0
46392,93308968,0,0,0
46393,93310968,0,0,0
46394,93312969,1,0,1
46395,93314968,0,0,0
46396,93316968,459,0,1
46397,93318968,1065,1,1
46398,93320968,475,1,1
46399,93322968,0,1,0
46400,93324968,0,0,0
46401,93326968,0,0,0
46402,93328968,6,0,1
46403,93330968,0,0,0
46404,93332968,1,0,1
46405,93334968,0,0,0
46406,93336968,407,0,1
46407,93338968,1001,1,1
46408,93340968,381,1,1
46409,93342968,0,1,0
46410,93344968,0,0,0
46411,93346968,0,0,0
46412,93348968,2,0,1
46413,93350968,0,0,0
46414,93352969,0,0,0
46415,93354968,0,0,0
46416,93356968,455,0,1
46417,93358968,1049,1,1
46418,93360968,529,1,1
46419,93362968,1,1,1
46420,93364968,0,0,0
46421,93366968,0,0,0
46422,93368968,0,0,0
46423,93370968,0,0,0
46424,93372968,0,0,0
46425,93374968,188,0,1
46426,93376968,763,0,1
46427,93378968,1355,1,1
46428,93380968,604,1,1
46429,93382968,0,1,0
46430,93384968,0,0,0
46431,93386968,0,0,0
46432,93388968,0,0,0
46433,93390968,1,0,1
46434,93392969,3,0,1
46435,93394968,21,0,1
46436,93396968,487,0,1
46437,93398968,1061,1,1
46438,93400968,375,1,1
46439,93402968,0,1,0
46440,93404968,0,0,0
46441,93406968,0,0,0
46442,93408968,0,0,0
46443,93410968,0,0,0
46444,93412968,0,0,0
46445,93414968,347,0,1
46446,93416968,971,0,1
46447,93418968,1531,1,1
46448,93420968,763,1,1
46449,93422968,0,1,0
46450,93424968,0,0,0
46451,93426968,0,0,0
46452,93428968,0,0,0
46453,93430968,0,0,0
46454,93432969,0,0,0
46455,93434968,153,0,1
46456,93436968,717,0,1
46457,93438968,1279,1,1
46458,93440968,419,1,1
46459,93442968,0,1,0
46460,93444968,2,0,1
46461,93446968,0,0,0
46462,93448968,0,0,0
46463,93450968,0,0,0
46464,93452968,0,0,0
46465,93454968,241,0,1
46466,93456968,832,0,1
46467,93458968,1363,1,1
46468,93460968,473,1,1
46469,93462968,2,1,1
46470,93464968,0,0,0
46471,93466968,0,0,0
46472,93468968,0,0,0
46473,93470968,0,0,0
46474,93472969,0,0,0
46475,93474968,39,0,1
46476,93476968,521,0,1
46477,93478968,1049,1,1
46478,93480968,223,1,1
46479,93482968,2,1,1
46480,93484968,0,0,0
46481,93486968,2,0,1
46482,93488968,1,0,1
46483,93490968,0,0,0
46484,93492968,2,0,1
46485,93494968,63,0,1
46486,93496968,557,0,1
46487,93498968,1071,1,1
46488,93500968,211,1,1
46489,93502968,0,1,0
46490,93504968,0,0,0
46491,93506968,0,0,0
46492,93508968,0,0,0
46493,93510968,1,0,1
46494,93512969,0,0,0
46495,93514968,77,0,1
46496,93516968,585,0,1
46497,93518968,1064,1,1
46498,93520968,169,1,1
46499,93522968,3,1,1
46500,93524968,0,0,0
46501,93526968,0,0,0
46502,93528968,0,0,0
46503,93530968,0,0,0
46504,93532968,0,0,0
46505,93534968,45,0,1
46506,93536968,529,0,1
46507,93538968,986,1,1
46508,93540968,89,1,1
46509,93542968,1,1,1
46510,93544968,0,0,0
46511,93546968,2,0,1
46512,93548968,0,0,0
46513,93550968,0,0,0
46514,93552969,1,0,1
46515,93554968,152,0,1
46516,93556968,713,0,1
46517,93558968,1172,1,1
46518,93560968,187,1,1
46519,93562968,1,1,1
46520,93564968,0,0,0
46521,93566968,2,0,1
46522,93568968,0,0,0
46523,93570968,0,0,0
46524,93572968,25,0,1
46525,93574968,519,0,1
46526,93576968,1162,0,1
46527,93578968,1543,1,1
46528,93580968,401,1,1
46529,93582968,0,1,0
46530,93584968,0,0,0
46531,93586968,11,0,1
46532,93588968,0,0,0
46533,93590968,0,0,0
46534,93592969,0,0,0
46535,93594968,84,0,1
46536,93596968,605,0,1
46537,93598968,1003,1,1
46538,93600968,5,1,1
46539,93602968,0,0,0
46540,93604968,0,0,0
46541,93606968,4,0,1
46542,93608968,0,0,0
46543,93610968,0,0,0
46544,93612968,0,0,0
46545,93614968,278,0,1
46546,93616968,883,0,1
46547,93618968,1271,1,1
46548,93620968,185,1,1
46549,93622968,0,0,0
46550,93624968,0,0,0
46551,93626968,5,0,1
46552,93628968,0,0,0
46553,93630968,1,0,1
46554,93632969,125,0,1
46555,93634968,696,0,1
46556,93636968,1355,0,1
46557,93638968,1635,1,1
46558,93640968,360,1,1
46559,93642968,0,0,0
46560,93644968,1,0,1
46561,93646968,12,0,1
46562,93648968,0,0,0
46563,93650968,0,0,0
46564,93652968,0,0,0
46565,93654968,197,0,1
46566,93656968,784,0,1
46567,93658968,1141,1,1
46568,93660968,83,1,1
46569,93662968,1,0,1
46570,93664968,0,0,0
46571,93666968,18,0,1
46572,93668968,0,0,0
46573,93670968,0,0,0
46574,93672969,57,0,1
46575,93674968,563,0,1
46576,93676968,1207,0,1
46577,93678968,1485,1,1
46578,93680968,254,1,1
46579,93682968,0,0,0
46580,93684968,0,0,0
46581,93686968,4,0,1
46582,93688968,0,0,0
46583,93690968,0,0,0
46584,93692968,1,0,1
46585,93694968,295,0,1
46586,93696968,911,0,1
46587,93698968,1036,1,1
46588,93700968,0,1,0
46589,93702968,2,0,1
46590,93704968,0,0,0
46591,93706968,9,0,1
46592,93708968,0,0,0
46593,93710968,0,0,0
46594,93712969,3,0,1
46595,93714968,1,0,1
46596,93716968,293,0,1
46597,93718968,522,1,1
46598,93720968,0,1,0
46599,93722968,1,0,1
46600,93724968,3,0,1
46601,93726968,0,0,0
46602,93728968,0,0,0
46603,93730968,0,0,0
46604,93732968,0,0,0
46605,93734968,349,0,1
46606,93736968,978,0,1
46607,93738968,1211,1,1
46608,93740968,41,1,1
46609,93742968,0,0,0
46610,93744968,0,0,0
46611,93746968,3,0,1
46612,93748968,0,0,0
46613,93750968,0,0,0
46614,93752969,0,0,0
46615,93754968,283,0,1
46616,93756968,903,0,1
46617,93758968,1141,1,1
46618,93760968,1,1,1
46619,93762968,0,0,0
46620,93764968,0,0,0
46621,93766968,0,0,0
46622,93768968,0,0,0
46623,93770968,0,0,0
46624,93772968,0,0,0
46625,93774968,331,0,1
46626,93776968,949,0,1
46627,93778968,1157,1,1
46628,93780968,0,1,0
46629,93782968,0,0,0
46630,93784968,0,0,0
46631,93786968,0,0,0
46632,93788968,0,0,0
46633,93790968,1,0,1
46634,93792969,380,0,1
46635,93794968,1033,0,1
46636,93796968,1653,0,1
46637,93798968,1651,1,1
46638,93800968,213,1,1
46639,93802968,1,0,1
46640,93804968,0,0,0
46641,93806968,0,0,0
46642,93808968,0,0,0
46643,93810968,0,0,0
46644,93812968,265,0,1
46645,93814968,879,0,1
46646,93816968,1516,0,1
46647,93818968,1568,1,1
46648,93820968,217,1,1
46649,93822968,0,0,0
46650,93824968,0,0,0
46651,93826968,0,0,0
46652,93828968,0,0,0
46653,93830968,1,0,1
46654,93832969,0,0,0
46655,93834968,379,0,1
46656,93836968,1002,0,1
46657,93838968,1116,1,1
46658,93840968,0,1,0
46659,93842968,0,0,0
46660,93844968,0,0,0
46661,93846968,0,0,0
46662,93848968,2,0,1
46663,93850968,0,0,0
46664,93852968,0,0,0
46665,93854968,343,0,1
46666,93856968,949,0,1
46667,93858968,1069,1,1
46668,93860968,0,1,0
46669,93862968,0,0,0
46670,93864968,0,0,0
46671,93866968,0,0,0
46672,93868968,1,0,1
46673,93870968,0,0,0
46674,93872969,455,0,1
46675,93874968,1102,0,1
46676,93876968,1715,0,1
46677,93878968,1591,1,1
46678,93880968,57,1,1
46679,93882968,0,0,0
46680,93884968,0,0,0
46681,93886968,0,0,0
46682,93888968,0,0,0
46683,93890968,0,0,0
46684,93892968,2,0,1
46685,93894968,436,0,1
46686,93896968,1061,0,1
46687,93898968,1085,1,1
46688,93900968,0,1,0
46689,93902968,0,0,0
46690,93904968,0,0,0
46691,93906968,0,0,0
46692,93908968,0,0,0
46693,93910968,0,0,0
46694,93912969,1,0,1
46695,93914968,375,0,1
46696,93916968,987,0,1
46697,93918968,936,1,1
46698,93920968,0,1,0
46699,93922968,0,0,0
46700,93924968,8,0,1
46701,93926968,0,0,0
46702,93928968,0,0,0
46703,93930968,0,0,0
46704,93932968,1,0,1
46705,93934968,265,0,1
46706,93936968,861,0,1
46707,93938968,806,1,1
46708,93940968,0,1,0
46709,93942968,0,0,0
46710,93944968,0,0,0
46711,93946968,0,0,0
46712,93948968,0,0,0
46713,93950968,0,0,0
46714,93952968,3,0,1
46715,93954968,314,0,1
46716,93956968,932,0,1
46717,93958968,830,1,1
46718,93960968,0,1,0
46719,93962968,0,0,0
46720,93964968,0,0,0
46721,93966968,0,0,0
46722,93968968,0,0,0
46723,93970968,1,0,1
46724,93972968,345,0,1
46725,93974968,983,0,1
46726,93976968,1591,1,1
46727,93978968,1385,1,1
46728,93980968,0,1,0
46729,93982968,1,0,1
46730,93984968,0,0,0
46731,93986968,0,0,0
46732,93988968,0,0,0
46733,93990968,0,0,0
46734,93992968,397,0,1
46735,93994968,1035,0,1
46736,93996968,1655,1,1
46737,93998968,1301,1,1
46738,94000968,0,1,0
46739,94002968,0,0,0
46740,94004968,1,0,1
46741,94006968,0,0,0
46742,94008968,0,0,0
46743,94010968,0,0,0
46744,94012968,137,0,1
46745,94014968,691,0,1
46746,94016968,1332,1,1
46747,94018968,1021,1,1
46748,94020968,0,1,0
46749,94022968,0,0,0
46750,94024968,0,0,0
46751,94026968,0,0,0
46752,94028968,3,0,1
46753,94030968,1,0,1
46754,94032968,7,0,1
46755,94034968,263,0,1
46756,94036968,841,1,1
46757,94038968,617,1,1
46758,94040968,0,1,0
46759,94042968,0,0,0
46760,94044968,0,0,0
46761,94046968,0,0,0
46762,94048968,0,0,0
46763,94050968,1,0,1
46764,94052968,1,0,1
46765,94054968,233,0,1
46766,94056968,814,1,1
46767,94058968,507,1,1
46768,94060968,0,0,0
46769,94062968,0,0,0
46770,94064968,0,0,0
46771,94066968,0,0,0
46772,94068968,0,0,0
46773,94070968,0,0,0
46774,94072968,313,0,1
46775,94074968,948,0,1
46776,94076968,1574,1,1
46777,94078968,1092,1,1
46778,94080968,0,1,0
46779,94082968,0,0,0
46780,94084968,0,0,0
46781,94086968,6,0,1
46782,94088968,1,0,1
46783,94090968,0,0,0
46784,94092968,2,0,1
46785,94094968,238,0,1
46786,94096968,849,1,1
46787,94098968,467,1,1
46788,94100968,0,1,0
46789,94102968,0,0,0
46790,94104968,0,0,0
46791,94106968,10,0,1
46792,94108968,0,0,0
46793,94110968,0,0,0
46794,94112968,0,0,0
46795,94114968,276,0,1
46796,94116968,887,1,1
46797,94118968,437,1,1
46798,94120968,0,1,0
46799,94122968,0,0,0
46800,94124968,0,0,0
46801,94126968,1,0,1
46802,94128968,0,0,0
46803,94130968,0,0,0
46804,94132968,1,0,1
46805,94134968,393,0,1
46806,94136968,1011,1,1
46807,94138968,523,1,1
46808,94140968,0,1,0
46809,94142968,0,0,0
46810,94144968,0,0,0
46811,94146968,3,0,1
46812,94148968,0,0,0
46813,94150968,0,0,0
46814,94152968,1,0,1
46815,94154968,235,0,1
46816,94156968,823,1,1
46817,94158968,284,1,1
46818,94160968,0,1,0
46819,94162968,1,0,1
46820,94164968,0,0,0
46821,94166968,3,0,1
46822,94168968,0,0,0
46823,94170968,1,0,1
46824,94172968,185,0,1
46825,94174968,751,0,1
46826,94176968,1383,1,1
46827,94178968,685,1,1
46828,94180968,0,1,0
46829,94182968,1,0,1
46830,94184968,0,0,0
46831,94186968,0,0,0
46832,94188968,0,0,0
46833,94190968,0,0,0
46834,94192968,2,0,1
46835,94194968,156,0,1
46836,94196968,696,1,1
46837,94198968,63,1,1
46838,94200968,1,1,1
46839,94202968,0,0,0
46840,94204968,0,0,0
46841,94206968,7,0,1
46842,94208968,0,0,0
46843,94210968,0,0,0
46844,94212968,1,0,1
46845,94214968,139,0,1
46846,94216968,659,1,1
46847,94218968,0,1,0
46848,94220968,0,1,0
46849,94222968,0,0,0
46850,94224968,0,0,0
46851,94226968,8,0,1
46852,94228968,0,0,0
46853,94230968,0,0,0
46854,94232968,153,0,1
46855,94234968,714,0,1
46856,94236968,1316,1,1
46857,94238968,523,1,1
46858,94240968,0,1,0
46859,94242968,0,0,0
46860,94244968,0,0,0
46861,94246968,6,0,1
46862,94248968,0,0,0
46863,94250968,1,0,1
46864,94252968,0,0,0
46865,94254968,237,0,1
46866,94256968,781,1,1
46867,94258968,16,1,1
46868,94260968,0,1,0
46869,94262968,0,0,0
46870,94264968,0,0,0
46871,94266968,3,0,1
46872,94268968,0,0,0
46873,94270968,0,0,0
46874,94272968,1,0,1
46875,94274968,409,0,1
46876,94276968,985,1,1
46877,94278968,181,1,1
46878,94280968,0,1,0
46879,94282968,0,0,0
46880,94284968,0,0,0
46881,94286968,0,0,0
46882,94288968,0,0,0
46883,94290968,0,0,0
46884,94292968,1,0,1
46885,94294968,223,0,1
46886,94296968,727,1,1
46887,94298968,0,1,0
46888,94300968,0,1,0
46889,94302968,1,0,1
46890,94304968,0,0,0
46891,94306968,0,0,0
46892,94308968,1,0,1
46893,94310968,0,0,0
46894,94312968,200,0,1
46895,94314968,780,0,1
46896,94316968,1325,1,1
46897,94318968,463,1,1
46898,94320968,0,1,0
46899,94322968,0,0,0
46900,94324968,0,0,0
46901,94326968,0,0,0
46902,94328968,0,0,0
46903,94330968,0,0,0
46904,94332968,1,0,1
46905,94334968,391,0,1
46906,94336968,877,1,1
46907,94338968,0,1,0
46908,94340968,1,1,1
46909,94342968,0,0,0
46910,94344968,0,0,0
46911,94346968,0,0,0
46912,94348968,1,0,1
46913,94350968,0,0,0
46914,94352968,1,0,1
46915,94354968,0,0,0
46916,94356968,47,1,1
46917,94358968,0,1,0
46918,94360968,0,1,0
46919,94362968,0,0,0
46920,94364968,0,0,0
46921,94366968,0,0,0
46922,94368968,0,0,0
46923,94370968,0,0,0
46924,94372968,0,0,0
46925,94374968,0,0,0
46926,94376968,189,1,1
46927,94378968,0,1,0
46928,94380968,0,1,0
46929,94382968,0,0,0
46930,94384968,0,0,0
46931,94386968,0,0,0
46932,94388968,0,0,0
46933,94390968,1,0,1
46934,94392968,0,0,0
46935,94394968,147,0,1
46936,94396968,553,1,1
46937,94398968,0,1,0
46938,94400968,0,1,0
46939,94402968,2,0,1
46940,94404968,0,0,0
46941,94406968,0,0,0
46942,94408968,0,0,0
46943,94410968,0,0,0
46944,94412968,1,0,1
46945,94414968,249,0,1
46946,94416968,681,1,1
46947,94418968,0,1,0
46948,94420968,0,1,0
46949,94422968,0,0,0
46950,94424968,0,0,0
46951,94426968,0,0,0
46952,94428968,0,0,0
46953,94430968,0,0,0
46954,94432968,0,0,0
46955,94434968,248,0,1
46956,94436968,653,1,1
46957,94438968,0,1,0
46958,94440968,0,1,0
46959,94442968,0,0,0
46960,94444968,0,0,0
46961,94446968,0,0,0
46962,94448968,0,0,0
46963,94450968,0,0,0
46964,94452968,331,0,1
46965,94454968,949,0,1
46966,94456968,1389,1,1
46967,94458968,319,1,1
46968,94460968,12,0,1
46969,94462968,0,0,0
46970,94464968,0,0,0
46971,94466968,0,0,0
46972,94468968,0,0,0
46973,94470968,0,0,0
46974,94472968,347,0,1
46975,94474968,953,0,1
46976,94476968,1355,1,1
46977,94478968,76,1,1
46978,94480968,0,0,0
46979,94482968,1,0,1
46980,94484968,0,0,0
46981,94486968,0,0,0
46982,94488968,0,0,0
46983,94490968,2,0,1
46984,94492968,0,0,0
46985,94494968,362,0,1
46986,94496968,739,1,1
46987,94498968,0,1,0
46988,94500968,0,0,0
46989,94502968,1,0,1
46990,94504968,3,0,1
46991,94506968,0,0,0
46992,94508968,0,0,0
46993,94510968,0,0,0
46994,94512968,0,0,0
46995,94514968,315,0,1
46996,94516968,635,1,1
46997,94518968,0,1,0
46998,94520968,0,0,0
46999,94522968,0,0,0
47000,94524968,2,0,1
47001,94526968,0,0,0
47002,94528968,0,0,0
47003,94530968,2,0,1
47004,94532968,269,0,1
47005,94534968,868,0,1
47006,94536968,1193,1,1
47007,94538968,0,1,0
47008,94540968,0,0,0
47009,94542968,0,0,0
47010,94544968,4,0,1
47011,94546968,0,0,0
47012,94548968,0,0,0
47013,94550968,0,0,0
47014,94552968,373,0,1
47015,94554968,1000,0,1
47016,94556968,1259,1,1
47017,94558968,0,1,0
47018,94560968,0,0,0
47019,94562968,0,0,0
47020,94564968,5,0,1
47021,94566968,0,0,0
47022,94568968,0,0,0
47023,94570968,0,0,0
47024,94572968,0,0,0
47025,94574968,284,0,1
47026,94576968,503,1,1
47027,94578968,0,1,0
47028,94580968,2,0,1
47029,94582968,0,0,0
47030,94584968,7,0,1
47031,94586968,0,0,0
47032,94588968,0,0,0
47033,94590968,2,0,1
47034,94592968,0,0,0
47035,94594968,277,0,1
47036,94596968,457,1,1
47037,94598968,0,1,0
47038,94600968,0,0,0
47039,94602968,0,0,0
47040,94604968,1,0,1
47041,94606968,0,0,0
47042,94608968,0,0,0
47043,94610968,0,0,0
47044,94612968,223,0,1
47045,94614968,808,0,1
47046,94616968,995,1,1
47047,94618968,0,1,0
47048,94620968,0,0,0
47049,94622968,1,0,1
47050,94624968,11,0,1
47051,94626968,0,0,0
47052,94628968,0,0,0
47053,94630968,0,0,0
47054,94632968,61,0,1
47055,94634968,565,0,1
47056,94636968,722,1,1
47057,94638968,0,1,0
47058,94640968,0,0,0
47059,94642968,1,0,1
47060,94644968,7,0,1
47061,94646968,0,0,0
47062,94648968,0,0,0
47063,94650968,0,0,0
47064,94652968,489,0,1
47065,94654968,1125,0,1
47066,94656968,1211,1,1
47067,94658968,0,1,0
47068,94660968,0,0,0
47069,94662968,0,0,0
47070,94664968,8,0,1
47071,94666968,0,0,0
47072,94668968,0,0,0
47073,94670968,0,0,0
47074,94672968,239,0,1
47075,94674968,840,0,1
47076,94676968,948,1,1
47077,94678968,0,1,0
47078,94680968,0,0,0
47079,94682968,0,0,0
47080,94684968,4,0,1
47081,94686968,0,0,0
47082,94688968,0,0,0
47083,94690968,0,0,0
47084,94692968,125,0,1
47085,94694968,650,0,1
47086,94696968,717,1,1
47087,94698968,0,1,0
47088,94700968,0,0,0
47089,94702968,0,0,0
47090,94704968,0,0,0
47091,94706968,0,0,0
47092,94708968,0,0,0
47093,94710968,0,0,0
47094,94712968,1,0,1
47095,94714968,266,0,1
47096,94716968,295,1,1
47097,94718968,0,1,0
47098,94720968,0,0,0
47099,94722968,0,0,0
47100,94724968,0,0,0
47101,94726968,0,0,0
47102,94728968,0,0,0
47103,94730968,0,0,0
47104,94732968,1,0,1
47105,94734968,311,0,1
47106,94736968,295,1,1
47107,94738968,0,1,0
47108,94740968,0,0,0
47109,94742968,0,0,0
47110,94744968,0,0,0
47111,94746968,1,0,1
47112,94748968,0,0,0
47113,94750968,0,0,0
47114,94752968,0,0,0
47115,94754968,360,0,1
47116,94756968,293,1,1
47117,94758968,0,1,0
47118,94760968,1,0,1
47119,94762968,0,0,0
47120,94764968,4,0,1
47121,94766968,0,0,0
47122,94768968,0,0,0
47123,94770968,0,0,0
47124,94772968,101,0,1
47125,94774968,627,0,1
47126,94776968,555,1,1
47127,94778968,0,1,0
47128,94780968,0,0,0
47129,94782968,0,0,0
47130,94784968,0,0,0
47131,94786968,0,0,0
47132,94788968,0,0,0
47133,94790968,0,0,0
47134,94792968,428,0,1
47135,94794968,1049,0,1
47136,94796968,895,1,1
47137,94798968,3,1,1
47138,94800968,0,0,0
47139,94802968,0,0,0
47140,94804968,0,0,0
47141,94806968,0,0,0
47142,94808968,0,0,0
47143,94810968,0,0,0
47144,94812968,0,0,0
47145,94814968,328,0,1
47146,94816968,152,1,1
47147,94818968,0,1,0
47148,94820968,0,0,0
47149,94822968,0,0,0
47150,94824968,0,0,0
47151,94826968,0,0,0
47152,94828968,0,0,0
47153,94830968,0,0,0
47154,94832968,469,0,1
47155,94834968,1081,0,1
47156,94836968,845,1,1
47157,94838968,0,1,0
47158,94840968,0,0,0
47159,94842968,0,0,0
47160,94844968,0,0,0
47161,94846968,1,0,1
47162,94848968,0,0,0
47163,94850968,0,0,0
47164,94852968,0,0,0
47165,94854968,329,0,1
47166,94856968,87,1,1
47167,94858968,0,1,0
47168,94860968,0,0,0
47169,94862968,0,0,0
47170,94864968,0,0,0
47171,94866968,0,0,0
47172,94868968,0,0,0
47173,94870968,0,0,0
47174,94872968,279,0,1
47175,94874968,878,1,1
47176,94876968,599,1,1
47177,94878968,0,1,0
47178,94880968,0,0,0
47179,94882968,0,0,0
47180,94884968,0,0,0
47181,94886968,0,0,0
47182,94888968,0,0,0
47183,94890968,0,0,0
47184,94892968,0,0,0
47185,94894968,363,1,1
47186,94896968,42,1,1
47187,94898968,0,1,0
47188,94900968,2,0,1
47189,94902968,0,0,0
47190,94904968,0,0,0
47191,94906968,0,0,0
47192,94908968,0,0,0
47193,94910968,0,0,0
47194,94912968,397,0,1
47195,94914968,1013,1,1
47196,94916968,635,1,1
47197,94918968,0,1,0
47198,94920968,0,0,0
47199,94922968,1,0,1
47200,94924968,0,0,0
47201,94926968,0,0,0
47202,94928968,0,0,0
47203,94930968,2,0,1
47204,94932968,477,0,1
47205,94934968,1115,1,1
47206,94936968,670,1,1
47207,94938968,0,1,0
47208,94940968,0,0,0
47209,94942968,0,0,0
47210,94944968,0,0,0
47211,94946968,0,0,0
47212,94948968,0,0,0
47213,94950968,1,0,1
47214,94952968,0,0,0
47215,94954968,408,1,1
47216,94956968,27,1,1
47217,94958968,0,1,0
47218,94960968,0,0,0
47219,94962968,1,0,1
47220,94964968,3,0,1
47221,94966968,0,0,0
47222,94968968,0,0,0
47223,94970968,0,0,0
47224,94972968,36,0,1
47225,94974968,519,1,1
47226,94976968,0,1,0
47227,94978968,2,1,1
47228,94980968,0,0,0
47229,94982968,0,0,0
47230,94984968,0,0,0
47231,94986968,0,0,0
47232,94988968,0,0,0
47233,94990968,0,0,0
47234,94992968,0,0,0
47235,94994968,0,1,0
47236,94996968,0,1,0
47237,94998968,0,1,0
47238,95000968,0,0,0
47239,95002968,0,0,0
47240,95004968,5,0,1
47241,95006968,0,0,0
47242,95008968,0,0,0
47243,95010968,0,0,0
47244,95012968,0,0,0
47245,95014968,17,1,1
47246,95016968,0,1,0
47247,95018968,0,1,0
47248,95020968,0,0,0
47249,95022968,0,0,0
47250,95024968,7,0,1
47251,95026968,0,0,0
47252,95028968,0,0,0
47253,95030968,0,0,0
47254,95032968,1,0,1
47255,95034968,136,1,1
47256,95036968,0,1,0
47257,95038968,0,1,0
47258,95040968,0,0,0
47259,95042968,1,0,1
47260,95044968,3,0,1
47261,95046968,0,0,0
47262,95048968,0,0,0
47263,95050968,0,0,0
47264,95052968,2,0,1
47265,95054968,333,1,1
47266,95056968,0,1,0
47267,95058968,0,1,0
47268,95060968,0,0,0
47269,95062968,0,0,0
47270,95064968,5,0,1
47271,95066968,0,0,0
47272,95068968,0,0,0
47273,95070968,0,0,0
47274,95072968,0,0,0
47275,95074968,393,1,1
47276,95076968,0,1,0
47277,95078968,0,1,0
47278,95080968,0,0,0
47279,95082968,2,0,1
47280,95084968,7,0,1
47281,95086968,0,0,0
47282,95088968,0,0,0
47283,95090968,0,0,0
47284,95092968,363,0,1
47285,95094968,949,1,1
47286,95096968,203,1,1
47287,95098968,0,1,0
47288,95100968,0,0,0
47289,95102968,0,0,0
47290,95104968,3,0,1
47291,95106968,0,0,0
47292,95108968,0,0,0
47293,95110968,212,0,1
47294,95112968,795,0,1
47295,95114968,1415,1,1
47296,95116968,505,1,1
47297,95118968,0,1,0
47298,95120968,0,0,0
47299,95122968,0,0,0
47300,95124968,8,0,1
47301,95126968,0,0,0
47302,95128968,0,0,0
47303,95130968,0,0,0
47304,95132968,249,0,1
47305,95134968,805,1,1
47306,95136968,136,1,1
47307,95138968,0,1,0
47308,95140968,0,0,0
47309,95142968,0,0,0
47310,95144968,5,0,1
47311,95146968,2,0,1
47312,95148968,0,0,0
47313,95150968,0,0,0
47314,95152968,230,0,1
47315,95154968,761,1,1
47316,95156968,0,1,0
47317,95158968,0,1,0
47318,95160968,0,0,0
47319,95162968,0,0,0
47320,95164968,5,0,1
47321,95166968,0,0,0
47322,95168968,0,0,0
47323,95170968,0,0,0
47324,95172968,13,0,1
47325,95174968,425,1,1
47326,95176968,0,1,0
47327,95178968,0,1,0
47328,95180968,0,0,0
47329,95182968,0,0,0
47330,95184968,0,0,0
47331,95186968,0,0,0
47332,95188968,0,0,0
47333,95190968,73,0,1
47334,95192968,587,0,1
47335,95194968,1140,1,1
47336,95196968,125,1,1
47337,95198968,1,1,1
47338,95200968,1,0,1
47339,95202968,0,0,0
47340,95204968,0,0,0
47341,95206968,0,0,0
47342,95208968,0,0,0
47343,95210968,0,0,0
47344,95212968,58,0,1
47345,95214968,472,1,1
47346,95216968,0,1,0
47347,95218968,0,1,0
47348,95220968,0,0,0
47349,95222968,0,0,0
47350,95224968,0,0,0
47351,95226968,0,0,0
47352,95228968,0,0,0
47353,95230968,0,0,0
47354,95232968,191,0,1
47355,95234968,647,1,1
47356,95236968,0,1,0
47357,95238968,0,1,0
47358,95240968,0,0,0
47359,95242968,1,0,1
47360,95244968,0,0,0
47361,95246968,0,0,0
47362,95248968,0,0,0
47363,95250968,51,0,1
47364,95252968,543,0,1
47365,95254968,1061,1,1
47366,95256968,0,1,0
47367,95258968,0,1,0
47368,95260968,0,0,0
47369,95262968,0,0,0
47370,95264968,0,0,0
47371,95266968,0,0,0
47372,95268968,0,0,0
47373,95270968,0,0,0
47374,95272968,83,0,1
47375,95274968,454,1,1
47376,95276968,0,1,0
47377,95278968,0,1,0
47378,95280968,0,0,0
47379,95282968,0,0,0
47380,95284968,0,0,0
47381,95286968,0,0,0
47382,95288968,0,0,0
47383,95290968,0,0,0
47384,95292968,24,0,1
47385,95294968,312,1,1
47386,95296968,1,1,1
47387,95298968,0,1,0
47388,95300968,0,0,0
47389,95302968,1,0,1
47390,95304968,0,0,0
47391,95306968,0,0,0
47392,95308968,0,0,0
47393,95310968,47,0,1
47394,95312968,541,0,1
47395,95314968,985,1,1
47396,95316968,0,1,0
47397,95318968,0,1,0
47398,95320968,0,0,0
47399,95322968,0,0,0
47400,95324968,0,0,0
47401,95326968,0,0,0
47402,95328968,0,0,0
47403,95330968,0,0,0
47404,95332968,3,0,1
47405,95334968,268,1,1
47406,95336968,0,1,0
47407,95338968,0,1,0
47408,95340968,0,0,0
47409,95342968,0,0,0
47410,95344968,0,0,0
47411,95346968,0,0,0
47412,95348968,0,0,0
47413,95350968,0,0,0
47414,95352968,0,0,0
47415,95354968,187,1,1
47416,95356968,0,1,0
47417,95358968,3,0,1
47418,95360968,0,0,0
47419,95362968,0,0,0
47420,95364968,0,0,0
47421,95366968,1,0,1
47422,95368968,0,0,0
47423,95370968,0,0,0
47424,95372968,0,0,0
47425,95374968,184,1,1
47426,95376968,0,1,0
47427,95378968,0,0,0
47428,95380968,0,0,0
47429,95382968,0,0,0
47430,95384968,0,0,0
47431,95386968,0,0,0
47432,95388968,0,0,0
47433,95390968,1,0,1
47434,95392968,41,0,1
47435,95394968,277,1,1
47436,95396968,0,1,0
47437,95398968,0,0,0
47438,95400968,0,0,0
47439,95402968,0,0,0
47440,95404968,2,0,1
47441,95406968,0,0,0
47442,95408968,1,0,1
47443,95410968,0,0,0
47444,95412968,355,0,1
47445,95414968,661,1,1
47446,95416968,0,1,0
47447,95418968,0,0,0
47448,95420968,0,0,0
47449,95422968,17,0,1
47450,95424968,0,0,0
47451,95426968,0,0,0
47452,95428968,0,0,0
47453,95430968,39,0,1
47454,95432968,541,0,1
47455,95434968,823,1,1
47456,95436968,0,1,0
47457,95438968,0,0,0
47458,95440968,0,0,0
47459,95442968,5,0,1
47460,95444968,0,0,0
47461,95446968,0,0,0
47462,95448968,1,0,1
47463,95450968,155,0,1
47464,95452968,715,0,1
47465,95454968,984,1,1
47466,95456968,0,1,0
47467,95458968,0,0,0
47468,95460968,0,0,0
47469,95462968,9,0,1
47470,95464968,0,0,0
47471,95466968,0,0,0
47472,95468968,0,0,0
47473,95470968,0,0,0
47474,95472968,189,0,1
47475,95474968,372,1,1
47476,95476968,0,1,0
47477,95478968,0,0,0
47478,95480968,3,0,1
47479,95482968,11,0,1
47480,95484968,1,0,1
47481,95486968,0,0,0
47482,95488968,0,0,0
47483,95490968,165,0,1
47484,95492968,729,0,1
47485,95494968,943,1,1
47486,95496968,0,1,0
47487,95498968,0,0,0
47488,95500968,0,0,0
47489,95502968,8,0,1
47490,95504968,0,0,0
47491,95506968,0,0,0
47492,95508968,0,0,0
47493,95510968,1,0,1
47494,95512968,253,0,1
47495,95514968,419,1,1
47496,95516968,0,1,0
47497,95518968,0,0,0
47498,95520968,0,0,0
47499,95522968,8,0,1
47500,95524968,0,0,0
47501,95526968,0,0,0
47502,95528968,0,0,0
47503,95530968,0,0,0
47504,95532968,203,0,1
47505,95534968,293,1,1
47506,95536968,0,1,0
47507,95538968,0,0,0
47508,95540968,0,0,0
47509,95542968,8,0,1
47510,95544968,1,0,1
47511,95546968,0,0,0
47512,95548968,0,0,0
47513,95550968,0,0,0
47514,95552968,139,0,1
47515,95554968,183,1,1
47516,95556968,0,1,0
47517,95558968,0,0,0
47518,95560968,1,0,1
47519,95562968,5,0,1
47520,95564968,0,0,0
47521,95566968,1,0,1
47522,95568968,0,0,0
47523,95570968,0,0,0
47524,95572968,252,0,1
47525,95574968,355,1,1
47526,95576968,0,1,0
47527,95578968,0,0,0
47528,95580968,0,0,0
47529,95582968,4,0,1
47530,95584968,0,0,0
47531,95586968,0,0,0
47532,95588968,0,0,0
47533,95590968,2,0,1
47534,95592968,407,0,1
47535,95594968,475,1,1
47536,95596968,0,1,0
47537,95598968,0,0,0
47538,95600968,0,0,0
47539,95602968,0,0,0
47540,95604968,0,0,0
47541,95606968,0,0,0
47542,95608968,0,0,0
47543,95610968,0,0,0
47544,95612968,283,0,1
47545,95614968,327,1,1
47546,95616968,0,1,0
47547,95618968,0,0,0
47548,95620968,0,0,0
47549,95622968,0,0,0
47550,95624968,0,0,0
47551,95626968,0,0,0
47552,95628968,0,0,0
47553,95630968,0,0,0
47554,95632968,359,0,1
47555,95634968,201,1,1
47556,95636968,0,1,0
47557,95638968,0,0,0
47558,95640968,0,0,0
47559,95642968,0,0,0
47560,95644968,0,0,0
47561,95646968,0,0,0
47562,95648968,0,0,0
47563,95650968,0,0,0
47564,95652968,0,0,0
47565,95654968,0,1,0
47566,95656968,0,1,0
47567,95658968,0,0,0
47568,95660968,0,0,0
47569,95662968,0,0,0
47570,95664968,0,0,0
47571,95666968,0,0,0
47572,95668968,0,0,0
47573,95670968,0,0,0
47574,95672968,276,0,1
47575,95674968,153,1,1
47576,95676968,0,1,0
47577,95678968,0,0,0
47578,95680968,0,0,0
47579,95682968,0,0,0
47580,95684968,0,0,0
47581,95686968,0,0,0
47582,95688968,0,0,0
47583,95690968,0,0,0
47584,95692968,265,0,1
47585,95694968,176,1,1
47586,95696968,0,1,0
47587,95698968,0,0,0
47588,95700968,0,0,0
47589,95702968,0,0,0
47590,95704968,0,0,0
47591,95706968,6,0,1
47592,95708968,0,0,0
47593,95710968,234,0,1
47594,95712968,815,0,1
47595,95714968,711,1,1
47596,95716968,0,1,0
47597,95718968,0,0,0
47598,95720968,0,0,0
47599,95722968,0,0,0
47600,95724968,0,0,0
47601,95726968,0,0,0
47602,95728968,0,0,0
47603,95730968,109,0,1
47604,95732968,647,0,1
47605,95734968,505,1,1
47606,95736968,0,1,0
47607,95738968,0,0,0
47608,95740968,0,0,0
47609,95742968,0,0,0
47610,95744968,0,0,0
47611,95746968,0,0,0
47612,95748968,1,0,1
47613,95750968,35,0,1
47614,95752968,495,0,1
47615,95754968,327,1,1
47616,95756968,0,1,0
47617,95758968,0,0,0
47618,95760968,0,0,0
47619,95762968,0,0,0
47620,95764968,0,0,0
47621,95766968,0,0,0
47622,95768968,0,0,0
47623,95770968,1,0,1
47624,95772968,440,1,1
47625,95774968,230,1,1
47626,95776968,0,1,0
47627,95778968,0,0,0
47628,95780968,0,0,0
47629,95782968,0,0,0
47630,95784968,0,0,0
47631,95786968,0,0,0
47632,95788968,77,0,1
47633,95790968,589,0,1
47634,95792968,1237,1,1
47635,95794968,902,1,1
47636,95796968,0,1,0
47637,95798968,0,0,0
47638,95800968,1,0,1
47639,95802968,0,0,0
47640,95804968,0,0,0
47641,95806968,0,0,0
47642,95808968,0,0,0
47643,95810968,37,0,1
47644,95812968,499,1,1
47645,95814968,206,1,1
47646,95816968,0,1,0
47647,95818968,0,0,0
47648,95820968,0,0,0
47649,95822968,0,0,0
47650,95824968,0,0,0
47651,95826968,0,0,0
47652,95828968,0,0,0
47653,95830968,53,0,1
47654,95832968,547,1,1
47655,95834968,204,1,1
47656,95836968,0,1,0
47657,95838968,0,0,0
47658,95840968,0,0,0
47659,95842968,1,0,1
47660,95844968,0,0,0
47661,95846968,0,0,0
47662,95848968,0,0,0
47663,95850968,39,0,1
47664,95852968,525,1,1
47665,95854968,229,1,1
47666,95856968,0,1,0
47667,95858968,0,0,0
47668,95860968,0,0,0
47669,95862968,0,0,0
47670,95864968,0,0,0
47671,95866968,1,0,1
47672,95868968,0,0,0
47673,95870968,212,0,1
47674,95872968,783,1,1
47675,95874968,304,1,1
47676,95876968,0,1,0
47677,95878968,0,0,0
47678,95880968,2,0,1
47679,95882968,3,0,1
47680,95884968,0,0,0
47681,95886968,0,0,0
47682,95888968,0,0,0
47683,95890968,2,0,1
47684,95892968,461,1,1
47685,95894968,0,1,0
47686,95896968,0,1,0
47687,95898968,0,0,0
47688,95900968,0,0,0
47689,95902968,1,0,1
47690,95904968,0,0,0
47691,95906968,0,0,0
47692,95908968,0,0,0
47693,95910968,2,0,1
47694,95912968,476,1,1
47695,95914968,0,1,0
47696,95916968,0,1,0
47697,95918968,0,0,0
47698,95920968,0,0,0
47699,95922968,9,0,1
47700,95924968,0,0,0
47701,95926968,1,0,1
47702,95928968,0,0,0
47703,95930968,0,0,0
47704,95932968,461,1,1
47705,95934968,0,1,0
47706,95936968,0,1,0
47707,95938968,0,0,0
47708,95940968,0,0,0
47709,95942968,6,0,1
47710,95944968,0,0,0
47711,95946968,1,0,1
47712,95948968,1,0,1
47713,95950968,0,0,0
47714,95952968,455,1,1
47715,95954968,0,1,0
47716,95956968,0,1,0
47717,95958968,0,0,0
47718,95960968,0,0,0
47719,95962968,1,0,1
47720,95964968,0,0,0
47721,95966968,0,0,0
47722,95968968,61,0,1
47723,95970968,571,0,1
47724,95972968,1206,1,1
47725,95974968,440,1,1
47726,95976968,0,1,0
47727,95978968,0,0,0
47728,95980968,0,0,0
47729,95982968,5,0,1
47730,95984968,0,0,0
47731,95986968,0,0,0
47732,95988968,0,0,0
47733,95990968,59,0,1
47734,95992968,553,1,1
47735,95994968,0,1,0
47736,95996968,0,1,0
47737,95998968,0,0,0
47738,96000968,0,0,0
47739,96002968,1,0,1
47740,96004968,0,0,0
47741,96006968,1,0,1
47742,96008968,261,0,1
47743,96010968,868,0,1
47744,96012968,1469,1,1
47745,96014968,557,1,1
47746,96016968,0,1,0
47747,96018968,0,0,0
47748,96020968,0,0,0
47749,96022968,5,0,1
47750,96024968,0,0,0
47751,96026968,0,0,0
47752,96028968,0,0,0
47753,96030968,75,0,1
47754,96032968,568,1,1
47755,96034968,0,1,0
47756,96036968,0,1,0
47757,96038968,0,0,0
47758,96040968,0,0,0
47759,96042968,9,0,1
47760,96044968,0,0,0
47761,96046968,1,0,1
47762,96048968,245,0,1
47763,96050968,846,0,1
47764,96052968,1437,1,1
47765,96054968,447,1,1
47766,96056968,0,1,0
47767,96058968,0,0,0
47768,96060968,0,0,0
47769,96062968,0,0,0
47770,96064968,0,0,0
47771,96066968,0,0,0
47772,96068968,0,0,0
47773,96070968,93,0,1
47774,96072968,558,1,1
47775,96074968,0,1,0
47776,96076968,0,1,0
47777,96078968,0,0,0
47778,96080968,0,0,0
47779,96082968,10,0,1
47780,96084968,0,0,0
47781,96086968,0,0,0
47782,96088968,170,0,1
47783,96090968,745,0,1
47784,96092968,1311,1,1
47785,96094968,308,1,1
47786,96096968,0,1,0
47787,96098968,0,0,0
47788,96100968,0,0,0
47789,96102968,0,0,0
47790,96104968,0,0,0
47791,96106968,0,0,0
47792,96108968,0,0,0
47793,96110968,148,0,1
47794,96112968,619,1,1
47795,96114968,0,1,0
47796,96116968,0,1,0
47797,96118968,0,0,0
47798,96120968,0,0,0
47799,96122968,0,0,0
47800,96124968,0,0,0
47801,96126968,1,0,1
47802,96128968,0,0,0
47803,96130968,149,0,1
47804,96132968,604,1,1
47805,96134968,0,1,0
47806,96136968,0,1,0
47807,96138968,0,0,0
47808,96140968,0,0,0
47809,96142968,0,0,0
47810,96144968,0,0,0
47811,96146968,0,0,0
47812,96148968,0,0,0
47813,96150968,138,0,1
47814,96152968,565,1,1
47815,96154968,0,1,0
47816,96156968,0,1,0
47817,96158968,0,0,0
47818,96160968,0,0,0
47819,96162968,1,0,1
47820,96164968,0,0,0
47821,96166968,0,0,0
47822,96168968,0,0,0
47823,96170968,142,0,1
47824,96172968,570,1,1
47825,96174968,0,1,0
47826,96176968,0,1,0
47827,96178968,0,0,0
47828,96180968,0,0,0
47829,96182968,0,0,0
47830,96184968,0,0,0
47831,96186968,0,0,0
47832,96188968,0,0,0
47833,96190968,330,0,1
47834,96192968,790,1,1
47835,96194968,0,1,0
47836,96196968,0,1,0
47837,96198968,0,0,0
47838,96200968,0,0,0
47839,96202968,0,0,0
47840,96204968,0,0,0
47841,96206968,0,0,0
47842,96208968,285,0,1
47843,96210968,880,0,1
47844,96212968,1318,1,1
47845,96214968,81,1,1
47846,96216968,0,1,0
47847,96218968,1,0,1
47848,96220968,0,0,0
47849,96222969,0,0,0
47850,96224968,0,0,0
47851,96226968,0,0,0
47852,96228968,0,0,0
47853,96230968,203,0,1
47854,96232968,599,1,1
47855,96234968,0,1,0
47856,96236968,0,1,0
47857,96238968,0,0,0
47858,96240968,0,0,0
47859,96242968,0,0,0
47860,96244968,0,0,0
47861,96246968,0,0,0
47862,96248968,0,0,0
47863,96250968,239,0,1
47864,96252968,631,1,1
47865,96254968,0,1,0
47866,96256968,0,1,0
47867,96258968,0,0,0
47868,96260968,0,0,0
47869,96262969,1,0,1
47870,96264968,0,0,0
47871,96266968,0,0,0
47872,96268968,0,0,0
47873,96270968,220,0,1
47874,96272968,589,1,1
47875,96274968,0,1,0
47876,96276968,3,0,1
47877,96278968,1,0,1
47878,96280968,0,0,0
47879,96282968,0,0,0
47880,96284968,0,0,0
47881,96286968,0,0,0
47882,96288968,0,0,0
47883,96290968,252,0,1
47884,96292968,597,1,1
47885,96294968,0,1,0
47886,96296968,0,0,0
47887,96298968,1,0,1
47888,96300968,0,0,0
47889,96302969,2,0,1
47890,96304968,0,0,0
47891,96306968,0,0,0
47892,96308968,0,0,0
47893,96310968,311,0,1
47894,96312968,538,1,1
47895,96314968,0,1,0
47896,96316968,0,0,0
47897,96318968,0,0,0
47898,96320968,3,0,1
47899,96322968,0,0,0
47900,96324968,0,0,0
47901,96326968,0,0,0
47902,96328968,2,0,1
47903,96330968,10,0,1
47904,96332968,0,1,0
47905,96334968,1,1,1
47906,96336968,0,0,0
47907,96338968,0,0,0
47908,96340968,11,0,1
47909,96342969,0,0,0
47910,96344968,0,0,0
47911,96346968,0,0,0
47912,96348968,0,0,0
47913,96350968,200,0,1
47914,96352968,470,1,1
47915,96354968,0,1,0
47916,96356968,0,0,0
47917,96358968,0,0,0
47918,96360968,2,0,1
47919,96362968,0,0,0
47920,96364968,0,0,0
47921,96366968,0,0,0
47922,96368968,42,0,1
47923,96370968,531,0,1
47924,96372968,823,1,1
47925,96374968,0,1,0
47926,96376968,0,0,0
47927,96378968,0,0,0
47928,96380968,3,0,1
47929,96382969,5,0,1
47930,96384968,0,0,0
47931,96386968,0,0,0
47932,96388968,0,0,0
47933,96390968,347,0,1
47934,96392968,595,1,1
47935,96394968,0,1,0
47936,96396968,0,0,0
47937,96398968,1,0,1
47938,96400968,5,0,1
47939,96402968,0,0,0
47940,96404968,0,0,0
47941,96406968,0,0,0
47942,96408968,0,0,0
47943,96410968,390,0,1
47944,96412968,657,1,1
47945,96414968,0,1,0
47946,96416968,0,0,0
47947,96418968,0,0,0
47948,96420968,1,0,1
47949,96422969,0,0,0
47950,96424968,0,0,0
47951,96426968,159,0,1
47952,96428968,740,0,1
47953,96430968,1390,0,1
47954,96432968,1494,1,1
47955,96434968,0,1,0
47956,96436968,0,0,0
47957,96438968,0,0,0
47958,96440968,7,0,1
47959,96442968,0,0,0
47960,96444968,0,0,0
47961,96446968,0,0,0
47962,96448968,279,0,1
47963,96450968,893,0,1
47964,96452968,1069,1,1
47965,96454968,0,1,0
47966,96456968,0,0,0
47967,96458968,0,0,0
47968,96460968,10,0,1
47969,96462969,3,0,1
47970,96464968,0,0,0
47971,96466968,1,0,1
47972,96468968,33,0,1
47973,96470968,519,0,1
47974,96472968,669,1,1
47975,96474968,0,1,0
47976,96476968,0,0,0
47977,96478968,3,0,1
47978,96480968,2,0,1
47979,96482968,0,0,0
47980,96484968,0,0,0
47981,96486968,1,0,1
47982,96488968,81,0,1
47983,96490968,597,0,1
47984,96492968,733,1,1
47985,96494968,0,1,0
47986,96496968,1,0,1
47987,96498968,0,0,0
47988,96500968,3,0,1
47989,96502969,1,0,1
47990,96504968,0,0,0
47991,96506968,233,0,1
47992,96508968,843,0,1
47993,96510968,1481,0,1
47994,96512968,1463,1,1
47995,96514968,0,1,0
47996,96516968,0,0,0
47997,96518968,0,0,0
47998,96520968,0,0,0
47999,96522968,0,0,0
48000,96524968,0,0,0
48001,96526968,57,0,1
48002,96528968,573,0,1
48003,96530968,1214,0,1
48004,96532968,1206,1,1
48005,96534968,0,1,0
48006,96536968,0,0,0
48007,96538968,0,0,0
48008,96540968,0,0,0
48009,96542969,0,0,0
48010,96544968,0,0,0
48011,96546968,0,0,0
48012,96548968,31,0,1
48013,96550968,495,0,1
48014,96552968,535,1,1
48015,96554968,0,1,0
48016,96556968,0,0,0
48017,96558968,0,0,0
48018,96560968,0,0,0
48019,96562968,0,0,0
48020,96564968,0,0,0
48021,96566968,0,0,0
48022,96568968,25,0,1
48023,96570968,489,0,1
48024,96572968,491,1,1
48025,96574968,0,1,0
48026,96576968,0,0,0
48027,96578968,0,0,0
48028,96580968,3,0,1
48029,96582969,0,0,0
48030,96584968,0,0,0
48031,96586968,0,0,0
48032,96588968,28,0,1
48033,96590968,491,0,1
48034,96592968,453,1,1
48035,96594968,0,1,0
48036,96596968,0,0,0
48037,96598968,0,0,0
48038,96600968,0,0,0
48039,96602968,0,0,0
48040,96604968,1,0,1
48041,96606968,0,0,0
48042,96608968,52,0,1
48043,96610968,532,0,1
48044,96612968,442,1,1
48045,96614968,0,1,0
48046,96616968,0,0,0
48047,96618968,0,0,0
48048,96620968,0,0,0
48049,96622969,0,0,0
48050,96624968,0,0,0
48051,96626968,0,0,0
48052,96628968,44,0,1
48053,96630968,532,0,1
48054,96632968,415,1,1
48055,96634968,0,1,0
48056,96636968,0,0,0
48057,96638968,0,0,0
48058,96640968,0,0,0
48059,96642968,0,0,0
48060,96644968,0,0,0
48061,96646968,0,0,0
48062,96648968,422,0,1
48063,96650968,1030,0,1
48064,96652968,874,1,1
48065,96654968,0,1,0
48066,96656968,0,0,0
48067,96658968,0,0,0
48068,96660968,3,0,1
48069,96662969,0,0,0
48070,96664968,0,0,0
48071,96666968,51,0,1
48072,96668968,557,0,1
48073,96670968,1179,1,1
48074,96672968,943,1,1
48075,96674968,0,1,0
48076,96676968,0,0,0
48077,96678968,3,0,1
48078,96680968,0,0,0
48079,96682968,0,0,0
48080,96684968,0,0,0
48081,96686968,0,0,0
48082,96688968,169,0,1
48083,96690968,726,1,1
48084,96692968,535,1,1
48085,96694968,1,1,1
48086,96696968,0,0,0
48087,96698968,0,0,0
48088,96700968,0,0,0
48089,96702969,0,0,0
48090,96704968,0,0,0
48091,96706968,159,0,1
48092,96708968,740,0,1
48093,96710968,1377,1,1
48094,96712968,1033,1,1
48095,96714968,0,1,0
48096,96716968,0,0,0
48097,96718968,0,0,0
48098,96720968,1,0,1
48099,96722968,3,0,1
48100,96724968,0,0,0
48101,96726968,61,0,1
48102,96728968,572,0,1
48103,96730968,1197,1,1
48104,96732968,843,1,1
48105,96734968,0,1,0
48106,96736968,1,0,1
48107,96738968,0,0,0
48108,96740968,0,0,0
48109,96742969,1,0,1
48110,96744968,0,0,0
48111,96746968,0,0,0
48112,96748968,139,0,1
48113,96750968,693,1,1
48114,96752968,374,1,1
48115,96754968,0,1,0
48116,96756968,0,0,0
48117,96758968,0,0,0
48118,96760968,0,0,0
48119,96762968,0,0,0
48120,96764968,0,0,0
48121,96766968,0,0,0
48122,96768968,160,0,1
48123,96770968,724,1,1
48124,96772968,373,1,1
48125,96774968,0,1,0
48126,96776968,0,0,0
48127,96778968,0,0,0
48128,96780968,0,0,0
48129,96782969,0,0,0
48130,96784968,0,0,0
48131,96786968,1,0,1
48132,96788968,206,0,1
48133,96790968,777,1,1
48134,96792968,389,1,1
48135,96794968,0,1,0
48136,96796968,0,0,0
48137,96798968,0,0,0
48138,96800968,0,0,0
48139,96802968,0,0,0
48140,96804968,0,0,0
48141,96806968,0,0,0
48142,96808968,159,0,1
48143,96810968,718,1,1
48144,96812968,271,1,1
48145,96814968,0,1,0
48146,96816968,0,0,0
48147,96818968,0,0,0
48148,96820968,0,0,0
48149,96822969,0,0,0
48150,96824968,1,0,1
48151,96826968,201,0,1
48152,96828968,791,0,1
48153,96830968,1437,1,1
48154,96832968,791,1,1
48155,96834968,0,1,0
48156,96836968,0,0,0
48157,96838968,0,0,0
48158,96840968,13,0,1
48159,96842968,0,0,0
48160,96844968,0,0,0
48161,96846968,0,0,0
48162,96848968,427,0,1
48163,96850968,1049,1,1
48164,96852968,491,1,1
48165,96854968,0,1,0
48166,96856968,0,0,0
48167,96858968,0,0,0
48168,96860968,3,0,1
48169,96862969,4,0,1
48170,96864968,0,0,0
48171,96866968,379,0,1
48172,96868968,1013,0,1
48173,96870968,1627,1,1
48174,96872968,868,1,1
48175,96874968,0,1,0
48176,96876968,5,0,1
48177,96878968,2,0,1
48178,96880968,4,0,1
48179,96882968,1,0,1
48180,96884968,0,0,0
48181,96886968,0,0,0
48182,96888968,211,0,1
48183,96890968,793,1,1
48184,96892968,201,1,1
48185,96894968,0,1,0
48186,96896968,0,0,0
48187,96898968,0,0,0
48188,96900968,3,0,1
48189,96902969,0,0,0
48190,96904968,0,0,0
48191,96906968,0,0,0
48192,96908968,262,0,1
48193,96910968,831,1,1
48194,96912968,307,1,1
48195,96914968,0,1,0
48196,96916968,3,0,1
48197,96918968,0,0,0
48198,96920968,4,0,1
48199,96922968,0,0,0
48200,96924968,0,0,0
48201,96926968,341,0,1
48202,96928968,967,0,1
48203,96930968,1559,1,1
48204,96932968,747,1,1
48205,96934968,0,1,0
48206,96936968,0,0,0
48207,96938968,1,0,1
48208,96940968,5,0,1
48209,96942969,2,0,1
48210,96944968,0,0,0
48211,96946968,0,0,0
48212,96948968,277,0,1
48213,96950968,853,1,1
48214,96952968,155,1,1
48215,96954968,0,1,0
48216,96956968,0,0,0
48217,96958968,0,0,0
48218,96960968,6,0,1
48219,96962968,0,0,0
48220,96964968,0,0,0
48221,96966968,285,0,1
48222,96968968,895,0,1
48223,96970968,1469,1,1
48224,96972968,77,1,1
48225,96974968,0,1,0
48226,96976968,0,0,0
48227,96978968,0,0,0
48228,96980968,1,0,1
48229,96982969,6,0,1
48230,96984968,0,0,0
48231,96986968,0,0,0
48232,96988968,0,0,0
48233,96990968,107,1,1
48234,96992968,0,1,0
48235,96994968,0,1,0
48236,96996968,0,0,0
48237,96998968,0,0,0
48238,97000968,5,0,1
48239,97002968,0,0,0
48240,97004968,0,0,0
48241,97006968,0,0,0
48242,97008968,172,0,1
48243,97010968,680,1,1
48244,97012968,0,1,0
48245,97014968,0,1,0
48246,97016968,0,0,0
48247,97018968,0,0,0
48248,97020968,0,0,0
48249,97022969,3,0,1
48250,97024968,1,0,1
48251,97026968,0,0,0
48252,97028968,277,0,1
48253,97030968,791,1,1
48254,97032968,12,1,1
48255,97034968,4,1,1
48256,97036968,0,0,0
48257,97038968,0,0,0
48258,97040968,0,0,0
48259,97042968,0,0,0
48260,97044968,0,0,0
48261,97046968,203,0,1
48262,97048968,781,0,1
48263,97050968,1309,1,1
48264,97052968,395,1,1
48265,97054968,0,1,0
48266,97056968,0,0,0
48267,97058968,0,0,0
48268,97060968,0,0,0
48269,97062969,3,0,1
48270,97064968,0,0,0
48271,97066968,55,0,1
48272,97068968,547,0,1
48273,97070968,1055,1,1
48274,97072968,180,1,1
48275,97074968,0,1,0
48276,97076968,0,0,0
48277,97078968,0,0,0
48278,97080968,0,0,0
48279,97082968,0,0,0
48280,97084968,0,0,0
48281,97086968,0,0,0
48282,97088968,444,0,1
48283,97090968,956,1,1
48284,97092968,83,1,1
48285,97094968,0,1,0
48286,97096968,1,0,1
48287,97098968,0,0,0
48288,97100968,0,0,0
48289,97102969,4,0,1
48290,97104968,53,0,1
48291,97106968,585,0,1
48292,97108968,1237,0,1
48293,97110968,1660,1,1
48294,97112968,535,1,1
48295,97114968,0,1,0
48296,97116968,0,0,0
48297,97118968,0,0,0
48298,97120968,0,0,0
48299,97122968,1,0,1
48300,97124968,0,0,0
48301,97126968,329,0,1
48302,97128968,953,0,1
48303,97130968,1414,1,1
48304,97132968,335,1,1
48305,97134968,0,1,0
48306,97136968,0,0,0
48307,97138968,0,0,0
48308,97140968,0,0,0
48309,97142969,3,0,1
48310,97144968,0,0,0
48311,97146968,19,0,1
48312,97148968,485,0,1
48313,97150968,951,1,1
48314,97152968,0,1,0
48315,97154968,0,0,0
48316,97156968,0,0,0
48317,97158968,0,0,0
48318,97160968,0,0,0
48319,97162968,0,0,0
48320,97164968,0,0,0
48321,97166968,40,0,1
48322,97168968,524,0,1
48323,97170968,959,1,1
48324,97172968,0,1,0
48325,97174968,0,0,0
48326,97176968,0,0,0
48327,97178968,0,0,0
48328,97180968,0,0,0
48329,97182969,2,0,1
48330,97184968,0,0,0
48331,97186968,8,0,1
48332,97188968,474,0,1
48333,97190968,904,1,1
48334,97192968,0,1,0
48335,97194968,0,0,0
48336,97196968,0,0,0
48337,97198968,0,0,0
48338,97200968,0,0,0
48339,97202968,0,0,0
48340,97204968,0,0,0
48341,97206968,327,0,1
48342,97208968,938,0,1
48343,97210968,1319,1,1
48344,97212968,103,1,1
48345,97214968,0,0,0
48346,97216968,0,0,0
48347,97218968,0,0,0
48348,97220968,0,0,0
48349,97222969,0,0,0
48350,97224968,31,0,1
48351,97226968,543,0,1
48352,97228968,1183,0,1
48353,97230968,1503,1,1
48354,97232968,179,1,1
48355,97234968,0,0,0
48356,97236968,0,0,0
48357,97238968,1,0,1
48358,97240968,0,0,0
48359,97242968,1,0,1
48360,97244968,3,0,1
48361,97246968,499,0,1
48362,97248968,1158,0,1
48363,97250968,1427,1,1
48364,97252968,104,1,1
48365,97254968,1,0,1
48366,97256968,0,0,0
48367,97258968,6,0,1
48368,97260968,0,0,0
48369,97262969,0,0,0
48370,97264968,0,0,0
48371,97266968,63,0,1
48372,97268968,579,0,1
48373,97270968,907,1,1
48374,97272968,0,1,0
48375,97274968,0,0,0
48376,97276968,0,0,0
48377,97278968,7,0,1
48378,97280968,0,0,0
48379,97282968,0,0,0
48380,97284968,0,0,0
48381,97286968,77,0,1
48382,97288968,599,0,1
48383,97290968,907,1,1
48384,97292968,0,1,0
48385,97294968,0,0,0
48386,97296968,0,0,0
48387,97298968,10,0,1
48388,97300968,0,0,0
48389,97302969,0,0,0
48390,97304968,0,0,0
48391,97306968,84,0,1
48392,97308968,605,0,1
48393,97310968,885,1,1
48394,97312968,0,1,0
48395,97314968,0,0,0
48396,97316968,0,0,0
48397,97318968,3,0,1
48398,97320968,0,0,0
48399,97322968,0,0,0
48400,97324968,0,0,0
48401,97326968,101,0,1
48402,97328968,635,0,1
48403,97330968,885,1,1
48404,97332968,0,1,0
48405,97334968,0,0,0
48406,97336968,0,0,0
48407,97338968,4,0,1
48408,97340968,0,0,0
48409,97342969,1,0,1
48410,97344968,0,0,0
48411,97346968,173,0,1
48412,97348968,748,0,1
48413,97350968,1019,1,1
48414,97352968,0,1,0
48415,97354968,0,0,0
48416,97356968,0,0,0
48417,97358968,3,0,1
48418,97360968,0,0,0
48419,97362968,0,0,0
48420,97364968,211,0,1
48421,97366968,819,0,1
48422,97368968,1469,0,1
48423,97370968,1559,1,1
48424,97372968,53,1,1
48425,97374968,0,0,0
48426,97376968,0,0,0
48427,97378968,3,0,1
48428,97380968,0,0,0
48429,97382969,0,0,0
48430,97384968,0,0,0
48431,97386968,171,0,1
48432,97388968,741,0,1
48433,97390968,909,1,1
48434,97392968,0,1,0
48435,97394968,0,0,0
48436,97396968,0,0,0
48437,97398968,2,0,1
48438,97400968,0,0,0
48439,97402968,1,0,1
48440,97404968,0,0,0
48441,97406968,151,0,1
48442,97408968,712,0,1
48443,97410968,857,1,1
48444,97412968,0,1,0
48445,97414968,0,0,0
48446,97416968,0,0,0
48447,97418968,6,0,1
48448,97420968,0,0,0
48449,97422969,0,0,0
48450,97424968,148,0,1
48451,97426968,717,0,1
48452,97428968,1363,0,1
48453,97430968,1399,1,1
48454,97432968,1,1,1
48455,97434968,0,0,0
48456,97436968,0,0,0
48457,97438968,0,0,0
48458,97440968,0,0,0
48459,97442968,2,0,1
48460,97444968,0,0,0
48461,97446968,211,0,1
48462,97448968,787,0,1
48463,97450968,891,1,1
48464,97452968,1,1,1
48465,97454968,0,0,0
48466,97456968,1,0,1
48467,97458968,0,0,0
48468,97460968,0,0,0
48469,97462969,0,0,0
48470,97464968,0,0,0
48471,97466968,377,0,1
48472,97468968,997,0,1
48473,97470968,1097,1,1
48474,97472968,0,1,0
48475,97474968,0,0,0
48476,97476968,1,0,1
48477,97478968,0,0,0
48478,97480968,0,0,0
48479,97482968,0,0,0
48480,97484968,0,0,0
48481,97486968,392,0,1
48482,97488968,1015,0,1
48483,97490968,1045,1,1
48484,97492968,1,1,1
48485,97494968,1,0,1
48486,97496968,1,0,1
48487,97498968,5,0,1
48488,97500968,0,0,0
48489,97502969,1,0,1
48490,97504968,0,0,0
48491,97506968,253,0,1
48492,97508968,855,0,1
48493,97510968,867,1,1
48494,97512968,0,1,0
48495,97514968,0,0,0
48496,97516968,0,0,0
48497,97518968,0,0,0
48498,97520968,0,0,0
48499,97522968,0,0,0
48500,97524968,0,0,0
48501,97526968,295,0,1
48502,97528968,896,0,1
48503,97530968,861,1,1
48504,97532968,0,1,0
48505,97534968,0,0,0
48506,97536968,0,0,0
48507,97538968,0,0,0
48508,97540968,0,0,0
48509,97542969,0,0,0
48510,97544968,0,0,0
48511,97546968,239,0,1
48512,97548968,841,0,1
48513,97550968,793,1,1
48514,97552968,0,1,0
48515,97554968,0,0,0
48516,97556968,0,0,0
48517,97558968,1,0,1
48518,97560968,0,0,0
48519,97562968,0,0,0
48520,97564968,161,0,1
48521,97566968,729,0,1
48522,97568968,1384,0,1
48523,97570968,1231,1,1
48524,97572968,0,1,0
48525,97574968,1,0,1
48526,97576968,0,0,0
48527,97578968,3,0,1
48528,97580968,0,0,0
48529,97582969,0,0,0
48530,97584968,462,0,1
48531,97586968,1114,0,1
48532,97588968,1727,1,1
48533,97590968,1159,1,1
48534,97592968,0,1,0
48535,97594968,0,0,0
48536,97596968,0,0,0
48537,97598968,0,0,0
48538,97600968,0,0,0
48539,97602968,0,0,0
48540,97604968,0,0,0
48541,97606968,442,0,1
48542,97608968,1071,1,1
48543,97610968,797,1,1
48544,97612968,1,1,1
48545,97614968,0,0,0
48546,97616968,0,0,0
48547,97618968,1,0,1
48548,97620968,0,0,0
48549,97622969,3,0,1
48550,97624968,4,0,1
48551,97626968,430,0,1
48552,97628968,1061,1,1
48553,97630968,866,1,1
48554,97632968,0,1,0
48555,97634968,0,0,0
48556,97636968,0,0,0
48557,97638968,0,0,0
48558,97640968,0,0,0
48559,97642968,0,0,0
48560,97644968,334,0,1
48561,97646968,957,0,1
48562,97648968,1593,1,1
48563,97650968,1304,1,1
48564,97652968,3,1,1
48565,97654968,0,0,0
48566,97656968,0,0,0
48567,97658968,0,0,0
48568,97660968,0,0,0
48569,97662969,2,0,1
48570,97664968,84,0,1
48571,97666968,603,0,1
48572,97668968,1252,1,1
48573,97670968,967,1,1
48574,97672968,0,1,0
48575,97674968,0,0,0
48576,97676968,0,0,0
48577,97678968,0,0,0
48578,97680968,0,0,0
48579,97682968,0,0,0
48580,97684968,31,0,1
48581,97686968,496,0,1
48582,97688968,1145,1,1
48583,97690968,873,1,1
48584,97692968,0,1,0
48585,97694968,0,0,0
48586,97696968,0,0,0
48587,97698968,0,0,0
48588,97700968,0,0,0
48589,97702969,4,0,1
48590,97704968,393,0,1
48591,97706968,1031,0,1
48592,97708968,1639,1,1
48593,97710968,1167,1,1
48594,97712968,0,1,0
48595,97714968,0,0,0
48596,97716968,0,0,0
48597,97718968,0,0,0
48598,97720968,0,0,0
48599,97722968,47,0,1
48600,97724968,574,0,1
48601,97726968,1240,0,1
48602,97728968,1811,1,1
48603,97730968,1257,1,1
48604,97732968,0,1,0
48605,97734968,0,0,0
48606,97736968,0,0,0
48607,97738968,3,0,1
48608,97740968,0,0,0
48609,97742969,0,0,0
48610,97744968,0,0,0
48611,97746968,405,0,1
48612,97748968,1047,1,1
48613,97750968,691,1,1
48614,97752968,0,1,0
48615,97754968,0,0,0
48616,97756968,0,0,0
48617,97758968,5,0,1
48618,97760968,0,0,0
48619,97762968,0,0,0
48620,97764968,59,0,1
48621,97766968,570,0,1
48622,97768968,1207,1,1
48623,97770968,794,1,1
48624,97772968,0,1,0
48625,97774968,0,0,0
48626,97776968,1,0,1
48627,97778968,0,0,0
48628,97780968,0,0,0
48629,97782969,4,0,1
48630,97784968,71,0,1
48631,97786968,585,0,1
48632,97788968,1211,1,1
48633,97790968,731,1,1
48634,97792968,2,1,1
48635,97794968,0,0,0
48636,97796968,0,0,0
48637,97798968,7,0,1
48638,97800968,0,0,0
48639,97802968,25,0,1
48640,97804968,537,0,1
48641,97806968,1195,0,1
48642,97808968,1780,1,1
48643,97810968,1080,1,1
48644,97812968,1,1,1
48645,97814968,0,0,0
48646,97816968,0,0,0
48647,97818968,6,0,1
48648,97820968,0,0,0
48649,97822969,3,0,1
48650,97824968,54,0,1
48651,97826968,559,0,1
48652,97828968,1177,1,1
48653,97830968,587,1,1
48654,97832968,0,1,0
48655,97834968,0,0,0
48656,97836968,0,0,0
48657,97838968,7,0,1
48658,97840968,0,0,0
48659,97842968,73,0,1
48660,97844968,615,0,1
48661,97846968,1269,0,1
48662,97848968,1813,1,1
48663,97850968,989,1,1
48664,97852968,0,1,0
48665,97854968,0,0,0
48666,97856968,1,0,1
48667,97858968,7,0,1
48668,97860968,0,0,0
48669,97862969,9,0,1
48670,97864968,520,0,1
48671,97866968,1161,0,1
48672,97868968,1727,1,1
48673,97870968,917,1,1
48674,97872968,3,1,1
48675,97874968,0,0,0
48676,97876968,1,0,1
48677,97878968,0,0,0
48678,97880968,0,0,0
48679,97882968,0,0,0
48680,97884968,221,0,1
48681,97886968,820,0,1
48682,97888968,1427,1,1
48683,97890968,703,1,1
48684,97892968,0,1,0
48685,97894968,0,0,0
48686,97896968,0,0,0
48687,97898968,5,0,1
48688,97900968,0,0,0
48689,97902969,26,0,1
48690,97904968,529,0,1
48691,97906968,1177,0,1
48692,97908968,1709,1,1
48693,97910968,841,1,1
48694,97912968,1,1,1
48695,97914968,0,0,0
48696,97916968,0,0,0
48697,97918968,2,0,1
48698,97920968,0,0,0
48699,97922968,2,0,1
48700,97924968,325,0,1
48701,97926968,943,0,1
48702,97928968,1495,1,1
48703,97930968,695,1,1
48704,97932968,2,1,1
48705,97934968,0,0,0
48706,97936968,0,0,0
48707,97938968,0,0,0
48708,97940968,0,0,0
48709,97942969,3,0,1
48710,97944968,99,0,1
48711,97946968,630,0,1
48712,97948968,1184,1,1
48713,97950968,439,1,1
48714,97952968,3,1,1
48715,97954968,0,0,0
48716,97956968,0,0,0
48717,97958968,0,0,0
48718,97960968,0,0,0
48719,97962968,0,0,0
48720,97964968,371,0,1
48721,97966968,999,0,1
48722,97968968,1507,1,1
48723,97970968,623,1,1
48724,97972968,0,1,0
48725,97974968,0,0,0
48726,97976968,0,0,0
48727,97978968,0,0,0
48728,97980968,0,0,0
48729,97982969,1,0,1
48730,97984968,54,0,1
48731,97986968,553,0,1
48732,97988968,1084,1,1
48733,97990968,279,1,1
48734,97992968,0,1,0
48735,97994968,0,0,0
48736,97996968,0,0,0
48737,97998968,0,0,0
48738,98000968,0,0,0
48739,98002968,0,0,0
48740,98004968,133,0,1
48741,98006968,675,0,1
48742,98008968,1192,1,1
48743,98010968,343,1,1
48744,98012968,0,1,0
48745,98014968,0,0,0
48746,98016968,0,0,0
48747,98018968,0,0,0
48748,98020968,0,0,0
48749,98022969,0,0,0
48750,98024968,163,0,1
48751,98026968,724,0,1
48752,98028968,1209,1,1
48753,98030968,335,1,1
48754,98032968,0,1,0
48755,98034968,0,0,0
48756,98036968,0,0,0
48757,98038968,0,0,0
48758,98040968,0,0,0
48759,98042968,0,0,0
48760,98044968,139,0,1
48761,98046968,685,0,1
48762,98048968,1157,1,1
48763,98050968,220,1,1
48764,98052968,0,1,0
48765,98054968,0,0,0
48766,98056968,1,0,1
48767,98058968,0,0,0
48768,98060968,0,0,0
48769,98062969,237,0,1
48770,98064968,850,0,1
48771,98066968,1499,0,1
48772,98068968,1843,1,1
48773,98070968,652,1,1
48774,98072968,0,0,0
48775,98074968,0,0,0
48776,98076968,0,0,0
48777,98078968,0,0,0
48778,98080968,0,0,0
48779,98082968,45,0,1
48780,98084968,553,0,1
48781,98086968,1193,0,1
48782,98088968,1583,1,1
48783,98090968,452,1,1
48784,98092968,0,0,0
48785,98094968,0,0,0
48786,98096968,0,0,0
48787,98098968,0,0,0
48788,98100968,0,0,0
48789,98102969,0,0,0
48790,98104968,248,0,1
48791,98106968,845,0,1
48792,98108968,1260,1,1
48793,98110968,249,1,1
48794,98112968,0,0,0
48795,98114968,0,0,0
48796,98116968,0,0,0
48797,98118968,0,0,0
48798,98120968,0,0,0
48799,98122968,0,0,0
48800,98124968,213,0,1
48801,98126968,794,0,1
48802,98128968,1191,1,1
48803,98130968,136,1,1
48804,98132968,0,0,0
48805,98134968,0,0,0
48806,98136968,1,0,1
48807,98138968,0,0,0
48808,98140968,0,0,0
48809,98142969,4,0,1
48810,98144968,375,0,1
48811,98146968,1001,0,1
48812,98148968,1392,1,1
48813,98150968,455,1,1
48814,98152968,2,0,1
48815,98154968,0,0,0
48816,98156968,14,0,1
48817,98158968,0,0,0
48818,98160968,0,0,0
48819,98162968,1,0,1
48820,98164968,467,0,1
48821,98166968,1111,0,1
48822,98168968,1417,1,1
48823,98170968,234,1,1
48824,98172968,0,0,0
48825,98174968,0,0,0
48826,98176968,1,0,1
48827,98178968,0,0,0
48828,98180968,0,0,0
48829,98182969,0,0,0
48830,98184968,239,0,1
48831,98186968,831,0,1
48832,98188968,1171,1,1
48833,98190968,61,1,1
48834,98192968,0,1,0
48835,98194968,0,0,0
48836,98196968,3,0,1
48837,98198968,1,0,1
48838,98200968,0,0,0
48839,98202968,3,0,1
48840,98204968,239,0,1
48841,98206968,842,0,1
48842,98208968,1191,1,1
48843,98210968,205,1,1
48844,98212968,7,0,1
48845,98214968,0,0,0
48846,98216968,10,0,1
48847,98218968,1,0,1
48848,98220968,8,0,1
48849,98222969,504,0,1
48850,98224968,1176,0,1
48851,98226968,1799,0,1
48852,98228968,1661,1,1
48853,98230968,0,1,0
48854,98232968,0,0,0
48855,98234968,4,0,1
48856,98236968,4,0,1
48857,98238968,1,0,1
48858,98240968,0,0,0
48859,98242968,0,0,0
48860,98244968,2,0,1
48861,98246968,351,0,1
48862,98248968,536,1,1
48863,98250968,1,1,1
48864,98252968,0,0,0
48865,98254968,0,0,0
48866,98256968,8,0,1
48867,98258968,0,0,0
48868,98260968,0,0,0
48869,98262969,3,0,1
48870,98264968,115,0,1
48871,98266968,649,0,1
48872,98268968,885,1,1
48873,98270968,0,1,0
48874,98272968,0,0,0
48875,98274968,2,0,1
48876,98276968,12,0,1
48877,98278968,0,0,0
48878,98280968,2,0,1
48879,98282968,0,0,0
48880,98284968,280,0,1
48881,98286968,887,0,1
48882,98288968,1087,1,1
48883,98290968,0,1,0
48884,98292968,3,0,1
48885,98294968,0,0,0
48886,98296968,7,0,1
48887,98298968,0,0,0
48888,98300968,0,0,0
48889,98302969,0,0,0
48890,98304968,277,0,1
48891,98306968,888,0,1
48892,98308968,1065,1,1
48893,98310968,0,1,0
48894,98312968,2,0,1
48895,98314968,0,0,0
48896,98316968,8,0,1
48897,98318968,0,0,0
48898,98320968,0,0,0
48899,98322968,3,0,1
48900,98324968,314,0,1
48901,98326968,925,0,1
48902,98328968,1129,1,1
48903,98330968,10,1,1
48904,98332968,0,0,0
48905,98334968,0,0,0
48906,98336968,0,0,0
48907,98338968,1,0,1
48908,98340968,0,0,0
48909,98342969,2,0,1
48910,98344968,471,0,1
48911,98346968,1106,0,1
48912,98348968,1207,1,1
48913,98350968,0,1,0
48914,98352968,0,0,0
48915,98354968,0,0,0
48916,98356968,0,0,0
48917,98358968,0,0,0
48918,98360968,0,0,0
48919,98362968,79,0,1
48920,98364968,605,0,1
48921,98366968,1243,0,1
48922,98368968,1293,1,1
48923,98370968,0,1,0
48924,98372968,2,0,1
48925,98374968,0,0,0
48926,98376968,0,0,0
48927,98378968,0,0,0
48928,98380968,0,0,0
48929,98382969,209,0,1
48930,98384968,805,0,1
48931,98386968,1449,0,1
48932,98388968,1428,1,1
48933,98390968,7,1,1
48934,98392968,0,0,0
48935,98394968,0,0,0
48936,98396968,0,0,0
48937,98398968,0,0,0
48938,98400968,0,0,0
48939,98402968,0,0,0
48940,98404968,391,0,1
48941,98406968,1019,0,1
48942,98408968,1076,1,1
48943,98410968,0,1,0
48944,98412968,0,0,0
48945,98414968,0,0,0
48946,98416968,0,0,0
48947,98418968,0,0,0
48948,98420968,0,0,0
48949,98422969,199,0,1
48950,98424968,795,0,1
48951,98426968,1435,0,1
48952,98428968,1337,1,1
48953,98430968,0,1,0
48954,98432968,0,0,0
48955,98434968,0,0,0
48956,98436968,0,0,0
48957,98438968,0,0,0
48958,98440968,0,0,0
48959,98442968,0,0,0
48960,98444968,422,0,1
48961,98446968,1043,0,1
48962,98448968,997,1,1
48963,98450968,2,1,1
48964,98452968,3,0,1
48965,98454968,0,0,0
48966,98456968,0,0,0
48967,98458968,0,0,0
48968,98460968,1,0,1
48969,98462969,123,0,1
48970,98464968,677,0,1
48971,98466968,1319,0,1
48972,98468968,1175,1,1
48973,98470968,0,1,0
48974,98472968,3,0,1
48975,98474968,0,0,0
48976,98476968,5,0,1
48977,98478968,0,0,0
48978,98480968,42,0,1
48979,98482968,559,0,1
48980,98484968,1213,0,1
48981,98486968,1799,1,1
48982,98488968,1459,1,1
48983,98490968,0,1,0
48984,98492968,2,0,1
48985,98494968,0,0,0
48986,98496968,0,0,0
48987,98498968,0,0,0
48988,98500968,0,0,0
48989,98502968,1,0,1
48990,98504968,355,0,1
48991,98506968,954,1,1
48992,98508968,811,1,1
48993,98510968,0,1,0
48994,98512968,0,0,0
48995,98514968,0,0,0
48996,98516968,0,0,0
48997,98518968,0,0,0
48998,98520968,0,0,0
48999,98522968,293,0,1
49000,98524968,916,0,1
49001,98526968,1551,1,1
49002,98528968,1221,1,1
49003,98530968,0,1,0
49004,98532968,0,0,0
49005,98534968,2,0,1
49006,98536968,1,0,1
49007,98538968,0,0,0
49008,98540968,0,0,0
49009,98542968,0,0,0
49010,98544968,291,0,1
49011,98546968,885,1,1
49012,98548968,703,1,1
49013,98550968,0,1,0
49014,98552968,0,0,0
49015,98554968,0,0,0
49016,98556968,0,0,0
49017,98558968,0,0,0
49018,98560968,0,0,0
49019,98562968,421,0,1
49020,98564968,1067,0,1
49021,98566968,1669,1,1
49022,98568968,1224,1,1
49023,98570968,0,1,0
49024,98572968,0,0,0
49025,98574968,0,0,0
49026,98576968,0,0,0
49027,98578968,0,0,0
49028,98580968,0,0,0
49029,98582968,227,0,1
49030,98584968,823,0,1
49031,98586968,1467,1,1
49032,98588968,1063,1,1
49033,98590968,0,1,0
49034,98592968,0,0,0
49035,98594968,0,0,0
49036,98596968,0,0,0
49037,98598968,0,0,0
49038,98600968,0,0,0
49039,98602968,441,0,1
49040,98604968,1081,0,1
49041,98606968,1699,1,1
49042,98608968,1181,1,1
49043,98610968,0,1,0
49044,98612968,0,0,0
49045,98614968,0,0,0
49046,98616968,0,0,0
49047,98618968,0,0,0
49048,98620968,0,0,0
49049,98622968,0,0,0
49050,98624968,427,0,1
49051,98626968,1043,1,1
49052,98628968,645,1,1
49053,98630968,0,1,0
49054,98632968,0,0,0
49055,98634968,0,0,0
49056,98636968,0,0,0
49057,98638968,0,0,0
49058,98640968,0,0,0
49059,98642968,25,0,1
49060,98644968,491,0,1
49061,98646968,1131,1,1
49062,98648968,702,1,1
49063,98650968,0,1,0
49064,98652968,0,0,0
49065,98654968,0,0,0
49066,98656968,6,0,1
49067,98658968,0,0,0
49068,98660968,30,0,1
49069,98662968,551,0,1
49070,98664968,1199,0,1
49071,98666968,1801,1,1
49072,98668968,1101,1,1
49073,98670968,0,1,0
49074,98672968,0,0,0
49075,98674968,0,0,0
49076,98676968,1,0,1
49077,98678968,0,0,0
49078,98680968,0,0,0
49079,98682968,0,0,0
49080,98684968,420,0,1
49081,98686968,1035,1,1
49082,98688968,565,1,1
49083,98690968,0,1,0
49084,98692968,0,0,0
49085,98694968,0,0,0
49086,98696968,1,0,1
49087,98698968,0,0,0
49088,98700968,0,0,0
49089,98702968,175,0,1
49090,98704968,750,0,1
49091,98706968,1384,1,1
49092,98708968,780,1,1
49093,98710968,0,1,0
49094,98712968,0,0,0
49095,98714968,0,0,0
49096,98716968,7,0,1
49097,98718968,0,0,0
49098,98720968,0,0,0
49099,98722968,47,0,1
49100,98724968,538,0,1
49101,98726968,1163,1,1
49102,98728968,543,1,1
49103,98730968,0,1,0
49104,98732968,0,0,0
49105,98734968,0,0,0
49106,98736968,1,0,1
49107,98738968,0,0,0
49108,98740968,0,0,0
49109,98742968,0,0,0
49110,98744968,443,0,1
49111,98746968,1043,1,1
49112,98748968,425,1,1
49113,98750968,0,1,0
49114,98752968,0,0,0
49115,98754968,0,0,0
49116,98756968,6,0,1
49117,98758968,0,0,0
49118,98760968,0,0,0
49119,98762968,447,0,1
49120,98764968,1093,0,1
49121,98766968,1679,1,1
49122,98768968,790,1,1
49123,98770968,0,1,0
49124,98772968,0,0,0
49125,98774968,0,0,0
49126,98776968,3,0,1
49127,98778968,1,0,1
49128,98780968,0,0,0
49129,98782968,11,0,1
49130,98784968,483,0,1
49131,98786968,1086,1,1
49132,98788968,509,1,1
49133,98790968,0,1,0
49134,98792968,0,0,0
49135,98794968,0,0,0
49136,98796968,0,0,0
49137,98798968,0,0,0
49138,98800968,0,0,0
49139,98802968,466,0,1
49140,98804968,1111,0,1
49141,98806968,1655,1,1
49142,98808968,715,1,1
49143,98810968,0,1,0
49144,98812968,0,0,0
49145,98814968,0,0,0
49146,98816968,7,0,1
49147,98818968,0,0,0
49148,98820968,1,0,1
49149,98822968,425,0,1
49150,98824968,1063,0,1
49151,98826968,1611,1,1
49152,98828968,681,1,1
49153,98830968,0,1,0
49154,98832968,0,0,0
49155,98834968,0,0,0
49156,98836968,0,0,0
49157,98838968,0,0,0
49158,98840968,0,0,0
49159,98842968,45,0,1
49160,98844968,532,0,1
49161,98846968,1095,1,1
49162,98848968,294,1,1
49163,98850968,0,1,0
49164,98852968,0,0,0
49165,98854968,0,0,0
49166,98856968,0,0,0
49167,98858968,0,0,0
49168,98860968,0,0,0
49169,98862968,255,0,1
49170,98864968,861,0,1
49171,98866968,1333,1,1
49172,98868968,0,1,0
49173,98870968,0,1,0
49174,98872968,0,0,0
49175,98874968,0,0,0
49176,98876968,0,0,0
49177,98878968,0,0,0
49178,98880968,0,0,0
49179,98882968,0,0,0
49180,98884968,0,0,0
49181,98886968,10,1,1
49182,98888968,0,1,0
49183,98890968,0,1,0
49184,98892968,0,0,0
49185,98894968,0,0,0
49186,98896968,0,0,0
49187,98898968,0,0,0
49188,98900968,0,0,0
49189,98902968,0,0,0
49190,98904968,409,0,1
49191,98906968,917,1,1
49192,98908968,53,1,1
49193,98910968,0,1,0
49194,98912968,0,0,0
49195,98914968,0,0,0
49196,98916968,0,0,0
49197,98918968,0,0,0
49198,98920968,1,0,1
49199,98922968,501,0,1
49200,98924968,1149,0,1
49201,98926968,1608,1,1
49202,98928968,535,1,1
49203,98930968,0,1,0
49204,98932968,1,0,1
49205,98934968,0,0,0
49206,98936968,0,0,0
49207,98938968,0,0,0
49208,98940968,120,0,1
49209,98942968,700,0,1
49210,98944968,1355,0,1
49211,98946968,1762,1,1
49212,98948968,785,1,1
49213,98950968,0,1,0
49214,98952968,0,0,0
49215,98954968,0,0,0
49216,98956968,0,0,0
49217,98958968,0,0,0
49218,98960968,0,0,0
49219,98962968,318,0,1
49220,98964968,928,0,1
49221,98966968,1397,1,1
49222,98968968,453,1,1
49223,98970968,7,0,1
49224,98972968,0,0,0
49225,98974968,0,0,0
49226,98976968,0,0,0
49227,98978968,0,0,0
49228,98980968,0,0,0
49229,98982968,348,0,1
49230,98984968,964,0,1
49231,98986968,1399,1,1
49232,98988968,335,1,1
49233,98990968,0,0,0
49234,98992968,0,0,0
49235,98994968,0,0,0
49236,98996968,0,0,0
49237,98998968,0,0,0
49238,99000968,199,0,1
49239,99002968,810,0,1
49240,99004968,1455,0,1
49241,99006968,1767,1,1
49242,99008968,553,1,1
49243,99010968,0,0,0
49244,99012968,0,0,0
49245,99014968,0,0,0
49246,99016968,0,0,0
49247,99018968,0,0,0
49248,99020968,0,0,0
49249,99022968,151,0,1
49250,99024968,699,0,1
49251,99026968,1102,1,1
49252,99028968,93,1,1
49253,99030968,0,0,0
49254,99032968,0,0,0
49255,99034968,0,0,0
49256,99036968,0,0,0
49257,99038968,0,0,0
49258,99040968,0,0,0
49259,99042968,197,0,1
49260,99044968,775,0,1
49261,99046968,1160,1,1
49262,99048968,56,1,1
49263,99050968,0,0,0
49264,99052968,0,0,0
49265,99054968,0,0,0
49266,99056968,0,0,0
49267,99058968,0,0,0
49268,99060968,119,0,1
49269,99062968,684,0,1
49270,99064968,1341,0,1
49271,99066968,1611,1,1
49272,99068968,307,1,1
49273,99070968,0,0,0
49274,99072968,0,0,0
49275,99074968,11,0,1
49276,99076968,0,0,0
49277,99078968,0,0,0
49278,99080968,0,0,0
49279,99082968,171,0,1
49280,99084968,747,0,1
49281,99086968,1067,1,1
49282,99088968,0,1,0
49283,99090968,0,0,0
49284,99092968,0,0,0
49285,99094968,0,0,0
49286,99096968,1,0,1
49287,99098968,0,0,0
49288,99100968,5,0,1
49289,99102968,165,0,1
49290,99104968,727,0,1
49291,99106968,1021,1,1
49292,99108968,5,1,1
49293,99110968,5,0,1
49294,99112968,11,0,1
49295,99114968,21,0,1
49296,99116968,9,0,1
49297,99118968,9,0,1
49298,99120968,1,0,1
49299,99122968,135,0,1
49300,99124968,681,0,1
49301,99126968,949,1,1
49302,99128968,0,1,0
49303,99130968,0,0,0
49304,99132968,0,0,0
49305,99134968,7,0,1
49306,99136968,0,0,0
49307,99138968,0,0,0
49308,99140968,24,0,1
49309,99142968,527,0,1
49310,99144968,1167,0,1
49311,99146968,1357,1,1
49312,99148968,6,1,1
49313,99150968,0,0,0
49314,99152968,0,0,0
49315,99154968,6,0,1
49316,99156968,0,0,0
49317,99158968,0,0,0
49318,99160968,0,0,0
49319,99162968,187,0,1
49320,99164968,766,0,1
49321,99166968,985,1,1
49322,99168968,0,1,0
49323,99170968,0,0,0
49324,99172968,0,0,0
49325,99174968,6,0,1
49326,99176968,0,0,0
49327,99178968,0,0,0
49328,99180968,0,0,0
49329,99182968,183,0,1
49330,99184968,759,0,1
49331,99186968,951,1,1
49332,99188968,0,1,0
49333,99190968,0,0,0
49334,99192968,0,0,0
49335,99194968,4,0,1
49336,99196968,0,0,0
49337,99198968,0,0,0
49338,99200968,0,0,0
49339,99202968,466,0,1
49340,99204968,1109,0,1
49341,99206968,1227,1,1
49342,99208968,0,1,0
49343,99210968,0,0,0
49344,99212968,0,0,0
49345,99214968,1,0,1
49346,99216968,0,0,0
49347,99218968,0,0,0
49348,99220968,381,0,1
49349,99222968,1035,0,1
49350,99224968,1659,0,1
49351,99226968,1608,1,1
49352,99228968,0,1,0
49353,99230968,0,0,0
49354,99232968,0,0,0
49355,99234968,5,0,1
49356,99236968,0,0,0
49357,99238968,0,0,0
49358,99240968,0,0,0
49359,99242968,219,0,1
49360,99244968,797,0,1
49361,99246968,909,1,1
49362,99248968,0,1,0
49363,99250968,0,0,0
49364,99252968,0,0,0
49365,99254968,0,0,0
49366,99256968,0,0,0
49367,99258968,0,0,0
49368,99260968,0,0,0
49369,99262968,281,0,1
49370,99264968,871,0,1
49371,99266968,953,1,1
49372,99268968,0,1,0
49373,99270968,0,0,0
49374,99272968,0,0,0
49375,99274968,0,0,0
49376,99276968,0,0,0
49377,99278968,0,0,0
49378,99280968,0,0,0
49379,99282968,275,0,1
49380,99284968,859,0,1
49381,99286968,908,1,1
49382,99288968,0,1,0
49383,99290968,0,0,0
49384,99292968,0,0,0
49385,99294968,0,0,0
49386,99296968,0,0,0
49387,99298968,0,0,0
49388,99300968,313,0,1
49389,99302968,947,0,1
49390,99304968,1579,0,1
49391,99306968,1431,1,1
49392,99308968,0,1,0
49393,99310968,0,0,0
49394,99312968,0,0,0
49395,99314968,0,0,0
49396,99316968,0,0,0
49397,99318968,0,0,0
49398,99320968,197,0,1
49399,99322968,791,0,1
49400,99324968,1431,0,1
49401,99326968,1303,1,1
49402,99328968,0,1,0
49403,99330968,0,0,0
49404,99332968,0,0,0
49405,99334968,0,0,0
49406,99336968,0,0,0
49407,99338968,0,0,0
49408,99340968,0,0,0
49409,99342968,313,0,1
49410,99344968,909,0,1
49411,99346968,871,1,1
49412,99348968,0,1,0
49413,99350968,0,0,0
49414,99352968,0,0,0
49415,99354968,0,0,0
49416,99356968,0,0,0
49417,99358968,0,0,0
49418,99360968,69,0,1
49419,99362968,588,0,1
49420,99364968,1215,0,1
49421,99366968,1083,1,1
49422,99368968,0,1,0
49423,99370968,0,0,0
49424,99372968,0,0,0
49425,99374968,0,0,0
49426,99376968,0,0,0
49427,99378968,0,0,0
49428,99380968,0,0,0
49429,99382968,427,0,1
49430,99384968,1056,1,1
49431,99386968,937,1,1
49432,99388968,0,1,0
49433,99390968,0,0,0
49434,99392968,0,0,0
49435,99394968,0,0,0
49436,99396968,0,0,0
49437,99398968,0,0,0
49438,99400968,0,0,0
49439,99402968,453,0,1
49440,99404968,1078,1,1
49441,99406968,903,1,1
49442,99408968,0,1,0
49443,99410968,0,0,0
49444,99412968,0,0,0
49445,99414968,0,0,0
49446,99416968,0,0,0
49447,99418968,0,0,0
49448,99420968,0,0,0
49449,99422968,432,0,1
49450,99424968,1054,1,1
49451,99426968,871,1,1
49452,99428968,0,1,0
49453,99430968,0,0,0
49454,99432968,0,0,0
49455,99434968,0,0,0
49456,99436968,0,0,0
49457,99438968,0,0,0
49458,99440968,0,0,0
49459,99442968,467,0,1
49460,99444968,1095,1,1
49461,99446968,877,1,1
49462,99448968,0,1,0
49463,99450968,0,0,0
49464,99452968,0,0,0
49465,99454968,0,0,0
49466,99456968,0,0,0
49467,99458968,0,0,0
49468,99460968,48,0,1
49469,99462968,555,0,1
49470,99464968,1197,1,1
49471,99466968,919,1,1
49472,99468968,0,1,0
49473,99470968,0,0,0
49474,99472968,0,0,0
49475,99474968,0,0,0
49476,99476968,0,0,0
49477,99478968,0,0,0
49478,99480968,27,0,1
49479,99482968,505,0,1
49480,99484968,1132,1,1
49481,99486968,917,1,1
49482,99488968,0,1,0
49483,99490968,0,0,0
49484,99492968,0,0,0
49485,99494968,0,0,0
49486,99496968,0,0,0
49487,99498968,1,0,1
49488,99500968,521,0,1
49489,99502968,1187,0,1
49490,99504968,1775,1,1
49491,99506968,691,1,1
49492,99508968,0,1,0
49493,99510968,0,0,0
49494,99512968,0,0,0
49495,99514968,0,0,0
49496,99516968,0,0,0
49497,99518968,0,0,0
49498,99520968,0,0,0
49499,99522968,0,0,0
49500,99524968,204,1,1
49501,99526968,0,1,0
49502,99528968,0,1,0
49503,99530968,0,0,0
49504,99532968,0,0,0
49505,99534968,0,0,0
49506,99536968,0,0,0
49507,99538968,0,0,0
49508,99540968,173,0,1
49509,99542968,756,0,1
49510,99544968,1374,1,1
49511,99546968,933,1,1
49512,99548968,57,0,1
49513,99550968,0,0,0
49514,99552968,0,0,0
49515,99554968,0,0,0
49516,99556968,0,0,0
49517,99558968,217,0,1
49518,99560968,845,0,1
49519,99562968,1509,0,1
49520,99564968,2004,1,1
49521,99566968,1299,1,1
49522,99568968,0,1,0
49523,99570968,0,0,0
49524,99572968,0,0,0
49525,99574968,0,0,0
49526,99576968,0,0,0
49527,99578968,0,0,0
49528,99580968,119,0,1
49529,99582968,677,0,1
49530,99584968,1319,1,1
49531,99586968,825,1,1
49532,99588968,0,1,0
49533,99590968,0,0,0
49534,99592968,0,0,0
49535,99594968,3,0,1
49536,99596968,0,0,0
49537,99598968,0,0,0
49538,99600968,239,0,1
49539,99602968,845,0,1
49540,99604968,1463,1,1
49541,99606968,905,1,1
49542,99608968,0,1,0
49543,99610968,0,0,0
49544,99612968,0,0,0
49545,99614968,1,0,1
49546,99616968,0,0,0
49547,99618968,0,0,0
49548,99620968,173,0,1
49549,99622968,751,0,1
49550,99624968,1369,1,1
49551,99626968,905,1,1
49552,99628968,0,1,0
49553,99630968,0,0,0
49554,99632968,0,0,0
49555,99634968,0,0,0
49556,99636968,0,0,0
49557,99638968,0,0,0
49558,99640968,325,0,1
49559,99642968,947,0,1
49560,99644968,1557,1,1
49561,99646968,926,1,1
49562,99648968,0,1,0
49563,99650968,0,0,0
49564,99652968,0,0,0
49565,99654968,6,0,1
49566,99656968,0,0,0
49567,99658968,0,0,0
49568,99660968,219,0,1
49569,99662968,815,0,1
49570,99664968,1421,1,1
49571,99666968,765,1,1
49572,99668968,0,1,0
49573,99670968,0,0,0
49574,99672968,0,0,0
49575,99674968,0,0,0
49576,99676968,0,0,0
49577,99678968,220,0,1
49578,99680968,851,0,1
49579,99682968,1506,0,1
49580,99684968,1967,1,1
49581,99686968,1078,1,1
49582,99688968,0,1,0
49583,99690968,0,0,0
49584,99692968,0,0,0
49585,99694968,5,0,1
49586,99696968,0,0,0
49587,99698968,0,0,0
49588,99700968,212,0,1
49589,99702968,799,0,1
49590,99704968,1389,1,1
49591,99706968,685,1,1
49592,99708968,0,1,0
49593,99710968,0,0,0
49594,99712968,0,0,0
49595,99714968,1,0,1
49596,99716968,0,0,0
49597,99718968,0,0,0
49598,99720968,243,0,1
49599,99722968,829,0,1
49600,99724968,1414,1,1
49601,99726968,660,1,1
49602,99728968,0,1,0
49603,99730968,0,0,0
49604,99732968,0,0,0
49605,99734968,1,0,1
49606,99736968,0,0,0
49607,99738968,0,0,0
49608,99740968,205,0,1
49609,99742968,799,0,1
49610,99744968,1354,1,1
49611,99746968,557,1,1
49612,99748968,0,1,0
49613,99750968,0,0,0
49614,99752968,0,0,0
49615,99754968,6,0,1
49616,99756968,0,0,0
49617,99758968,252,0,1
49618,99760968,895,0,1
49619,99762968,1545,0,1
49620,99764968,1944,1,1
49621,99766968,905,1,1
49622,99768968,0,1,0
49623,99770968,0,0,0
49624,99772968,0,0,0
49625,99774968,0,0,0
49626,99776968,0,0,0
49627,99778968,0,0,0
49628,99780968,214,0,1
49629,99782968,789,0,1
49630,99784968,1315,1,1
49631,99786968,539,1,1
49632,99788968,0,1,0
49633,99790968,0,0,0
49634,99792968,0,0,0
49635,99794968,0,0,0
49636,99796968,0,0,0
49637,99798968,0,0,0
49638,99800968,303,0,1
49639,99802968,923,0,1
49640,99804968,1416,1,1
49641,99806968,551,1,1
49642,99808968,0,0,0
49643,99810968,0,0,0
49644,99812968,0,0,0
49645,99814968,0,0,0
49646,99816968,0,0,0
49647,99818968,0,0,0
49648,99820968,276,0,1
49649,99822968,891,0,1
49650,99824968,1383,1,1
49651,99826968,500,1,1
49652,99828968,0,0,0
49653,99830968,0,0,0
49654,99832968,0,0,0
49655,99834968,0,0,0
49656,99836968,0,0,0
49657,99838968,0,0,0
49658,99840968,294,0,1
49659,99842968,909,0,1
49660,99844968,1388,1,1
49661,99846968,503,1,1
49662,99848968,0,0,0
49663,99850968,0,0,0
49664,99852968,0,0,0
49665,99854968,0,0,0
49666,99856968,0,0,0
49667,99858968,0,0,0
49668,99860968,358,0,1
49669,99862968,974,0,1
49670,99864968,1417,1,1
49671,99866968,459,1,1
49672,99868968,0,0,0
49673,99870968,0,0,0
49674,99872968,1,0,1
49675,99874968,0,0,0
49676,99876968,0,0,0
49677,99878968,0,0,0
49678,99880968,348,0,1
49679,99882968,971,0,1
49680,99884968,1391,1,1
49681,99886968,414,1,1
49682,99888968,0,0,0
49683,99890968,0,0,0
49684,99892968,0,0,0
49685,99894968,0,0,0
49686,99896968,0,0,0
49687,99898968,261,0,1
49688,99900968,889,0,1
49689,99902968,1529,0,1
49690,99904968,1839,1,1
49691,99906968,799,1,1
49692,99908968,0,0,0
49693,99910968,0,0,0
49694,99912968,0,0,0
49695,99914968,0,0,0
49696,99916968,41,0,1
49697,99918968,549,0,1
49698,99920968,1210,0,1
49699,99922968,1821,0,1
49700,99924968,1965,1,1
49701,99926968,659,1,1
49702,99928968,0,0,0
49703,99930968,0,0,0
49704,99932968,1,0,1
49705,99934968,0,0,0
49706,99936968,0,0,0
49707,99938968,57,0,1
49708,99940968,587,0,1
49709,99942968,1239,0,1
49710,99944968,1554,1,1
49711,99946968,427,1,1
49712,99948968,0,0,0
49713,99950968,0,0,0
49714,99952968,0,0,0
49715,99954968,0,0,0
49716,99956968,0,0,0
49717,99958968,420,0,1
49718,99960968,1081,0,1
49719,99962968,1704,0,1
49720,99964968,1868,1,1
49721,99966968,569,1,1
49722,99968968,0,0,0
49723,99970968,0,0,0
49724,99972968,2,0,1
49725,99974968,0,0,0
49726,99976968,0,0,0
49727,99978968,0,0,0
49728,99980968,373,0,1
49729,99982968,998,0,1
49730,99984968,1317,1,1
49731,99986968,251,1,1
49732,99988968,0,0,0
49733,99990968,0,0,0
49734,99992968,5,0,1
49735,99994968,0,0,0
49736,99996968,0,0,0
49737,99998968,211,0,1
49738,100000968,819,0,1
49739,100002968,1479,0,1
49740,100004968,1653,1,1
49741,100006968,408,1,1
49742,100008968,0,0,0
49743,100010968,0,0,0
49744,100012968,5,0,1
49745,100014968,0,0,0
49746,100016968,0,0,0
49747,100018968,0,0,0
49748,100020968,420,0,1
49749,100022968,1068,0,1
49750,100024968,1321,1,1
49751,100026968,185,1,1
49752,100028968,0,0,0
49753,100030968,0,0,0
49754,100032968,0,0,0
49755,100034968,0,0,0
49756,100036968,0,0,0
49757,100038968,1,0,1
49758,100040968,485,0,1
49759,100042968,1135,0,1
49760,100044968,1357,1,1
49761,100046968,150,1,1
49762,100048968,1,0,1
49763,100050968,0,0,0
49764,100052968,7,0,1
49765,100054968,0,0,0
49766,100056968,0,0,0
49767,100058968,0,0,0
49768,100060968,448,0,1
49769,100062968,1085,0,1
49770,100064968,1279,1,1
49771,100066968,73,1,1
49772,100068968,0,0,0
49773,100070968,0,0,0
49774,100072968,9,0,1
49775,100074968,0,0,0
49776,100076968,0,0,0
49777,100078968,0,0,0
49778,100080968,436,0,1
49779,100082968,1083,0,1
49780,100084968,1254,1,1
49781,100086968,37,1,1
49782,100088968,0,0,0
49783,100090968,0,0,0
49784,100092968,7,0,1
49785,100094968,0,0,0
49786,100096968,49,0,1
49787,100098968,571,0,1
49788,100100968,1243,0,1
49789,100102968,1838,0,1
49790,100104968,1757,1,1
49791,100106968,285,1,1
49792,100108968,0,0,0
49793,100110968,0,0,0
49794,100112968,2,0,1
49795,100114968,0,0,0
49796,100116968,0,0,0
49797,100118968,29,0,1
49798,100120968,501,0,1
49799,100122968,1159,0,1
49800,100124968,1262,1,1
49801,100126968,29,1,1
49802,100128968,0,0,0
49803,100130968,0,0,0
49804,100132968,5,0,1
49805,100134968,0,0,0
49806,100136968,25,0,1
49807,100138968,539,0,1
49808,100140968,1199,0,1
49809,100142968,1805,0,1
49810,100144968,1716,1,1
49811,100146968,332,1,1
49812,100148968,0,0,0
49813,100150968,0,0,0
49814,100152968,3,0,1
49815,100154968,0,0,0
49816,100156968,0,0,0
49817,100158968,104,0,1
49818,100160968,655,0,1
49819,100162968,1318,0,1
49820,100164968,1268,1,1
49821,100166968,3,1,1
49822,100168968,0,0,0
49823,100170968,0,0,0
49824,100172968,7,0,1
49825,100174968,0,0,0
49826,100176968,0,0,0
49827,100178968,71,0,1
49828,100180968,587,0,1
49829,100182968,1237,0,1
49830,100184968,1084,1,1
49831,100186968,2,1,1
49832,100188968,0,0,0
49833,100190968,0,0,0
49834,100192968,0,0,0
49835,100194968,0,0,0
49836,100196968,0,0,0
49837,100198968,0,0,0
49838,100200968,122,0,1
49839,100202968,651,0,1
49840,100204968,695,1,1
49841,100206968,0,1,0
49842,100208968,0,0,0
49843,100210968,0,0,0
49844,100212968,0,0,0
49845,100214968,0,0,0
49846,100216968,0,0,0
49847,100218968,74,0,1
49848,100220968,586,0,1
49849,100222968,1231,0,1
49850,100224968,1205,1,1
49851,100226968,0,1,0
49852,100228968,0,0,0
49853,100230968,0,0,0
49854,100232968,0,0,0
49855,100234968,0,0,0
49856,100236968,0,0,0
49857,100238968,149,0,1
49858,100240968,719,0,1
49859,100242968,1379,1,1
49860,100244968,1279,1,1
49861,100246968,0,1,0
49862,100248968,0,0,0
49863,100250968,0,0,0
49864,100252968,0,0,0
49865,100254968,0,0,0
49866,100256968,157,0,1
49867,100258968,751,0,1
49868,100260968,1415,0,1
49869,100262968,1946,1,1
49870,100264968,1625,1,1
49871,100266968,94,1,1
49872,100268968,0,0,0
49873,100270968,0,0,0
49874,100272968,0,0,0
49875,100274968,0,0,0
49876,100276968,0,0,0
49877,100278968,182,0,1
49878,100280968,749,0,1
49879,100282968,1389,1,1
49880,100284968,1275,1,1
49881,100286968,0,1,0
49882,100288968,0,0,0
49883,100290968,0,0,0
49884,100292968,0,0,0
49885,100294968,0,0,0
49886,100296968,0,0,0
49887,100298968,245,0,1
49888,100300968,841,0,1
49889,100302968,1477,1,1
49890,100304968,1311,1,1
49891,100306968,2,1,1
49892,100308968,0,0,0
49893,100310968,0,0,0
49894,100312968,0,0,0
49895,100314968,0,0,0
49896,100316968,0,0,0
49897,100318968,293,0,1
49898,100320968,919,0,1
49899,100322968,1559,1,1
49900,100324968,1335,1,1
49901,100326968,3,1,1
49902,100328968,0,0,0
49903,100330968,0,0,0
49904,100332968,0,0,0
49905,100334968,0,0,0
49906,100336968,339,0,1
49907,100338968,1015,0,1
49908,100340968,1655,0,1
49909,100342968,2109,1,1
49910,100344968,1624,1,1
49911,100346968,35,1,1
49912,100348968,0,0,0
49913,100350968,0,0,0
49914,100352968,0,0,0
49915,100354968,0,0,0
49916,100356968,203,0,1
49917,100358968,818,0,1
49918,100360968,1485,0,1
49919,100362968,1996,1,1
49920,100364968,1529,1,1
49921,100366968,0,1,0
49922,100368968,0,0,0
49923,100370968,0,0,0
49924,100372968,0,0,0
49925,100374968,0,0,0
49926,100376968,0,0,0
49927,100378968,335,0,1
49928,100380968,968,0,1
49929,100382968,1594,1,1
49930,100384968,1239,1,1
49931,100386968,0,1,0
49932,100388968,0,0,0
49933,100390968,0,0,0
49934,100392968,0,0,0
49935,100394968,0,0,0
49936,100396968,0,0,0
49937,100398968,339,0,1
49938,100400968,967,0,1
49939,100402968,1579,1,1
49940,100404968,1199,1,1
49941,100406968,0,1,0
49942,100408968,0,0,0
49943,100410968,0,0,0
49944,100412968,0,0,0
49945,100414968,0,0,0
49946,100416968,0,0,0
49947,100418968,332,0,1
49948,100420968,955,0,1
49949,100422968,1579,1,1
49950,100424968,1161,1,1
49951,100426968,0,1,0
49952,100428968,0,0,0
49953,100430968,0,0,0
49954,100432968,0,0,0
49955,100434968,0,0,0
49956,100436968,0,0,0
49957,100438968,325,0,1
49958,100440968,942,0,1
49959,100442968,1561,1,1
49960,100444968,1117,1,1
49961,100446968,0,1,0
49962,100448968,0,0,0
49963,100450968,0,0,0
49964,100452968,0,0,0
49965,100454968,0,0,0
49966,100456968,83,0,1
49967,100458968,653,0,1
49968,100460968,1309,0,1
49969,100462968,1853,1,1
49970,100464968,1247,1,1
49971,100466968,0,1,0
49972,100468968,0,0,0
49973,100470968,0,0,0
49974,100472968,0,0,0
49975,100474968,0,0,0
49976,100476968,373,0,1
49977,100478968,1035,0,1
49978,100480968,1661,0,1
49979,100482968,2103,1,1
49980,100484968,1373,1,1
49981,100486968,0,1,0
49982,100488968,0,0,0
49983,100490968,0,0,0
49984,100492968,9,0,1
49985,100494968,0,0,0
49986,100496968,156,0,1
49987,100498968,742,0,1
49988,100500968,1389,0,1
49989,100502968,1933,1,1
49990,100504968,1354,1,1
49991,100506968,0,1,0
49992,100508968,0,0,0
49993,100510968,0,0,0
49994,100512968,9,0,1
49995,100514968,0,0,0
49996,100516968,63,0,1
49997,100518968,627,0,1
49998,100520968,1275,0,1
49999,100522968,1819,1,1
50000,100524968,1167,1,1
50001,100526968,0,1,0
50002,100528968,0,0,0
50003,100530968,0,0,0
50004,100532968,3,0,1
50005,100534968,0,0,0
50006,100536968,0,0,0
50007,100538968,457,0,1
50008,100540968,1099,0,1
50009,100542968,1672,1,1
50010,100544968,1035,1,1
50011,100546968,0,1,0
50012,100548968,0,0,0
50013,100550968,0,0,0
50014,100552968,3,0,1
50015,100554968,0,0,0
50016,100556968,0,0,0
50017,100558968,479,0,1
50018,100560968,1124,0,1
50019,100562968,1683,1,1
50020,100564968,1039,1,1
50021,100566968,0,1,0
50022,100568968,0,0,0
50023,100570968,0,0,0
50024,100572968,0,0,0
50025,100574968,0,0,0
50026,100576968,0,0,0
50027,100578968,483,0,1
50028,100580968,1119,0,1
50029,100582968,1659,1,1
50030,100584968,975,1,1
50031,100586968,0,1,0
50032,100588968,0,0,0
50033,100590968,0,0,0
50034,100592968,4,0,1
50035,100594968,165,0,1
50036,100596968,751,0,1
50037,100598968,1419,0,1
50038,100600968,1961,0,1
50039,100602968,2229,1,1
50040,100604968,1237,1,1
50041,100606968,0,0,0
50042,100608968,0,0,0
50043,100610968,0,0,0
50044,100612968,5,0,1
50045,100614968,0,0,0
50046,100616968,45,0,1
50047,100618968,567,0,1
50048,100620968,1216,0,1
50049,100622968,1739,1,1
50050,100624968,1101,1,1
50051,100626968,0,1,0
50052,100628968,0,0,0
50053,100630968,0,0,0
50054,100632968,0,0,0
50055,100634968,147,0,1
50056,100636968,713,0,1
50057,100638968,1388,0,1
50058,100640968,1947,0,1
50059,100642968,2189,1,1
50060,100644968,1157,1,1
50061,100646968,1,0,1
50062,100648968,0,0,0
50063,100650968,0,0,0
50064,100652968,4,0,1
50065,100654968,0,0,0
50066,100656968,25,0,1
50067,100658968,536,0,1
50068,100660968,1180,0,1
50069,100662968,1657,1,1
50070,100664968,917,1,1
50071,100666968,0,0,0
50072,100668968,0,0,0
50073,100670968,0,0,0
50074,100672968,0,0,0
50075,100674968,0,0,0
50076,100676968,85,0,1
50077,100678968,629,0,1
50078,100680968,1277,0,1
50079,100682968,1719,1,1
50080,100684968,952,1,1
50081,100686968,0,0,0
50082,100688968,0,0,0
50083,100690968,0,0,0
50084,100692968,0,0,0
50085,100694968,0,0,0
50086,100696968,105,0,1
50087,100698968,657,0,1
50088,100700968,1304,0,1
50089,100702968,1751,1,1
50090,100704968,1077,1,1
50091,100706968,0,0,0
50092,100708968,0,0,0
50093,100710968,0,0,0
50094,100712968,0,0,0
50095,100714968,0,0,0
50096,100716968,255,0,1
50097,100718968,887,0,1
50098,100720968,1533,0,1
50099,100722968,1863,1,1
50100,100724968,959,1,1
50101,100726968,0,0,0
50102,100728968,0,0,0
50103,100730968,0,0,0
50104,100732968,0,0,0
50105,100734968,0,0,0
50106,100736968,103,0,1
50107,100738968,661,0,1
50108,100740968,1319,0,1
50109,100742968,1705,1,1
50110,100744968,885,1,1
50111,100746968,0,0,0
50112,100748968,0,0,0
50113,100750968,0,0,0
50114,100752968,0,0,0
50115,100754968,0,0,0
50116,100756968,168,0,1
50117,100758968,748,0,1
50118,100760968,1403,0,1
50119,100762968,1755,1,1
50120,100764968,860,1,1
50121,100766968,0,0,0
50122,100768968,0,0,0
50123,100770968,0,0,0
50124,100772968,0,0,0
50125,100774968,0,0,0
50126,100776968,119,0,1
50127,100778968,693,0,1
50128,100780968,1351,0,1
50129,100782968,1689,1,1
50130,100784968,827,1,1
50131,100786968,0,0,0
50132,100788968,0,0,0
50133,100790968,0,0,0
50134,100792968,0,0,0
50135,100794968,103,0,1
50136,100796968,663,0,1
50137,100798968,1341,0,1
50138,100800968,1903,0,1
50139,100802968,2037,1,1
50140,100804968,971,1,1
50141,100806968,0,0,0
50142,100808968,0,0,0
50143,100810968,0,0,0
50144,100812969,1,0,1
50145,100814968,0,0,0
50146,100816968,157,0,1
50147,100818968,744,0,1
50148,100820968,1389,0,1
50149,100822968,1711,1,1
50150,100824968,831,1,1
50151,100826968,0,0,0
50152,100828968,0,0,0
50153,100830968,0,0,0
50154,100832968,0,0,0
50155,100834968,0,0,0
50156,100836968,254,0,1
50157,100838968,871,0,1
50158,100840968,1516,0,1
50159,100842968,1784,1,1
50160,100844968,951,1,1
50161,100846968,0,0,0
50162,100848968,0,0,0
50163,100850968,0,0,0
50164,100852969,0,0,0
50165,100854968,168,0,1
50166,100856968,757,0,1
50167,100858968,1493,0,1
50168,100860968,1976,0,1
50169,100862968,1819,1,1
50170,100864968,0,1,0
50171,100866968,0,0,0
50172,100868968,0,0,0
50173,100870968,0,0,0
50174,100872968,0,0,0
50175,100874968,0,0,0
50176,100876968,0,0,0
50177,100878968,8,0,1
50178,100880968,468,0,1
50179,100882968,797,1,1
50180,100884968,35,1,1
50181,100886968,0,0,0
50182,100888968,0,0,0
50183,100890968,0,0,0
50184,100892969,0,0,0
50185,100894968,0,0,0
50186,100896968,222,0,1
50187,100898968,821,0,1
50188,100900968,1462,0,1
50189,100902968,1681,1,1
50190,100904968,756,1,1
50191,100906968,0,0,0
50192,100908968,0,0,0
50193,100910968,0,0,0
50194,100912968,0,0,0
50195,100914968,83,0,1
50196,100916968,629,0,1
50197,100918968,1300,0,1
50198,100920968,1883,0,1
50199,100922968,1973,1,1
50200,100924968,1067,1,1
50201,100926968,0,0,0
50202,100928968,0,0,0
50203,100930968,0,0,0
50204,100932969,0,0,0
50205,100934968,9,0,1
50206,100936968,488,0,1
50207,100938968,1160,0,1
50208,100940968,1769,0,1
50209,100942968,1836,1,1
50210,100944968,854,1,1
50211,100946968,0,0,0
50212,100948968,0,0,0
50213,100950968,0,0,0
50214,100952968,0,0,0
50215,100954968,0,0,0
50216,100956968,403,0,1
50217,100958968,1056,0,1
50218,100960968,1685,0,1
50219,100962968,1774,1,1
50220,100964968,757,1,1
50221,100966968,0,0,0
50222,100968968,0,0,0
50223,100970968,5,0,1
50224,100972969,0,0,0
50225,100974968,0,0,0
50226,100976968,340,0,1
50227,100978968,979,0,1
50228,100980968,1620,0,1
50229,100982968,1709,1,1
50230,100984968,741,1,1
50231,100986968,0,0,0
50232,100988968,0,0,0
50233,100990968,1,0,1
50234,100992968,0,0,0
50235,100994968,373,0,1
50236,100996968,1019,0,1
50237,100998968,1669,0,1
50238,101000968,2133,0,1
50239,101002968,1978,1,1
50240,101004968,827,1,1
50241,101006968,0,0,0
50242,101008968,0,0,0
50243,101010968,5,0,1
50244,101012969,0,0,0
50245,101014968,0,0,0
50246,101016968,467,0,1
50247,101018968,1127,0,1
50248,101020968,1739,0,1
50249,101022968,1767,1,1
50250,101024968,776,1,1
50251,101026968,0,0,0
50252,101028968,0,0,0
50253,101030968,1,0,1
50254,101032968,0,0,0
50255,101034968,41,0,1
50256,101036968,534,0,1
50257,101038968,1191,0,1
50258,101040968,1797,0,1
50259,101042968,1763,1,1
50260,101044968,701,1,1
50261,101046968,0,0,0
50262,101048968,0,0,0
50263,101050968,4,0,1
50264,101052969,1,0,1
50265,101054968,452,0,1
50266,101056968,1117,0,1
50267,101058968,1747,0,1
50268,101060968,2171,0,1
50269,101062968,1935,1,1
50270,101064968,727,1,1
50271,101066968,0,0,0
50272,101068968,0,0,0
50273,101070968,3,0,1
50274,101072968,51,0,1
50275,101074968,564,0,1
50276,101076968,1227,0,1
50277,101078968,1827,0,1
50278,101080968,2237,1,1
50279,101082968,1915,1,1
50280,101084968,653,1,1
50281,101086968,0,0,0
50282,101088968,0,0,0
50283,101090968,0,0,0
50284,101092969,1,0,1
50285,101094968,0,0,0
50286,101096968,436,0,1
50287,101098968,1087,0,1
50288,101100968,1700,1,1
50289,101102968,1627,1,1
50290,101104968,541,1,1
50291,101106968,0,0,0
50292,101108968,0,0,0
50293,101110968,0,0,0
50294,101112968,95,0,1
50295,101114968,617,0,1
50296,101116968,1293,0,1
50297,101118968,1884,0,1
50298,101120968,2248,1,1
50299,101122968,1967,1,1
50300,101124968,853,1,1
50301,101126968,0,0,0
50302,101128968,0,0,0
50303,101130968,0,0,0
50304,101132969,163,0,1
50305,101134968,728,0,1
50306,101136968,1400,0,1
50307,101138968,1955,0,1
50308,101140968,2285,1,1
50309,101142968,1867,1,1
50310,101144968,544,1,1
50311,101146968,0,0,0
50312,101148968,0,0,0
50313,101150968,0,0,0
50314,101152968,0,0,0
50315,101154968,381,0,1
50316,101156968,1021,0,1
50317,101158968,1675,0,1
50318,101160968,2133,1,1
50319,101162968,1819,1,1
50320,101164968,601,1,1
50321,101166968,0,0,0
50322,101168968,0,0,0
50323,101170968,0,0,0
50324,101172969,0,0,0
50325,101174968,69,0,1
50326,101176968,636,0,1
50327,101178968,1294,0,1
50328,101180968,1865,1,1
50329,101182968,1653,1,1
50330,101184968,507,1,1
50331,101186968,0,0,0
50332,101188968,0,0,0
50333,101190968,0,0,0
50334,101192968,0,0,0
50335,101194968,99,0,1
50336,101196968,659,0,1
50337,101198968,1322,0,1
50338,101200968,1881,1,1
50339,101202968,1647,1,1
50340,101204968,510,1,1
50341,101206968,0,0,0
50342,101208968,0,0,0
50343,101210968,0,0,0
50344,101212969,0,0,0
50345,101214968,434,0,1
50346,101216968,1094,0,1
50347,101218968,1717,0,1
50348,101220968,2150,1,1
50349,101222968,1801,1,1
50350,101224968,552,1,1
50351,101226968,0,0,0
50352,101228968,0,0,0
50353,101230968,0,0,0
50354,101232968,0,0,0
50355,101234968,109,0,1
50356,101236968,675,0,1
50357,101238968,1339,0,1
50358,101240968,1894,1,1
50359,101242968,1643,1,1
50360,101244968,487,1,1
50361,101246968,0,0,0
50362,101248968,0,0,0
50363,101250968,0,0,0
50364,101252969,0,0,0
50365,101254968,148,0,1
50366,101256968,726,0,1
50367,101258968,1384,0,1
50368,101260968,1928,1,1
50369,101262968,1719,1,1
50370,101264968,698,1,1
50371,101266968,0,0,0
50372,101268968,0,0,0
50373,101270968,0,0,0
50374,101272968,0,0,0
50375,101274968,339,0,1
50376,101276968,987,0,1
50377,101278968,1637,0,1
50378,101280968,2089,1,1
50379,101282968,1809,1,1
50380,101284968,728,1,1
50381,101286968,0,0,0
50382,101288968,0,0,0
50383,101290968,0,0,0
50384,101292969,183,0,1
50385,101294968,755,0,1
50386,101296968,1439,0,1
50387,101298968,1977,0,1
50388,101300968,2285,1,1
50389,101302968,1716,1,1
50390,101304968,327,1,1
50391,101306968,0,0,0
50392,101308968,0,0,0
50393,101310968,0,0,0
50394,101312968,0,0,0
50395,101314968,262,0,1
50396,101316968,885,0,1
50397,101318968,1544,0,1
50398,101320968,2024,1,1
50399,101322968,1620,1,1
50400,101324968,361,1,1
50401,101326968,0,0,0
50402,101328968,0,0,0
50403,101330968,0,0,0
50404,101332969,0,0,0
50405,101334968,249,0,1
50406,101336968,859,0,1
50407,101338968,1520,0,1
50408,101340968,2002,1,1
50409,101342968,1590,1,1
50410,101344968,317,1,1
50411,101346968,0,0,0
50412,101348968,0,0,0
50413,101350968,0,0,0
50414,101352968,0,0,0
50415,101354968,249,0,1
50416,101356968,869,0,1
50417,101358968,1517,0,1
50418,101360968,2001,1,1
50419,101362968,1671,1,1
50420,101364968,524,1,1
50421,101366968,0,0,0
50422,101368968,0,0,0
50423,101370968,0,0,0
50424,101372969,0,0,0
50425,101374968,415,0,1
50426,101376968,1081,0,1
50427,101378968,1703,0,1
50428,101380968,2117,1,1
50429,101382968,1541,1,1
50430,101384968,104,1,1
50431,101386968,0,0,0
50432,101388968,0,0,0
50433,101390968,0,0,0
50434,101392968,0,0,0
50435,101394968,207,0,1
50436,101396968,821,0,1
50437,101398968,1470,0,1
50438,101400968,1955,1,1
50439,101402968,1469,1,1
50440,101404968,99,1,1
50441,101406968,0,0,0
50442,101408968,0,0,0
50443,101410968,0,0,0
50444,101412969,0,0,0
50445,101414968,233,0,1
50446,101416968,860,0,1
50447,101418968,1509,0,1
50448,101420968,1978,1,1
50449,101422968,1487,1,1
50450,101424968,132,1,1
50451,101426968,0,0,0
50452,101428968,0,0,0
50453,101430968,0,0,0
50454,101432968,0,0,0
50455,101434968,307,0,1
50456,101436968,951,0,1
50457,101438968,1587,0,1
50458,101440968,2023,1,1
50459,101442968,1467,1,1
50460,101444968,29,1,1
50461,101446968,0,0,0
50462,101448968,2,0,1
50463,101450968,0,0,0
50464,101452969,0,0,0
50465,101454968,412,0,1
50466,101456968,1059,0,1
50467,101458968,1692,0,1
50468,101460968,2073,1,1
50469,101462968,1491,1,1
50470,101464968,2,1,1
50471,101466968,0,0,0
50472,101468968,0,0,0
50473,101470968,1,0,1
50474,101472968,0,0,0
50475,101474968,307,0,1
50476,101476968,938,0,1
50477,101478968,1587,0,1
50478,101480968,2004,1,1
50479,101482968,1451,1,1
50480,101484968,0,1,0
50481,101486968,0,0,0
50482,101488968,0,0,0
50483,101490968,1,0,1
50484,101492969,0,0,0
50485,101494968,383,0,1
50486,101496968,1045,0,1
50487,101498968,1673,0,1
50488,101500968,2058,1,1
50489,101502968,1517,1,1
50490,101504968,78,1,1
50491,101506968,0,0,0
50492,101508968,0,0,0
50493,101510968,0,0,0
50494,101512968,0,0,0
50495,101514968,445,0,1
50496,101516968,1113,0,1
50497,101518968,1733,0,1
50498,101520968,2055,1,1
50499,101522968,1240,1,1
50500,101524968,0,0,0
50501,101526968,0,0,0
50502,101528968,0,0,0
50503,101530968,1,0,1
50504,101532969,0,0,0
50505,101534968,357,0,1
50506,101536968,1012,0,1
50507,101538968,1651,0,1
50508,101540968,1950,1,1
50509,101542968,767,1,1
50510,101544968,0,0,0
50511,101546968,0,0,0
50512,101548968,0,0,0
50513,101550968,0,0,0
50514,101552968,0,0,0
50515,101554968,0,0,0
50516,101556968,339,0,1
50517,101558968,947,0,1
50518,101560968,1471,1,1
50519,101562968,1015,1,1
50520,101564968,0,0,0
50521,101566968,0,0,0
50522,101568968,0,0,0
50523,101570968,17,0,1
50524,101572969,489,0,1
50525,101574968,1135,0,1
50526,101576968,1769,0,1
50527,101578968,2188,0,1
50528,101580968,2279,1,1
50529,101582968,1447,1,1
50530,101584968,0,0,0
50531,101586968,0,0,0
50532,101588968,0,0,0
50533,101590968,5,0,1
50534,101592968,5,0,1
50535,101594968,475,0,1
50536,101596968,1141,0,1
50537,101598968,1749,0,1
50538,101600968,2046,1,1
50539,101602968,1399,1,1
50540,101604968,5,0,1
50541,101606968,0,0,0
50542,101608968,0,0,0
50543,101610968,93,0,1
50544,101612969,631,0,1
50545,101614968,1279,0,1
50546,101616968,1882,0,1
50547,101618968,2250,0,1
50548,101620968,2269,1,1
50549,101622968,1437,1,1
50550,101624968,0,0,0
50551,101626968,0,0,0
50552,101628968,0,0,0
50553,101630968,0,0,0
50554,101632968,287,0,1
50555,101634968,892,0,1
50556,101636968,1565,0,1
50557,101638968,2067,0,1
50558,101640968,2219,1,1
50559,101642968,1626,1,1
50560,101644968,291,0,1
50561,101646968,0,0,0
50562,101648968,0,0,0
50563,101650968,238,0,1
50564,101652969,877,0,1
50565,101654968,1531,0,1
50566,101656968,2063,0,1
50567,101658968,2346,0,1
50568,101660968,2268,1,1
50569,101662968,1385,1,1
50570,101664968,0,0,0
50571,101666968,0,0,0
50572,101668968,0,0,0
50573,101670968,0,0,0
50574,101672968,57,0,1
50575,101674968,582,0,1
50576,101676968,1241,0,1
50577,101678968,1837,0,1
50578,101680968,2065,1,1
50579,101682968,1380,1,1
50580,101684968,0,0,0
50581,101686968,0,0,0
50582,101688968,0,0,0
50583,101690968,0,0,0
50584,101692969,392,0,1
50585,101694968,1043,0,1
50586,101696968,1683,0,1
50587,101698968,2141,0,1
50588,101700968,2187,1,1
50589,101702968,1416,1,1
50590,101704968,0,0,0
50591,101706968,0,0,0
50592,101708968,0,0,0
50593,101710968,159,0,1
50594,101712968,739,0,1
50595,101714968,1404,0,1
50596,101716968,1975,0,1
50597,101718968,2303,0,1
50598,101720968,2223,1,1
50599,101722968,1337,1,1
50600,101724968,0,0,0
50601,101726968,0,0,0
50602,101728968,0,0,0
50603,101730968,0,0,0
50604,101732969,150,0,1
50605,101734968,704,0,1
50606,101736968,1383,0,1
50607,101738968,1931,0,1
50608,101740968,2046,1,1
50609,101742968,1289,1,1
50610,101744968,0,0,0
50611,101746968,0,0,0
50612,101748968,0,0,0
50613,101750968,0,0,0
50614,101752968,299,0,1
50615,101754968,911,0,1
50616,101756968,1576,0,1
50617,101758968,2065,0,1
50618,101760968,2101,1,1
50619,101762968,1269,1,1
50620,101764968,0,0,0
50621,101766968,0,0,0
50622,101768968,0,0,0
50623,101770968,75,0,1
50624,101772969,619,0,1
50625,101774968,1287,0,1
50626,101776968,1875,0,1
50627,101778968,2249,0,1
50628,101780968,2151,1,1
50629,101782968,1193,1,1
50630,101784968,0,0,0
50631,101786968,0,0,0
50632,101788968,0,0,0
50633,101790968,0,0,0
50634,101792968,126,0,1
50635,101794968,698,0,1
50636,101796968,1373,0,1
50637,101798968,1919,0,1
50638,101800968,1995,1,1
50639,101802968,1133,1,1
50640,101804968,0,0,0
50641,101806968,0,0,0
50642,101808968,0,0,0
50643,101810968,0,0,0
50644,101812969,137,0,1
50645,101814968,694,0,1
50646,101816968,1365,0,1
50647,101818968,1915,0,1
50648,101820968,1967,1,1
50649,101822968,1111,1,1
50650,101824968,0,0,0
50651,101826968,0,0,0
50652,101828968,0,0,0
50653,101830968,0,0,0
50654,101832968,150,0,1
50655,101834968,715,0,1
50656,101836968,1383,0,1
50657,101838968,1944,0,1
50658,101840968,1962,1,1
50659,101842968,1112,1,1
50660,101844968,0,0,0
50661,101846968,0,0,0
50662,101848968,5,0,1
50663,101850968,0,0,0
50664,101852969,219,0,1
50665,101854968,811,0,1
50666,101856968,1469,0,1
50667,101858968,2006,0,1
50668,101860968,1979,1,1
50669,101862968,1099,1,1
50670,101864968,0,0,0
50671,101866968,0,0,0
50672,101868968,0,0,0
50673,101870968,200,0,1
50674,101872968,790,0,1
50675,101874968,1453,0,1
50676,101876968,2003,0,1
50677,101878968,2325,0,1
50678,101880968,2091,1,1
50679,101882968,1081,1,1
50680,101884968,0,0,0
50681,101886968,0,0,0
50682,101888968,5,0,1
50683,101890968,0,0,0
50684,101892969,216,0,1
50685,101894968,815,0,1
50686,101896968,1479,0,1
50687,101898968,2012,1,1
50688,101900968,1940,1,1
50689,101902968,1047,1,1
50690,101904968,0,0,0
50691,101906968,0,0,0
50692,101908968,0,0,0
50693,101910968,0,0,0
50694,101912968,309,0,1
50695,101914968,951,0,1
50696,101916968,1603,0,1
50697,101918968,2085,1,1
50698,101920968,1961,1,1
50699,101922968,1011,1,1
50700,101924968,0,0,0
50701,101926968,0,0,0
50702,101928968,0,0,0
50703,101930968,0,0,0
50704,101932969,299,0,1
50705,101934968,915,0,1
50706,101936968,1575,0,1
50707,101938968,2069,1,1
50708,101940968,1918,1,1
50709,101942968,949,1,1
50710,101944968,0,0,0
50711,101946968,0,0,0
50712,101948968,3,0,1
50713,101950968,0,0,0
50714,101952968,414,0,1
50715,101954968,1063,0,1
50716,101956968,1691,0,1
50717,101958968,2150,1,1
50718,101960968,1947,1,1
50719,101962968,947,1,1
50720,101964968,0,0,0
50721,101966968,0,0,0
50722,101968968,5,0,1
50723,101970968,0,0,0
50724,101972969,303,0,1
50725,101974968,927,0,1
50726,101976968,1590,0,1
50727,101978968,2074,1,1
50728,101980968,1899,1,1
50729,101982968,937,1,1
50730,101984968,0,0,0
50731,101986968,0,0,0
50732,101988968,3,0,1
50733,101990968,0,0,0
50734,101992968,341,0,1
50735,101994968,989,0,1
50736,101996968,1636,0,1
50737,101998968,2111,1,1
50738,102000968,1897,1,1
50739,102002968,907,1,1
50740,102004968,0,0,0
50741,102006968,0,0,0
50742,102008968,1,0,1
50743,102010968,0,0,0
50744,102012969,308,0,1
50745,102014968,940,0,1
50746,102016968,1587,0,1
50747,102018968,2070,1,1
50748,102020968,1861,1,1
50749,102022968,887,1,1
50750,102024968,0,0,0
50751,102026968,0,0,0
50752,102028968,0,0,0
50753,102030968,211,0,1
50754,102032968,799,0,1
50755,102034968,1468,0,1
50756,102036968,2001,0,1
50757,102038968,2313,1,1
50758,102040968,1933,1,1
50759,102042968,843,1,1
50760,102044968,0,0,0
50761,102046968,0,0,0
50762,102048968,0,0,0
50763,102050968,0,0,0
50764,102052969,380,0,1
50765,102054968,1006,0,1
50766,102056968,1647,0,1
50767,102058968,2103,1,1
50768,102060968,1839,1,1
50769,102062968,789,1,1
50770,102064968,0,0,0
50771,102066968,0,0,0
50772,102068968,0,0,0
50773,102070968,191,0,1
50774,102072968,773,0,1
50775,102074968,1430,0,1
50776,102076968,1981,0,1
50777,102078968,2303,1,1
50778,102080968,1885,1,1
50779,102082968,756,1,1
50780,102084968,0,0,0
50781,102086968,0,0,0
50782,102088968,1,0,1
50783,102090968,379,0,1
50784,102092969,1013,0,1
50785,102094968,1669,0,1
50786,102096968,2133,0,1
50787,102098968,2365,1,1
50788,102100968,1861,1,1
50789,102102968,666,1,1
50790,102104968,0,0,0
50791,102106968,0,0,0
50792,102108968,0,0,0
50793,102110968,377,0,1
50794,102112968,1007,0,1
50795,102114968,1657,0,1
50796,102116968,2133,0,1
50797,102118968,2358,1,1
50798,102120968,1856,1,1
50799,102122968,660,1,1
50800,102124968,0,0,0
50801,102126968,0,0,0
50802,102128968,0,0,0
50803,102130968,61,0,1
50804,102132969,573,0,1
50805,102134968,1235,0,1
50806,102136968,1832,0,1
50807,102138968,2207,1,1
50808,102140968,1813,1,1
50809,102142968,693,1,1
50810,102144968,0,0,0
50811,102146968,0,0,0
50812,102148968,59,0,1
50813,102150968,563,0,1
50814,102152968,1225,0,1
50815,102154968,1831,0,1
50816,102156968,2234,0,1
50817,102158968,2398,1,1
50818,102160968,1812,1,1
50819,102162968,581,1,1
50820,102164968,0,0,0
50821,102166968,0,0,0
50822,102168968,0,0,0
50823,102170968,90,0,1
50824,102172969,635,0,1
50825,102174968,1312,0,1
50826,102176968,1887,0,1
50827,102178968,2229,1,1
50828,102180968,1812,1,1
50829,102182968,653,1,1
50830,102184968,0,0,0
50831,102186968,0,0,0
50832,102188968,0,0,0
50833,102190968,53,0,1
50834,102192968,555,0,1
50835,102194968,1221,0,1
50836,102196968,1816,0,1
50837,102198968,2187,1,1
50838,102200968,1692,1,1
50839,102202968,486,1,1
50840,102204968,0,0,0
50841,102206968,0,0,0
50842,102208968,89,0,1
50843,102210968,613,0,1
50844,102212969,1263,0,1
50845,102214968,1891,0,1
50846,102216968,2280,0,1
50847,102218968,2351,1,1
50848,102220968,883,1,1
50849,102222968,0,1,0
50850,102224968,0,0,0
50851,102226968,0,0,0
50852,102228968,0,0,0
50853,102230968,0,0,0
50854,102232968,0,0,0
50855,102234968,198,0,1
50856,102236968,787,0,1
50857,102238968,1381,1,1
50858,102240968,1163,1,1
50859,102242968,93,1,1
50860,102244968,0,0,0
50861,102246968,0,0,0
50862,102248968,0,0,0
50863,102250968,111,0,1
50864,102252969,671,0,1
50865,102254968,1327,0,1
50866,102256968,1903,0,1
50867,102258968,2205,1,1
50868,102260968,1704,1,1
50869,102262968,379,1,1
50870,102264968,0,0,0
50871,102266968,0,0,0
50872,102268968,0,0,0
50873,102270968,93,0,1
50874,102272968,621,0,1
50875,102274968,1295,0,1
50876,102276968,1877,0,1
50877,102278968,2191,1,1
50878,102280968,1693,1,1
50879,102282968,383,1,1
50880,102284968,0,0,0
50881,102286968,0,0,0
50882,102288968,0,0,0
50883,102290968,197,0,1
50884,102292969,794,0,1
50885,102294968,1464,0,1
50886,102296968,1994,0,1
50887,102298968,2239,1,1
50888,102300968,1694,1,1
50889,102302968,329,1,1
50890,102304968,0,0,0
50891,102306968,0,0,0
50892,102308968,0,0,0
50893,102310968,135,0,1
50894,102312968,691,0,1
50895,102314968,1366,0,1
50896,102316968,1927,0,1
50897,102318968,2207,1,1
50898,102320968,1720,1,1
50899,102322968,444,0,1
50900,102324968,0,0,0
50901,102326968,0,0,0
50902,102328968,53,0,1
50903,102330968,541,0,1
50904,102332969,1199,0,1
50905,102334968,1813,0,1
50906,102336968,2221,0,1
50907,102338968,2348,1,1
50908,102340968,1710,1,1
50909,102342968,301,0,1
50910,102344968,0,0,0
50911,102346968,0,0,0
50912,102348968,0,0,0
50913,102350968,183,0,1
50914,102352968,773,0,1
50915,102354968,1434,0,1
50916,102356968,1977,0,1
50917,102358968,2221,1,1
50918,102360968,1709,1,1
50919,102362968,341,0,1
50920,102364968,0,0,0
50921,102366968,0,0,0
50922,102368968,0,0,0
50923,102370968,239,0,1
50924,102372969,857,0,1
50925,102374968,1513,0,1
50926,102376968,2029,0,1
50927,102378968,2251,1,1
50928,102380968,1719,1,1
50929,102382968,276,0,1
50930,102384968,0,0,0
50931,102386968,0,0,0
50932,102388968,0,0,0
50933,102390968,271,0,1
50934,102392968,891,0,1
50935,102394968,1553,0,1
50936,102396968,2043,0,1
50937,102398968,2261,1,1
50938,102400968,1717,1,1
50939,102402968,529,0,1
50940,102404968,0,0,0
50941,102406968,0,0,0
50942,102408968,301,0,1
50943,102410968,914,0,1
50944,102412969,1579,0,1
50945,102414968,2083,0,1
50946,102416968,2364,0,1
50947,102418968,2335,1,1
50948,102420968,1625,1,1
50949,102422968,171,0,1
50950,102424968,0,0,0
50951,102426968,0,0,0
50952,102428968,59,0,1
50953,102430968,575,0,1
50954,102432968,1235,0,1
50955,102434968,1835,0,1
50956,102436968,2232,0,1
50957,102438968,2295,1,1
50958,102440968,1607,1,1
50959,102442968,334,0,1
50960,102444968,0,0,0
50961,102446968,0,0,0
50962,102448968,374,0,1
50963,102450968,1012,0,1
50964,102452969,1663,0,1
50965,102454968,2137,0,1
50966,102456968,2391,0,1
50967,102458968,2313,1,1
50968,102460968,1533,1,1
50969,102462968,0,0,0
50970,102464968,0,0,0
50971,102466968,0,0,0
50972,102468968,1,0,1
50973,102470968,440,0,1
50974,102472968,1086,0,1
50975,102474968,1720,0,1
50976,102476968,2163,0,1
50977,102478968,2239,1,1
50978,102480968,1563,1,1
50979,102482968,0,0,0
50980,102484968,0,0,0
50981,102486968,0,0,0
50982,102488968,1,0,1
50983,102490968,314,0,1
50984,102492969,955,0,1
50985,102494968,1599,0,1
50986,102496968,2085,0,1
50987,102498968,2199,1,1
50988,102500968,1507,1,1
50989,102502968,45,0,1
50990,102504968,0,0,0
50991,102506968,0,0,0
50992,102508968,187,0,1
50993,102510968,781,0,1
50994,102512968,1433,0,1
50995,102514968,1989,0,1
50996,102516968,2311,0,1
50997,102518968,2259,1,1
50998,102520968,1483,1,1
50999,102522968,121,0,1
51000,102524968,0,0,0
51001,102526968,0,0,0
51002,102528968,337,0,1
51003,102530968,970,0,1
51004,102532969,1623,0,1
51005,102534968,2119,0,1
51006,102536968,2374,0,1
51007,102538968,2282,1,1
51008,102540968,1580,1,1
51009,102542968,280,0,1
51010,102544968,0,0,0
51011,102546968,0,0,0
51012,102548968,431,0,1
51013,102550968,1071,0,1
51014,102552968,1714,0,1
51015,102554968,2172,0,1
51016,102556968,2398,0,1
51017,102558968,2231,1,1
51018,102560968,1415,1,1
51019,102562968,0,0,0
51020,102564968,0,0,0
51021,102566968,0,0,0
51022,102568968,266,0,1
51023,102570968,885,0,1
51024,102572969,1553,0,1
51025,102574968,2065,0,1
51026,102576968,2350,0,1
51027,102578968,2215,1,1
51028,102580968,1389,1,1
51029,102582968,0,0,0
51030,102584968,0,0,0
51031,102586968,0,0,0
51032,102588968,0,0,0
51033,102590968,363,0,1
51034,102592968,1000,0,1
51035,102594968,1653,0,1
51036,102596968,2120,0,1
51037,102598968,2148,1,1
51038,102600968,1437,1,1
51039,102602968,0,0,0
51040,102604968,0,0,0
51041,102606968,0,0,0
51042,102608968,122,0,1
51043,102610968,661,0,1
51044,102612969,1331,0,1
51045,102614968,1909,0,1
51046,102616968,2264,0,1
51047,102618968,2184,1,1
51048,102620968,1378,1,1
51049,102622968,0,0,0
51050,102624968,0,0,0
51051,102626968,0,0,0
51052,102628968,0,0,0
51053,102630968,411,0,1
51054,102632968,1085,0,1
51055,102634968,1710,0,1
51056,102636968,2156,0,1
51057,102638968,2110,1,1
51058,102640968,1327,1,1
51059,102642968,0,0,0
51060,102644968,0,0,0
51061,102646968,0,0,0
51062,102648968,318,0,1
51063,102650968,953,0,1
51064,102652969,1613,0,1
51065,102654968,2102,0,1
51066,102656968,2367,0,1
51067,102658968,2159,1,1
51068,102660968,1293,1,1
51069,102662968,0,0,0
51070,102664968,0,0,0
51071,102666968,0,0,0
51072,102668968,338,0,1
51073,102670968,941,0,1
51074,102672968,1611,0,1
51075,102674968,2098,0,1
51076,102676968,2361,1,1
51077,102678968,2149,1,1
51078,102680968,1258,1,1
51079,102682968,0,0,0
51080,102684968,0,0,0
51081,102686968,0,0,0
51082,102688968,2,0,1
51083,102690968,468,0,1
51084,102692969,1142,0,1
51085,102694968,1759,0,1
51086,102696968,2175,1,1
51087,102698968,2074,1,1
51088,102700968,1228,1,1
51089,102702968,0,0,0
51090,102704968,0,0,0
51091,102706968,0,0,0
51092,102708968,1,0,1
51093,102710968,483,0,1
51094,102712968,1143,0,1
51095,102714968,1766,0,1
51096,102716968,2181,1,1
51097,102718968,2055,1,1
51098,102720968,1191,1,1
51099,102722968,0,0,0
51100,102724968,0,0,0
51101,102726968,0,0,0
51102,102728968,383,0,1
51103,102730968,1023,0,1
51104,102732969,1663,0,1
51105,102734968,2143,0,1
51106,102736968,2377,1,1
51107,102738968,2171,1,1
51108,102740968,1406,1,1
51109,102742968,0,0,0
51110,102744968,0,0,0
51111,102746968,0,0,0
51112,102748968,125,0,1
51113,102750968,683,0,1
51114,102752968,1351,0,1
51115,102754968,1927,0,1
51116,102756968,2275,1,1
51117,102758968,2044,1,1
51118,102760968,1132,1,1
51119,102762968,0,0,0
51120,102764968,0,0,0
51121,102766968,46,0,1
51122,102768968,569,0,1
51123,102770968,1228,0,1
51124,102772969,1843,0,1
51125,102774968,2252,0,1
51126,102776968,2431,1,1
51127,102778968,2056,1,1
51128,102780968,1113,1,1
51129,102782968,0,0,0
51130,102784968,0,0,0
51131,102786968,0,0,0
51132,102788968,41,0,1
51133,102790968,543,0,1
51134,102792968,1200,0,1
51135,102794968,1812,0,1
51136,102796968,2216,1,1
51137,102798968,1993,1,1
51138,102800968,1105,1,1
51139,102802968,0,0,0
51140,102804968,0,0,0
51141,102806968,0,0,0
51142,102808968,114,0,1
51143,102810968,645,0,1
51144,102812969,1323,0,1
51145,102814968,1896,0,1
51146,102816968,2265,1,1
51147,102818968,1983,1,1
51148,102820968,1071,1,1
51149,102822968,0,0,0
51150,102824968,0,0,0
51151,102826968,0,0,0
51152,102828968,115,0,1
51153,102830968,659,0,1
51154,102832968,1335,0,1
51155,102834968,1915,0,1
51156,102836968,2275,1,1
51157,102838968,1959,1,1
51158,102840968,1036,1,1
51159,102842968,0,0,0
51160,102844968,0,0,0
51161,102846968,2,0,1
51162,102848968,491,0,1
51163,102850968,1144,0,1
51164,102852969,1780,0,1
51165,102854968,2205,0,1
51166,102856968,2407,1,1
51167,102858968,1961,1,1
51168,102860968,925,1,1
51169,102862968,0,0,0
51170,102864968,0,0,0
51171,102866968,1,0,1
51172,102868968,409,0,1
51173,102870968,1055,0,1
51174,102872968,1704,0,1
51175,102874968,2159,0,1
51176,102876968,2387,1,1
51177,102878968,1939,1,1
51178,102880968,874,1,1
51179,102882968,0,0,0
51180,102884968,0,0,0
51181,102886968,7,0,1
51182,102888968,131,0,1
51183,102890968,685,0,1
51184,102892969,1372,0,1
51185,102894968,1931,0,1
51186,102896968,2275,1,1
51187,102898968,1993,1,1
51188,102900968,1109,1,1
51189,102902968,0,0,0
51190,102904968,0,0,0
51191,102906968,2,0,1
51192,102908968,154,0,1
51193,102910968,742,0,1
51194,102912968,1413,0,1
51195,102914968,1975,0,1
51196,102916968,2279,1,1
51197,102918968,1335,1,1
51198,102920968,0,1,0
51199,102922968,0,0,0
51200,102924968,0,0,0
51201,102926968,0,0,0
51202,102928968,0,0,0
51203,102930968,34,0,1
51204,102932969,547,0,1
51205,102934968,1190,0,1
51206,102936968,1767,1,1
51207,102938968,1453,1,1
51208,102940968,311,1,1
51209,102942968,0,0,0
51210,102944968,0,0,0
51211,102946968,3,0,1
51212,102948968,0,0,0
51213,102950968,467,0,1
51214,102952968,1141,0,1
51215,102954968,1753,0,1
51216,102956968,2149,1,1
51217,102958968,1775,1,1
51218,102960968,693,1,1
51219,102962968,0,0,0
51220,102964968,0,0,0
51221,102966968,0,0,0
51222,102968968,347,0,1
51223,102970968,981,0,1
51224,102972969,1643,0,1
51225,102974968,2108,0,1
51226,102976968,2331,1,1
51227,102978968,1831,1,1
51228,102980968,717,1,1
51229,102982968,0,0,0
51230,102984968,0,0,0
51231,102986968,163,0,1
51232,102988968,760,0,1
51233,102990968,1427,0,1
51234,102992968,1983,0,1
51235,102994968,2316,0,1
51236,102996968,2397,1,1
51237,102998968,1812,1,1
51238,103000968,573,1,1
51239,103002968,0,0,0
51240,103004968,0,0,0
51241,103006968,0,0,0
51242,103008968,117,0,1
51243,103010968,663,0,1
51244,103012969,1349,0,1
51245,103014968,1900,0,1
51246,103016968,2215,1,1
51247,103018968,1756,1,1
51248,103020968,555,1,1
51249,103022968,0,0,0
51250,103024968,0,0,0
51251,103026968,0,0,0
51252,103028968,125,0,1
51253,103030968,691,0,1
51254,103032968,1373,0,1
51255,103034968,1933,0,1
51256,103036968,2233,1,1
51257,103038968,1802,1,1
51258,103040968,603,1,1
51259,103042968,0,0,0
51260,103044968,0,0,0
51261,103046968,0,0,0
51262,103048968,223,0,1
51263,103050968,812,0,1
51264,103052969,1485,0,1
51265,103054968,2005,0,1
51266,103056968,2261,1,1
51267,103058968,1759,1,1
51268,103060968,628,1,1
51269,103062968,0,0,0
51270,103064968,0,0,0
51271,103066968,171,0,1
51272,103068968,775,0,1
51273,103070968,1427,0,1
51274,103072968,1989,0,1
51275,103074968,2323,0,1
51276,103076968,2367,1,1
51277,103078968,1733,1,1
51278,103080968,378,0,1
51279,103082968,0,0,0
51280,103084968,0,0,0
51281,103086968,0,0,0
51282,103088968,389,0,1
51283,103090968,1175,0,1
51284,103092969,1689,0,1
51285,103094968,2139,0,1
51286,103096968,2313,1,1
51287,103098968,1751,1,1
51288,103100968,406,0,1
51289,103102968,0,0,0
51290,103104968,0,0,0
51291,103106968,0,0,0
51292,103108968,269,0,1
51293,103110968,872,0,1
51294,103112968,1542,0,1
51295,103114968,2041,0,1
51296,103116968,2255,1,1
51297,103118968,1717,1,1
51298,103120968,355,0,1
51299,103122968,0,0,0
51300,103124968,0,0,0
51301,103126968,0,0,0
51302,103128968,472,0,1
51303,103130968,1100,0,1
51304,103132969,1747,0,1
51305,103134968,2173,0,1
51306,103136968,2297,1,1
51307,103138968,1673,1,1
51308,103140968,174,0,1
51309,103142968,0,0,0
51310,103144968,0,0,0
51311,103146968,0,0,0
51312,103148968,207,0,1
51313,103150968,811,0,1
51314,103152968,1487,0,1
51315,103154968,2008,0,1
51316,103156968,2203,1,1
51317,103158968,1603,1,1
51318,103160968,41,0,1
51319,103162968,0,0,0
51320,103164968,0,0,0
51321,103166968,0,0,0
51322,103168968,215,0,1
51323,103170968,804,0,1
51324,103172968,1479,0,1
51325,103174968,1999,0,1
51326,103176968,2194,1,1
51327,103178968,1574,1,1
51328,103180968,19,0,1
51329,103182968,0,0,0
51330,103184968,0,0,0
51331,103186968,0,0,0
51332,103188968,249,0,1
51333,103190968,855,0,1
51334,103192968,1524,0,1
51335,103194968,2025,0,1
51336,103196968,2193,1,1
51337,103198968,1547,1,1
51338,103200968,0,0,0
51339,103202968,0,0,0
51340,103204968,0,0,0
51341,103206968,0,0,0
51342,103208968,295,0,1
51343,103210968,911,0,1
51344,103212968,1583,0,1
51345,103214968,2073,0,1
51346,103216968,2205,1,1
51347,103218968,1527,1,1
51348,103220968,0,0,0
51349,103222968,0,0,0
51350,103224968,0,0,0
51351,103226968,0,0,0
51352,103228968,279,0,1
51353,103230968,907,0,1
51354,103232968,1563,0,1
51355,103234968,2060,0,1
51356,103236968,2229,1,1
51357,103238968,1709,1,1
51358,103240968,234,0,1
51359,103242968,0,0,0
51360,103244968,0,0,0
51361,103246968,29,0,1
51362,103248968,519,0,1
51363,103250968,1166,0,1
51364,103252968,1801,0,1
51365,103254968,2200,0,1
51366,103256968,2223,1,1
51367,103258968,1437,1,1
51368,103260968,0,0,0
51369,103262968,0,0,0
51370,103264968,0,0,0
51371,103266968,0,0,0
51372,103268968,239,0,1
51373,103270968,847,0,1
51374,103272968,1511,0,1
51375,103274968,2025,0,1
51376,103276968,2139,1,1
51377,103278968,1404,1,1
51378,103280968,0,0,0
51379,103282968,0,0,0
51380,103284968,0,0,0
51381,103286968,7,0,1
51382,103288968,309,0,1
51383,103290968,934,0,1
51384,103292968,1597,0,1
51385,103294968,2083,0,1
51386,103296968,2151,1,1
51387,103298968,1348,1,1
51388,103300968,0,0,0
51389,103302968,0,0,0
51390,103304968,0,0,0
51391,103306968,0,0,0
51392,103308968,269,0,1
51393,103310968,869,0,1
51394,103312968,1543,0,1
51395,103314968,2039,0,1
51396,103316968,2124,1,1
51397,103318968,1396,1,1
51398,103320968,0,0,0
51399,103322968,0,0,0
51400,103324968,0,0,0
51401,103326968,0,0,0
51402,103328968,372,0,1
51403,103330968,1016,0,1
51404,103332968,1671,0,1
51405,103334968,2127,0,1
51406,103336968,2147,1,1
51407,103338968,1363,1,1
51408,103340968,0,0,0
51409,103342968,0,0,0
51410,103344968,0,0,0
51411,103346968,228,0,1
51412,103348968,823,0,1
51413,103350968,1480,0,1
51414,103352968,2024,0,1
51415,103354968,2325,0,1
51416,103356968,2188,1,1
51417,103358968,1299,1,1
51418,103360968,0,0,0
51419,103362968,0,0,0
51420,103364968,0,0,0
51421,103366968,0,0,0
51422,103368968,324,0,1
51423,103370968,954,0,1
51424,103372968,1613,0,1
51425,103374968,2085,0,1
51426,103376968,2127,1,1
51427,103378968,1423,1,1
51428,103380968,0,0,0
51429,103382968,0,0,0
51430,103384968,0,0,0
51431,103386968,14,0,1
51432,103388968,487,0,1
51433,103390968,1139,0,1
51434,103392968,1765,0,1
51435,103394968,2190,0,1
51436,103396968,2111,1,1
51437,103398968,1228,1,1
51438,103400968,0,0,0
51439,103402968,0,0,0
51440,103404968,0,0,0
51441,103406968,6,0,1
51442,103408968,333,0,1
51443,103410968,967,0,1
51444,103412968,1627,0,1
51445,103414968,2099,0,1
51446,103416968,2063,1,1
51447,103418968,1215,1,1
51448,103420968,0,0,0
51449,103422968,0,0,0
51450,103424968,0,0,0
51451,103426968,360,0,1
51452,103428968,975,0,1
51453,103430968,1641,0,1
51454,103432968,2121,0,1
51455,103434968,2375,1,1
51456,103436968,2125,1,1
51457,103438968,1177,1,1
51458,103440968,0,0,0
51459,103442968,0,0,0
51460,103444968,0,0,0
51461,103446968,3,0,1
51462,103448968,405,0,1
51463,103450968,1053,0,1
51464,103452968,1701,0,1
51465,103454968,2147,1,1
51466,103456968,2041,1,1
51467,103458968,1179,1,1
51468,103460968,0,0,0
51469,103462968,0,0,0
51470,103464968,0,0,0
51471,103466968,0,0,0
51472,103468968,441,0,1
51473,103470968,1093,0,1
51474,103472968,1724,0,1
51475,103474968,2159,1,1
51476,103476968,2003,1,1
51477,103478968,1095,1,1
51478,103480968,0,0,0
51479,103482968,0,0,0
51480,103484968,0,0,0
51481,103486968,0,0,0
51482,103488968,472,0,1
51483,103490968,1131,0,1
51484,103492968,1761,0,1
51485,103494968,2174,1,1
51486,103496968,1999,1,1
51487,103498968,1079,1,1
51488,103500968,0,0,0
51489,103502968,0,0,0
51490,103504968,0,0,0
51491,103506968,0,0,0
51492,103508968,437,0,1
51493,103510968,1085,0,1
51494,103512968,1724,0,1
51495,103514968,2152,1,1
51496,103516968,1961,1,1
51497,103518968,1016,1,1
51498,103520968,0,0,0
51499,103522968,0,0,0
51500,103524968,0,0,0
51501,103526968,19,0,1
51502,103528968,488,0,1
51503,103530968,1158,0,1
51504,103532968,1783,0,1
51505,103534968,2185,1,1
51506,103536968,1975,1,1
51507,103538968,1013,1,1
51508,103540968,0,0,0
51509,103542968,0,0,0
51510,103544968,0,0,0
51511,103546968,41,0,1
51512,103548968,499,0,1
51513,103550968,1163,0,1
51514,103552968,1783,0,1
51515,103554968,2187,1,1
51516,103556968,1977,1,1
51517,103558968,1035,1,1
51518,103560968,0,0,0
51519,103562968,0,0,0
51520,103564968,41,0,1
51521,103566968,584,0,1
51522,103568968,1237,0,1
51523,103570968,1839,0,1
51524,103572968,2246,0,1
51525,103574968,2412,1,1
51526,103576968,1977,1,1
51527,103578968,943,1,1
51528,103580968,0,0,0
51529,103582968,0,0,0
51530,103584968,0,0,0
51531,103586968,61,0,1
51532,103588968,569,0,1
51533,103590968,1229,0,1
51534,103592968,1837,0,1
51535,103594968,2219,1,1
51536,103596968,1959,1,1
51537,103598968,1046,1,1
51538,103600968,0,0,0
51539,103602968,0,0,0
51540,103604968,133,0,1
51541,103606968,733,0,1
51542,103608968,1395,0,1
51543,103610968,1963,0,1
51544,103612968,2312,0,1
51545,103614968,2425,1,1
51546,103616968,1945,1,1
51547,103618968,895,1,1
51548,103620968,0,0,0
51549,103622968,0,0,0
51550,103624968,0,0,0
51551,103626968,283,0,1
51552,103628968,889,0,1
51553,103630968,1553,0,1
51554,103632968,2065,0,1
51555,103634968,2332,1,1
51556,103636968,2075,1,1
51557,103638968,1259,1,1
51558,103640968,2,0,1
51559,103642968,0,0,0
51560,103644968,172,0,1
51561,103646968,776,0,1
51562,103648968,1436,0,1
51563,103650968,1995,0,1
51564,103652968,2343,0,1
51565,103654968,2420,1,1
51566,103656968,1325,1,1
51567,103658968,0,1,0
51568,103660968,0,0,0
51569,103662968,0,0,0
51570,103664968,0,0,0
51571,103666968,0,0,0
51572,103668968,0,0,0
51573,103670968,491,0,1
51574,103672968,1149,0,1
51575,103674968,1708,1,1
51576,103676968,1477,1,1
51577,103678968,335,1,1
51578,103680968,0,0,0
51579,103682968,0,0,0
51580,103684968,0,0,0
51581,103686968,468,0,1
51582,103688968,1115,0,1
51583,103690968,1756,0,1
51584,103692968,2195,0,1
51585,103694968,2388,1,1
51586,103696968,1885,1,1
51587,103698968,710,1,1
51588,103700968,0,0,0
51589,103702968,0,0,0
51590,103704968,0,0,0
51591,103706968,145,0,1
51592,103708968,698,0,1
51593,103710968,1362,0,1
51594,103712968,1931,0,1
51595,103714968,2255,1,1
51596,103716968,1909,1,1
51597,103718968,842,1,1
51598,103720968,0,0,0
51599,103722968,0,0,0
51600,103724968,0,0,0
51601,103726968,271,0,1
51602,103728968,884,0,1
51603,103730968,1556,0,1
51604,103732968,2055,0,1
51605,103734968,2314,1,1
51606,103736968,1895,1,1
51607,103738968,786,1,1
51608,103740968,0,0,0
51609,103742968,0,0,0
51610,103744968,0,0,0
51611,103746968,283,0,1
51612,103748968,905,0,1
51613,103750968,1563,0,1
51614,103752968,2072,0,1
51615,103754968,2324,1,1
51616,103756968,1895,1,1
51617,103758968,738,1,1
51618,103760968,0,0,0
51619,103762968,0,0,0
51620,103764968,3,0,1
51621,103766968,315,0,1
51622,103768968,935,0,1
51623,103770968,1593,0,1
51624,103772968,2093,0,1
51625,103774968,2326,1,1
51626,103776968,1963,1,1
51627,103778968,887,1,1
51628,103780968,0,0,0
51629,103782968,0,0,0
51630,103784968,0,0,0
51631,103786968,427,0,1
51632,103788968,1065,0,1
51633,103790968,1708,0,1
51634,103792968,2164,0,1
51635,103794968,2343,1,1
51636,103796968,1839,1,1
51637,103798968,741,0,1
51638,103800968,0,0,0
51639,103802968,0,0,0
51640,103804968,293,0,1
51641,103806968,911,0,1
51642,103808968,1572,0,1
51643,103810968,2090,0,1
51644,103812968,2365,0,1
51645,103814968,2403,1,1
51646,103816968,1836,1,1
51647,103818968,618,0,1
51648,103820968,0,0,0
51649,103822968,0,0,0
51650,103824968,156,0,1
51651,103826968,727,0,1
51652,103828968,1379,0,1
51653,103830968,1955,0,1
51654,103832968,2297,0,1
51655,103834968,2379,1,1
51656,103836968,1866,1,1
51657,103838968,587,0,1
51658,103840968,0,0,0
51659,103842968,0,0,0
51660,103844968,0,0,0
51661,103846968,429,0,1
51662,103848968,1061,0,1
51663,103850968,1700,0,1
51664,103852968,2153,0,1
51665,103854968,2334,1,1
51666,103856968,1853,1,1
51667,103858968,560,0,1
51668,103860968,0,0,0
51669,103862968,0,0,0
51670,103864968,0,0,0
51671,103866968,430,0,1
51672,103868968,1081,0,1
51673,103870968,1720,0,1
51674,103872968,2169,0,1
51675,103874968,2312,1,1
51676,103876968,1775,1,1
51677,103878968,405,0,1
51678,103880968,0,0,0
51679,103882968,0,0,0
51680,103884968,0,0,0
51681,103886968,459,0,1
51682,103888968,1111,0,1
51683,103890968,1739,0,1
51684,103892968,2171,0,1
51685,103894968,2297,1,1
51686,103896968,1739,1,1
51687,103898968,277,0,1
51688,103900968,0,0,0
51689,103902968,0,0,0
51690,103904968,0,0,0
51691,103906968,413,0,1
51692,103908968,1047,0,1
51693,103910968,1683,0,1
51694,103912968,2141,0,1
51695,103914968,2279,1,1
51696,103916968,1735,1,1
51697,103918968,487,0,1
51698,103920968,0,0,0
51699,103922968,0,0,0
51700,103924968,345,0,1
51701,103926968,1000,0,1
51702,103928968,1642,0,1
51703,103930968,2137,0,1
51704,103932968,2387,0,1
51705,103934968,2367,1,1
51706,103936968,1850,1,1
51707,103938968,522,0,1
51708,103940968,0,0,0
51709,103942968,0,0,0
51710,103944968,119,0,1
51711,103946968,681,0,1
51712,103948968,1355,0,1
51713,103950968,1933,0,1
51714,103952968,2281,0,1
51715,103954968,2311,1,1
51716,103956968,1657,1,1
51717,103958968,104,0,1
51718,103960968,0,0,0
51719,103962968,0,0,0
51720,103964968,7,0,1
51721,103966968,489,0,1
51722,103968968,1142,0,1
51723,103970968,1756,0,1
51724,103972968,2187,0,1
51725,103974968,2275,1,1
51726,103976968,1707,1,1
51727,103978968,261,0,1
51728,103980968,0,0,0
51729,103982968,0,0,0
51730,103984968,173,0,1
51731,103986968,765,0,1
51732,103988968,1427,0,1
51733,103990968,1975,0,1
51734,103992968,2311,0,1
51735,103994968,2293,1,1
51736,103996968,1645,1,1
51737,103998968,303,0,1
51738,104000968,0,0,0
51739,104002968,0,0,0
51740,104004968,360,0,1
51741,104006968,1013,0,1
51742,104008968,1658,0,1
51743,104010968,2138,0,1
51744,104012968,2389,0,1
51745,104014968,2299,1,1
51746,104016968,1635,1,1
51747,104018968,217,0,1
51748,104020968,0,0,0
51749,104022968,0,0,0
51750,104024968,310,0,1
51751,104026968,949,0,1
51752,104028968,1591,0,1
51753,104030968,2091,0,1
51754,104032968,2360,0,1
51755,104034968,2291,1,1
51756,104036968,1637,1,1
51757,104038968,38,0,1
51758,104040968,0,0,0
51759,104042968,0,0,0
51760,104044968,91,0,1
51761,104046968,631,0,1
51762,104048968,1290,0,1
51763,104050968,1885,0,1
51764,104052968,2259,0,1
51765,104054968,2255,1,1
51766,104056968,1621,1,1
51767,104058968,147,0,1
51768,104060968,0,0,0
51769,104062968,0,0,0
51770,104064968,233,0,1
51771,104066968,857,0,1
51772,104068968,1518,0,1
51773,104070968,2043,0,1
51774,104072968,2335,0,1
51775,104074968,2265,1,1
51776,104076968,1622,1,1
51777,104078968,0,0,0
51778,104080968,0,0,0
51779,104082968,0,0,0
51780,104084968,107,0,1
51781,104086968,670,0,1
51782,104088968,1321,0,1
51783,104090968,1899,0,1
51784,104092968,2269,0,1
51785,104094968,2245,1,1
51786,104096968,1589,1,1
51787,104098968,313,0,1
51788,104100968,0,0,0
51789,104102968,67,0,1
51790,104104968,597,0,1
51791,104106968,1263,0,1
51792,104108968,1852,0,1
51793,104110968,2263,0,1
51794,104112968,2421,0,1
51795,104114968,2233,1,1
51796,104116968,1499,1,1
51797,104118968,245,0,1
51798,104120968,0,0,0
51799,104122968,74,0,1
51800,104124968,604,0,1
51801,104126968,1277,0,1
51802,104128968,1871,0,1
51803,104130968,2269,0,1
51804,104132968,2427,0,1
51805,104134968,2223,1,1
51806,104136968,1515,1,1
51807,104138968,0,0,0
51808,104140968,0,0,0
51809,104142968,0,0,0
51810,104144968,141,0,1
51811,104146968,699,0,1
51812,104148968,1363,0,1
51813,104150968,1940,0,1
51814,104152968,2278,0,1
51815,104154968,2216,1,1
51816,104156968,1573,1,1
51817,104158968,0,0,0
51818,104160968,0,0,0
51819,104162968,0,0,0
51820,104164968,199,0,1
51821,104166968,793,0,1
51822,104168968,1453,0,1
51823,104170968,1992,0,1
51824,104172968,2317,1,1
51825,104174968,2197,1,1
51826,104176968,1502,1,1
51827,104178968,0,0,0
51828,104180968,0,0,0
51829,104182968,0,0,0
51830,104184968,175,0,1
51831,104186968,763,0,1
51832,104188968,1436,0,1
51833,104190968,1990,0,1
51834,104192968,2309,1,1
51835,104194968,2201,1,1
51836,104196968,1500,1,1
51837,104198968,0,0,0
51838,104200968,0,0,0
51839,104202968,0,0,0
51840,104204968,217,0,1
51841,104206968,786,0,1
51842,104208968,1455,0,1
51843,104210968,2003,0,1
51844,104212968,2313,1,1
51845,104214968,2199,1,1
51846,104216968,1503,1,1
51847,104218968,0,0,0
51848,104220968,0,0,0
51849,104222968,0,0,0
51850,104224968,231,0,1
51851,104226968,831,0,1
51852,104228968,1497,0,1
51853,104230968,2019,0,1
51854,104232968,2329,1,1
51855,104234968,2185,1,1
51856,104236968,1480,1,1
51857,104238968,0,0,0
51858,104240968,0,0,0
51859,104242968,0,0,0
51860,104244968,275,0,1
51861,104246968,871,0,1
51862,104248968,1532,0,1
51863,104250968,2063,0,1
51864,104252968,2339,1,1
51865,104254968,2137,1,1
51866,104256968,1315,1,1
51867,104258968,0,0,0
51868,104260968,0,0,0
51869,104262968,0,0,0
51870,104264968,345,0,1
51871,104266968,970,0,1
51872,104268968,1630,0,1
51873,104270968,2111,0,1
51874,104272968,2359,1,1
51875,104274968,2139,1,1
51876,104276968,1327,1,1
51877,104278968,0,0,0
51878,104280968,0,0,0
51879,104282968,0,0,0
51880,104284968,233,0,1
51881,104286968,819,0,1
51882,104288968,1485,0,1
51883,104290968,2014,0,1
51884,104292968,2324,1,1
51885,104294968,2132,1,1
51886,104296968,1375,1,1
51887,104298968,0,0,0
51888,104300968,0,0,0
51889,104302968,0,0,0
51890,104304968,309,0,1
51891,104306968,923,0,1
51892,104308968,1576,0,1
51893,104310968,2075,0,1
51894,104312968,2347,1,1
51895,104314968,2124,1,1
51896,104316968,1305,1,1
51897,104318968,0,0,0
51898,104320968,0,0,0
51899,104322968,0,0,0
51900,104324968,364,0,1
51901,104326968,981,0,1
51902,104328968,1643,0,1
51903,104330968,2117,0,1
51904,104332968,2361,1,1
51905,104334968,2099,1,1
51906,104336968,1255,1,1
51907,104338968,0,0,0
51908,104340968,0,0,0
51909,104342968,0,0,0
51910,104344968,311,0,1
51911,104346968,909,0,1
51912,104348968,1587,0,1
51913,104350968,2077,0,1
51914,104352968,2345,1,1
51915,104354968,2101,1,1
51916,104356968,1256,1,1
51917,104358968,0,0,0
51918,104360968,0,0,0
51919,104362968,0,0,0
51920,104364968,375,0,1
51921,104366968,972,0,1
51922,104368968,1633,0,1
51923,104370968,2107,0,1
51924,104372968,2360,1,1
51925,104374968,2195,1,1
51926,104376968,1545,1,1
51927,104378968,0,0,0
51928,104380968,0,0,0
51929,104382968,33,0,1
51930,104384968,530,0,1
51931,104386968,1177,0,1
51932,104388968,1821,0,1
51933,104390968,2229,0,1
51934,104392968,2407,1,1
51935,104394968,1431,1,1
51936,104396968,0,1,0
51937,104398968,0,0,0
51938,104400968,0,0,0
51939,104402968,0,0,0
51940,104404968,0,0,0
51941,104406968,139,0,1
51942,104408968,709,0,1
51943,104410968,1372,0,1
51944,104412968,1901,1,1
51945,104414968,1738,1,1
51946,104416968,797,1,1
51947,104418968,0,0,0
51948,104420968,0,0,0
51949,104422968,0,0,0
51950,104424968,282,0,1
51951,104426968,895,0,1
51952,104428968,1561,0,1
51953,104430968,2067,0,1
51954,104432968,2331,1,1
51955,104434968,2070,1,1
51956,104436968,1211,1,1
51957,104438968,0,0,0
51958,104440968,0,0,0
51959,104442968,31,0,1
51960,104444968,537,0,1
51961,104446968,1196,0,1
51962,104448968,1805,0,1
51963,104450968,2221,0,1
51964,104452968,2389,1,1
51965,104454968,2003,1,1
51966,104456968,983,1,1
51967,104458968,0,0,0
51968,104460968,0,0,0
51969,104462968,0,0,0
51970,104464968,439,0,1
51971,104466968,1079,0,1
51972,104468968,1733,0,1
51973,104470968,2171,0,1
51974,104472968,2365,1,1
51975,104474968,2086,1,1
51976,104476968,1172,1,1
51977,104478968,0,0,0
51978,104480968,0,0,0
51979,104482968,37,0,1
51980,104484968,536,0,1
51981,104486968,1190,0,1
51982,104488968,1813,0,1
51983,104490968,2219,0,1
51984,104492968,2385,1,1
51985,104494968,1983,1,1
51986,104496968,957,1,1
51987,104498968,0,0,0
51988,104500968,0,0,0
51989,104502968,0,0,0
51990,104504968,467,0,1
51991,104506968,1112,0,1
51992,104508968,1737,0,1
51993,104510968,2172,0,1
51994,104512968,2363,1,1
51995,104514968,2025,1,1
51996,104516968,1014,1,1
51997,104518968,0,0,0
51998,104520968,0,0,0
51999,104522968,51,0,1
52000,104524968,575,0,1
52001,104526968,1241,0,1
52002,104528968,1837,0,1
52003,104530968,2233,0,1
52004,104532968,2381,1,1
52005,104534968,1990,1,1
52006,104536968,934,0,1
52007,104538968,0,0,0
52008,104540968,0,0,0
52009,104542968,45,0,1
52010,104544968,581,0,1
52011,104546968,1228,0,1
52012,104548968,1843,0,1
52013,104550968,2233,0,1
52014,104552968,2389,1,1
52015,104554968,2090,1,1
52016,104556968,1099,0,1
52017,104558968,0,0,0
52018,104560968,0,0,0
52019,104562968,108,0,1
52020,104564968,661,0,1
52021,104566968,1325,0,1
52022,104568968,1901,0,1
52023,104570968,2267,0,1
52024,104572968,2383,1,1
52025,104574968,1983,1,1
52026,104576968,853,0,1
52027,104578968,0,0,0
52028,104580968,0,0,0
52029,104582968,75,0,1
52030,104584968,605,0,1
52031,104586968,1259,0,1
52032,104588968,1868,0,1
52033,104590968,2232,0,1
52034,104592968,2367,1,1
52035,104594968,1960,1,1
52036,104596968,793,0,1
52037,104598968,0,0,0
52038,104600968,0,0,0
52039,104602968,87,0,1
52040,104604968,615,0,1
52041,104606968,1277,0,1
52042,104608968,1877,0,1
52043,104610968,2253,0,1
52044,104612968,2379,1,1
52045,104614968,1925,1,1
52046,104616968,709,0,1
52047,104618968,0,0,0
52048,104620968,0,0,0
52049,104622968,101,0,1
52050,104624968,619,0,1
52051,104626968,1289,0,1
52052,104628968,1879,0,1
52053,104630968,2252,0,1
52054,104632968,2364,1,1
52055,104634968,1893,1,1
52056,104636968,730,0,1
52057,104638968,0,0,0
52058,104640968,0,0,0
52059,104642968,359,0,1
52060,104644968,984,0,1
52061,104646968,1639,0,1
52062,104648968,2124,0,1
52063,104650968,2379,0,1
52064,104652968,2377,1,1
52065,104654968,1861,1,1
52066,104656968,730,0,1
52067,104658968,0,0,0
52068,104660968,0,0,0
52069,104662968,397,0,1
52070,104664968,1033,0,1
52071,104666968,1684,0,1
52072,104668968,2151,0,1
52073,104670968,2395,0,1
52074,104672968,2365,1,1
52075,104674968,1829,1,1
52076,104676968,709,0,1
52077,104678968,0,0,0
52078,104680968,37,0,1
52079,104682968,537,0,1
52080,104684968,1182,0,1
52081,104686968,1799,0,1
52082,104688968,2227,0,1
52083,104690968,2419,0,1
52084,104692968,2357,1,1
52085,104694968,1831,1,1
52086,104696968,492,0,1
52087,104698968,0,0,0
52088,104700968,0,0,0
52089,104702968,165,0,1
52090,104704968,719,0,1
52091,104706968,1390,0,1
52092,104708968,1958,0,1
52093,104710968,2287,0,1
52094,104712968,2347,1,1
52095,104714968,1867,1,1
52096,104716968,521,0,1
52097,104718968,0,0,0
52098,104720968,0,0,0
52099,104722968,179,0,1
52100,104724968,749,0,1
52101,104726968,1415,0,1
52102,104728968,1971,0,1
52103,104730968,2299,0,1
52104,104732968,2344,1,1
52105,104734968,1866,1,1
52106,104736968,505,0,1
52107,104738968,0,0,0
52108,104740968,0,0,0
52109,104742968,219,0,1
52110,104744968,807,0,1
52111,104746968,1467,0,1
52112,104748968,2012,0,1
52113,104750968,2327,0,1
52114,104752968,2334,1,1
52115,104754968,1829,1,1
52116,104756968,425,0,1
52117,104758968,0,0,0
52118,104760968,0,0,0
52119,104762968,201,0,1
52120,104764968,774,0,1
52121,104766968,1437,0,1
52122,104768968,1989,0,1
52123,104770968,2311,0,1
52124,104772968,2332,1,1
52125,104774968,1846,1,1
52126,104776968,429,0,1
52127,104778968,0,0,0
52128,104780968,0,0,0
52129,104782968,233,0,1
52130,104784968,831,0,1
52131,104786968,1497,0,1
52132,104788968,2021,0,1
52133,104790968,2331,0,1
52134,104792968,2327,1,1
52135,104794968,1829,1,1
52136,104796968,361,0,1
52137,104798968,0,0,0
52138,104800968,0,0,0
52139,104802968,211,0,1
52140,104804968,822,0,1
52141,104806968,1479,0,1
52142,104808968,2013,0,1
52143,104810968,2324,0,1
52144,104812968,2314,1,1
52145,104814968,1829,1,1
52146,104816968,415,0,1
52147,104818968,0,0,0
52148,104820968,0,0,0
52149,104822968,307,0,1
52150,104824968,932,0,1
52151,104826968,1581,0,1
52152,104828968,2079,0,1
52153,104830968,2356,0,1
52154,104832968,2297,1,1
52155,104834968,1763,1,1
52156,104836968,288,0,1
52157,104838968,0,0,0
52158,104840968,0,0,0
52159,104842968,292,0,1
52160,104844968,904,0,1
52161,104846968,1567,0,1
52162,104848968,2069,0,1
52163,104850968,2351,0,1
52164,104852968,2295,1,1
52165,104854968,1753,1,1
52166,104856968,623,0,1
52167,104858968,73,0,1
52168,104860968,213,0,1
52169,104862968,755,0,1
52170,104864968,1397,0,1
52171,104866968,1932,0,1
52172,104868968,2286,0,1
52173,104870968,2413,0,1
52174,104872968,2247,1,1
52175,104874968,1683,1,1
52176,104876968,356,0,1
52177,104878968,0,0,0
52178,104880968,52,0,1
52179,104882968,563,0,1
52180,104884968,1236,0,1
52181,104886968,1829,0,1
52182,104888968,2247,0,1
52183,104890968,2419,0,1
52184,104892968,2279,1,1
52185,104894968,1736,1,1
52186,104896968,218,0,1
52187,104898968,0,0,0
52188,104900968,0,0,0
52189,104902968,357,0,1
52190,104904968,971,0,1
52191,104906968,1623,0,1
52192,104908968,2107,0,1
52193,104910968,2363,0,1
52194,104912968,2278,1,1
52195,104914968,1764,1,1
52196,104916968,239,0,1
52197,104918968,0,0,0
52198,104920968,0,0,0
52199,104922968,347,0,1
52200,104924968,998,0,1
52201,104926968,1644,0,1
52202,104928968,2123,0,1
52203,104930968,2365,1,1
52204,104932968,2261,1,1
52205,104934968,1689,1,1
52206,104936968,111,0,1
52207,104938968,0,0,0
52208,104940968,0,0,0
52209,104942968,341,0,1
52210,104944968,972,0,1
52211,104946968,1622,0,1
52212,104948968,2107,0,1
52213,104950968,2359,1,1
52214,104952968,2231,1,1
52215,104954968,1627,1,1
52216,104956968,361,0,1
52217,104958968,0,0,0
52218,104960968,171,0,1
52219,104962968,764,0,1
52220,104964968,1427,0,1
52221,104966968,1975,0,1
52222,104968968,2323,0,1
52223,104970968,2431,1,1
52224,104972968,2204,1,1
52225,104974968,1575,1,1
52226,104976968,3,0,1
52227,104978968,0,0,0
52228,104980968,0,0,0
52229,104982968,359,0,1
52230,104984968,1003,0,1
52231,104986968,1657,0,1
52232,104988968,2131,0,1
52233,104990968,2367,1,1
52234,104992968,2221,1,1
52235,104994968,1647,1,1
52236,104996968,361,0,1
52237,104998968,0,0,0
52238,105000968,157,0,1
52239,105002968,759,0,1
52240,105004968,1429,0,1
52241,105006968,1979,0,1
52242,105008968,2323,0,1
52243,105010968,2427,1,1
52244,105012968,2196,1,1
52245,105014968,1573,1,1
52246,105016968,122,0,1
52247,105018968,0,0,0
52248,105020968,58,0,1
52249,105022968,601,0,1
52250,105024968,1257,0,1
52251,105026968,1861,0,1
52252,105028968,2257,0,1
52253,105030968,2413,1,1
52254,105032968,2211,1,1
52255,105034968,1596,1,1
52256,105036968,35,0,1
52257,105038968,0,0,0
52258,105040968,0,0,0
52259,105042968,473,0,1
52260,105044968,1116,0,1
52261,105046968,1751,0,1
52262,105048968,2195,0,1
52263,105050968,2391,1,1
52264,105052968,2229,1,1
52265,105054968,1669,1,1
52266,105056968,107,0,1
52267,105058968,0,0,0
52268,105060968,2,0,1
52269,105062968,503,0,1
52270,105064968,1158,0,1
52271,105066968,1787,0,1
52272,105068968,2207,0,1
52273,105070968,2404,1,1
52274,105072968,2101,1,1
52275,105074968,1277,1,1
52276,105076968,0,0,0
52277,105078968,0,0,0
52278,105080968,0,0,0
52279,105082968,446,0,1
52280,105084968,1095,0,1
52281,105086968,1733,0,1
52282,105088968,2184,0,1
52283,105090968,2392,1,1
52284,105092968,1775,1,1
52285,105094968,380,1,1
52286,105096968,0,0,0
52287,105098968,0,0,0
52288,105100968,0,0,0
52289,105102968,0,0,0
52290,105104968,422,0,1
52291,105106968,1076,0,1
52292,105108968,1699,0,1
52293,105110968,2139,1,1
52294,105112968,2075,1,1
52295,105114968,1395,1,1
52296,105116968,0,0,0
52297,105118968,0,0,0
52298,105120968,0,0,0
52299,105122968,493,0,1
52300,105124968,1135,0,1
52301,105126968,1757,0,1
52302,105128968,2197,0,1
52303,105130968,2391,1,1
52304,105132968,2197,1,1
52305,105134968,1515,1,1
52306,105136968,146,0,1
52307,105138968,0,0,0
52308,105140968,164,0,1
52309,105142968,760,0,1
52310,105144968,1407,0,1
52311,105146968,1963,0,1
52312,105148968,2309,0,1
52313,105150968,2424,1,1
52314,105152968,2167,1,1
52315,105154968,1468,1,1
52316,105156968,0,0,0
52317,105158968,0,0,0
52318,105160968,83,0,1
52319,105162968,635,0,1
52320,105164968,1286,0,1
52321,105166968,1877,0,1
52322,105168968,2261,0,1
52323,105170968,2405,1,1
52324,105172968,2157,1,1
52325,105174968,1384,1,1
52326,105176968,0,0,0
52327,105178968,0,0,0
52328,105180968,79,0,1
52329,105182968,645,0,1
52330,105184968,1292,0,1
52331,105186968,1881,0,1
52332,105188968,2263,0,1
52333,105190968,2411,1,1
52334,105192968,2151,1,1
52335,105194968,1402,1,1
52336,105196968,185,0,1
52337,105198968,0,0,0
52338,105200968,278,0,1
52339,105202968,907,0,1
52340,105204968,1562,0,1
52341,105206968,2073,0,1
52342,105208968,2351,0,1
52343,105210968,2419,1,1
52344,105212968,2135,1,1
52345,105214968,1327,1,1
52346,105216968,0,0,0
52347,105218968,0,0,0
52348,105220968,133,0,1
52349,105222968,711,0,1
52350,105224968,1353,0,1
52351,105226968,1927,0,1
52352,105228968,2291,0,1
52353,105230968,2405,1,1
52354,105232968,2168,1,1
52355,105234968,1401,1,1
52356,105236968,358,0,1
52357,105238968,149,0,1
52358,105240968,471,0,1
52359,105242968,1079,0,1
52360,105244968,1643,0,1
52361,105246968,2103,0,1
52362,105248968,2347,0,1
52363,105250968,2387,1,1
52364,105252968,2095,1,1
52365,105254968,1275,1,1
52366,105256968,0,0,0
52367,105258968,0,0,0
52368,105260968,183,0,1
52369,105262968,786,0,1
52370,105264968,1452,0,1
52371,105266968,1997,0,1
52372,105268968,2315,0,1
52373,105270968,2413,1,1
52374,105272968,2143,1,1
52375,105274968,1287,0,1
52376,105276968,0,0,0
52377,105278968,0,0,0
52378,105280968,183,0,1
52379,105282968,785,0,1
52380,105284968,1440,0,1
52381,105286968,1991,0,1
52382,105288968,2318,0,1
52383,105290968,2406,1,1
52384,105292968,2091,1,1
52385,105294968,1145,0,1
52386,105296968,0,0,0
52387,105298968,0,0,0
52388,105300968,163,0,1
52389,105302968,755,0,1
52390,105304968,1399,0,1
52391,105306968,1974,0,1
52392,105308968,2315,0,1
52393,105310968,2396,1,1
52394,105312968,2045,1,1
52395,105314968,1071,0,1
52396,105316968,35,0,1
52397,105318968,0,0,0
52398,105320968,357,0,1
52399,105322968,1000,0,1
52400,105324968,1631,0,1
52401,105326968,2131,0,1
52402,105328968,2379,0,1
52403,105330968,2405,1,1
52404,105332968,2011,1,1
52405,105334968,1139,0,1
52406,105336968,343,0,1
52407,105338968,279,0,1
52408,105340968,676,0,1
52409,105342968,1235,0,1
52410,105344968,1773,0,1
52411,105346968,2171,0,1
52412,105348968,2351,0,1
52413,105350968,2339,1,1
52414,105352968,1951,1,1
52415,105354968,973,0,1
52416,105356968,72,0,1
52417,105358968,23,0,1
52418,105360968,463,0,1
52419,105362968,1127,0,1
52420,105364968,1727,0,1
52421,105366968,2193,0,1
52422,105368968,2401,0,1
52423,105370968,2399,1,1
52424,105372968,2071,1,1
52425,105374968,1237,0,1
52426,105376968,483,0,1
52427,105378968,405,0,1
52428,105380968,748,0,1
52429,105382968,1287,0,1
52430,105384968,1781,0,1
52431,105386968,2155,0,1
52432,105388968,2325,0,1
52433,105390968,2299,1,1
52434,105392968,1915,1,1
52435,105394968,824,0,1
52436,105396968,0,0,0
52437,105398968,0,0,0
52438,105400968,269,0,1
52439,105402968,873,0,1
52440,105404968,1545,0,1
52441,105406968,2067,0,1
52442,105408968,2351,0,1
52443,105410968,2382,1,1
52444,105412968,2008,1,1
52445,105414968,854,0,1
52446,105416968,0,0,0
52447,105418968,0,0,0
52448,105420968,243,0,1
52449,105422968,877,0,1
52450,105424968,1529,0,1
52451,105426968,2063,0,1
52452,105428968,2345,0,1
52453,105430968,2373,1,1
52454,105432968,1997,1,1
52455,105434968,1064,0,1
52456,105436968,354,0,1
52457,105438968,327,0,1
52458,105440968,722,0,1
52459,105442969,1308,0,1
52460,105444968,1817,0,1
52461,105446968,2187,0,1
52462,105448968,2358,0,1
52463,105450968,2301,1,1
52464,105452968,1899,1,1
52465,105454968,727,0,1
52466,105456968,0,0,0
52467,105458968,0,0,0
52468,105460968,329,0,1
52469,105462968,951,0,1
52470,105464968,1610,0,1
52471,105466968,2107,0,1
52472,105468968,2364,0,1
52473,105470968,2364,1,1
52474,105472968,1929,1,1
52475,105474968,749,0,1
52476,105476968,0,0,0
52477,105478968,0,0,0
52478,105480968,456,0,1
52479,105482969,1102,0,1
52480,105484968,1735,0,1
52481,105486968,2184,0,1
52482,105488968,2393,0,1
52483,105490968,2356,1,1
52484,105492968,1947,1,1
52485,105494968,847,0,1
52486,105496968,120,0,1
52487,105498968,149,0,1
52488,105500968,627,0,1
52489,105502968,1257,0,1
52490,105504968,1833,0,1
52491,105506968,2233,0,1
52492,105508968,2403,0,1
52493,105510968,2332,1,1
52494,105512968,1927,1,1
52495,105514968,763,0,1
52496,105516968,0,0,0
52497,105518968,28,0,1
52498,105520968,507,0,1
52499,105522968,1177,0,1
52500,105524968,1781,0,1
52501,105526968,2212,0,1
52502,105528968,2410,0,1
52503,105530968,2345,1,1
52504,105532968,1913,1,1
52505,105534968,904,0,1
52506,105536968,345,0,1
52507,105538968,419,0,1
52508,105540968,879,0,1
52509,105542968,1435,0,1
52510,105544968,1904,0,1
52511,105546968,2223,0,1
52512,105548968,2351,0,1
52513,105550968,2267,1,1
52514,105552968,1823,1,1
52515,105554968,501,0,1
52516,105556968,0,0,0
52517,105558968,0,0,0
52518,105560968,365,0,1
52519,105562969,1005,0,1
52520,105564968,1639,0,1
52521,105566968,2122,0,1
52522,105568968,2379,0,1
52523,105570968,2340,1,1
52524,105572968,1919,1,1
52525,105574968,551,0,1
52526,105576968,0,0,0
52527,105578968,0,0,0
52528,105580968,399,0,1
52529,105582968,1036,0,1
52530,105584968,1676,0,1
52531,105586968,2155,0,1
52532,105588968,2379,0,1
52533,105590968,2329,1,1
52534,105592968,1885,1,1
52535,105594968,797,0,1
52536,105596968,191,0,1
52537,105598968,267,0,1
52538,105600968,763,0,1
52539,105602969,1381,0,1
52540,105604968,1898,0,1
52541,105606968,2247,0,1
52542,105608968,2389,0,1
52543,105610968,2281,1,1
52544,105612968,1864,1,1
52545,105614968,540,0,1
52546,105616968,0,0,0
52547,105618968,31,0,1
52548,105620968,540,0,1
52549,105622968,1206,0,1
52550,105624968,1805,0,1
52551,105626968,2221,0,1
52552,105628968,2409,0,1
52553,105630968,2316,1,1
52554,105632968,1851,1,1
52555,105634968,602,0,1
52556,105636968,0,0,0
52557,105638968,115,0,1
52558,105640968,667,0,1
52559,105642969,1321,0,1
52560,105644968,1906,0,1
52561,105646968,2274,0,1
52562,105648968,2420,1,1
52563,105650968,2315,1,1
52564,105652968,1884,1,1
52565,105654968,728,0,1
52566,105656968,187,0,1
52567,105658968,292,0,1
52568,105660968,825,0,1
52569,105662968,1398,0,1
52570,105664968,1933,0,1
52571,105666968,2265,0,1
52572,105668968,2387,1,1
52573,105670968,2278,1,1
52574,105672968,1869,1,1
52575,105674968,487,0,1
52576,105676968,0,0,0
52577,105678968,54,0,1
52578,105680968,571,0,1
52579,105682969,1224,0,1
52580,105684968,1819,0,1
52581,105686968,2233,0,1
52582,105688968,2412,1,1
52583,105690968,2319,1,1
52584,105692968,1925,1,1
52585,105694968,825,0,1
52586,105696968,359,0,1
52587,105698968,477,0,1
52588,105700968,953,0,1
52589,105702968,1500,0,1
52590,105704968,1963,0,1
52591,105706968,2249,0,1
52592,105708968,2343,1,1
52593,105710968,2287,1,1
52594,105712968,2019,1,1
52595,105714968,1081,0,1
52596,105716968,644,0,1
52597,105718968,715,0,1
52598,105720968,1105,0,1
52599,105722969,1577,0,1
52600,105724968,1960,0,1
52601,105726968,2211,0,1
52602,105728968,2297,1,1
52603,105730968,1889,1,1
52604,105732968,876,1,1
52605,105734968,0,0,0
52606,105736968,0,0,0
52607,105738968,0,0,0
52608,105740968,277,0,1
52609,105742968,895,0,1
52610,105744968,1549,0,1
52611,105746968,2063,0,1
52612,105748968,2342,1,1
52613,105750968,2121,1,1
52614,105752968,1323,1,1
52615,105754968,0,0,0
52616,105756968,0,0,0
52617,105758968,0,0,0
52618,105760968,297,0,1
52619,105762969,927,0,1
52620,105764968,1575,0,1
52621,105766968,2083,0,1
52622,105768968,2345,1,1
52623,105770968,2253,1,1
52624,105772968,1767,1,1
52625,105774968,299,0,1
52626,105776968,0,0,0
52627,105778968,51,0,1
52628,105780968,600,0,1
52629,105782968,1253,0,1
52630,105784968,1853,0,1
52631,105786968,2249,0,1
52632,105788968,2409,1,1
52633,105790968,2303,1,1
52634,105792968,1892,1,1
52635,105794968,491,0,1
52636,105796968,0,0,0
52637,105798968,133,0,1
52638,105800968,699,0,1
52639,105802969,1373,0,1
52640,105804968,1927,0,1
52641,105806968,2283,0,1
52642,105808968,2424,1,1
52643,105810968,2299,1,1
52644,105812968,1875,0,1
52645,105814968,793,0,1
52646,105816968,426,0,1
52647,105818968,598,0,1
52648,105820968,1052,0,1
52649,105822968,1575,0,1
52650,105824968,1999,0,1
52651,105826968,2261,0,1
52652,105828968,2335,1,1
52653,105830968,2204,1,1
52654,105832968,1812,1,1
52655,105834968,948,0,1
52656,105836968,663,0,1
52657,105838968,819,0,1
52658,105840968,1223,0,1
52659,105842969,1676,0,1
52660,105844968,2025,0,1
52661,105846968,2231,0,1
52662,105848968,2291,1,1
52663,105850968,2155,1,1
52664,105852968,1735,1,1
52665,105854968,420,0,1
52666,105856968,0,0,0
52667,105858968,191,0,1
52668,105860968,805,0,1
52669,105862968,1447,0,1
52670,105864968,1996,0,1
52671,105866968,2325,0,1
52672,105868968,2426,1,1
52673,105870968,2263,1,1
52674,105872968,1755,1,1
52675,105874968,393,0,1
52676,105876968,0,0,0
52677,105878968,207,0,1
52678,105880968,803,0,1
52679,105882969,1449,0,1
52680,105884968,1990,0,1
52681,105886968,2319,0,1
52682,105888968,2427,1,1
52683,105890968,2265,1,1
52684,105892968,1709,1,1
52685,105894968,279,0,1
52686,105896968,0,0,0
52687,105898968,151,0,1
52688,105900968,742,0,1
52689,105902968,1401,0,1
52690,105904968,1959,0,1
52691,105906968,2301,0,1
52692,105908968,2425,1,1
52693,105910968,2293,1,1
52694,105912968,1831,1,1
52695,105914968,797,0,1
52696,105916968,463,0,1
52697,105918968,645,0,1
52698,105920968,1115,0,1
52699,105922969,1621,0,1
52700,105924968,2014,0,1
52701,105926968,2253,0,1
52702,105928968,2328,1,1
52703,105930968,2184,1,1
52704,105932968,1637,1,1
52705,105934968,309,0,1
52706,105936968,0,0,0
52707,105938968,239,0,1
52708,105940968,851,0,1
52709,105942968,1500,0,1
52710,105944968,2023,0,1
52711,105946968,2339,0,1
52712,105948968,2421,1,1
52713,105950968,2239,1,1
52714,105952968,1595,1,1
52715,105954968,269,0,1
52716,105956968,0,0,0
52717,105958968,229,0,1
52718,105960968,827,0,1
52719,105962969,1499,0,1
52720,105964968,2021,0,1
52721,105966968,2341,0,1
52722,105968968,2421,1,1
52723,105970968,2200,1,1
52724,105972968,1543,1,1
52725,105974968,605,0,1
52726,105976968,377,0,1
52727,105978968,645,0,1
52728,105980968,1167,0,1
52729,105982968,1675,0,1
52730,105984968,2079,0,1
52731,105986968,2297,0,1
52732,105988968,2335,1,1
52733,105990968,2119,1,1
52734,105992968,1547,0,1
52735,105994968,799,0,1
52736,105996968,645,0,1
52737,105998968,906,0,1
52738,106000968,1355,0,1
52739,106002969,1769,0,1
52740,106004968,2093,0,1
52741,106006968,2263,0,1
52742,106008968,2279,1,1
52743,106010968,2087,1,1
52744,106012968,1388,0,1
52745,106014968,271,0,1
52746,106016968,28,0,1
52747,106018968,383,0,1
52748,106020968,994,0,1
52749,106022968,1611,0,1
52750,106024968,2107,0,1
52751,106026968,2360,0,1
52752,106028968,2408,1,1
52753,106030968,2207,1,1
52754,106032968,1466,0,1
52755,106034968,261,0,1
52756,106036968,0,0,0
52757,106038968,309,0,1
52758,106040968,932,0,1
52759,106042969,1583,0,1
52760,106044968,2086,0,1
52761,106046968,2357,0,1
52762,106048968,2415,1,1
52763,106050968,2195,1,1
52764,106052968,1325,0,1
52765,106054968,107,0,1
52766,106056968,0,0,0
52767,106058968,271,0,1
52768,106060968,916,0,1
52769,106062968,1545,0,1
52770,106064968,2063,0,1
52771,106066968,2347,0,1
52772,106068968,2411,1,1
52773,106070968,2205,1,1
52774,106072968,1416,0,1
52775,106074968,475,0,1
52776,106076968,297,0,1
52777,106078968,620,0,1
52778,106080968,1162,0,1
52779,106082969,1707,0,1
52780,106084968,2109,0,1
52781,106086968,2323,0,1
52782,106088968,2347,1,1
52783,106090968,2131,1,1
52784,106092968,1236,0,1
52785,106094968,123,0,1
52786,106096968,0,0,0
52787,106098968,333,0,1
52788,106100968,985,0,1
52789,106102968,1618,0,1
52790,106104968,2107,0,1
52791,106106968,2365,0,1
52792,106108968,2403,1,1
52793,106110968,2170,1,1
52794,106112968,1271,0,1
52795,106114968,292,0,1
52796,106116968,108,0,1
52797,106118968,483,0,1
52798,106120968,1097,0,1
52799,106122969,1690,0,1
52800,106124968,2133,0,1
52801,106126968,2360,0,1
52802,106128968,2383,1,1
52803,106130968,2133,1,1
52804,106132968,1373,0,1
52805,106134968,691,0,1
52806,106136968,599,0,1
52807,106138968,907,0,1
52808,106140968,1372,0,1
52809,106142968,1814,0,1
52810,106144968,2125,0,1
52811,106146968,2285,0,1
52812,106148968,2275,1,1
52813,106150968,2037,1,1
52814,106152968,1111,0,1
52815,106154968,203,0,1
52816,106156968,101,0,1
52817,106158968,519,0,1
52818,106160968,1151,0,1
52819,106162969,1742,0,1
52820,106164968,2171,0,1
52821,106166968,2377,0,1
52822,106168968,2392,1,1
52823,106170968,2182,1,1
52824,106172968,1207,0,1
52825,106174968,190,0,1
52826,106176968,39,0,1
52827,106178968,431,0,1
52828,106180968,1080,0,1
52829,106182968,1684,0,1
52830,106184968,2141,0,1
52831,106186968,2379,0,1
52832,106188968,2382,1,1
52833,106190968,2092,1,1
52834,106192968,1055,0,1
52835,106194968,199,0,1
52836,106196968,117,0,1
52837,106198968,555,0,1
52838,106200968,1191,0,1
52839,106202969,1767,0,1
52840,106204968,2172,0,1
52841,106206968,2380,0,1
52842,106208968,2365,1,1
52843,106210968,2099,1,1
52844,106212968,1003,0,1
52845,106214968,78,0,1
52846,106216968,0,0,0
52847,106218968,447,0,1
52848,106220968,1098,0,1
52849,106222968,1727,0,1
52850,106224968,2181,0,1
52851,106226968,2397,0,1
52852,106228968,2379,1,1
52853,106230968,2088,1,1
52854,106232968,921,0,1
52855,106234968,3,0,1
52856,106236968,0,0,0
52857,106238968,425,0,1
52858,106240968,1075,0,1
52859,106242969,1723,0,1
52860,106244968,2163,0,1
52861,106246968,2389,0,1
52862,106248968,2365,1,1
52863,106250968,2011,1,1
52864,106252968,825,0,1
52865,106254968,0,0,0
52866,106256968,0,0,0
52867,106258968,453,0,1
52868,106260968,1108,0,1
52869,106262968,1727,0,1
52870,106264968,2171,0,1
52871,106266968,2393,0,1
52872,106268968,2380,1,1
52873,106270968,2072,1,1
52874,106272968,1145,0,1
52875,106274968,494,0,1
52876,106276968,486,0,1
52877,106278968,869,0,1
52878,106280968,1380,0,1
52879,106282969,1861,0,1
52880,106284968,2171,0,1
52881,106286968,2324,0,1
52882,106288968,2267,1,1
52883,106290968,1965,1,1
52884,106292968,892,0,1
52885,106294968,219,0,1
52886,106296968,248,0,1
52887,106298968,715,0,1
52888,106300968,1316,0,1
52889,106302968,1855,0,1
52890,106304968,2227,0,1
52891,106306968,2377,0,1
52892,106308968,2321,1,1
52893,106310968,2003,1,1
52894,106312968,781,0,1
52895,106314968,0,0,0
52896,106316968,39,0,1
52897,106318968,520,0,1
52898,106320968,1179,0,1
52899,106322969,1797,0,1
52900,106324968,2217,0,1
52901,106326968,2410,0,1
52902,106328968,2349,1,1
52903,106330968,2019,1,1
52904,106332968,760,0,1
52905,106334968,0,0,0
52906,106336968,31,0,1
52907,106338968,533,0,1
52908,106340968,1187,0,1
52909,106342968,1791,0,1
52910,106344968,2217,0,1
52911,106346968,2407,0,1
52912,106348968,2365,1,1
52913,106350968,2083,1,1
52914,106352968,1055,0,1
52915,106354968,500,0,1
52916,106356968,523,0,1
52917,106358968,918,0,1
52918,106360968,1431,0,1
52919,106362969,1893,0,1
52920,106364968,2199,0,1
52921,106366968,2325,0,1
52922,106368968,2221,1,1
52923,106370968,1831,1,1
52924,106372968,653,0,1
52925,106374968,37,0,1
52926,106376968,174,0,1
52927,106378968,679,0,1
52928,106380968,1331,0,1
52929,106382968,1907,0,1
52930,106384968,2285,0,1
52931,106386968,2429,1,1
52932,106388968,1929,1,1
52933,106390968,503,1,1
52934,106392968,0,0,0
52935,106394968,0,0,0
52936,106396968,0,0,0
52937,106398968,149,0,1
52938,106400968,715,0,1
52939,106402969,1379,0,1
52940,106404968,1935,0,1
52941,106406968,2278,1,1
52942,106408968,2283,1,1
52943,106410968,1897,1,1
52944,106412968,553,0,1
52945,106414968,0,0,0
52946,106416968,63,0,1
52947,106418968,603,0,1
52948,106420968,1271,0,1
52949,106422968,1862,0,1
52950,106424968,2255,0,1
52951,106426968,2419,1,1
52952,106428968,2334,1,1
52953,106430968,2002,1,1
52954,106432968,683,0,1
52955,106434968,35,0,1
52956,106436968,108,0,1
52957,106438968,659,0,1
52958,106440968,1311,0,1
52959,106442969,1895,0,1
52960,106444968,2263,0,1
52961,106446968,2413,1,1
52962,106448968,2335,1,1
52963,106450968,1990,1,1
52964,106452968,653,0,1
52965,106454968,26,0,1
52966,106456968,138,0,1
52967,106458968,697,0,1
52968,106460968,1341,0,1
52969,106462968,1899,0,1
52970,106464968,2271,0,1
52971,106466968,2415,1,1
52972,106468968,2347,1,1
52973,106470968,2023,1,1
52974,106472968,728,0,1
52975,106474968,137,0,1
52976,106476968,233,0,1
52977,106478968,763,0,1
52978,106480968,1366,0,1
52979,106482969,1909,0,1
52980,106484968,2331,0,1
52981,106486968,2392,1,1
52982,106488968,2343,1,1
52983,106490968,2083,1,1
52984,106492968,785,0,1
52985,106494968,182,0,1
52986,106496968,267,0,1
52987,106498968,776,0,1
52988,106500968,1369,0,1
52989,106502968,1899,0,1
52990,106504968,2239,0,1
52991,106506968,2380,1,1
52992,106508968,2300,1,1
52993,106510968,1966,1,1
52994,106512968,984,0,1
52995,106514968,614,0,1
52996,106516968,727,0,1
52997,106518968,1139,0,1
52998,106520968,1595,0,1
52999,106522968,1976,0,1
53000,106524968,2220,0,1
53001,106526968,2301,1,1
53002,106528968,2214,1,1
53003,106530968,1883,1,1
53004,106532968,615,0,1
53005,106534968,122,0,1
53006,106536968,288,0,1
53007,106538968,839,0,1
53008,106540968,1447,0,1
53009,106542968,1967,0,1
53010,106544968,2287,0,1
53011,106546968,2398,1,1
53012,106548968,2318,1,1
53013,106550968,1976,1,1
53014,106552968,675,0,1
53015,106554968,160,0,1
53016,106556968,291,0,1
53017,106558968,828,0,1
53018,106560968,1429,0,1
53019,106562969,1955,0,1
53020,106564968,2269,0,1
53021,106566968,2393,1,1
53022,106568968,2302,1,1
53023,106570968,1907,1,1
53024,106572968,1063,0,1
53025,106574968,767,0,1
53026,106576968,891,0,1
53027,106578968,1271,0,1
53028,106580968,1675,0,1
53029,106582968,2011,0,1
53030,106584968,2207,0,1
53031,106586968,2266,1,1
53032,106588968,2157,1,1
53033,106590968,1773,1,1
53034,106592968,616,0,1
53035,106594968,244,0,1
53036,106596968,459,0,1
53037,106598968,995,0,1
53038,106600968,1560,0,1
53039,106602969,2019,0,1
53040,106604968,2285,0,1
53041,106606968,2377,1,1
53042,106608968,2227,1,1
53043,106610968,1753,1,1
53044,106612968,869,0,1
53045,106614968,603,0,1
53046,106616968,786,0,1
53047,106618968,1225,0,1
53048,106620968,1670,0,1
53049,106622968,2040,0,1
53050,106624968,2244,0,1
53051,106626968,2301,1,1
53052,106628968,2122,1,1
53053,106630968,1583,0,1
53054,106632968,463,0,1
53055,106634968,162,0,1
53056,106636968,429,0,1
53057,106638968,975,0,1
53058,106640968,1582,0,1
53059,106642969,2067,0,1
53060,106644968,2319,0,1
53061,106646968,2394,1,1
53062,106648968,2204,1,1
53063,106650968,1651,1,1
53064,106652968,359,0,1
53065,106654968,0,0,0
53066,106656968,253,0,1
53067,106658968,873,0,1
53068,106660968,1515,0,1
53069,106662968,2042,0,1
53070,106664968,2334,0,1
53071,106666968,2423,1,1
53072,106668968,2212,1,1
53073,106670968,1573,1,1
53074,106672968,265,0,1
53075,106674968,0,0,0
53076,106676968,233,0,1
53077,106678968,827,0,1
53078,106680968,1481,0,1
53079,106682969,2030,0,1
53080,106684968,2340,0,1
53081,106686968,2427,1,1
53082,106688968,2229,1,1
53083,106690968,1561,1,1
53084,106692968,295,0,1
53085,106694968,0,0,0
53086,106696968,263,0,1
53087,106698968,875,0,1
53088,106700968,1518,0,1
53089,106702968,2052,0,1
53090,106704968,2347,0,1
53091,106706968,2420,1,1
53092,106708968,2215,1,1
53093,106710968,1562,1,1
53094,106712968,625,0,1
53095,106714968,418,0,1
53096,106716968,687,0,1
53097,106718968,1179,0,1
53098,106720968,1691,0,1
53099,106722969,2085,0,1
53100,106724968,2296,0,1
53101,106726968,2329,1,1
53102,106728968,2123,1,1
53103,106730968,1434,0,1
53104,106732968,378,0,1
53105,106734968,147,0,1
53106,106736968,473,0,1
53107,106738968,1059,0,1
53108,106740968,1646,0,1
53109,106742968,2093,0,1
53110,106744968,2335,0,1
53111,106746968,2389,1,1
53112,106748968,2168,1,1
53113,106750968,1407,0,1
53114,106752968,213,0,1
53115,106754968,0,0,0
53116,106756968,293,0,1
53117,106758968,931,0,1
53118,106760968,1567,0,1
53119,106762969,2089,0,1
53120,106764968,2361,0,1
53121,106766968,2415,1,1
53122,106768968,2200,1,1
53123,106770968,1362,0,1
53124,106772968,205,0,1
53125,106774968,0,0,0
53126,106776968,319,0,1
53127,106778968,955,0,1
53128,106780968,1595,0,1
53129,106782968,2099,0,1
53130,106784968,2359,0,1
53131,106786968,2413,1,1
53132,106788968,2211,1,1
53133,106790968,1380,0,1
53134,106792968,243,0,1
53135,106794968,0,0,0
53136,106796968,359,0,1
53137,106798968,993,0,1
53138,106800968,1625,0,1
53139,106802969,2109,0,1
53140,106804968,2361,0,1
53141,106806968,2411,1,1
53142,106808968,2195,1,1
53143,106810968,1331,0,1
53144,106812968,231,0,1
53145,106814968,10,0,1
53146,106816968,364,0,1
53147,106818968,1003,0,1
53148,106820968,1639,0,1
53149,106822968,2117,0,1
53150,106824968,2365,0,1
53151,106826968,2399,1,1
53152,106828968,2159,1,1
53153,106830968,1255,0,1
53154,106832968,183,0,1
53155,106834968,0,0,0
53156,106836968,371,0,1
53157,106838968,1014,0,1
53158,106840968,1655,0,1
53159,106842969,2135,0,1
53160,106844968,2379,0,1
53161,106846968,2409,1,1
53162,106848968,2169,1,1
53163,106850968,1335,0,1
53164,106852968,517,0,1
53165,106854968,374,0,1
53166,106856968,723,0,1
53167,106858968,1247,0,1
53168,106860968,1765,0,1
53169,106862968,2135,0,1
53170,106864968,2323,0,1
53171,106866968,2324,1,1
53172,106868968,2101,1,1
53173,106870968,1143,0,1
53174,106872968,140,0,1
53175,106874968,0,0,0
53176,106876968,419,0,1
53177,106878968,1064,0,1
53178,106880968,1687,0,1
53179,106882969,2159,0,1
53180,106884968,2390,0,1
53181,106886968,2393,1,1
53182,106888968,2131,1,1
53183,106890968,1103,0,1
53184,106892968,123,0,1
53185,106894968,5,0,1
53186,106896968,419,0,1
53187,106898968,1071,0,1
53188,106900968,1707,0,1
53189,106902968,2164,0,1
53190,106904968,2391,0,1
53191,106906968,2395,1,1
53192,106908968,2117,1,1
53193,106910968,1020,0,1
53194,106912968,43,0,1
53195,106914968,0,0,0
53196,106916968,421,0,1
53197,106918968,1071,0,1
53198,106920968,1687,0,1
53199,106922969,2165,0,1
53200,106924968,2385,0,1
53201,106926968,2392,1,1
53202,106928968,2123,1,1
53203,106930968,1047,0,1
53204,106932968,137,0,1
53205,106934968,44,0,1
53206,106936968,479,0,1
53207,106938968,1140,0,1
53208,106940968,1746,0,1
53209,106942968,2186,0,1
53210,106944968,2394,0,1
53211,106946968,2377,1,1
53212,106948968,2118,1,1
53213,106950968,947,0,1
53214,106952968,35,0,1
53215,106954968,0,0,0
53216,106956968,436,0,1
53217,106958968,1122,0,1
53218,106960968,1723,0,1
53219,106962969,2187,0,1
53220,106964968,2393,0,1
53221,106966968,2388,1,1
53222,106968968,2135,1,1
53223,106970968,1013,0,1
53224,106972968,141,0,1
53225,106974968,83,0,1
53226,106976968,537,0,1
53227,106978968,1171,0,1
53228,106980968,1756,0,1
53229,106982968,2195,0,1
53230,106984968,2391,0,1
53231,106986968,2403,1,1
53232,106988968,2231,1,1
53233,106990968,1177,0,1
53234,106992968,357,0,1
53235,106994968,252,0,1
53236,106996968,658,0,1
53237,106998968,1239,0,1
53238,107000968,1757,0,1
53239,107002969,2159,0,1
53240,107004968,2341,0,1
53241,107006968,2361,1,1
53242,107008968,2261,1,1
53243,107010968,1576,0,1
53244,107012968,1085,0,1
53245,107014968,1020,0,1
53246,107016968,1228,0,1
53247,107018968,1576,0,1
53248,107020968,1887,0,1
53249,107022968,2117,0,1
53250,107024968,2216,0,1
53251,107026968,1843,1,1
53252,107028968,494,1,1
53253,107030968,0,0,0
53254,107032968,0,0,0
53255,107034968,0,0,0
53256,107036968,133,0,1
53257,107038968,687,0,1
53258,107040968,1352,0,1
53259,107042969,1929,0,1
53260,107044968,2271,0,1
53261,107046968,2311,1,1
53262,107048968,1946,1,1
53263,107050968,755,0,1
53264,107052968,137,0,1
53265,107054968,203,0,1
53266,107056968,717,0,1
53267,107058968,1353,0,1
53268,107060968,1881,0,1
53269,107062968,2253,0,1
53270,107064968,2393,0,1
53271,107066968,2329,1,1
53272,107068968,2035,1,1
53273,107070968,1163,0,1
53274,107072968,709,0,1
53275,107074968,739,0,1
53276,107076968,1093,0,1
53277,107078968,1553,0,1
53278,107080968,1929,0,1
53279,107082969,2183,0,1
53280,107084968,2273,0,1
53281,107086968,2235,1,1
53282,107088968,2031,1,1
53283,107090968,875,0,1
53284,107092968,199,0,1
53285,107094968,230,0,1
53286,107096968,715,0,1
53287,107098968,1322,0,1
53288,107100968,1867,0,1
53289,107102968,2229,0,1
53290,107104968,2376,1,1
53291,107106968,2348,1,1
53292,107108968,2127,1,1
53293,107110968,853,0,1
53294,107112968,165,0,1
53295,107114968,191,0,1
53296,107116968,682,0,1
53297,107118968,1307,0,1
53298,107120968,1845,0,1
53299,107122969,2229,0,1
53300,107124968,2391,1,1
53301,107126968,2348,1,1
53302,107128968,2099,1,1
53303,107130968,862,0,1
53304,107132968,185,0,1
53305,107134968,229,0,1
53306,107136968,698,0,1
53307,107138968,1309,0,1
53308,107140968,1855,0,1
53309,107142968,2223,0,1
53310,107144968,2383,1,1
53311,107146968,2351,1,1
53312,107148968,2143,1,1
53313,107150968,917,0,1
53314,107152968,255,0,1
53315,107154968,282,0,1
53316,107156968,739,0,1
53317,107158968,1323,0,1
53318,107160968,1863,0,1
53319,107162969,2217,0,1
53320,107164968,2365,1,1
53321,107166968,2344,1,1
53322,107168968,2129,1,1
53323,107170968,846,0,1
53324,107172968,201,0,1
53325,107174968,264,0,1
53326,107176968,741,0,1
53327,107178968,1339,0,1
53328,107180968,1880,0,1
53329,107182968,2229,0,1
53330,107184968,2377,1,1
53331,107186968,2357,1,1
53332,107188968,2136,1,1
53333,107190968,830,0,1
53334,107192968,213,0,1
53335,107194968,274,0,1
53336,107196968,759,0,1
53337,107198968,1357,0,1
53338,107200968,1887,0,1
53339,107202969,2239,0,1
53340,107204968,2367,1,1
53341,107206968,2357,1,1
53342,107208968,2145,1,1
53343,107210968,911,0,1
53344,107212968,335,0,1
53345,107214968,382,0,1
53346,107216968,843,0,1
53347,107218968,1401,0,1
53348,107220968,1901,0,1
53349,107222968,2223,0,1
53350,107224968,2349,1,1
53351,107226968,2316,1,1
53352,107228968,2063,1,1
53353,107230968,1261,0,1
53354,107232968,924,0,1
53355,107234968,981,0,1
53356,107236968,1299,0,1
53357,107238968,1659,0,1
53358,107240968,1971,0,1
53359,107242969,2163,0,1
53360,107244968,2232,1,1
53361,107246968,2180,1,1
53362,107248968,1915,1,1
53363,107250968,660,0,1
53364,107252968,167,0,1
53365,107254968,325,0,1
53366,107256968,858,0,1
53367,107258968,1453,0,1
53368,107260968,1963,0,1
53369,107262968,2280,0,1
53370,107264968,2391,1,1
53371,107266968,2300,1,1
53372,107268968,1960,1,1
53373,107270968,681,0,1
53374,107272968,181,0,1
53375,107274968,315,0,1
53376,107276968,853,0,1
53377,107278968,1444,0,1
53378,107280968,1957,0,1
53379,107282969,2276,0,1
53380,107284968,2387,1,1
53381,107286968,2288,1,1
53382,107288968,1900,1,1
53383,107290968,599,0,1
53384,107292968,110,0,1
53385,107294968,283,0,1
53386,107296968,831,0,1
53387,107298968,1433,0,1
53388,107300968,1964,0,1
53389,107302968,2283,0,1
53390,107304968,2395,1,1
53391,107306968,2296,1,1
53392,107308968,1901,1,1
53393,107310968,597,0,1
53394,107312968,124,0,1
53395,107314968,327,0,1
53396,107316968,867,0,1
53397,107318968,1466,0,1
53398,107320968,1977,0,1
53399,107322969,2293,0,1
53400,107324968,2395,1,1
53401,107326968,2267,1,1
53402,107328968,1813,1,1
53403,107330968,540,0,1
53404,107332968,126,0,1
53405,107334968,327,0,1
53406,107336968,889,0,1
53407,107338968,1501,0,1
53408,107340968,1996,0,1
53409,107342968,2301,0,1
53410,107344968,2393,1,1
53411,107346968,2255,1,1
53412,107348968,1775,1,1
53413,107350968,687,0,1
53414,107352968,367,0,1
53415,107354968,579,0,1
53416,107356968,1082,0,1
53417,107358968,1593,0,1
53418,107360968,2031,0,1
53419,107362969,2281,0,1
53420,107364968,2346,1,1
53421,107366968,2239,1,1
53422,107368968,1749,1,1
53423,107370968,531,0,1
53424,107372968,155,0,1
53425,107374968,392,0,1
53426,107376968,954,0,1
53427,107378968,1533,0,1
53428,107380968,2025,0,1
53429,107382968,2303,0,1
53430,107384968,2395,1,1
53431,107386968,2252,1,1
53432,107388968,1751,1,1
53433,107390968,921,0,1
53434,107392968,699,0,1
53435,107394968,874,0,1
53436,107396968,1301,0,1
53437,107398968,1707,0,1
53438,107400968,2054,0,1
53439,107402969,2236,0,1
53440,107404968,2280,1,1
53441,107406968,2157,1,1
53442,107408968,1598,1,1
53443,107410968,423,0,1
53444,107412968,112,0,1
53445,107414968,381,0,1
53446,107416968,969,0,1
53447,107418968,1573,0,1
53448,107420968,2065,0,1
53449,107422968,2333,0,1
53450,107424968,2403,1,1
53451,107426968,2276,1,1
53452,107428968,1779,1,1
53453,107430968,1049,0,1
53454,107432968,843,0,1
53455,107434968,1018,0,1
53456,107436968,1395,0,1
53457,107438968,1752,0,1
53458,107440968,2055,0,1
53459,107442969,2207,0,1
53460,107444968,2252,1,1
53461,107446968,2141,1,1
53462,107448968,1594,0,1
53463,107450968,619,0,1
53464,107452968,389,0,1
53465,107454968,651,0,1
53466,107456968,1162,0,1
53467,107458968,1675,0,1
53468,107460968,2072,0,1
53469,107462968,2288,0,1
53470,107464968,2343,1,1
53471,107466968,2238,1,1
53472,107468968,1629,0,1
53473,107470968,474,0,1
53474,107472968,183,0,1
53475,107474968,453,0,1
53476,107476968,1021,0,1
53477,107478968,1612,0,1
53478,107480968,2059,0,1
53479,107482969,2325,0,1
53480,107484968,2387,1,1
53481,107486968,2259,1,1
53482,107488968,1567,0,1
53483,107490968,486,0,1
53484,107492968,219,0,1
53485,107494968,495,0,1
53486,107496968,1059,0,1
53487,107498968,1613,0,1
53488,107500968,2075,0,1
53489,107502968,2318,0,1
53490,107504968,2376,1,1
53491,107506968,2231,1,1
53492,107508968,1498,0,1
53493,107510968,404,0,1
53494,107512968,150,0,1
53495,107514968,467,0,1
53496,107516968,1049,0,1
53497,107518968,1631,0,1
53498,107520968,2087,0,1
53499,107522968,2329,0,1
53500,107524968,2390,1,1
53501,107526968,2251,1,1
53502,107528968,1454,0,1
53503,107530968,419,0,1
53504,107532968,180,0,1
53505,107534968,491,0,1
53506,107536968,1065,0,1
53507,107538968,1652,0,1
53508,107540968,2094,0,1
53509,107542968,2329,0,1
53510,107544968,2377,1,1
53511,107546968,2207,1,1
53512,107548968,1407,0,1
53513,107550968,468,0,1
53514,107552968,268,0,1
53515,107554968,594,0,1
53516,107556968,1129,0,1
53517,107558968,1685,0,1
53518,107560968,2106,0,1
53519,107562969,2328,0,1
53520,107564968,2363,1,1
53521,107566968,2201,1,1
53522,107568968,1363,0,1
53523,107570968,377,0,1
53524,107572968,171,0,1
53525,107574968,523,0,1
53526,107576968,1095,0,1
53527,107578968,1673,0,1
53528,107580968,2109,0,1
53529,107582968,2335,0,1
53530,107584968,2379,1,1
53531,107586968,2211,1,1
53532,107588968,1459,0,1
53533,107590968,683,0,1
53534,107592968,553,0,1
53535,107594968,838,0,1
53536,107596968,1304,0,1
53537,107598968,1773,0,1
53538,107600968,2115,0,1
53539,107602969,2281,0,1
53540,107604968,2294,1,1
53541,107606968,2133,1,1
53542,107608968,1229,0,1
53543,107610968,307,0,1
53544,107612968,169,0,1
53545,107614968,535,0,1
53546,107616968,1134,0,1
53547,107618968,1711,0,1
53548,107620968,2136,0,1
53549,107622968,2355,0,1
53550,107624968,2379,1,1
53551,107626968,2171,1,1
53552,107628968,1209,0,1
53553,107630968,293,0,1
53554,107632968,149,0,1
53555,107634968,549,0,1
53556,107636968,1140,0,1
53557,107638968,1718,0,1
53558,107640968,2147,0,1
53559,107642969,2364,0,1
53560,107644968,2379,1,1
53561,107646968,2196,1,1
53562,107648968,1245,0,1
53563,107650968,361,0,1
53564,107652968,235,0,1
53565,107654968,598,0,1
53566,107656968,1174,0,1
53567,107658968,1735,0,1
53568,107660968,2136,0,1
53569,107662968,2343,0,1
53570,107664968,2391,1,1
53571,107666968,2347,1,1
53572,107668968,1502,0,1
53573,107670968,622,0,1
53574,107672968,445,0,1
53575,107674968,738,0,1
53576,107676968,1226,0,1
53577,107678968,1727,0,1
53578,107680968,2101,0,1
53579,107682969,2300,0,1
53580,107684968,2183,1,1
53581,107686968,1375,1,1
53582,107688968,55,0,1
53583,107690968,0,0,0
53584,107692968,0,0,0
53585,107694968,361,0,1
53586,107696968,1007,0,1
53587,107698968,1642,0,1
53588,107700968,2134,0,1
53589,107702968,2379,0,1
53590,107704968,2299,1,1
53591,107706968,1660,1,1
53592,107708968,173,0,1
53593,107710968,0,0,0
53594,107712968,0,0,0
53595,107714968,227,0,1
53596,107716968,825,0,1
53597,107718968,1491,0,1
53598,107720968,2024,0,1
53599,107722968,2327,0,1
53600,107724968,2395,1,1
53601,107726968,2207,1,1
53602,107728968,1229,0,1
53603,107730968,559,0,1
53604,107732968,495,0,1
53605,107734968,845,0,1
53606,107736968,1344,0,1
53607,107738968,1819,0,1
53608,107740968,2149,0,1
53609,107742968,2300,0,1
53610,107744968,2303,1,1
53611,107746968,2151,1,1
53612,107748968,1097,0,1
53613,107750968,329,0,1
53614,107752968,269,0,1
53615,107754968,677,0,1
53616,107756968,1256,0,1
53617,107758968,1791,0,1
53618,107760968,2166,0,1
53619,107762968,2351,0,1
53620,107764968,2347,1,1
53621,107766968,2191,1,1
53622,107768968,1269,0,1
53623,107770968,686,0,1
53624,107772968,651,0,1
53625,107774968,987,0,1
53626,107776968,1440,0,1
53627,107778968,1864,0,1
53628,107780968,2158,0,1
53629,107782968,2283,0,1
53630,107784968,2280,1,1
53631,107786968,2153,1,1
53632,107788968,1171,0,1
53633,107790968,551,0,1
53634,107792968,525,0,1
53635,107794968,903,0,1
53636,107796968,1391,0,1
53637,107798968,1848,0,1
53638,107800968,2171,0,1
53639,107802968,2313,0,1
53640,107804968,2300,1,1
53641,107806968,2156,1,1
53642,107808968,1228,0,1
53643,107810968,660,0,1
53644,107812968,617,0,1
53645,107814968,986,0,1
53646,107816968,1452,0,1
53647,107818968,1874,0,1
53648,107820968,2157,0,1
53649,107822968,2285,0,1
53650,107824968,2292,1,1
53651,107826968,2189,1,1
53652,107828968,1079,0,1
53653,107830968,418,0,1
53654,107832968,413,0,1
53655,107834968,823,0,1
53656,107836968,1359,0,1
53657,107838968,1851,0,1
53658,107840968,2191,0,1
53659,107842968,2329,1,1
53660,107844968,2343,1,1
53661,107846968,2223,1,1
53662,107848968,1070,0,1
53663,107850968,415,0,1
53664,107852968,420,0,1
53665,107854968,819,0,1
53666,107856968,1372,0,1
53667,107858968,1847,0,1
53668,107860968,2185,0,1
53669,107862968,2330,1,1
53670,107864968,2340,1,1
53671,107866968,2223,1,1
53672,107868968,1100,0,1
53673,107870968,491,0,1
53674,107872968,487,0,1
53675,107874968,877,0,1
53676,107876968,1398,0,1
53677,107878968,1863,0,1
53678,107880968,2183,0,1
53679,107882968,2325,1,1
53680,107884968,2377,1,1
53681,107886968,2359,1,1
53682,107888968,1291,0,1
53683,107890968,681,0,1
53684,107892968,627,0,1
53685,107894968,965,0,1
53686,107896968,1435,0,1
53687,107898968,1845,0,1
53688,107900968,2157,0,1
53689,107902968,2279,1,1
53690,107904968,2275,1,1
53691,107906968,2101,1,1
53692,107908968,927,0,1
53693,107910968,368,0,1
53694,107912968,439,0,1
53695,107914968,884,0,1
53696,107916968,1437,0,1
53697,107918968,1899,0,1
53698,107920968,2222,0,1
53699,107922968,2347,1,1
53700,107924968,2301,1,1
53701,107926968,2065,1,1
53702,107928968,863,0,1
53703,107930968,338,0,1
53704,107932968,423,0,1
53705,107934968,871,0,1
53706,107936968,1430,0,1
53707,107938968,1916,0,1
53708,107940968,2234,0,1
53709,107942968,2355,1,1
53710,107944968,2293,1,1
53711,107946968,2027,1,1
53712,107948968,781,0,1
53713,107950968,230,0,1
53714,107952968,333,0,1
53715,107954968,831,0,1
53716,107956968,1428,0,1
53717,107958968,1929,0,1
53718,107960968,2253,0,1
53719,107962968,2375,1,1
53720,107964968,2300,1,1
53721,107966968,2027,1,1
53722,107968968,728,0,1
53723,107970968,189,0,1
53724,107972968,316,0,1
53725,107974968,814,0,1
53726,107976968,1429,0,1
53727,107978968,1931,0,1
53728,107980968,2255,0,1
53729,107982968,2386,1,1
53730,107984968,2309,1,1
53731,107986968,1999,1,1
53732,107988968,729,0,1
53733,107990968,219,0,1
53734,107992968,359,0,1
53735,107994968,856,0,1
53736,107996968,1435,0,1
53737,107998968,1940,0,1
53738,108000968,2258,0,1
53739,108002968,2381,1,1
53740,108004968,2347,1,1
53741,108006968,2117,1,1
53742,108008968,895,0,1
53743,108010968,389,0,1
53744,108012968,471,0,1
53745,108014968,932,0,1
53746,108016968,1463,0,1
53747,108018968,1931,0,1
53748,108020968,2220,0,1
53749,108022968,2343,1,1
53750,108024968,2267,1,1
53751,108026968,1942,1,1
53752,108028968,697,0,1
53753,108030968,227,0,1
53754,108032968,371,0,1
53755,108034968,889,0,1
53756,108036968,1484,0,1
53757,108038968,1965,0,1
53758,108040968,2271,0,1
53759,108042968,2385,1,1
53760,108044968,2276,1,1
53761,108046968,1884,1,1
53762,108048968,622,0,1
53763,108050968,185,0,1
53764,108052968,362,0,1
53765,108054968,885,0,1
53766,108056968,1483,0,1
53767,108058968,1976,0,1
53768,108060968,2281,0,1
53769,108062968,2391,1,1
53770,108064968,2279,1,1
53771,108066968,1851,1,1
53772,108068968,610,0,1
53773,108070968,179,0,1
53774,108072968,371,0,1
53775,108074968,906,0,1
53776,108076968,1489,0,1
53777,108078968,1991,0,1
53778,108080968,2285,0,1
53779,108082968,2391,1,1
53780,108084968,2283,1,1
53781,108086968,1879,1,1
53782,108088968,733,0,1
53783,108090968,355,0,1
53784,108092968,541,0,1
53785,108094968,1017,0,1
53786,108096968,1563,0,1
53787,108098968,2004,0,1
53788,108100968,2263,0,1
53789,108102968,2355,1,1
53790,108104968,2249,1,1
53791,108106968,1791,1,1
53792,108108968,551,0,1
53793,108110968,159,0,1
53794,108112968,395,0,1
53795,108114968,939,0,1
53796,108116968,1518,0,1
53797,108118968,2008,0,1
53798,108120968,2295,0,1
53799,108122968,2385,1,1
53800,108124968,2275,1,1
53801,108126968,1773,1,1
53802,108128968,586,0,1
53803,108130968,209,0,1
53804,108132968,424,0,1
53805,108134968,959,0,1
53806,108136968,1533,0,1
53807,108138968,2013,0,1
53808,108140968,2288,0,1
53809,108142968,2381,1,1
53810,108144968,2275,1,1
53811,108146968,1759,1,1
53812,108148968,565,0,1
53813,108150968,207,0,1
53814,108152968,431,0,1
53815,108154968,971,0,1
53816,108156968,1553,0,1
53817,108158968,2027,0,1
53818,108160968,2299,0,1
53819,108162968,2382,1,1
53820,108164968,2280,1,1
53821,108166968,1787,0,1
53822,108168968,684,0,1
53823,108170968,363,0,1
53824,108172968,581,0,1
53825,108174968,1065,0,1
53826,108176968,1605,0,1
53827,108178968,2023,0,1
53828,108180968,2279,0,1
53829,108182968,2347,1,1
53830,108184968,2248,1,1
53831,108186968,1711,0,1
53832,108188968,631,0,1
53833,108190968,332,0,1
53834,108192968,565,0,1
53835,108194968,1059,0,1
53836,108196968,1605,0,1
53837,108198968,2037,0,1
53838,108200968,2287,0,1
53839,108202968,2349,1,1
53840,108204968,2247,1,1
53841,108206968,1767,0,1
53842,108208968,1085,0,1
53843,108210968,908,0,1
53844,108212968,1071,0,1
53845,108214968,1423,0,1
53846,108216968,1759,0,1
53847,108218968,2043,0,1
53848,108220968,2203,0,1
53849,108222968,2229,1,1
53850,108224968,2135,1,1
53851,108226968,1571,0,1
53852,108228968,575,0,1
53853,108230968,344,0,1
53854,108232968,619,0,1
53855,108234968,1129,0,1
53856,108236968,1669,0,1
53857,108238968,2079,0,1
53858,108240968,2296,0,1
53859,108242968,2356,1,1
53860,108244968,2221,1,1
53861,108246968,1627,0,1
53862,108248968,791,0,1
53863,108250968,583,0,1
53864,108252968,822,0,1
53865,108254968,1268,0,1
53866,108256968,1725,0,1
53867,108258968,2077,0,1
53868,108260968,2253,0,1
53869,108262968,2303,1,1
53870,108264968,2194,1,1
53871,108266968,1501,0,1
53872,108268968,543,0,1
53873,108270968,315,0,1
53874,108272968,605,0,1
53875,108274968,1141,0,1
53876,108276968,1675,0,1
53877,108278968,2083,0,1
53878,108280968,2299,0,1
53879,108282968,2355,1,1
53880,108284968,2253,1,1
53881,108286968,1522,0,1
53882,108288968,543,0,1
53883,108290968,310,0,1
53884,108292968,603,0,1
53885,108294968,1147,0,1
53886,108296968,1685,0,1
53887,108298968,2085,0,1
53888,108300968,2300,0,1
53889,108302968,2359,1,1
53890,108304968,2251,1,1
53891,108306968,1687,0,1
53892,108308968,1049,0,1
53893,108310968,908,0,1
53894,108312968,1101,0,1
53895,108314968,1468,0,1
53896,108316968,1803,0,1
53897,108318968,2069,0,1
53898,108320968,2207,0,1
53899,108322968,2229,1,1
53900,108324968,2141,1,1
53901,108326968,1369,0,1
53902,108328968,459,0,1
53903,108330968,291,0,1
53904,108332968,611,0,1
53905,108334968,1167,0,1
53906,108336968,1711,0,1
53907,108338968,2121,0,1
53908,108340968,2325,0,1
53909,108342968,2365,1,1
53910,108344968,2259,1,1
53911,108346968,1454,0,1
53912,108348968,531,0,1
53913,108350968,331,0,1
53914,108352968,635,0,1
53915,108354968,1179,0,1
53916,108356968,1703,0,1
53917,108358968,2091,0,1
53918,108360968,2301,0,1
53919,108362968,2408,1,1
53920,108364968,2584,1,1
53921,108366968,2103,0,1
53922,108368968,1293,0,1
53923,108370968,986,0,1
53924,108372968,1079,0,1
53925,108374968,1375,0,1
53926,108376968,1708,0,1
53927,108378968,1979,0,1
53928,108380968,2169,0,1
53929,108382968,2069,1,1
53930,108384968,1143,1,1
53931,108386968,0,0,0
53932,108388968,0,0,0
53933,108390968,0,0,0
53934,108392968,69,0,1
53935,108394968,605,0,1
53936,108396968,1252,0,1
53937,108398968,1844,0,1
53938,108400968,2238,0,1
53939,108402968,2358,1,1
53940,108404968,2117,1,1
53941,108406968,1225,0,1
53942,108408968,583,0,1
53943,108410968,551,0,1
53944,108412968,883,0,1
53945,108414968,1395,0,1
53946,108416968,1835,0,1
53947,108418968,2156,0,1
53948,108420968,2295,0,1
53949,108422968,2303,1,1
53950,108424968,2173,1,1
53951,108426968,1272,0,1
53952,108428968,461,0,1
53953,108430968,341,0,1
53954,108432968,697,0,1
53955,108434968,1239,0,1
53956,108436968,1761,0,1
53957,108438968,2146,0,1
53958,108440968,2323,0,1
53959,108442968,2393,1,1
53960,108444968,2441,1,1
53961,108446968,1824,0,1
53962,108448968,1197,0,1
53963,108450968,1035,0,1
53964,108452968,1181,0,1
53965,108454968,1481,0,1
53966,108456968,1804,0,1
53967,108458968,2039,0,1
53968,108460968,2167,0,1
53969,108462968,2219,1,1
53970,108464968,2190,1,1
53971,108466968,1338,0,1
53972,108468968,584,0,1
53973,108470968,477,0,1
53974,108472968,803,0,1
53975,108474968,1306,0,1
53976,108476968,1779,0,1
53977,108478968,2133,0,1
53978,108480968,2297,0,1
53979,108482968,2332,1,1
53980,108484968,2253,1,1
53981,108486968,1355,0,1
53982,108488968,637,0,1
53983,108490968,541,0,1
53984,108492968,867,0,1
53985,108494968,1355,0,1
53986,108496968,1803,0,1
53987,108498968,2135,0,1
53988,108500968,2293,0,1
53989,108502968,2318,1,1
53990,108504968,2261,1,1
53991,108506968,1331,0,1
53992,108508968,621,0,1
53993,108510968,531,0,1
53994,108512968,863,0,1
53995,108514968,1335,0,1
53996,108516968,1797,0,1
53997,108518968,2129,0,1
53998,108520968,2292,0,1
53999,108522968,2343,1,1
54000,108524968,2342,1,1
54001,108526968,1449,0,1
54002,108528968,741,0,1
54003,108530968,635,0,1
54004,108532968,909,0,1
54005,108534968,1366,0,1
54006,108536968,1803,0,1
54007,108538968,2117,0,1
54008,108540968,2261,0,1
54009,108542968,2312,1,1
54010,108544968,2265,1,1
54011,108546968,1285,0,1
54012,108548968,573,0,1
54013,108550968,487,0,1
54014,108552968,831,0,1
54015,108554968,1337,0,1
54016,108556968,1811,0,1
54017,108558968,2149,0,1
54018,108560968,2296,0,1
54019,108562968,2340,1,1
54020,108564968,2299,1,1
54021,108566968,1609,0,1
54022,108568968,1124,0,1
54023,108570968,1059,0,1
54024,108572968,1269,0,1
54025,108574968,1588,0,1
54026,108576968,1877,0,1
54027,108578968,2086,0,1
54028,108580968,2191,0,1
54029,108582968,2219,1,1
54030,108584968,2195,1,1
54031,108586968,1320,0,1
54032,108588968,819,0,1
54033,108590968,794,0,1
54034,108592968,1095,0,1
54035,108594968,1507,0,1
54036,108596968,1893,0,1
54037,108598968,2143,0,1
54038,108600968,2252,0,1
54039,108602968,2265,1,1
54040,108604968,2171,1,1
54041,108606968,1436,0,1
54042,108608968,1001,0,1
54043,108610968,987,0,1
54044,108612968,1250,0,1
54045,108614968,1607,0,1
54046,108616968,1915,0,1
54047,108618968,2133,0,1
54048,108620968,2214,1,1
54049,108622968,2207,1,1
54050,108624968,2091,1,1
54051,108626968,994,0,1
54052,108628968,420,0,1
54053,108630968,454,0,1
54054,108632968,877,0,1
54055,108634968,1420,0,1
54056,108636968,1885,0,1
54057,108638968,2201,0,1
54058,108640968,2340,1,1
54059,108642968,2330,1,1
54060,108644968,2181,1,1
54061,108646968,1041,0,1
54062,108648968,425,0,1
54063,108650968,437,0,1
54064,108652968,863,0,1
54065,108654968,1391,0,1
54066,108656968,1867,0,1
54067,108658968,2196,0,1
54068,108660968,2329,1,1
54069,108662968,2323,1,1
54070,108664968,2163,1,1
54071,108666968,1019,0,1
54072,108668968,432,0,1
54073,108670968,469,0,1
54074,108672968,870,0,1
54075,108674968,1415,0,1
54076,108676968,1881,0,1
54077,108678968,2197,0,1
54078,108680968,2333,1,1
54079,108682968,2332,1,1
54080,108684968,2201,1,1
54081,108686968,1112,0,1
54082,108688968,581,0,1
54083,108690968,615,0,1
54084,108692968,983,0,1
54085,108694968,1479,0,1
54086,108696968,1893,0,1
54087,108698968,2187,0,1
54088,108700968,2296,1,1
54089,108702968,2365,1,1
54090,108704968,2335,1,1
54091,108706968,1423,0,1
54092,108708968,947,0,1
54093,108710968,906,0,1
54094,108712968,1189,0,1
54095,108714968,1559,0,1
54096,108716968,1895,0,1
54097,108718968,2125,0,1
54098,108720968,2221,1,1
54099,108722968,2227,1,1
54100,108724968,2085,1,1
54101,108726968,981,0,1
54102,108728968,485,0,1
54103,108730968,555,0,1
54104,108732968,987,0,1
54105,108734968,1497,0,1
54106,108736968,1917,0,1
54107,108738968,2207,0,1
54108,108740968,2323,1,1
54109,108742968,2310,1,1
54110,108744968,2153,1,1
54111,108746968,1045,0,1
54112,108748968,567,0,1
54113,108750968,633,0,1
54114,108752968,1019,0,1
54115,108754968,1519,0,1
54116,108756968,1927,0,1
54117,108758968,2197,0,1
54118,108760968,2303,1,1
54119,108762968,2301,1,1
54120,108764968,2147,1,1
54121,108766968,1251,0,1
54122,108768968,843,0,1
54123,108770968,891,0,1
54124,108772968,1215,0,1
54125,108774968,1611,0,1
54126,108776968,1947,0,1
54127,108778968,2157,0,1
54128,108780968,2247,1,1
54129,108782968,2249,1,1
54130,108784968,2072,1,1
54131,108786968,1287,0,1
54132,108788968,1000,0,1
54133,108790968,1059,0,1
54134,108792968,1357,0,1
54135,108794968,1704,0,1
54136,108796968,1979,0,1
54137,108798968,2150,0,1
54138,108800968,2216,1,1
54139,108802968,2213,1,1
54140,108804968,2045,1,1
54141,108806968,975,0,1
54142,108808968,555,0,1
54143,108810968,659,0,1
54144,108812968,1075,0,1
54145,108814968,1566,0,1
54146,108816968,1965,0,1
54147,108818968,2216,0,1
54148,108820968,2313,1,1
54149,108822968,2292,1,1
54150,108824968,2073,1,1
54151,108826968,983,0,1
54152,108828968,573,0,1
54153,108830968,681,0,1
54154,108832968,1092,0,1
54155,108834968,1567,0,1
54156,108836968,1961,0,1
54157,108838968,2217,0,1
54158,108840968,2310,1,1
54159,108842968,2297,1,1
54160,108844968,2071,1,1
54161,108846968,1045,0,1
54162,108848968,659,0,1
54163,108850968,757,0,1
54164,108852968,1139,0,1
54165,108854968,1596,0,1
54166,108856968,1971,0,1
54167,108858968,2205,0,1
54168,108860968,2286,1,1
54169,108862968,2287,1,1
54170,108864968,2043,1,1
54171,108866968,1003,0,1
54172,108868968,631,0,1
54173,108870968,749,0,1
54174,108872968,1139,0,1
54175,108874968,1606,0,1
54176,108876968,1974,0,1
54177,108878968,2207,0,1
54178,108880968,2293,1,1
54179,108882968,2331,1,1
54180,108884968,2107,1,1
54181,108886968,1083,0,1
54182,108888968,697,0,1
54183,108890968,799,0,1
54184,108892968,1170,0,1
54185,108894968,1612,0,1
54186,108896968,1967,0,1
54187,108898968,2195,0,1
54188,108900968,2282,1,1
54189,108902968,2270,1,1
54190,108904968,1946,1,1
54191,108906968,875,0,1
54192,108908968,533,0,1
54193,108910968,676,0,1
54194,108912968,1123,0,1
54195,108914968,1584,0,1
54196,108916968,1997,0,1
54197,108918968,2231,0,1
54198,108920968,2322,1,1
54199,108922968,2299,1,1
54200,108924968,1977,0,1
54201,108926968,1308,0,1
54202,108928968,1064,0,1
54203,108930968,1151,0,1
54204,108932968,1438,0,1
54205,108934968,1753,0,1
54206,108936968,1999,0,1
54207,108938968,2149,0,1
54208,108940968,2207,1,1
54209,108942968,2221,1,1
54210,108944968,1900,1,1
54211,108946968,922,0,1
54212,108948968,611,0,1
54213,108950968,779,0,1
54214,108952968,1195,0,1
54215,108954968,1636,0,1
54216,108956968,2012,0,1
54217,108958968,2227,0,1
54218,108960968,2299,1,1
54219,108962968,2297,1,1
54220,108964968,1891,0,1
54221,108966968,1030,0,1
54222,108968968,743,0,1
54223,108970968,883,0,1
54224,108972968,1275,0,1
54225,108974968,1672,0,1
54226,108976968,2007,0,1
54227,108978968,2211,0,1
54228,108980968,2277,1,1
54229,108982968,2296,1,1
54230,108984968,1903,0,1
54231,108986968,939,0,1
54232,108988968,636,0,1
54233,108990968,787,0,1
54234,108992968,1197,0,1
54235,108994968,1635,0,1
54236,108996968,2011,0,1
54237,108998968,2223,0,1
54238,109000968,2296,1,1
54239,109002968,2317,1,1
54240,109004968,1884,0,1
54241,109006968,938,0,1
54242,109008968,639,0,1
54243,109010968,806,0,1
54244,109012968,1213,0,1
54245,109014968,1655,0,1
54246,109016968,2015,0,1
54247,109018968,2220,0,1
54248,109020968,2295,1,1
54249,109022968,2294,1,1
54250,109024968,1814,0,1
54251,109026968,871,0,1
54252,109028968,598,0,1
54253,109030968,789,0,1
54254,109032968,1223,0,1
54255,109034968,1661,0,1
54256,109036968,2025,0,1
54257,109038968,2235,0,1
54258,109040968,2309,1,1
54259,109042968,2329,1,1
54260,109044968,1847,0,1
54261,109046968,972,0,1
54262,109048968,702,0,1
54263,109050968,858,0,1
54264,109052968,1255,0,1
54265,109054968,1679,0,1
54266,109056968,2014,0,1
54267,109058968,2215,0,1
54268,109060968,2293,1,1
54269,109062968,2341,1,1
54270,109064968,1958,0,1
54271,109066968,1295,0,1
54272,109068968,1075,0,1
54273,109070968,1191,0,1
54274,109072968,1471,0,1
54275,109074968,1773,0,1
54276,109076968,2003,0,1
54277,109078968,2149,0,1
54278,109080968,2227,1,1
54279,109082968,2382,1,1
54280,109084968,2075,0,1
54281,109086968,1323,0,1
54282,109088968,1051,0,1
54283,109090968,1143,0,1
54284,109092968,1420,0,1
54285,109094968,1725,0,1
54286,109096968,1995,0,1
54287,109098968,2159,0,1
54288,109100968,2092,1,1
54289,109102968,1245,1,1
54290,109104968,0,0,0
54291,109106968,0,0,0
54292,109108968,0,0,0
54293,109110968,42,0,1
54294,109112968,552,0,1
54295,109114968,1205,0,1
54296,109116968,1813,0,1
54297,109118968,2212,0,1
54298,109120968,2391,1,1
54299,109122968,2328,1,1
54300,109124968,1564,0,1
54301,109126968,660,0,1
54302,109128968,445,0,1
54303,109130968,714,0,1
54304,109132968,1208,0,1
54305,109134968,1692,0,1
54306,109136968,2071,0,1
54307,109138968,2281,0,1
54308,109140968,2344,1,1
54309,109142968,2377,1,1
54310,109144968,1828,0,1
54311,109146968,1177,0,1
54312,109148968,996,0,1
54313,109150968,1159,0,1
54314,109152968,1480,0,1
54315,109154968,1784,0,1
54316,109156968,2031,0,1
54317,109158968,2170,0,1
54318,109160968,2245,1,1
54319,109162968,2343,1,1
54320,109164968,1801,0,1
54321,109166968,1096,0,1
54322,109168968,905,0,1
54323,109170968,1076,0,1
54324,109172968,1429,0,1
54325,109174968,1771,0,1
54326,109176968,2042,0,1
54327,109178968,2195,0,1
54328,109180968,2278,1,1
54329,109182968,2457,1,1
54330,109184968,2079,0,1
54331,109186968,1553,0,1
54332,109188968,1337,0,1
54333,109190968,1385,0,1
54334,109192968,1607,0,1
54335,109194968,1806,0,1
54336,109196968,1999,0,1
54337,109198968,2101,0,1
54338,109200968,2174,1,1
54339,109202968,2300,1,1
54340,109204968,1703,0,1
54341,109206968,971,0,1
54342,109208968,799,0,1
54343,109210968,1005,0,1
54344,109212968,1397,0,1
54345,109214968,1768,0,1
54346,109216968,2066,0,1
54347,109218968,2219,0,1
54348,109220968,2301,1,1
54349,109222968,2421,1,1
54350,109224968,1926,0,1
54351,109226968,1368,0,1
54352,109228968,1204,0,1
54353,109230968,1316,0,1
54354,109232968,1572,0,1
54355,109234968,1819,0,1
54356,109236968,2021,0,1
54357,109238968,2134,0,1
54358,109240968,2251,1,1
54359,109242968,2492,1,1
54360,109244968,1947,0,1
54361,109246968,1244,0,1
54362,109248968,1010,0,1
54363,109250968,1125,0,1
54364,109252968,1435,0,1
54365,109254968,1756,0,1
54366,109256968,2005,0,1
54367,109258968,2163,0,1
54368,109260968,2251,1,1
54369,109262968,2404,1,1
54370,109264968,1735,0,1
54371,109266968,1066,0,1
54372,109268968,892,0,1
54373,109270968,1087,0,1
54374,109272968,1449,0,1
54375,109274968,1784,0,1
54376,109276968,2054,0,1
54377,109278968,2198,0,1
54378,109280968,2282,1,1
54379,109282968,2408,1,1
54380,109284968,1675,0,1
54381,109286968,987,0,1
54382,109288968,837,0,1
54383,109290968,1039,0,1
54384,109292968,1430,0,1
54385,109294968,1775,0,1
54386,109296968,2065,0,1
54387,109298968,2204,0,1
54388,109300968,2286,1,1
54389,109302968,2367,1,1
54390,109304968,1827,0,1
54391,109306968,1381,0,1
54392,109308968,1267,0,1
54393,109310968,1400,0,1
54394,109312968,1641,0,1
54395,109314968,1869,0,1
54396,109316968,2037,0,1
54397,109318968,2127,0,1
54398,109320968,2191,1,1
54399,109322968,2291,1,1
54400,109324968,1622,0,1
54401,109326968,1116,0,1
54402,109328968,1017,0,1
54403,109330968,1235,0,1
54404,109332968,1547,0,1
54405,109334968,1852,0,1
54406,109336968,2073,0,1
54407,109338968,2189,0,1
54408,109340968,2247,1,1
54409,109342968,2285,1,1
54410,109344968,1713,0,1
54411,109346968,1273,0,1
54412,109348968,1183,0,1
54413,109350968,1369,0,1
54414,109352968,1629,0,1
54415,109354968,1889,0,1
54416,109356968,2069,0,1
54417,109358968,2151,0,1
54418,109360968,2223,1,1
54419,109362968,2309,1,1
54420,109364968,1481,0,1
54421,109366968,863,0,1
54422,109368968,793,0,1
54423,109370968,1049,0,1
54424,109372968,1447,0,1
54425,109374968,1827,0,1
54426,109376968,2101,0,1
54427,109378968,2231,0,1
54428,109380968,2287,1,1
54429,109382968,2316,1,1
54430,109384968,1416,0,1
54431,109386968,837,0,1
54432,109388968,745,0,1
54433,109390968,1034,0,1
54434,109392968,1455,0,1
54435,109394968,1843,0,1
54436,109396968,2117,0,1
54437,109398968,2248,1,1
54438,109400968,2303,1,1
54439,109402968,2313,1,1
54440,109404968,1691,0,1
54441,109406968,1305,0,1
54442,109408968,1253,0,1
54443,109410968,1433,0,1
54444,109412968,1678,0,1
54445,109414968,1899,0,1
54446,109416968,2077,0,1
54447,109418968,2151,1,1
54448,109420968,2207,1,1
54449,109422968,2252,1,1
54450,109424968,1367,0,1
54451,109426968,821,0,1
54452,109428968,803,0,1
54453,109430968,1077,0,1
54454,109432968,1483,0,1
54455,109434968,1869,0,1
54456,109436968,2126,0,1
54457,109438968,2239,1,1
54458,109440968,2303,1,1
54459,109442968,2331,1,1
54460,109444968,1677,0,1
54461,109446968,1270,0,1
54462,109448968,1187,0,1
54463,109450968,1372,0,1
54464,109452968,1651,0,1
54465,109454968,1896,0,1
54466,109456968,2071,0,1
54467,109458968,2153,1,1
54468,109460968,2235,1,1
54469,109462968,2319,1,1
54470,109464968,1449,0,1
54471,109466968,943,0,1
54472,109468968,904,0,1
54473,109470968,1174,0,1
54474,109472968,1529,0,1
54475,109474968,1882,0,1
54476,109476968,2117,0,1
54477,109478968,2221,1,1
54478,109480968,2298,1,1
54479,109482968,2332,1,1
54480,109484968,1611,0,1
54481,109486968,1189,0,1
54482,109488968,1145,0,1
54483,109490968,1335,0,1
54484,109492968,1637,0,1
54485,109494968,1890,0,1
54486,109496968,2088,0,1
54487,109498968,2173,1,1
54488,109500968,2319,1,1
54489,109502968,2459,1,1
54490,109504968,1931,0,1
54491,109506968,1575,0,1
54492,109508968,1459,0,1
54493,109510968,1557,0,1
54494,109512968,1720,0,1
54495,109514968,1885,0,1
54496,109516968,2025,0,1
54497,109518968,2089,1,1
54498,109520968,2249,1,1
54499,109522968,2419,1,1
54500,109524968,1827,0,1
54501,109526968,1459,0,1
54502,109528968,1371,0,1
54503,109530968,1498,0,1
54504,109532968,1705,0,1
54505,109534968,1898,0,1
54506,109536968,2040,0,1
54507,109538968,2109,1,1
54508,109540968,2252,1,1
54509,109542968,2391,1,1
54510,109544968,1591,0,1
54511,109546968,1163,0,1
54512,109548968,1113,0,1
54513,109550968,1325,0,1
54514,109552968,1625,0,1
54515,109554968,1886,0,1
54516,109556968,2079,0,1
54517,109558968,2175,1,1
54518,109560968,2345,1,1
54519,109562968,2489,1,1
54520,109564968,1707,0,1
54521,109566968,1263,0,1
54522,109568968,1175,0,1
54523,109570968,1353,0,1
54524,109572968,1615,0,1
54525,109574968,1877,0,1
54526,109576968,2068,0,1
54527,109578968,2155,1,1
54528,109580968,2332,1,1
54529,109582968,2471,1,1
54530,109584968,1689,0,1
54531,109586968,1261,0,1
54532,109588968,1189,0,1
54533,109590968,1368,0,1
54534,109592968,1628,0,1
54535,109594968,1887,0,1
54536,109596968,2065,0,1
54537,109598968,2153,1,1
54538,109600968,2346,1,1
54539,109602968,2480,1,1
54540,109604968,1993,0,1
54541,109606968,1675,0,1
54542,109608968,1575,0,1
54543,109610968,1628,0,1
54544,109612968,1775,0,1
54545,109614968,1900,0,1
54546,109616968,2004,0,1
54547,109618968,2076,1,1
54548,109620968,2283,1,1
54549,109622968,2411,1,1
54550,109624968,1655,0,1
54551,109626968,1271,0,1
54552,109628968,1227,0,1
54553,109630968,1403,0,1
54554,109632968,1672,0,1
54555,109634968,1894,0,1
54556,109636968,2077,0,1
54557,109638968,2153,1,1
54558,109640968,2331,1,1
54559,109642968,2373,1,1
54560,109644968,1555,0,1
54561,109646968,1175,0,1
54562,109648968,1147,0,1
54563,109650968,1368,0,1
54564,109652968,1659,0,1
54565,109654968,1913,0,1
54566,109656968,2099,0,1
54567,109658968,2174,1,1
54568,109660968,2374,1,1
54569,109662968,2455,1,1
54570,109664968,1991,0,1
54571,109666968,1705,0,1
54572,109668968,1607,0,1
54573,109670968,1685,0,1
54574,109672968,1789,0,1
54575,109674968,1911,0,1
54576,109676968,2014,0,1
54577,109678968,2076,1,1
54578,109680968,2253,1,1
54579,109682968,2247,1,1
54580,109684968,1361,0,1
54581,109686968,985,0,1
54582,109688968,1015,0,1
54583,109690968,1297,0,1
54584,109692968,1651,0,1
54585,109694968,1944,0,1
54586,109696968,2134,0,1
54587,109698968,2218,1,1
54588,109700968,2351,1,1
54589,109702968,2247,1,1
54590,109704968,1287,0,1
54591,109706968,890,0,1
54592,109708968,935,0,1
54593,109710968,1229,0,1
54594,109712968,1626,0,1
54595,109714968,1943,0,1
54596,109716968,2146,0,1
54597,109718968,2237,1,1
54598,109720968,2352,1,1
54599,109722968,2198,1,1
54600,109724968,1299,0,1
54601,109726968,941,0,1
54602,109728968,987,0,1
54603,109730968,1288,0,1
54604,109732968,1643,0,1
54605,109734968,1951,0,1
54606,109736968,2152,0,1
54607,109738968,2230,1,1
54608,109740968,2332,1,1
54609,109742968,2136,0,1
54610,109744968,1193,0,1
54611,109746968,845,0,1
54612,109748968,939,0,1
54613,109750968,1256,0,1
54614,109752968,1645,0,1
54615,109754968,1967,0,1
54616,109756968,2164,0,1
54617,109758968,2261,1,1
54618,109760968,2444,1,1
54619,109762968,2339,0,1
54620,109764968,1532,0,1
54621,109766968,1157,0,1
54622,109768968,1161,0,1
54623,109770968,1378,0,1
54624,109772968,1683,0,1
54625,109774968,1939,0,1
54626,109776968,2111,0,1
54627,109778968,2156,1,1
54628,109780968,1761,1,1
54629,109782968,905,0,1
54630,109784968,55,0,1
54631,109786968,35,0,1
54632,109788968,483,0,1
54633,109790968,1133,0,1
54634,109792968,1755,0,1
54635,109794968,2188,0,1
54636,109796968,2399,0,1
54637,109798968,2409,1,1
54638,109800968,2147,1,1
54639,109802968,1381,0,1
54640,109804968,359,0,1
54641,109806968,153,0,1
54642,109808968,493,0,1
54643,109810968,1093,0,1
54644,109812968,1675,0,1
54645,109814968,2096,0,1
54646,109816968,2335,0,1
54647,109818968,2405,1,1
54648,109820968,2425,1,1
54649,109822968,2005,0,1
54650,109824968,1093,0,1
54651,109826968,789,0,1
54652,109828968,908,0,1
54653,109830968,1257,0,1
54654,109832968,1655,0,1
54655,109834968,1990,0,1
54656,109836968,2182,0,1
54657,109838968,2275,1,1
54658,109840968,2359,1,1
54659,109842968,2099,0,1
54660,109844968,1581,0,1
54661,109846968,1355,0,1
54662,109848968,1397,0,1
54663,109850968,1593,0,1
54664,109852968,1785,0,1
54665,109854968,1990,0,1
54666,109856968,2095,0,1
54667,109858968,2158,1,1
54668,109860968,2294,1,1
54669,109862968,1958,0,1
54670,109864968,1173,0,1
54671,109866968,909,0,1
54672,109868968,1032,0,1
54673,109870968,1383,0,1
54674,109872968,1718,0,1
54675,109874968,2006,0,1
54676,109876968,2171,0,1
54677,109878968,2252,1,1
54678,109880968,2391,1,1
54679,109882968,1975,0,1
54680,109884968,1146,0,1
54681,109886968,868,0,1
54682,109888968,985,0,1
54683,109890968,1317,0,1
54684,109892968,1699,0,1
54685,109894968,2003,0,1
54686,109896968,2171,0,1
54687,109898968,2261,1,1
54688,109900968,2387,1,1
54689,109902968,2095,0,1
54690,109904968,1565,0,1
54691,109906968,1359,0,1
54692,109908968,1391,0,1
54693,109910968,1580,0,1
54694,109912968,1797,0,1
54695,109914968,1992,0,1
54696,109916968,2091,0,1
54697,109918968,2169,1,1
54698,109920968,2351,1,1
54699,109922968,1955,0,1
54700,109924968,1192,0,1
54701,109926968,939,0,1
54702,109928968,1061,0,1
54703,109930968,1389,0,1
54704,109932968,1721,0,1
54705,109934968,2009,0,1
54706,109936968,2171,0,1
54707,109938968,2261,1,1
54708,109940968,2412,1,1
54709,109942968,1939,0,1
54710,109944968,1163,0,1
54711,109946968,902,0,1
54712,109948968,1042,0,1
54713,109950968,1367,0,1
54714,109952969,1715,0,1
54715,109954968,2009,0,1
54716,109956968,2181,0,1
54717,109958968,2264,1,1
54718,109960968,2415,1,1
54719,109962968,1898,0,1
54720,109964968,1138,0,1
54721,109966968,907,0,1
54722,109968968,1047,0,1
54723,109970968,1375,0,1
54724,109972968,1737,0,1
54725,109974968,2010,0,1
54726,109976968,2175,0,1
54727,109978968,2275,1,1
54728,109980968,2420,1,1
54729,109982968,1928,0,1
54730,109984968,1259,0,1
54731,109986968,1047,0,1
54732,109988968,1167,0,1
54733,109990968,1461,0,1
54734,109992969,1763,0,1
54735,109994968,2013,0,1
54736,109996968,2157,0,1
54737,109998968,2233,1,1
54738,110000968,2358,1,1
54739,110002968,1721,0,1
54740,110004968,971,0,1
54741,110006968,785,0,1
54742,110008968,991,0,1
54743,110010968,1368,0,1
54744,110012968,1755,0,1
54745,110014968,2053,0,1
54746,110016968,2219,0,1
54747,110018968,2295,1,1
54748,110020968,2392,1,1
54749,110022968,1759,0,1
54750,110024968,1055,0,1
54751,110026968,872,0,1
54752,110028968,1059,0,1
54753,110030968,1405,0,1
54754,110032969,1756,0,1
54755,110034968,2037,0,1
54756,110036968,2200,0,1
54757,110038968,2277,1,1
54758,110040968,2382,1,1
54759,110042968,1725,0,1
54760,110044968,1015,0,1
54761,110046968,843,0,1
54762,110048968,1035,0,1
54763,110050968,1401,0,1
54764,110052968,1773,0,1
54765,110054968,2045,0,1
54766,110056968,2200,0,1
54767,110058968,2281,1,1
54768,110060968,2379,1,1
54769,110062968,1661,0,1
54770,110064968,995,0,1
54771,110066968,839,0,1
54772,110068968,1047,0,1
54773,110070968,1438,0,1
54774,110072969,1787,0,1
54775,110074968,2063,0,1
54776,110076968,2215,0,1
54777,110078968,2285,1,1
54778,110080968,2382,1,1
54779,110082968,1700,0,1
54780,110084968,1065,0,1
54781,110086968,931,0,1
54782,110088968,1126,0,1
54783,110090968,1467,0,1
54784,110092968,1791,0,1
54785,110094968,2060,0,1
54786,110096968,2189,0,1
54787,110098968,2283,1,1
54788,110100968,2393,1,1
54789,110102968,1641,0,1
54790,110104968,991,0,1
54791,110106968,847,0,1
54792,110108968,1033,0,1
54793,110110968,1443,0,1
54794,110112969,1789,0,1
54795,110114968,2069,0,1
54796,110116968,2211,0,1
54797,110118968,2299,1,1
54798,110120968,2411,1,1
54799,110122968,1804,0,1
54800,110124968,1259,0,1
54801,110126968,1124,0,1
54802,110128968,1272,0,1
54803,110130968,1575,0,1
54804,110132968,1833,0,1
54805,110134968,2043,0,1
54806,110136968,2153,0,1
54807,110138968,2246,1,1
54808,110140968,2381,1,1
54809,110142968,1911,0,1
54810,110144968,1531,0,1
54811,110146968,1422,0,1
54812,110148968,1515,0,1
54813,110150968,1693,0,1
54814,110152969,1891,0,1
54815,110154968,2021,0,1
54816,110156968,2106,0,1
54817,110158968,2189,1,1
54818,110160968,2347,1,1
54819,110162968,1619,0,1
54820,110164968,1052,0,1
54821,110166968,941,0,1
54822,110168968,1157,0,1
54823,110170968,1516,0,1
54824,110172968,1837,0,1
54825,110174968,2085,0,1
54826,110176968,2195,0,1
54827,110178968,2295,1,1
54828,110180968,2415,1,1
54829,110182968,1578,0,1
54830,110184968,959,0,1
54831,110186968,863,0,1
54832,110188968,1086,0,1
54833,110190968,1483,0,1
54834,110192969,1821,0,1
54835,110194968,2085,0,1
54836,110196968,2213,1,1
54837,110198968,2310,1,1
54838,110200968,2408,1,1
54839,110202968,1589,0,1
54840,110204968,1034,0,1
54841,110206968,949,0,1
54842,110208968,1173,0,1
54843,110210968,1531,0,1
54844,110212968,1849,0,1
54845,110214968,2084,0,1
54846,110216968,2205,1,1
54847,110218968,2295,1,1
54848,110220968,2393,1,1
54849,110222968,1496,0,1
54850,110224968,917,0,1
54851,110226968,807,0,1
54852,110228968,1097,0,1
54853,110230968,1480,0,1
54854,110232969,1851,0,1
54855,110234968,2095,0,1
54856,110236968,2219,1,1
54857,110238968,2313,1,1
54858,110240968,2397,1,1
54859,110242968,1518,0,1
54860,110244968,956,0,1
54861,110246968,874,0,1
54862,110248968,1130,0,1
54863,110250968,1499,0,1
54864,110252968,1852,0,1
54865,110254968,2094,0,1
54866,110256968,2221,1,1
54867,110258968,2309,1,1
54868,110260968,2359,1,1
54869,110262968,1751,0,1
54870,110264968,1363,0,1
54871,110266968,1302,0,1
54872,110268968,1449,0,1
54873,110270968,1678,0,1
54874,110272969,1899,0,1
54875,110274968,2067,0,1
54876,110276968,2137,1,1
54877,110278968,2247,1,1
54878,110280968,2345,1,1
54879,110282968,1589,0,1
54880,110284968,1147,0,1
54881,110286968,1094,0,1
54882,110288968,1323,0,1
54883,110290968,1609,0,1
54884,110292968,1897,0,1
54885,110294968,2090,0,1
54886,110296968,2175,1,1
54887,110298968,2267,1,1
54888,110300968,2342,1,1
54889,110302968,1460,0,1
54890,110304968,981,0,1
54891,110306968,927,0,1
54892,110308968,1199,0,1
54893,110310968,1563,0,1
54894,110312969,1883,0,1
54895,110314968,2119,0,1
54896,110316968,2211,1,1
54897,110318968,2310,1,1
54898,110320968,2348,1,1
54899,110322968,1677,0,1
54900,110324968,1309,0,1
54901,110326968,1257,0,1
54902,110328968,1437,0,1
54903,110330968,1691,0,1
54904,110332968,1915,0,1
54905,110334968,2073,0,1
54906,110336968,2152,1,1
54907,110338968,2253,1,1
54908,110340968,2303,1,1
54909,110342968,1383,0,1
54910,110344968,907,0,1
54911,110346968,893,0,1
54912,110348968,1191,0,1
54913,110350968,1553,0,1
54914,110352969,1899,0,1
54915,110354968,2124,0,1
54916,110356968,2230,1,1
54917,110358968,2335,1,1
54918,110360968,2361,1,1
54919,110362968,1427,0,1
54920,110364968,947,0,1
54921,110366968,911,0,1
54922,110368968,1163,0,1
54923,110370968,1549,0,1
54924,110372968,1883,0,1
54925,110374968,2118,0,1
54926,110376968,2220,1,1
54927,110378968,2388,1,1
54928,110380968,2484,1,1
54929,110382968,1597,0,1
54930,110384968,1113,0,1
54931,110386968,1042,0,1
54932,110388968,1261,0,1
54933,110390968,1580,0,1
54934,110392969,1869,0,1
54935,110394968,2085,0,1
54936,110396968,2196,1,1
54937,110398968,2311,1,1
54938,110400968,2334,1,1
54939,110402968,1421,0,1
54940,110404968,969,0,1
54941,110406968,953,0,1
54942,110408968,1224,0,1
54943,110410968,1587,0,1
54944,110412968,1898,0,1
54945,110414968,2119,0,1
54946,110416968,2216,1,1
54947,110418968,2357,1,1
54948,110420968,2397,1,1
54949,110422968,1775,0,1
54950,110424968,1429,0,1
54951,110426968,1356,0,1
54952,110428968,1507,0,1
54953,110430968,1709,0,1
54954,110432969,1917,0,1
54955,110434968,2044,0,1
54956,110436968,2131,1,1
54957,110438968,2277,1,1
54958,110440968,2347,1,1
54959,110442968,1880,0,1
54960,110444968,1610,0,1
54961,110446968,1556,0,1
54962,110448968,1638,0,1
54963,110450968,1801,0,1
54964,110452968,1947,0,1
54965,110454968,2043,0,1
54966,110456968,2091,1,1
54967,110458968,1575,1,1
54968,110460968,537,1,1
54969,110462968,0,0,0
54970,110464968,0,0,0
54971,110466968,119,0,1
54972,110468968,687,0,1
54973,110470968,1343,0,1
54974,110472969,1925,0,1
54975,110474968,2277,0,1
54976,110476968,2421,1,1
54977,110478968,2424,1,1
54978,110480968,2139,1,1
54979,110482968,1103,0,1
54980,110484968,694,0,1
54981,110486968,779,0,1
54982,110488968,1141,0,1
54983,110490968,1567,0,1
54984,110492968,1946,0,1
54985,110494968,2185,0,1
54986,110496968,2279,1,1
54987,110498968,2415,1,1
54988,110500968,2336,1,1
54989,110502968,1453,0,1
54990,110504968,1069,0,1
54991,110506968,1053,0,1
54992,110508968,1305,0,1
54993,110510968,1628,0,1
54994,110512969,1918,0,1
54995,110514968,2107,0,1
54996,110516968,2203,1,1
54997,110518968,2377,1,1
54998,110520968,2332,1,1
54999,110522968,1497,0,1
55000,110524968,1111,0,1
55001,110526968,1123,0,1
55002,110528968,1350,0,1
55003,110530968,1647,0,1
55004,110532968,1919,0,1
55005,110534968,2105,0,1
55006,110536968,2198,1,1
55007,110538968,2363,1,1
55008,110540968,2296,0,1
55009,110542968,1483,0,1
55010,110544968,1131,0,1
55011,110546968,1135,0,1
55012,110548968,1383,0,1
55013,110550968,1676,0,1
55014,110552969,1943,0,1
55015,110554968,2103,0,1
55016,110556968,2201,1,1
55017,110558968,2381,1,1
55018,110560968,2281,0,1
55019,110562968,1486,0,1
55020,110564968,1145,0,1
55021,110566968,1147,0,1
55022,110568968,1383,0,1
55023,110570968,1683,0,1
55024,110572968,1939,0,1
55025,110574968,2107,0,1
55026,110576968,2197,1,1
55027,110578968,2380,1,1
55028,110580968,2262,0,1
55029,110582968,1427,0,1
55030,110584968,1080,0,1
55031,110586968,1103,0,1
55032,110588968,1355,0,1
55033,110590968,1673,0,1
55034,110592969,1945,0,1
55035,110594968,2118,0,1
55036,110596968,2217,1,1
55037,110598968,2402,1,1
55038,110600968,2268,0,1
55039,110602968,1479,0,1
55040,110604968,1132,0,1
55041,110606968,1141,0,1
55042,110608968,1391,0,1
55043,110610968,1688,0,1
55044,110612968,1947,0,1
55045,110614968,2108,0,1
55046,110616968,2212,1,1
55047,110618968,2439,1,1
55048,110620968,2396,0,1
55049,110622968,1925,0,1
55050,110624968,1655,0,1
55051,110626968,1588,0,1
55052,110628968,1661,0,1
55053,110630968,1789,0,1
55054,110632969,1929,0,1
55055,110634968,2022,0,1
55056,110636968,2104,1,1
55057,110638968,2381,1,1
55058,110640968,2295,0,1
55059,110642968,1717,0,1
55060,110644968,1447,0,1
55061,110646968,1437,0,1
55062,110648968,1577,0,1
55063,110650968,1773,0,1
55064,110652968,1947,0,1
55065,110654968,2059,0,1
55066,110656968,2153,1,1
55067,110658968,2445,1,1
55068,110660968,2359,0,1
55069,110662968,1785,0,1
55070,110664968,1493,0,1
55071,110666968,1453,0,1
55072,110668968,1591,0,1
55073,110670968,1773,0,1
55074,110672969,1933,0,1
55075,110674968,2045,0,1
55076,110676968,2121,1,1
55077,110678968,2205,1,1
55078,110680968,1803,0,1
55079,110682968,1043,0,1
55080,110684968,825,0,1
55081,110686968,981,0,1
55082,110688968,1356,0,1
55083,110690968,1741,0,1
55084,110692968,2034,0,1
55085,110694968,2207,0,1
55086,110696968,2269,1,1
55087,110698968,2323,1,1
55088,110700968,1918,0,1
55089,110702968,1328,0,1
55090,110704968,1135,0,1
55091,110706968,1241,0,1
55092,110708968,1499,0,1
55093,110710968,1804,0,1
55094,110712969,2019,0,1
55095,110714968,2150,0,1
55096,110716968,2208,1,1
55097,110718968,2294,1,1
55098,110720968,1943,0,1
55099,110722968,1399,0,1
55100,110724968,1235,0,1
55101,110726968,1341,0,1
55102,110728968,1575,0,1
55103,110730968,1819,0,1
55104,110732968,2009,0,1
55105,110734968,2125,0,1
55106,110736968,2245,1,1
55107,110738968,2680,1,1
55108,110740968,2653,0,1
55109,110742968,2279,0,1
55110,110744968,1977,0,1
55111,110746968,1803,0,1
55112,110748968,1766,0,1
55113,110750968,1784,0,1
55114,110752969,1877,0,1
55115,110754968,1938,0,1
55116,110756968,2105,1,1
55117,110758968,2743,1,1
55118,110760968,2917,0,1
55119,110762968,2621,0,1
55120,110764968,2279,0,1
55121,110766968,2023,0,1
55122,110768968,1863,0,1
55123,110770968,1789,0,1
55124,110772968,1823,0,1
55125,110774968,1865,0,1
55126,110776968,2056,1,1
55127,110778968,2675,1,1
55128,110780968,2771,0,1
55129,110782968,2423,0,1
55130,110784968,2115,0,1
55131,110786968,1912,0,1
55132,110788968,1819,0,1
55133,110790968,1807,0,1
55134,110792969,1855,0,1
55135,110794968,1920,0,1
55136,110796968,2036,1,1
55137,110798968,2314,1,1
55138,110800968,1989,0,1
55139,110802968,1388,0,1
55140,110804968,1187,0,1
55141,110806968,1286,0,1
55142,110808968,1533,0,1
55143,110810968,1785,0,1
55144,110812968,2008,0,1
55145,110814968,2126,0,1
55146,110816968,2215,1,1
55147,110818968,2347,1,1
55148,110820968,1821,0,1
55149,110822968,1161,0,1
55150,110824968,975,0,1
55151,110826968,1115,0,1
55152,110828968,1454,0,1
55153,110830968,1773,0,1
55154,110832969,2039,0,1
55155,110834968,2173,0,1
55156,110836968,2249,1,1
55157,110838968,2313,1,1
55158,110840968,1662,0,1
55159,110842968,979,0,1
55160,110844968,815,0,1
55161,110846968,1039,0,1
55162,110848968,1403,0,1
55163,110850968,1780,0,1
55164,110852968,2071,0,1
55165,110854968,2211,0,1
55166,110856968,2284,1,1
55167,110858968,2345,1,1
55168,110860968,1701,0,1
55169,110862968,1019,0,1
55170,110864968,853,0,1
55171,110866968,1055,0,1
55172,110868968,1431,0,1
55173,110870968,1775,0,1
55174,110872969,2071,0,1
55175,110874968,2202,0,1
55176,110876968,2275,1,1
55177,110878968,2341,1,1
55178,110880968,1639,0,1
55179,110882968,975,0,1
55180,110884968,829,0,1
55181,110886968,1042,0,1
55182,110888968,1413,0,1
55183,110890968,1790,0,1
55184,110892968,2073,0,1
55185,110894968,2219,0,1
55186,110896968,2291,1,1
55187,110898968,2359,1,1
55188,110900968,1659,0,1
55189,110902968,997,0,1
55190,110904968,852,0,1
55191,110906968,1055,0,1
55192,110908968,1419,0,1
55193,110910968,1791,0,1
55194,110912969,2076,0,1
55195,110914968,2213,0,1
55196,110916968,2274,1,1
55197,110918968,2291,1,1
55198,110920968,1523,0,1
55199,110922968,873,0,1
55200,110924968,775,0,1
55201,110926968,1023,0,1
55202,110928968,1429,0,1
55203,110930968,1807,0,1
55204,110932968,2101,0,1
55205,110934968,2231,0,1
55206,110936968,2285,1,1
55207,110938968,2295,1,1
55208,110940968,1491,0,1
55209,110942968,856,0,1
55210,110944968,757,0,1
55211,110946968,1013,0,1
55212,110948968,1435,0,1
55213,110950968,1817,0,1
55214,110952969,2105,0,1
55215,110954968,2236,0,1
55216,110956968,2295,1,1
55217,110958968,2339,1,1
55218,110960968,1659,0,1
55219,110962968,1126,0,1
55220,110964968,1010,0,1
55221,110966968,1209,0,1
55222,110968968,1557,0,1
55223,110970968,1845,0,1
55224,110972968,2072,0,1
55225,110974968,2189,0,1
55226,110976968,2237,1,1
55227,110978968,2287,1,1
55228,110980968,1677,0,1
55229,110982968,1262,0,1
55230,110984968,1197,0,1
55231,110986968,1383,0,1
55232,110988968,1647,0,1
55233,110990968,1892,0,1
55234,110992969,2073,0,1
55235,110994968,2153,0,1
55236,110996968,2200,1,1
55237,110998968,2218,1,1
55238,111000968,1448,0,1
55239,111002968,954,0,1
55240,111004968,915,0,1
55241,111006968,1181,0,1
55242,111008968,1563,0,1
55243,111010968,1883,0,1
55244,111012968,2111,0,1
55245,111014968,2221,0,1
55246,111016968,2268,1,1
55247,111018968,2309,1,1
55248,111020968,1763,0,1
55249,111022968,1403,0,1
55250,111024968,1317,0,1
55251,111026968,1477,0,1
55252,111028968,1709,0,1
55253,111030968,1900,0,1
55254,111032969,2063,0,1
55255,111034968,2131,1,1
55256,111036968,2185,1,1
55257,111038968,2238,1,1
55258,111040968,1428,0,1
55259,111042968,924,0,1
55260,111044968,887,0,1
55261,111046968,1161,0,1
55262,111048968,1549,0,1
55263,111050968,1882,0,1
55264,111052968,2121,0,1
55265,111054968,2232,1,1
55266,111056968,2277,1,1
55267,111058968,2290,1,1
55268,111060968,1389,0,1
55269,111062968,861,0,1
55270,111064968,822,0,1
55271,111066968,1109,0,1
55272,111068968,1527,0,1
55273,111070968,1867,0,1
55274,111072969,2134,0,1
55275,111074968,2233,1,1
55276,111076968,2287,1,1
55277,111078968,2296,1,1
55278,111080968,1583,0,1
55279,111082968,1172,0,1
55280,111084968,1113,0,1
55281,111086968,1342,0,1
55282,111088968,1636,0,1
55283,111090968,1907,0,1
55284,111092968,2091,0,1
55285,111094968,2173,1,1
55286,111096968,2269,1,1
55287,111098968,2393,1,1
55288,111100968,1627,0,1
55289,111102968,1149,0,1
55290,111104968,1086,0,1
55291,111106968,1289,0,1
55292,111108968,1615,0,1
55293,111110968,1887,0,1
55294,111112969,2099,0,1
55295,111114968,2191,1,1
55296,111116968,2094,1,1
55297,111118968,1763,1,1
55298,111120968,846,0,1
55299,111122968,505,0,1
55300,111124968,681,0,1
55301,111126968,1112,0,1
55302,111128968,1614,0,1
55303,111130968,2006,0,1
55304,111132968,2251,0,1
55305,111134968,2327,1,1
55306,111136968,1977,1,1
55307,111138968,1147,1,1
55308,111140968,0,0,0
55309,111142968,0,0,0
55310,111144968,54,0,1
55311,111146968,599,0,1
55312,111148968,1258,0,1
55313,111150968,1846,0,1
55314,111152969,2253,0,1
55315,111154968,2407,1,1
55316,111156968,2411,1,1
55317,111158968,2247,1,1
55318,111160968,1199,0,1
55319,111162968,695,0,1
55320,111164968,712,0,1
55321,111166968,1055,0,1
55322,111168968,1487,0,1
55323,111170968,1901,0,1
55324,111172968,2159,0,1
55325,111174968,2275,1,1
55326,111176968,2318,1,1
55327,111178968,2273,1,1
55328,111180968,1654,0,1
55329,111182968,1314,0,1
55330,111184968,1288,0,1
55331,111186968,1468,0,1
55332,111188968,1707,0,1
55333,111190968,1933,0,1
55334,111192969,2083,0,1
55335,111194968,2142,1,1
55336,111196968,2221,1,1
55337,111198968,2219,1,1
55338,111200968,1331,0,1
55339,111202968,915,0,1
55340,111204968,920,0,1
55341,111206968,1229,0,1
55342,111208968,1607,0,1
55343,111210968,1929,0,1
55344,111212968,2139,0,1
55345,111214968,2232,1,1
55346,111216968,2296,1,1
55347,111218968,2249,1,1
55348,111220968,1644,0,1
55349,111222968,1333,0,1
55350,111224968,1306,0,1
55351,111226968,1495,0,1
55352,111228968,1711,0,1
55353,111230968,1940,0,1
55354,111232969,2084,0,1
55355,111234968,2139,1,1
55356,111236968,2214,1,1
55357,111238968,2190,1,1
55358,111240968,1553,0,1
55359,111242968,1243,0,1
55360,111244968,1237,0,1
55361,111246968,1463,0,1
55362,111248968,1716,0,1
55363,111250968,1951,0,1
55364,111252968,2100,0,1
55365,111254968,2163,1,1
55366,111256968,2340,1,1
55367,111258968,2445,1,1
55368,111260968,1661,0,1
55369,111262968,1254,0,1
55370,111264968,1191,0,1
55371,111266968,1383,0,1
55372,111268968,1644,0,1
55373,111270968,1892,0,1
55374,111272969,2085,0,1
55375,111274968,2163,1,1
55376,111276968,2277,1,1
55377,111278968,2258,1,1
55378,111280968,1355,0,1
55379,111282968,949,0,1
55380,111284968,955,0,1
55381,111286968,1253,0,1
55382,111288968,1606,0,1
55383,111290968,1933,0,1
55384,111292968,2136,0,1
55385,111294968,2229,1,1
55386,111296968,2331,1,1
55387,111298968,2283,1,1
55388,111300968,1384,0,1
55389,111302968,989,0,1
55390,111304968,994,0,1
55391,111306968,1266,0,1
55392,111308968,1611,0,1
55393,111310968,1919,0,1
55394,111312969,2131,0,1
55395,111314968,2219,1,1
55396,111316968,2299,1,1
55397,111318968,2189,1,1
55398,111320968,1317,0,1
55399,111322968,957,0,1
55400,111324968,1007,0,1
55401,111326968,1305,0,1
55402,111328968,1645,0,1
55403,111330968,1951,0,1
55404,111332968,2143,0,1
55405,111334968,2224,1,1
55406,111336968,2287,1,1
55407,111338968,2163,1,1
55408,111340968,1556,0,1
55409,111342968,1297,0,1
55410,111344968,1289,0,1
55411,111346968,1511,0,1
55412,111348968,1757,0,1
55413,111350968,1965,0,1
55414,111352969,2109,0,1
55415,111354968,2155,1,1
55416,111356968,2189,1,1
55417,111358968,1963,1,1
55418,111360968,1082,0,1
55419,111362968,787,0,1
55420,111364968,907,0,1
55421,111366968,1271,0,1
55422,111368968,1669,0,1
55423,111370968,1998,0,1
55424,111372968,2200,0,1
55425,111374968,2267,1,1
55426,111376968,2275,1,1
55427,111378968,2055,0,1
55428,111380968,1453,0,1
55429,111382968,1231,0,1
55430,111384968,1302,0,1
55431,111386968,1531,0,1
55432,111388968,1779,0,1
55433,111390968,1995,0,1
55434,111392969,2127,0,1
55435,111394968,2171,1,1
55436,111396968,2215,1,1
55437,111398968,1919,0,1
55438,111400968,1067,0,1
55439,111402968,791,0,1
55440,111404968,919,0,1
55441,111406968,1289,0,1
55442,111408968,1683,0,1
55443,111410968,2005,0,1
55444,111412968,2199,0,1
55445,111414968,2264,1,1
55446,111416968,2280,1,1
55447,111418968,1937,0,1
55448,111420968,1022,0,1
55449,111422968,732,0,1
55450,111424968,866,0,1
55451,111426968,1246,0,1
55452,111428968,1660,0,1
55453,111430968,2004,0,1
55454,111432969,2212,0,1
55455,111434968,2279,1,1
55456,111436968,2288,1,1
55457,111438968,1933,0,1
55458,111440968,1059,0,1
55459,111442968,765,0,1
55460,111444968,909,0,1
55461,111446968,1279,0,1
55462,111448968,1684,0,1
55463,111450968,1999,0,1
55464,111452968,2203,0,1
55465,111454968,2271,1,1
55466,111456968,2291,1,1
55467,111458968,1919,0,1
55468,111460968,1105,0,1
55469,111462968,843,0,1
55470,111464968,971,0,1
55471,111466968,1338,0,1
55472,111468968,1735,0,1
55473,111470968,2014,0,1
55474,111472969,2196,0,1
55475,111474968,2254,1,1
55476,111476968,2291,1,1
55477,111478968,1912,0,1
55478,111480968,1173,0,1
55479,111482968,940,0,1
55480,111484968,1061,0,1
55481,111486968,1385,0,1
55482,111488968,1742,0,1
55483,111490968,2009,0,1
55484,111492968,2172,0,1
55485,111494968,2236,1,1
55486,111496968,2269,1,1
55487,111498968,2011,0,1
55488,111500968,1524,0,1
55489,111502968,1343,0,1
55490,111504968,1407,0,1
55491,111506968,1624,0,1
55492,111508968,1838,0,1
55493,111510968,2002,0,1
55494,111512969,2105,0,1
55495,111514968,2169,1,1
55496,111516968,2323,1,1
55497,111518968,2031,0,1
55498,111520968,1309,0,1
55499,111522968,1061,0,1
55500,111524968,1156,0,1
55501,111526968,1430,0,1
55502,111528968,1753,0,1
55503,111530968,1991,0,1
55504,111532968,2147,0,1
55505,111534968,2229,1,1
55506,111536968,2365,1,1
55507,111538968,2088,0,1
55508,111540968,1503,0,1
55509,111542968,1261,0,1
55510,111544968,1319,0,1
55511,111546968,1531,0,1
55512,111548968,1781,0,1
55513,111550968,1994,0,1
55514,111552969,2111,0,1
55515,111554968,2171,1,1
55516,111556968,2237,1,1
55517,111558968,1933,0,1
55518,111560968,1398,0,1
55519,111562968,1215,0,1
55520,111564968,1333,0,1
55521,111566968,1562,0,1
55522,111568968,1835,0,1
55523,111570968,2023,0,1
55524,111572968,2140,0,1
55525,111574968,2181,1,1
55526,111576968,2221,1,1
55527,111578968,1752,0,1
55528,111580968,1000,0,1
55529,111582968,805,0,1
55530,111584968,995,0,1
55531,111586968,1383,0,1
55532,111588968,1772,0,1
55533,111590968,2044,0,1
55534,111592969,2215,0,1
55535,111594968,2286,1,1
55536,111596968,2373,1,1
55537,111598968,1947,0,1
55538,111600968,1322,0,1
55539,111602968,1123,0,1
55540,111604968,1225,0,1
55541,111606968,1495,0,1
55542,111608968,1787,0,1
55543,111610968,2012,0,1
55544,111612968,2149,0,1
55545,111614968,2198,1,1
55546,111616968,2239,1,1
55547,111618968,1709,0,1
55548,111620968,1017,0,1
55549,111622968,871,0,1
55550,111624968,1061,0,1
55551,111626968,1432,0,1
55552,111628968,1785,0,1
55553,111630968,2056,0,1
55554,111632969,2211,0,1
55555,111634968,2267,1,1
55556,111636968,2292,1,1
55557,111638968,1720,0,1
55558,111640968,1017,0,1
55559,111642968,855,0,1
55560,111644968,1044,0,1
55561,111646968,1405,0,1
55562,111648968,1772,0,1
55563,111650968,2059,0,1
55564,111652968,2207,0,1
55565,111654968,2265,1,1
55566,111656968,2282,1,1
55567,111658968,1784,0,1
55568,111660968,1286,0,1
55569,111662968,1161,0,1
55570,111664968,1301,0,1
55571,111666968,1580,0,1
55572,111668968,1847,0,1
55573,111670968,2039,0,1
55574,111672969,2155,0,1
55575,111674968,2189,1,1
55576,111676968,2185,1,1
55577,111678968,1507,0,1
55578,111680968,845,0,1
55579,111682968,741,0,1
55580,111684968,975,0,1
55581,111686968,1407,0,1
55582,111688968,1789,0,1
55583,111690968,2093,0,1
55584,111692968,2249,0,1
55585,111694968,2329,1,1
55586,111696968,2472,1,1
55587,111698968,1959,0,1
55588,111700968,1358,0,1
55589,111702968,1157,0,1
55590,111704968,1263,0,1
55591,111706968,1512,0,1
55592,111708968,1785,0,1
55593,111710968,2008,0,1
55594,111712969,2147,0,1
55595,111714968,2201,1,1
55596,111716968,2253,1,1
55597,111718968,1812,0,1
55598,111720968,1406,0,1
55599,111722968,1307,0,1
55600,111724968,1435,0,1
55601,111726968,1661,0,1
55602,111728968,1879,0,1
55603,111730968,2041,0,1
55604,111732968,2136,0,1
55605,111734968,2172,1,1
55606,111736968,2199,1,1
55607,111738968,1734,0,1
55608,111740968,1330,0,1
55609,111742968,1251,0,1
55610,111744968,1395,0,1
55611,111746968,1655,0,1
55612,111748968,1882,0,1
55613,111750968,2067,0,1
55614,111752969,2147,0,1
55615,111754968,2185,1,1
55616,111756968,2217,1,1
55617,111758968,1483,0,1
55618,111760968,907,0,1
55619,111762968,823,0,1
55620,111764968,1087,0,1
55621,111766968,1490,0,1
55622,111768968,1845,0,1
55623,111770968,2103,0,1
55624,111772968,2228,0,1
55625,111774968,2281,1,1
55626,111776968,2334,1,1
55627,111778968,1580,0,1
55628,111780968,931,0,1
55629,111782968,815,0,1
55630,111784968,1059,0,1
55631,111786968,1423,0,1
55632,111788968,1815,0,1
55633,111790968,2084,0,1
55634,111792969,2233,0,1
55635,111794968,2295,1,1
55636,111796968,2322,1,1
55637,111798968,1718,0,1
55638,111800968,1209,0,1
55639,111802968,1095,0,1
55640,111804968,1267,0,1
55641,111806968,1555,0,1
55642,111808968,1848,0,1
55643,111810968,2075,0,1
55644,111812968,2189,0,1
55645,111814968,1855,1,1
55646,111816968,729,1,1
55647,111818968,0,0,0
55648,111820968,0,0,0
55649,111822968,0,0,0
55650,111824968,93,0,1
55651,111826968,638,0,1
55652,111828968,1299,0,1
55653,111830968,1879,0,1
55654,111832969,2263,0,1
55655,111834968,2390,1,1
55656,111836968,2275,1,1
55657,111838968,1560,0,1
55658,111840968,1111,0,1
55659,111842968,1056,0,1
55660,111844968,1279,0,1
55661,111846968,1590,0,1
55662,111848968,1885,0,1
55663,111850968,2087,0,1
55664,111852968,2190,1,1
55665,111854968,2284,1,1
55666,111856968,2411,1,1
55667,111858968,1687,0,1
55668,111860968,1135,0,1
55669,111862968,1019,0,1
55670,111864968,1205,0,1
55671,111866968,1548,0,1
55672,111868968,1832,0,1
55673,111870968,2073,0,1
55674,111872969,2187,1,1
55675,111874968,2248,1,1
55676,111876968,2281,1,1
55677,111878968,1711,0,1
55678,111880968,1325,0,1
55679,111882968,1258,0,1
55680,111884968,1443,0,1
55681,111886968,1676,0,1
55682,111888968,1907,0,1
55683,111890968,2068,0,1
55684,111892968,2145,1,1
55685,111894968,2251,1,1
55686,111896968,2437,1,1
55687,111898968,1975,0,1
55688,111900968,1630,0,1
55689,111902968,1501,0,1
55690,111904968,1593,0,1
55691,111906968,1737,0,1
55692,111908968,1883,0,1
55693,111910968,2018,0,1
55694,111912969,2089,1,1
55695,111914968,2140,1,1
55696,111916968,2215,1,1
55697,111918968,1437,0,1
55698,111920968,978,0,1
55699,111922968,952,0,1
55700,111924968,1210,0,1
55701,111926968,1583,0,1
55702,111928968,1899,0,1
55703,111930968,2119,0,1
55704,111932968,2219,1,1
55705,111934968,2283,1,1
55706,111936968,2333,1,1
55707,111938968,1618,0,1
55708,111940968,1209,0,1
55709,111942968,1150,0,1
55710,111944968,1349,0,1
55711,111946968,1645,0,1
55712,111948968,1901,0,1
55713,111950968,2085,0,1
55714,111952969,2175,1,1
55715,111954968,2248,1,1
55716,111956968,2313,1,1
55717,111958968,1469,0,1
55718,111960968,995,0,1
55719,111962968,947,0,1
55720,111964968,1207,0,1
55721,111966968,1561,0,1
55722,111968968,1884,0,1
55723,111970968,2111,0,1
55724,111972968,2216,1,1
55725,111974968,2278,1,1
55726,111976968,2301,1,1
55727,111978968,1574,0,1
55728,111980968,1174,0,1
55729,111982968,1151,0,1
55730,111984968,1365,0,1
55731,111986968,1659,0,1
55732,111988968,1912,0,1
55733,111990968,2093,0,1
55734,111992969,2175,1,1
55735,111994968,2236,1,1
55736,111996968,2271,1,1
55737,111998968,1421,0,1
55738,112000968,981,0,1
55739,112002968,959,0,1
55740,112004968,1213,0,1
55741,112006968,1581,0,1
55742,112008968,1901,0,1
55743,112010968,2122,0,1
55744,112012968,2221,1,1
55745,112014968,2271,1,1
55746,112016968,2249,1,1
55747,112018968,1327,0,1
55748,112020968,888,0,1
55749,112022968,893,0,1
55750,112024968,1194,0,1
55751,112026968,1576,0,1
55752,112028968,1903,0,1
55753,112030968,2139,0,1
55754,112032969,2239,1,1
55755,112034968,2253,1,1
55756,112036968,2140,1,1
55757,112038968,1331,0,1
55758,112040968,984,0,1
55759,112042968,1016,0,1
55760,112044968,1311,0,1
55761,112046968,1663,0,1
55762,112048968,1955,0,1
55763,112050968,2141,0,1
55764,112052968,2223,1,1
55765,112054968,2223,1,1
55766,112056968,2084,1,1
55767,112058968,1121,0,1
55768,112060968,725,0,1
55769,112062968,796,0,1
55770,112064968,1144,0,1
55771,112066968,1571,0,1
55772,112068968,1943,0,1
55773,112070968,2187,0,1
55774,112072969,2281,1,1
55775,112074968,2287,1,1
55776,112076968,2133,1,1
55777,112078968,1192,0,1
55778,112080968,795,0,1
55779,112082968,847,0,1
55780,112084968,1181,0,1
55781,112086968,1597,0,1
55782,112088968,1935,0,1
55783,112090968,2165,0,1
55784,112092968,2263,1,1
55785,112094968,2267,1,1
55786,112096968,2083,1,1
55787,112098968,1109,0,1
55788,112100968,732,0,1
55789,112102968,819,0,1
55790,112104968,1169,0,1
55791,112106968,1595,0,1
55792,112108968,1955,0,1
55793,112110968,2184,0,1
55794,112112969,2277,1,1
55795,112114968,2265,1,1
55796,112116968,2083,1,1
55797,112118968,1147,0,1
55798,112120968,783,0,1
55799,112122968,877,0,1
55800,112124968,1214,0,1
55801,112126968,1627,0,1
55802,112128968,1967,0,1
55803,112130968,2182,0,1
55804,112132968,2262,1,1
55805,112134968,2232,1,1
55806,112136968,1983,1,1
55807,112138968,1070,0,1
55808,112140968,743,0,1
55809,112142968,852,0,1
55810,112144968,1210,0,1
55811,112146968,1637,0,1
55812,112148968,1977,0,1
55813,112150968,2191,0,1
55814,112152969,2275,1,1
55815,112154968,2267,1,1
55816,112156968,2041,1,1
55817,112158968,1359,0,1
55818,112160968,1111,0,1
55819,112162968,1175,0,1
55820,112164968,1449,0,1
55821,112166968,1743,0,1
55822,112168968,1981,0,1
55823,112170968,2143,0,1
55824,112172968,2201,1,1
55825,112174968,2185,1,1
55826,112176968,1925,1,1
55827,112178968,1007,0,1
55828,112180968,701,0,1
55829,112182968,851,0,1
55830,112184968,1227,0,1
55831,112186968,1651,0,1
55832,112188968,2003,0,1
55833,112190968,2215,0,1
55834,112192969,2286,1,1
55835,112194968,2265,1,1
55836,112196968,1976,1,1
55837,112198968,1279,0,1
55838,112200968,1050,0,1
55839,112202968,1132,0,1
55840,112204968,1413,0,1
55841,112206968,1735,0,1
55842,112208968,2002,0,1
55843,112210968,2155,0,1
55844,112212968,2213,1,1
55845,112214968,2194,1,1
55846,112216968,1881,1,1
55847,112218968,965,0,1
55848,112220968,691,0,1
55849,112222968,845,0,1
55850,112224968,1244,0,1
55851,112226968,1669,0,1
55852,112228968,2018,0,1
55853,112230968,2213,0,1
55854,112232968,2287,1,1
55855,112234968,2271,1,1
55856,112236968,1941,0,1
55857,112238968,1065,0,1
55858,112240968,792,0,1
55859,112242968,923,0,1
55860,112244968,1288,0,1
55861,112246968,1688,0,1
55862,112248968,2009,0,1
55863,112250968,2202,0,1
55864,112252968,2267,1,1
55865,112254968,2231,1,1
55866,112256968,1862,0,1
55867,112258968,995,0,1
55868,112260968,718,0,1
55869,112262968,869,0,1
55870,112264968,1253,0,1
55871,112266968,1671,0,1
55872,112268968,2020,0,1
55873,112270968,2216,0,1
55874,112272968,2276,1,1
55875,112274968,2231,1,1
55876,112276968,1820,0,1
55877,112278968,952,0,1
55878,112280968,695,0,1
55879,112282968,867,0,1
55880,112284968,1261,0,1
55881,112286968,1684,0,1
55882,112288968,2023,0,1
55883,112290968,2217,0,1
55884,112292968,2281,1,1
55885,112294968,2253,1,1
55886,112296968,1925,0,1
55887,112298968,1391,0,1
55888,112300968,1205,0,1
55889,112302968,1308,0,1
55890,112304968,1563,0,1
55891,112306968,1815,0,1
55892,112308968,2021,0,1
55893,112310968,2135,0,1
55894,112312968,2175,1,1
55895,112314968,2147,1,1
55896,112316968,1725,0,1
55897,112318968,927,0,1
55898,112320968,723,0,1
55899,112322968,911,0,1
55900,112324968,1311,0,1
55901,112326968,1716,0,1
55902,112328968,2041,0,1
55903,112330968,2229,0,1
55904,112332968,2277,1,1
55905,112334968,2227,1,1
55906,112336968,1741,0,1
55907,112338968,916,0,1
55908,112340968,691,0,1
55909,112342968,877,0,1
55910,112344968,1286,0,1
55911,112346968,1715,0,1
55912,112348968,2037,0,1
55913,112350968,2231,0,1
55914,112352968,2279,1,1
55915,112354968,2212,1,1
55916,112356968,1693,0,1
55917,112358968,923,0,1
55918,112360968,730,0,1
55919,112362968,935,0,1
55920,112364968,1331,0,1
55921,112366968,1751,0,1
55922,112368968,2053,0,1
55923,112370968,2228,0,1
55924,112372968,2279,1,1
55925,112374968,2200,1,1
55926,112376968,1657,0,1
55927,112378968,874,0,1
55928,112380968,681,0,1
55929,112382968,918,0,1
55930,112384968,1315,0,1
55931,112386968,1753,0,1
55932,112388968,2071,0,1
55933,112390968,2235,0,1
55934,112392968,2283,1,1
55935,112394968,2199,1,1
55936,112396968,1749,0,1
55937,112398968,1206,0,1
55938,112400968,1081,0,1
55939,112402968,1239,0,1
55940,112404968,1543,0,1
55941,112406968,1839,0,1
55942,112408968,2054,0,1
55943,112410968,2171,0,1
55944,112412968,2197,1,1
55945,112414968,2152,1,1
55946,112416968,1595,0,1
55947,112418968,889,0,1
55948,112420968,743,0,1
55949,112422968,963,0,1
55950,112424968,1382,0,1
55951,112426968,1781,0,1
55952,112428968,2083,0,1
55953,112430968,2237,0,1
55954,112432968,2287,1,1
55955,112434968,2291,1,1
55956,112436968,1769,0,1
55957,112438968,1035,0,1
55958,112440968,844,0,1
55959,112442968,1032,0,1
55960,112444968,1383,0,1
55961,112446968,1771,0,1
55962,112448968,2043,0,1
55963,112450968,2200,0,1
55964,112452968,2248,1,1
55965,112454968,2149,1,1
55966,112456968,1651,0,1
55967,112458968,1147,0,1
55968,112460968,1055,0,1
55969,112462968,1271,0,1
55970,112464968,1561,0,1
55971,112466968,1862,0,1
55972,112468968,2075,0,1
55973,112470968,2184,0,1
55974,112472968,2199,1,1
55975,112474968,2131,1,1
55976,112476968,1631,0,1
55977,112478968,1127,0,1
55978,112480968,1043,0,1
55979,112482968,1238,0,1
55980,112484968,1560,0,1
55981,112486968,1864,0,1
55982,112488968,2079,0,1
55983,112490968,2191,0,1
55984,112492968,2257,1,1
55985,112494968,2441,1,1
55986,112496968,2079,0,1
55987,112498968,1447,0,1
55988,112500968,1208,0,1
55989,112502968,1279,0,1
55990,112504968,1501,0,1
55991,112506968,1779,0,1
55992,112508968,2001,0,1
55993,112510968,2147,0,1
55994,112512968,1993,1,1
55995,112514968,950,1,1
55996,112516968,0,0,0
55997,112518968,0,0,0
55998,112520968,0,0,0
55999,112522968,165,0,1
56000,112524968,739,0,1
56001,112526968,1407,0,1
56002,112528968,1965,0,1
56003,112530968,2293,0,1
56004,112532968,2373,1,1
56005,112534968,2089,1,1
56006,112536968,1207,0,1
56007,112538968,548,0,1
56008,112540968,505,0,1
56009,112542968,884,0,1
56010,112544968,1365,0,1
56011,112546968,1837,0,1
56012,112548968,2155,0,1
56013,112550968,2299,0,1
56014,112552968,2315,1,1
56015,112554968,2181,1,1
56016,112556968,1375,0,1
56017,112558968,711,0,1
56018,112560968,630,0,1
56019,112562968,935,0,1
56020,112564968,1391,0,1
56021,112566968,1813,0,1
56022,112568968,2119,0,1
56023,112570968,2273,0,1
56024,112572968,2291,1,1
56025,112574968,2204,1,1
56026,112576968,1433,0,1
56027,112578968,791,0,1
56028,112580968,710,0,1
56029,112582968,989,0,1
56030,112584968,1418,0,1
56031,112586968,1814,0,1
56032,112588968,2108,0,1
56033,112590968,2258,0,1
56034,112592968,2285,1,1
56035,112594968,2224,1,1
56036,112596968,1477,0,1
56037,112598968,845,0,1
56038,112600968,749,0,1
56039,112602968,1003,0,1
56040,112604968,1423,0,1
56041,112606968,1817,0,1
56042,112608968,2104,0,1
56043,112610968,2246,0,1
56044,112612968,2265,1,1
56045,112614968,2180,1,1
56046,112616968,1383,0,1
56047,112618968,764,0,1
56048,112620968,701,0,1
56049,112622968,999,0,1
56050,112624968,1433,0,1
56051,112626968,1833,0,1
56052,112628968,2123,0,1
56053,112630968,2261,0,1
56054,112632968,2277,1,1
56055,112634968,2190,1,1
56056,112636968,1611,0,1
56057,112638968,1208,0,1
56058,112640968,1161,0,1
56059,112642968,1357,0,1
56060,112644968,1639,0,1
56061,112646968,1903,0,1
56062,112648968,2088,0,1
56063,112650968,2169,0,1
56064,112652968,2185,1,1
56065,112654968,2111,1,1
56066,112656968,1317,0,1
56067,112658968,755,0,1
56068,112660968,722,0,1
56069,112662968,1041,0,1
56070,112664968,1464,0,1
56071,112666968,1862,0,1
56072,112668968,2137,0,1
56073,112670968,2265,0,1
56074,112672968,2271,1,1
56075,112674968,2171,1,1
56076,112676968,1371,0,1
56077,112678968,854,0,1
56078,112680968,821,0,1
56079,112682968,1106,0,1
56080,112684968,1518,0,1
56081,112686968,1869,0,1
56082,112688968,2135,0,1
56083,112690968,2240,0,1
56084,112692968,2263,1,1
56085,112694968,2185,1,1
56086,112696968,1489,0,1
56087,112698968,1061,0,1
56088,112700968,1047,0,1
56089,112702968,1289,0,1
56090,112704968,1612,0,1
56091,112706968,1903,0,1
56092,112708968,2107,0,1
56093,112710968,2199,0,1
56094,112712968,2202,1,1
56095,112714968,2099,1,1
56096,112716968,1275,0,1
56097,112718968,797,0,1
56098,112720968,803,0,1
56099,112722968,1123,0,1
56100,112724968,1519,0,1
56101,112726968,1895,0,1
56102,112728968,2148,0,1
56103,112730968,2251,0,1
56104,112732968,2253,1,1
56105,112734968,2122,1,1
56106,112736968,1229,0,1
56107,112738968,716,0,1
56108,112740968,709,0,1
56109,112742968,1043,0,1
56110,112744968,1487,0,1
56111,112746968,1883,0,1
56112,112748968,2157,0,1
56113,112750968,2273,1,1
56114,112752968,2255,1,1
56115,112754968,2099,1,1
56116,112756968,1169,0,1
56117,112758968,667,0,1
56118,112760968,711,0,1
56119,112762968,1055,0,1
56120,112764968,1509,0,1
56121,112766968,1899,0,1
56122,112768968,2173,0,1
56123,112770968,2281,1,1
56124,112772968,2262,1,1
56125,112774968,2060,1,1
56126,112776968,1118,0,1
56127,112778968,637,0,1
56128,112780968,677,0,1
56129,112782968,1041,0,1
56130,112784968,1501,0,1
56131,112786968,1913,0,1
56132,112788968,2181,0,1
56133,112790968,2292,1,1
56134,112792968,2250,1,1
56135,112794968,2063,1,1
56136,112796968,1112,0,1
56137,112798968,661,0,1
56138,112800968,702,0,1
56139,112802968,1076,0,1
56140,112804968,1545,0,1
56141,112806968,1925,0,1
56142,112808968,2188,0,1
56143,112810968,2283,1,1
56144,112812968,2252,1,1
56145,112814968,2065,1,1
56146,112816968,1080,0,1
56147,112818968,615,0,1
56148,112820968,676,0,1
56149,112822968,1053,0,1
56150,112824968,1529,0,1
56151,112826968,1915,0,1
56152,112828968,2195,0,1
56153,112830968,2298,1,1
56154,112832968,2251,1,1
56155,112834968,2012,1,1
56156,112836968,1071,0,1
56157,112838968,663,0,1
56158,112840968,744,0,1
56159,112842968,1141,0,1
56160,112844968,1571,0,1
56161,112846968,1951,0,1
56162,112848968,2189,0,1
56163,112850968,2284,1,1
56164,112852968,2236,1,1
56165,112854968,2013,1,1
56166,112856968,1055,0,1
56167,112858968,631,0,1
56168,112860968,713,0,1
56169,112862968,1100,0,1
56170,112864968,1566,0,1
56171,112866968,1945,0,1
56172,112868968,2203,0,1
56173,112870968,2291,1,1
56174,112872968,2312,1,1
56175,112874968,2229,1,1
56176,112876968,1503,0,1
56177,112878968,1143,0,1
56178,112880968,1145,0,1
56179,112882968,1371,0,1
56180,112884968,1679,0,1
56181,112886968,1930,0,1
56182,112888968,2119,0,1
56183,112890968,2185,1,1
56184,112892968,2153,1,1
56185,112894968,1961,1,1
56186,112896968,1017,0,1
56187,112898968,632,0,1
56188,112900968,746,0,1
56189,112902968,1129,0,1
56190,112904968,1597,0,1
56191,112906968,1972,0,1
56192,112908968,2203,0,1
56193,112910968,2295,1,1
56194,112912968,2235,1,1
56195,112914968,2014,1,1
56196,112916968,1316,0,1
56197,112918968,1033,0,1
56198,112920968,1081,0,1
56199,112922968,1386,0,1
56200,112924968,1715,0,1
56201,112926968,1976,0,1
56202,112928968,2153,0,1
56203,112930968,2207,1,1
56204,112932968,2143,1,1
56205,112934968,1883,1,1
56206,112936968,889,0,1
56207,112938968,539,0,1
56208,112940968,687,0,1
56209,112942968,1109,0,1
56210,112944968,1595,0,1
56211,112946968,1983,0,1
56212,112948968,2223,0,1
56213,112950968,2313,1,1
56214,112952968,2255,1,1
56215,112954968,1998,1,1
56216,112956968,965,0,1
56217,112958968,572,0,1
56218,112960968,681,0,1
56219,112962968,1085,0,1
56220,112964968,1581,0,1
56221,112966968,1971,0,1
56222,112968968,2213,0,1
56223,112970968,2309,1,1
56224,112972968,2245,1,1
56225,112974968,1949,1,1
56226,112976968,908,0,1
56227,112978968,531,0,1
56228,112980968,664,0,1
56229,112982968,1084,0,1
56230,112984968,1576,0,1
56231,112986968,1980,0,1
56232,112988968,2231,0,1
56233,112990968,2313,1,1
56234,112992968,2235,1,1
56235,112994968,1911,1,1
56236,112996968,1007,0,1
56237,112998968,701,0,1
56238,113000968,827,0,1
56239,113002968,1209,0,1
56240,113004968,1655,0,1
56241,113006968,1993,0,1
56242,113008968,2205,0,1
56243,113010968,2283,1,1
56244,113012968,2295,1,1
56245,113014968,2119,1,1
56246,113016968,1195,0,1
56247,113018968,825,0,1
56248,113020968,895,0,1
56249,113022968,1210,0,1
56250,113024968,1624,0,1
56251,113026968,1957,0,1
56252,113028968,2167,0,1
56253,113030968,2253,1,1
56254,113032968,2187,1,1
56255,113034968,1847,1,1
56256,113036968,851,0,1
56257,113038968,509,0,1
56258,113040968,675,0,1
56259,113042968,1123,0,1
56260,113044968,1608,0,1
56261,113046968,2008,0,1
56262,113048968,2245,0,1
56263,113050968,2317,1,1
56264,113052968,2236,1,1
56265,113054968,1885,1,1
56266,113056968,1143,0,1
56267,113058968,895,0,1
56268,113060968,1015,0,1
56269,113062968,1357,0,1
56270,113064968,1718,0,1
56271,113066968,2018,0,1
56272,113068968,2185,0,1
56273,113070968,2236,1,1
56274,113072968,2157,1,1
56275,113074968,1789,1,1
56276,113076968,884,0,1
56277,113078968,613,0,1
56278,113080968,790,0,1
56279,113082968,1208,0,1
56280,113084968,1661,0,1
56281,113086968,2028,0,1
56282,113088968,2235,0,1
56283,113090968,2297,1,1
56284,113092968,2187,1,1
56285,113094968,1759,1,1
56286,113096968,789,0,1
56287,113098968,521,0,1
56288,113100968,713,0,1
56289,113102968,1171,0,1
56290,113104968,1644,0,1
56291,113106968,2028,0,1
56292,113108968,2251,0,1
56293,113110968,2322,1,1
56294,113112968,2213,1,1
56295,113114968,1811,1,1
56296,113116968,1151,0,1
56297,113118968,953,0,1
56298,113120968,1099,0,1
56299,113122968,1428,0,1
56300,113124968,1759,0,1
56301,113126968,2029,0,1
56302,113128968,2183,0,1
56303,113130968,2224,1,1
56304,113132968,2129,1,1
56305,113134968,1705,0,1
56306,113136968,839,0,1
56307,113138968,616,0,1
56308,113140968,813,0,1
56309,113142968,1246,0,1
56310,113144968,1695,0,1
56311,113146968,2043,0,1
56312,113148968,2246,0,1
56313,113150968,2295,1,1
56314,113152968,2195,1,1
56315,113154968,1721,1,1
56316,113156968,846,0,1
56317,113158968,609,0,1
56318,113160968,819,0,1
56319,113162968,1245,0,1
56320,113164968,1688,0,1
56321,113166968,2039,0,1
56322,113168968,2247,0,1
56323,113170968,2294,1,1
56324,113172968,2203,1,1
56325,113174968,1779,0,1
56326,113176968,1150,0,1
56327,113178968,987,0,1
56328,113180968,1130,0,1
56329,113182968,1464,0,1
56330,113184968,1784,0,1
56331,113186968,2044,0,1
56332,113188968,2182,0,1
56333,113190968,2219,1,1
56334,113192968,2154,1,1
56335,113194968,1720,0,1
56336,113196968,1007,0,1
56337,113198968,823,0,1
56338,113200968,1001,0,1
56339,113202968,1371,0,1
56340,113204968,1751,0,1
56341,113206968,2057,0,1
56342,113208968,2219,0,1
56343,113210968,2247,1,1
56344,113212968,2084,1,1
56345,113214968,1544,0,1
56346,113216968,823,0,1
56347,113218968,681,0,1
56348,113220968,923,0,1
56349,113222968,1340,0,1
56350,113224968,1765,0,1
56351,113226968,2095,0,1
56352,113228968,2264,0,1
56353,113230968,2232,1,1
56354,113232968,1468,1,1
56355,113234968,75,0,1
56356,113236968,0,0,0
56357,113238968,0,0,0
56358,113240968,52,0,1
56359,113242968,583,0,1
56360,113244968,1229,0,1
56361,113246968,1843,0,1
56362,113248968,2229,0,1
56363,113250968,2396,1,1
56364,113252968,2253,1,1
56365,113254968,1647,0,1
56366,113256968,957,0,1
56367,113258968,789,0,1
56368,113260968,993,0,1
56369,113262968,1387,0,1
56370,113264968,1765,0,1
56371,113266968,2073,0,1
56372,113268968,2221,0,1
56373,113270968,2175,1,1
56374,113272968,2159,1,1
56375,113274968,1583,0,1
56376,113276968,733,0,1
56377,113278968,537,0,1
56378,113280968,799,0,1
56379,113282968,1259,0,1
56380,113284968,1722,0,1
56381,113286968,2083,0,1
56382,113288968,2264,0,1
56383,113290968,2311,1,1
56384,113292968,2207,1,1
56385,113294968,1573,0,1
56386,113296968,761,0,1
56387,113298968,585,0,1
56388,113300968,827,0,1
56389,113302968,1293,0,1
56390,113304968,1745,0,1
56391,113306968,2074,0,1
56392,113308968,2264,0,1
56393,113310968,2296,1,1
56394,113312968,2197,1,1
56395,113314968,1725,0,1
56396,113316968,1211,0,1
56397,113318968,1108,0,1
56398,113320968,1254,0,1
56399,113322968,1553,0,1
56400,113324968,1860,0,1
56401,113326968,2069,0,1
56402,113328968,2171,0,1
56403,113330968,2190,1,1
56404,113332968,2117,1,1
56405,113334968,1517,0,1
56406,113336968,751,0,1
56407,113338968,611,0,1
56408,113340968,868,0,1
56409,113342968,1311,0,1
56410,113344968,1759,0,1
56411,113346968,2090,0,1
56412,113348968,2267,0,1
56413,113350968,2295,1,1
56414,113352968,2203,1,1
56415,113354968,1566,0,1
56416,113356968,803,0,1
56417,113358968,661,0,1
56418,113360968,905,0,1
56419,113362968,1331,0,1
56420,113364968,1772,0,1
56421,113366968,2079,0,1
56422,113368968,2260,0,1
56423,113370968,2302,1,1
56424,113372968,2287,1,1
56425,113374968,1751,0,1
56426,113376968,1071,0,1
56427,113378968,907,0,1
56428,113380968,1071,0,1
56429,113382968,1433,0,1
56430,113384968,1786,0,1
56431,113386968,2056,0,1
56432,113388968,2196,0,1
56433,113390968,2233,1,1
56434,113392968,2149,1,1
56435,113394968,1694,0,1
56436,113396968,1251,0,1
56437,113398968,1173,0,1
56438,113400968,1340,0,1
56439,113402968,1626,0,1
56440,113404968,1881,0,1
56441,113406968,2069,0,1
56442,113408968,2167,0,1
56443,113410968,2175,1,1
56444,113412968,2100,1,1
56445,113414968,1403,0,1
56446,113416968,680,0,1
56447,113418968,585,0,1
56448,113420968,893,0,1
56449,113422968,1357,0,1
56450,113424968,1801,0,1
56451,113426968,2119,0,1
56452,113428968,2284,0,1
56453,113430968,2292,1,1
56454,113432968,2117,1,1
56455,113434968,1324,0,1
56456,113436968,623,0,1
56457,113438968,551,0,1
56458,113440968,860,0,1
56459,113442968,1351,0,1
56460,113444968,1816,0,1
56461,113446968,2131,0,1
56462,113448968,2297,0,1
56463,113450968,2297,1,1
56464,113452968,2139,1,1
56465,113454968,1358,0,1
56466,113456968,665,0,1
56467,113458968,587,0,1
56468,113460968,893,0,1
56469,113462968,1366,0,1
56470,113464968,1817,0,1
56471,113466968,2132,0,1
56472,113468968,2279,0,1
56473,113470968,2281,1,1
56474,113472968,2093,1,1
56475,113474968,1443,0,1
56476,113476968,953,0,1
56477,113478968,921,0,1
56478,113480968,1183,0,1
56479,113482968,1547,0,1
56480,113484968,1895,0,1
56481,113486968,2119,0,1
56482,113488968,2223,0,1
56483,113490968,2212,1,1
56484,113492968,2040,1,1
56485,113494968,1388,0,1
56486,113496968,943,0,1
56487,113498968,940,0,1
56488,113500968,1209,0,1
56489,113502968,1583,0,1
56490,113504968,1911,0,1
56491,113506968,2133,0,1
56492,113508968,2227,0,1
56493,113510968,2203,1,1
56494,113512968,2015,1,1
56495,113514968,1176,0,1
56496,113516968,581,0,1
56497,113518968,569,0,1
56498,113520968,921,0,1
56499,113522968,1403,0,1
56500,113524968,1855,0,1
56501,113526968,2165,0,1
56502,113528968,2298,0,1
56503,113530968,2279,1,1
56504,113532968,2088,1,1
56505,113534968,1251,0,1
56506,113536968,682,0,1
56507,113538968,666,0,1
56508,113540968,1000,0,1
56509,113542968,1461,0,1
56510,113544968,1855,0,1
56511,113546968,2155,0,1
56512,113548968,2279,0,1
56513,113550968,2265,1,1
56514,113552968,2063,1,1
56515,113554968,1402,0,1
56516,113556968,1002,0,1
56517,113558968,1003,0,1
56518,113560968,1257,0,1
56519,113562968,1625,0,1
56520,113564968,1917,0,1
56521,113566968,2134,0,1
56522,113568968,2219,0,1
56523,113570968,2187,1,1
56524,113572968,2009,1,1
56525,113574968,1299,0,1
56526,113576968,884,0,1
56527,113578968,915,0,1
56528,113580968,1203,0,1
56529,113582968,1593,0,1
56530,113584968,1935,0,1
56531,113586968,2151,0,1
56532,113588968,2236,0,1
56533,113590968,2200,1,1
56534,113592968,2006,1,1
56535,113594968,1086,0,1
56536,113596968,534,0,1
56537,113598968,557,0,1
56538,113600968,941,0,1
56539,113602968,1437,0,1
56540,113604968,1887,0,1
56541,113606968,2185,0,1
56542,113608968,2313,0,1
56543,113610968,2282,1,1
56544,113612968,2078,1,1
56545,113614968,1124,0,1
56546,113616968,569,0,1
56547,113618968,585,0,1
56548,113620968,949,0,1
56549,113622968,1440,0,1
56550,113624968,1882,0,1
56551,113626968,2169,0,1
56552,113628968,2298,0,1
56553,113630968,2284,1,1
56554,113632968,2095,1,1
56555,113634968,1157,0,1
56556,113636968,623,0,1
56557,113638968,649,0,1
56558,113640968,997,0,1
56559,113642968,1479,0,1
56560,113644968,1889,0,1
56561,113646968,2173,0,1
56562,113648968,2285,0,1
56563,113650968,2267,1,1
56564,113652968,2099,1,1
56565,113654968,1177,0,1
56566,113656968,662,0,1
56567,113658968,675,0,1
56568,113660968,1023,0,1
56569,113662968,1484,0,1
56570,113664968,1887,0,1
56571,113666968,2171,0,1
56572,113668968,2283,1,1
56573,113670968,2328,1,1
56574,113672968,2293,1,1
56575,113674968,1464,0,1
56576,113676968,935,0,1
56577,113678968,870,0,1
56578,113680968,1133,0,1
56579,113682968,1512,0,1
56580,113684968,1865,0,1
56581,113686968,2107,0,1
56582,113688968,2221,1,1
56583,113690968,2211,1,1
56584,113692968,2053,1,1
56585,113694968,1095,0,1
56586,113696968,601,0,1
56587,113698968,660,0,1
56588,113700968,1017,0,1
56589,113702968,1499,0,1
56590,113704968,1914,0,1
56591,113706968,2193,0,1
56592,113708968,2298,1,1
56593,113710968,2245,1,1
56594,113712968,2011,1,1
56595,113714968,1126,0,1
56596,113716968,727,0,1
56597,113718968,783,0,1
56598,113720968,1174,0,1
56599,113722968,1579,0,1
56600,113724968,1950,0,1
56601,113726968,2188,0,1
56602,113728968,2268,1,1
56603,113730968,2222,1,1
56604,113732968,2019,1,1
56605,113734968,999,0,1
56606,113736968,517,0,1
56607,113738968,574,0,1
56608,113740968,985,0,1
56609,113742968,1508,0,1
56610,113744968,1927,0,1
56611,113746968,2201,0,1
56612,113748968,2319,1,1
56613,113750968,2277,1,1
56614,113752968,2071,1,1
56615,113754968,1042,0,1
56616,113756968,585,0,1
56617,113758968,653,0,1
56618,113760968,1032,0,1
56619,113762968,1527,0,1
56620,113764968,1925,0,1
56621,113766968,2201,0,1
56622,113768968,2299,1,1
56623,113770968,2252,1,1
56624,113772968,2021,1,1
56625,113774968,1039,0,1
56626,113776968,604,0,1
56627,113778968,676,0,1
56628,113780968,1064,0,1
56629,113782968,1543,0,1
56630,113784968,1942,0,1
56631,113786968,2200,0,1
56632,113788968,2299,1,1
56633,113790968,2238,1,1
56634,113792968,1995,1,1
56635,113794968,949,0,1
56636,113796968,495,0,1
56637,113798968,597,0,1
56638,113800968,1012,0,1
56639,113802968,1525,0,1
56640,113804968,1949,0,1
56641,113806968,2223,0,1
56642,113808968,2321,1,1
56643,113810968,2266,1,1
56644,113812968,2023,1,1
56645,113814968,1287,0,1
56646,113816968,983,0,1
56647,113818968,1053,0,1
56648,113820968,1342,0,1
56649,113822968,1692,0,1
56650,113824968,1977,0,1
56651,113826968,2157,0,1
56652,113828968,2222,1,1
56653,113830968,2163,1,1
56654,113832968,1951,1,1
56655,113834968,1259,0,1
56656,113836968,997,0,1
56657,113838968,1077,0,1
56658,113840968,1373,0,1
56659,113842968,1721,0,1
56660,113844968,1999,0,1
56661,113846968,2165,0,1
56662,113848968,2217,1,1
56663,113850968,2146,1,1
56664,113852968,1929,1,1
56665,113854968,1311,0,1
56666,113856968,1091,0,1
56667,113858968,1172,0,1
56668,113860968,1456,0,1
56669,113862968,1799,0,1
56670,113864968,2007,0,1
56671,113866968,2151,0,1
56672,113868968,2199,1,1
56673,113870968,2139,1,1
56674,113872968,1881,1,1
56675,113874968,1193,0,1
56676,113876968,956,0,1
56677,113878968,1065,0,1
56678,113880968,1415,0,1
56679,113882968,1737,0,1
56680,113884968,2008,0,1
56681,113886968,2171,0,1
56682,113888968,2229,1,1
56683,113890968,2155,1,1
56684,113892968,1913,1,1
56685,113894968,1109,0,1
56686,113896968,830,0,1
56687,113898968,941,0,1
56688,113900968,1291,0,1
56689,113902968,1695,0,1
56690,113904968,1997,0,1
56691,113906968,2186,0,1
56692,113908968,2251,1,1
56693,113910968,2287,1,1
56694,113912968,2197,1,1
56695,113914968,1215,0,1
56696,113916968,813,0,1
56697,113918968,853,0,1
56698,113920968,1183,0,1
56699,113922968,1553,0,1
56700,113924968,1941,0,1
56701,113926968,2174,0,1
56702,113928968,2259,1,1
56703,113930968,1719,1,1
56704,113932968,573,1,1
56705,113934968,0,0,0
56706,113936968,0,0,0
56707,113938968,89,0,1
56708,113940968,629,0,1
56709,113942968,1291,0,1
56710,113944968,1883,0,1
56711,113946968,2261,0,1
56712,113948968,2416,1,1
56713,113950968,2168,1,1
56714,113952968,1489,0,1
56715,113954968,485,0,1
56716,113956968,249,0,1
56717,113958968,549,0,1
56718,113960968,1079,0,1
56719,113962968,1645,0,1
56720,113964968,2075,0,1
56721,113966968,2317,0,1
56722,113968968,2373,1,1
56723,113970968,2267,1,1
56724,113972968,1881,1,1
56725,113974968,1007,0,1
56726,113976968,743,0,1
56727,113978968,877,0,1
56728,113980968,1261,0,1
56729,113982968,1668,0,1
56730,113984968,2007,0,1
56731,113986968,2207,0,1
56732,113988968,2275,1,1
56733,113990968,2197,1,1
56734,113992968,1877,1,1
56735,113994968,1179,0,1
56736,113996968,968,0,1
56737,113998968,1081,0,1
56738,114000968,1417,0,1
56739,114002968,1749,0,1
56740,114004968,2019,0,1
56741,114006968,2184,0,1
56742,114008968,2227,1,1
56743,114010968,2155,1,1
56744,114012968,1800,1,1
56745,114014968,845,0,1
56746,114016968,564,0,1
56747,114018968,757,0,1
56748,114020968,1183,0,1
56749,114022968,1647,0,1
56750,114024968,2027,0,1
56751,114026968,2250,0,1
56752,114028968,2311,1,1
56753,114030968,2239,1,1
56754,114032968,1837,1,1
56755,114034968,886,0,1
56756,114036968,584,0,1
56757,114038968,759,0,1
56758,114040968,1176,0,1
56759,114042968,1631,0,1
56760,114044968,2018,0,1
56761,114046968,2233,0,1
56762,114048968,2301,1,1
56763,114050968,2231,1,1
56764,114052968,1903,0,1
56765,114054968,1365,0,1
56766,114056968,1183,0,1
56767,114058968,1276,0,1
56768,114060968,1555,0,1
56769,114062968,1803,0,1
56770,114064968,2025,0,1
56771,114066968,2141,0,1
56772,114068968,2174,1,1
56773,114070968,2130,1,1
56774,114072968,1748,0,1
56775,114074968,856,0,1
56776,114076968,619,0,1
56777,114078968,820,0,1
56778,114080968,1245,0,1
56779,114082968,1685,0,1
56780,114084968,2044,0,1
56781,114086968,2239,0,1
56782,114088968,2301,1,1
56783,114090968,2247,1,1
56784,114092968,1851,0,1
56785,114094968,1145,0,1
56786,114096968,927,0,1
56787,114098968,1066,0,1
56788,114100968,1397,0,1
56789,114102968,1743,0,1
56790,114104968,2021,0,1
56791,114106968,2181,0,1
56792,114108968,2233,1,1
56793,114110968,2201,1,1
56794,114112968,1783,0,1
56795,114114968,957,0,1
56796,114116968,727,0,1
56797,114118968,883,0,1
56798,114120968,1289,0,1
56799,114122968,1695,0,1
56800,114124968,2034,0,1
56801,114126968,2217,0,1
56802,114128968,2275,1,1
56803,114130968,2183,1,1
56804,114132968,1769,0,1
56805,114134968,1171,0,1
56806,114136968,1005,0,1
56807,114138968,1172,0,1
56808,114140968,1471,0,1
56809,114142968,1806,0,1
56810,114144968,2041,0,1
56811,114146968,2186,0,1
56812,114148968,2215,1,1
56813,114150968,2121,1,1
56814,114152968,1629,0,1
56815,114154968,938,0,1
56816,114156968,807,0,1
56817,114158968,1011,0,1
56818,114160968,1390,0,1
56819,114162968,1781,0,1
56820,114164968,2071,0,1
56821,114166968,2229,0,1
56822,114168968,2265,1,1
56823,114170968,2139,1,1
56824,114172968,1588,0,1
56825,114174968,757,0,1
56826,114176968,569,0,1
56827,114178968,800,0,1
56828,114180968,1257,0,1
56829,114182968,1708,0,1
56830,114184968,2076,0,1
56831,114186968,2263,0,1
56832,114188968,2303,1,1
56833,114190968,2146,1,1
56834,114192968,1501,0,1
56835,114194968,699,0,1
56836,114196968,534,0,1
56837,114198968,806,0,1
56838,114200968,1271,0,1
56839,114202968,1739,0,1
56840,114204968,2095,0,1
56841,114206968,2277,0,1
56842,114208968,2303,1,1
56843,114210968,2169,1,1
56844,114212968,1544,0,1
56845,114214968,743,0,1
56846,114216968,568,0,1
56847,114218968,839,0,1
56848,114220968,1289,0,1
56849,114222968,1743,0,1
56850,114224968,2088,0,1
56851,114226968,2267,0,1
56852,114228968,2297,1,1
56853,114230968,2163,1,1
56854,114232968,1496,0,1
56855,114234968,701,0,1
56856,114236968,558,0,1
56857,114238968,814,0,1
56858,114240968,1275,0,1
56859,114242968,1752,0,1
56860,114244968,2089,0,1
56861,114246968,2269,0,1
56862,114248968,2301,1,1
56863,114250968,2143,1,1
56864,114252968,1483,0,1
56865,114254968,764,0,1
56866,114256968,647,0,1
56867,114258968,905,0,1
56868,114260968,1336,0,1
56869,114262968,1800,0,1
56870,114264968,2104,0,1
56871,114266968,2261,0,1
56872,114268968,2285,1,1
56873,114270968,2149,1,1
56874,114272968,1514,0,1
56875,114274968,819,0,1
56876,114276968,692,0,1
56877,114278968,950,0,1
56878,114280968,1404,0,1
56879,114282968,1791,0,1
56880,114284968,2101,0,1
56881,114286968,2258,0,1
56882,114288968,2276,1,1
56883,114290968,2157,1,1
56884,114292968,1492,1,1
56885,114294968,757,0,1
56886,114296968,623,0,1
56887,114298968,891,0,1
56888,114300968,1325,0,1
56889,114302968,1779,0,1
56890,114304968,2095,0,1
56891,114306968,2261,0,1
56892,114308968,2283,1,1
56893,114310968,2139,1,1
56894,114312968,1395,0,1
56895,114314968,660,0,1
56896,114316968,554,0,1
56897,114318968,837,0,1
56898,114320968,1319,0,1
56899,114322968,1781,0,1
56900,114324968,2117,0,1
56901,114326968,2286,0,1
56902,114328968,2301,1,1
56903,114330968,2169,1,1
56904,114332968,1453,0,1
56905,114334968,732,0,1
56906,114336968,623,0,1
56907,114338968,907,0,1
56908,114340968,1355,0,1
56909,114342968,1799,0,1
56910,114344968,2106,0,1
56911,114346968,2271,0,1
56912,114348968,2285,1,1
56913,114350968,2148,1,1
56914,114352968,1517,0,1
56915,114354968,978,0,1
56916,114356968,917,0,1
56917,114358968,1163,0,1
56918,114360968,1519,0,1
56919,114362968,1861,0,1
56920,114364968,2108,0,1
56921,114366968,2216,0,1
56922,114368968,2227,1,1
56923,114370968,2100,1,1
56924,114372968,1378,0,1
56925,114374968,695,0,1
56926,114376968,605,0,1
56927,114378968,894,0,1
56928,114380968,1375,0,1
56929,114382968,1820,0,1
56930,114384968,2131,0,1
56931,114386968,2280,0,1
56932,114388968,2283,1,1
56933,114390968,2157,1,1
56934,114392968,1497,0,1
56935,114394968,981,0,1
56936,114396968,909,0,1
56937,114398968,1147,0,1
56938,114400968,1526,0,1
56939,114402968,1873,0,1
56940,114404968,2101,0,1
56941,114406968,2229,0,1
56942,114408968,2269,1,1
56943,114410968,2303,1,1
56944,114412968,1717,0,1
56945,114414968,1116,0,1
56946,114416968,975,0,1
56947,114418968,1159,0,1
56948,114420968,1484,0,1
56949,114422968,1819,0,1
56950,114424968,2065,0,1
56951,114426968,2195,0,1
56952,114428968,2231,1,1
56953,114430968,2215,1,1
56954,114432968,1544,0,1
56955,114434968,944,0,1
56956,114436968,841,0,1
56957,114438968,1079,0,1
56958,114440968,1455,0,1
56959,114442968,1821,0,1
56960,114444968,2099,0,1
56961,114446968,2229,0,1
56962,114448968,2223,1,1
56963,114450968,2085,1,1
56964,114452968,1343,0,1
56965,114454968,815,0,1
56966,114456968,779,0,1
56967,114458968,1067,0,1
56968,114460968,1480,0,1
56969,114462968,1867,0,1
56970,114464968,2137,0,1
56971,114466968,2254,0,1
56972,114468968,2291,1,1
56973,114470968,2294,1,1
56974,114472968,1709,0,1
56975,114474968,1194,0,1
56976,114476968,1079,0,1
56977,114478968,1263,0,1
56978,114480968,1560,0,1
56979,114482968,1847,0,1
56980,114484968,2072,0,1
56981,114486968,2169,0,1
56982,114488968,2189,1,1
56983,114490968,2071,1,1
56984,114492968,1299,0,1
56985,114494968,765,0,1
56986,114496968,740,0,1
56987,114498968,1059,0,1
56988,114500968,1484,0,1
56989,114502968,1881,0,1
56990,114504968,2151,0,1
56991,114506968,2267,0,1
56992,114508968,2299,1,1
56993,114510968,2296,1,1
56994,114512968,1605,0,1
56995,114514968,1048,0,1
56996,114516968,953,0,1
56997,114518968,1161,0,1
56998,114520968,1509,0,1
56999,114522968,1844,0,1
57000,114524968,2079,0,1
57001,114526968,2207,0,1
57002,114528968,2205,1,1
57003,114530968,2092,1,1
57004,114532968,1252,0,1
57005,114534968,717,0,1
57006,114536968,695,0,1
57007,114538968,1031,0,1
57008,114540968,1484,0,1
57009,114542968,1865,0,1
57010,114544968,2155,0,1
57011,114546968,2279,0,1
57012,114548968,2299,1,1
57013,114550968,2249,1,1
57014,114552968,1471,0,1
57015,114554968,941,0,1
57016,114556968,879,0,1
57017,114558968,1134,0,1
57018,114560968,1507,0,1
57019,114562968,1851,0,1
57020,114564968,2105,0,1
57021,114566968,2221,0,1
57022,114568968,2215,1,1
57023,114570968,2075,1,1
57024,114572968,1207,0,1
57025,114574968,709,0,1
57026,114576968,733,0,1
57027,114578968,1065,0,1
57028,114580968,1511,0,1
57029,114582969,1899,0,1
57030,114584968,2168,0,1
57031,114586968,2280,0,1
57032,114588968,2259,1,1
57033,114590968,2093,1,1
57034,114592968,1171,0,1
57035,114594968,638,0,1
57036,114596968,661,0,1
57037,114598968,999,0,1
57038,114600968,1467,0,1
57039,114602968,1881,0,1
57040,114604968,2172,0,1
57041,114606968,2287,0,1
57042,114608968,2299,1,1
57043,114610968,2213,1,1
57044,114612968,1331,0,1
57045,114614968,807,0,1
57046,114616968,775,0,1
57047,114618968,1085,0,1
57048,114620968,1499,0,1
57049,114622969,1879,0,1
57050,114624968,2141,0,1
57051,114626968,2266,1,1
57052,114628968,2153,1,1
57053,114630968,1721,1,1
57054,114632968,763,0,1
57055,114634968,375,0,1
57056,114636968,541,0,1
57057,114638968,995,0,1
57058,114640968,1523,0,1
57059,114642968,1980,0,1
57060,114644968,2266,0,1
57061,114646968,2350,1,1
57062,114648968,2023,1,1
57063,114650968,1052,1,1
57064,114652968,0,0,0
57065,114654968,0,0,0
57066,114656968,0,0,0
57067,114658968,403,0,1
57068,114660968,1048,0,1
57069,114662969,1691,0,1
57070,114664968,2139,0,1
57071,114666968,2377,1,1
57072,114668968,2376,1,1
57073,114670968,2119,1,1
57074,114672968,1048,0,1
57075,114674968,531,0,1
57076,114676968,572,0,1
57077,114678968,973,0,1
57078,114680968,1485,0,1
57079,114682968,1899,0,1
57080,114684968,2188,0,1
57081,114686968,2311,1,1
57082,114688968,2288,1,1
57083,114690968,2149,1,1
57084,114692968,1166,0,1
57085,114694968,688,0,1
57086,114696968,697,0,1
57087,114698968,1048,0,1
57088,114700968,1502,0,1
57089,114702969,1907,0,1
57090,114704968,2168,0,1
57091,114706968,2283,1,1
57092,114708968,2265,1,1
57093,114710968,2105,1,1
57094,114712968,1098,0,1
57095,114714968,612,0,1
57096,114716968,661,0,1
57097,114718968,1021,0,1
57098,114720968,1512,0,1
57099,114722968,1908,0,1
57100,114724968,2189,0,1
57101,114726968,2293,1,1
57102,114728968,2287,1,1
57103,114730968,2159,1,1
57104,114732968,1199,0,1
57105,114734968,743,0,1
57106,114736968,787,0,1
57107,114738968,1115,0,1
57108,114740968,1550,0,1
57109,114742969,1913,0,1
57110,114744968,2167,0,1
57111,114746968,2267,1,1
57112,114748968,2269,1,1
57113,114750968,2134,1,1
57114,114752968,1164,0,1
57115,114754968,715,0,1
57116,114756968,750,0,1
57117,114758968,1107,0,1
57118,114760968,1541,0,1
57119,114762968,1928,0,1
57120,114764968,2167,0,1
57121,114766968,2275,1,1
57122,114768968,2269,1,1
57123,114770968,2153,1,1
57124,114772968,1545,0,1
57125,114774968,1251,0,1
57126,114776968,1254,0,1
57127,114778968,1457,0,1
57128,114780968,1739,0,1
57129,114782969,1959,0,1
57130,114784968,2103,0,1
57131,114786968,2165,1,1
57132,114788968,2175,1,1
57133,114790968,2111,1,1
57134,114792968,1230,0,1
57135,114794968,845,0,1
57136,114796968,903,0,1
57137,114798968,1231,0,1
57138,114800968,1625,0,1
57139,114802968,1947,0,1
57140,114804968,2163,0,1
57141,114806968,2255,1,1
57142,114808968,2313,1,1
57143,114810968,2312,1,1
57144,114812968,1439,0,1
57145,114814968,1001,0,1
57146,114816968,985,0,1
57147,114818968,1247,0,1
57148,114820968,1607,0,1
57149,114822969,1908,0,1
57150,114824968,2120,0,1
57151,114826968,2207,1,1
57152,114828968,2203,1,1
57153,114830968,2025,1,1
57154,114832968,1207,0,1
57155,114834968,891,0,1
57156,114836968,979,0,1
57157,114838968,1299,0,1
57158,114840968,1675,0,1
57159,114842968,1981,0,1
57160,114844968,2166,0,1
57161,114846968,2239,1,1
57162,114848968,2202,1,1
57163,114850968,1973,1,1
57164,114852968,963,0,1
57165,114854968,593,0,1
57166,114856968,718,0,1
57167,114858968,1125,0,1
57168,114860968,1593,0,1
57169,114862969,1983,0,1
57170,114864968,2217,0,1
57171,114866968,2309,1,1
57172,114868968,2254,1,1
57173,114870968,1992,1,1
57174,114872968,1017,0,1
57175,114874968,657,0,1
57176,114876968,777,0,1
57177,114878968,1165,0,1
57178,114880968,1599,0,1
57179,114882968,1973,0,1
57180,114884968,2207,0,1
57181,114886968,2285,1,1
57182,114888968,2223,1,1
57183,114890968,1902,1,1
57184,114892968,1163,0,1
57185,114894968,902,0,1
57186,114896968,1007,0,1
57187,114898968,1339,0,1
57188,114900968,1694,0,1
57189,114902969,2007,0,1
57190,114904968,2187,0,1
57191,114906968,2232,1,1
57192,114908968,2171,1,1
57193,114910968,1890,1,1
57194,114912968,918,0,1
57195,114914968,590,0,1
57196,114916968,744,0,1
57197,114918968,1157,0,1
57198,114920968,1629,0,1
57199,114922968,2006,0,1
57200,114924968,2222,0,1
57201,114926968,2301,1,1
57202,114928968,2223,1,1
57203,114930968,1932,1,1
57204,114932968,1256,0,1
57205,114934968,1039,0,1
57206,114936968,1135,0,1
57207,114938968,1436,0,1
57208,114940968,1757,0,1
57209,114942969,2011,0,1
57210,114944968,2163,0,1
57211,114946968,2216,1,1
57212,114948968,2146,1,1
57213,114950968,1802,1,1
57214,114952968,837,0,1
57215,114954968,534,0,1
57216,114956968,711,0,1
57217,114958968,1146,0,1
57218,114960968,1623,0,1
57219,114962968,2015,0,1
57220,114964968,2239,0,1
57221,114966968,2315,1,1
57222,114968968,2235,1,1
57223,114970968,1903,1,1
57224,114972968,1247,0,1
57225,114974968,1039,0,1
57226,114976968,1145,0,1
57227,114978968,1439,0,1
57228,114980968,1765,0,1
57229,114982969,2027,0,1
57230,114984968,2159,0,1
57231,114986968,2211,1,1
57232,114988968,2205,1,1
57233,114990968,1950,1,1
57234,114992968,1069,0,1
57235,114994968,767,0,1
57236,114996968,891,0,1
57237,114998968,1259,0,1
57238,115000968,1673,0,1
57239,115002968,1999,0,1
57240,115004968,2205,0,1
57241,115006968,2266,1,1
57242,115008968,2199,1,1
57243,115010968,1811,1,1
57244,115012968,839,0,1
57245,115014968,551,0,1
57246,115016968,723,0,1
57247,115018968,1171,0,1
57248,115020968,1641,0,1
57249,115022969,2031,0,1
57250,115024968,2246,0,1
57251,115026968,2323,1,1
57252,115028968,2299,1,1
57253,115030968,1989,1,1
57254,115032968,1092,0,1
57255,115034968,783,0,1
57256,115036968,895,0,1
57257,115038968,1257,0,1
57258,115040968,1652,0,1
57259,115042968,1991,0,1
57260,115044968,2193,0,1
57261,115046968,2263,1,1
57262,115048968,2207,1,1
57263,115050968,1824,0,1
57264,115052968,909,0,1
57265,115054968,635,0,1
57266,115056968,815,0,1
57267,115058968,1231,0,1
57268,115060968,1675,0,1
57269,115062969,2035,0,1
57270,115064968,2233,0,1
57271,115066968,2297,1,1
57272,115068968,2215,1,1
57273,115070968,1788,0,1
57274,115072968,931,0,1
57275,115074968,694,0,1
57276,115076968,871,0,1
57277,115078968,1287,0,1
57278,115080968,1705,0,1
57279,115082968,2041,0,1
57280,115084968,2223,0,1
57281,115086968,2279,1,1
57282,115088968,2175,1,1
57283,115090968,1657,0,1
57284,115092968,730,0,1
57285,115094968,477,0,1
57286,115096968,703,0,1
57287,115098968,1173,0,1
57288,115100968,1677,0,1
57289,115102969,2063,0,1
57290,115104968,2276,0,1
57291,115106968,2325,1,1
57292,115108968,2171,1,1
57293,115110968,1614,0,1
57294,115112968,713,0,1
57295,115114968,495,0,1
57296,115116968,749,0,1
57297,115118968,1205,0,1
57298,115120968,1703,0,1
57299,115122968,2075,0,1
57300,115124968,2266,0,1
57301,115126968,2325,1,1
57302,115128968,2167,1,1
57303,115130968,1573,0,1
57304,115132968,645,0,1
57305,115134968,427,0,1
57306,115136968,679,0,1
57307,115138968,1179,0,1
57308,115140968,1687,0,1
57309,115142969,2075,0,1
57310,115144968,2287,0,1
57311,115146968,2335,1,1
57312,115148968,2187,1,1
57313,115150968,1591,0,1
57314,115152968,669,0,1
57315,115154968,439,0,1
57316,115156968,696,0,1
57317,115158968,1179,0,1
57318,115160968,1675,0,1
57319,115162968,2069,0,1
57320,115164968,2275,0,1
57321,115166968,2327,1,1
57322,115168968,2183,1,1
57323,115170968,1533,0,1
57324,115172968,651,0,1
57325,115174968,438,0,1
57326,115176968,717,0,1
57327,115178968,1199,0,1
57328,115180968,1709,0,1
57329,115182969,2083,0,1
57330,115184968,2290,0,1
57331,115186968,2333,1,1
57332,115188968,2175,1,1
57333,115190968,1547,0,1
57334,115192968,671,0,1
57335,115194968,477,0,1
57336,115196968,750,0,1
57337,115198968,1240,0,1
57338,115200968,1723,0,1
57339,115202968,2083,0,1
57340,115204968,2283,0,1
57341,115206968,2323,1,1
57342,115208968,2190,1,1
57343,115210968,1556,0,1
57344,115212968,718,0,1
57345,115214968,538,0,1
57346,115216968,789,0,1
57347,115218968,1256,0,1
57348,115220968,1727,0,1
57349,115222969,2093,0,1
57350,115224968,2274,0,1
57351,115226968,2312,1,1
57352,115228968,2186,1,1
57353,115230968,1644,0,1
57354,115232968,983,0,1
57355,115234968,845,0,1
57356,115236968,1041,0,1
57357,115238968,1414,0,1
57358,115240968,1804,0,1
57359,115242968,2079,0,1
57360,115244968,2217,0,1
57361,115246968,2247,1,1
57362,115248968,2147,1,1
57363,115250968,1660,0,1
57364,115252968,1103,0,1
57365,115254968,997,0,1
57366,115256968,1192,0,1
57367,115258968,1523,0,1
57368,115260968,1839,0,1
57369,115262969,2084,0,1
57370,115264968,2202,0,1
57371,115266968,2217,1,1
57372,115268968,2089,1,1
57373,115270968,1421,0,1
57374,115272968,614,0,1
57375,115274968,467,0,1
57376,115276968,763,0,1
57377,115278968,1263,0,1
57378,115280968,1757,0,1
57379,115282968,2110,0,1
57380,115284968,2291,0,1
57381,115286968,2367,1,1
57382,115288968,2453,1,1
57383,115290968,2150,0,1
57384,115292968,1613,0,1
57385,115294968,1385,0,1
57386,115296968,1416,0,1
57387,115298968,1591,0,1
57388,115300968,1816,0,1
57389,115302969,1989,0,1
57390,115304968,2103,0,1
57391,115306968,2065,1,1
57392,115308968,1481,1,1
57393,115310968,424,0,1
57394,115312968,0,0,0
57395,115314968,29,0,1
57396,115316968,507,0,1
57397,115318968,1175,0,1
57398,115320968,1798,0,1
57399,115322968,2213,0,1
57400,115324968,2413,0,1
57401,115326968,2358,1,1
57402,115328968,1839,1,1
57403,115330968,655,0,1
57404,115332968,0,0,0
57405,115334968,0,0,0
57406,115336968,396,0,1
57407,115338968,1059,0,1
57408,115340968,1693,0,1
57409,115342969,2165,0,1
57410,115344968,2388,0,1
57411,115346968,2413,1,1
57412,115348968,2231,1,1
57413,115350968,1512,0,1
57414,115352968,888,0,1
57415,115354968,790,0,1
57416,115356968,1039,0,1
57417,115358968,1432,0,1
57418,115360968,1816,0,1
57419,115362968,2098,0,1
57420,115364968,2261,0,1
57421,115366968,2253,1,1
57422,115368968,2165,1,1
57423,115370968,1380,0,1
57424,115372968,619,0,1
57425,115374968,506,0,1
57426,115376968,807,0,1
57427,115378968,1291,0,1
57428,115380968,1763,0,1
57429,115382969,2123,0,1
57430,115384968,2296,0,1
57431,115386968,2317,1,1
57432,115388968,2203,1,1
57433,115390968,1420,0,1
57434,115392968,655,0,1
57435,115394968,532,0,1
57436,115396968,823,0,1
57437,115398968,1307,0,1
57438,115400968,1761,0,1
57439,115402968,2109,0,1
57440,115404968,2280,0,1
57441,115406968,2317,1,1
57442,115408968,2218,1,1
57443,115410968,1529,0,1
57444,115412968,951,0,1
57445,115414968,853,0,1
57446,115416968,1086,0,1
57447,115418968,1467,0,1
57448,115420968,1831,0,1
57449,115422969,2105,0,1
57450,115424968,2230,0,1
57451,115426968,2246,1,1
57452,115428968,2165,1,1
57453,115430968,1611,0,1
57454,115432968,1107,0,1
57455,115434968,1041,0,1
57456,115436968,1244,0,1
57457,115438968,1564,0,1
57458,115440968,1866,0,1
57459,115442968,2095,0,1
57460,115444968,2193,0,1
57461,115446968,2203,1,1
57462,115448968,2118,1,1
57463,115450968,1531,0,1
57464,115452968,1076,0,1
57465,115454968,1015,0,1
57466,115456968,1259,0,1
57467,115458968,1580,0,1
57468,115460968,1891,0,1
57469,115462969,2107,0,1
57470,115464968,2203,0,1
57471,115466968,2215,1,1
57472,115468968,2137,1,1
57473,115470968,1325,0,1
57474,115472968,647,0,1
57475,115474968,569,0,1
57476,115476968,891,0,1
57477,115478968,1369,0,1
57478,115480968,1809,0,1
57479,115482968,2135,0,1
57480,115484968,2291,0,1
57481,115486968,2311,1,1
57482,115488968,2203,1,1
57483,115490968,1333,0,1
57484,115492968,621,0,1
57485,115494968,530,0,1
57486,115496968,845,0,1
57487,115498968,1339,0,1
57488,115500968,1806,0,1
57489,115502969,2140,0,1
57490,115504968,2291,0,1
57491,115506968,2303,1,1
57492,115508968,2188,1,1
57493,115510968,1263,0,1
57494,115512968,573,0,1
57495,115514968,502,0,1
57496,115516968,841,0,1
57497,115518968,1339,0,1
57498,115520968,1811,0,1
57499,115522968,2147,0,1
57500,115524968,2311,0,1
57501,115526968,2310,1,1
57502,115528968,2131,1,1
57503,115530968,1165,0,1
57504,115532968,494,0,1
57505,115534968,457,0,1
57506,115536968,825,0,1
57507,115538968,1355,0,1
57508,115540968,1820,0,1
57509,115542969,2165,0,1
57510,115544968,2325,0,1
57511,115546968,2294,1,1
57512,115548968,2065,1,1
57513,115550968,1048,0,1
57514,115552968,398,0,1
57515,115554968,397,0,1
57516,115556968,785,0,1
57517,115558968,1351,0,1
57518,115560968,1844,0,1
57519,115562968,2188,0,1
57520,115564968,2345,0,1
57521,115566968,2318,1,1
57522,115568968,2089,1,1
57523,115570968,1251,0,1
57524,115572968,782,0,1
57525,115574968,793,0,1
57526,115576968,1119,0,1
57527,115578968,1545,0,1
57528,115580968,1899,0,1
57529,115582969,2165,0,1
57530,115584968,2266,0,1
57531,115586968,2237,1,1
57532,115588968,2068,1,1
57533,115590968,1099,0,1
57534,115592968,495,0,1
57535,115594968,502,0,1
57536,115596968,893,0,1
57537,115598968,1421,0,1
57538,115600968,1861,0,1
57539,115602968,2191,0,1
57540,115604968,2326,0,1
57541,115606968,2295,1,1
57542,115608968,2125,1,1
57543,115610968,1069,0,1
57544,115612968,431,0,1
57545,115614968,423,0,1
57546,115616968,827,0,1
57547,115618968,1371,0,1
57548,115620968,1845,0,1
57549,115622969,2195,0,1
57550,115624968,2331,0,1
57551,115626968,2313,1,1
57552,115628968,2125,1,1
57553,115630968,1085,0,1
57554,115632968,491,0,1
57555,115634968,487,0,1
57556,115636968,885,0,1
57557,115638968,1401,0,1
57558,115640968,1873,0,1
57559,115642968,2193,0,1
57560,115644968,2327,0,1
57561,115646968,2298,1,1
57562,115648968,2107,1,1
57563,115650968,1032,0,1
57564,115652968,426,0,1
57565,115654968,453,0,1
57566,115656968,861,0,1
57567,115658968,1401,0,1
57568,115660968,1868,0,1
57569,115662969,2207,0,1
57570,115664968,2332,1,1
57571,115666968,2310,1,1
57572,115668968,2106,1,1
57573,115670968,1023,0,1
57574,115672968,429,0,1
57575,115674968,444,0,1
57576,115676968,857,0,1
57577,115678968,1403,0,1
57578,115680968,1874,0,1
57579,115682968,2205,0,1
57580,115684968,2328,1,1
57581,115686968,2292,1,1
57582,115688968,2079,0,1
57583,115690968,1146,0,1
57584,115692968,667,0,1
57585,115694968,696,0,1
57586,115696968,1051,0,1
57587,115698968,1507,0,1
57588,115700968,1907,0,1
57589,115702969,2185,0,1
57590,115704968,2287,1,1
57591,115706968,2301,1,1
57592,115708968,2227,1,1
57593,115710968,1254,0,1
57594,115712968,715,0,1
57595,115714968,703,0,1
57596,115716968,1047,0,1
57597,115718968,1497,0,1
57598,115720968,1883,0,1
57599,115722968,2158,0,1
57600,115724968,2275,1,1
57601,115726968,2222,1,1
57602,115728968,1957,1,1
57603,115730968,827,0,1
57604,115732968,313,0,1
57605,115734968,415,0,1
57606,115736968,879,0,1
57607,115738968,1449,0,1
57608,115740968,1931,0,1
57609,115742969,2239,0,1
57610,115744968,2360,1,1
57611,115746968,2282,1,1
57612,115748968,2009,1,1
57613,115750968,977,0,1
57614,115752968,543,0,1
57615,115754968,617,0,1
57616,115756968,1030,0,1
57617,115758968,1529,0,1
57618,115760968,1947,0,1
57619,115762968,2207,0,1
57620,115764968,2311,1,1
57621,115766968,2249,1,1
57622,115768968,1992,1,1
57623,115770968,890,0,1
57624,115772968,410,0,1
57625,115774968,499,0,1
57626,115776968,953,0,1
57627,115778968,1481,0,1
57628,115780968,1930,0,1
57629,115782969,2231,0,1
57630,115784968,2342,1,1
57631,115786968,2269,1,1
57632,115788968,1977,1,1
57633,115790968,1177,0,1
57634,115792968,829,0,1
57635,115794968,922,0,1
57636,115796968,1255,0,1
57637,115798968,1639,0,1
57638,115800968,1977,0,1
57639,115802968,2175,0,1
57640,115804968,2252,1,1
57641,115806968,2172,1,1
57642,115808968,1907,1,1
57643,115810968,1099,0,1
57644,115812968,794,0,1
57645,115814968,901,0,1
57646,115816968,1259,0,1
57647,115818968,1661,0,1
57648,115820968,1995,0,1
57649,115822969,2203,0,1
57650,115824968,2265,1,1
57651,115826968,2251,1,1
57652,115828968,2095,1,1
57653,115830968,1293,0,1
57654,115832968,943,0,1
57655,115834968,1004,0,1
57656,115836968,1299,0,1
57657,115838968,1647,0,1
57658,115840968,1961,0,1
57659,115842968,2156,0,1
57660,115844968,2232,1,1
57661,115846968,2165,1,1
57662,115848968,1896,1,1
57663,115850968,793,0,1
57664,115852968,372,0,1
57665,115854968,526,0,1
57666,115856968,993,0,1
57667,115858968,1533,0,1
57668,115860968,1972,0,1
57669,115862969,2261,0,1
57670,115864968,2349,1,1
57671,115866968,2261,1,1
57672,115868968,1954,1,1
57673,115870968,1166,0,1
57674,115872968,861,0,1
57675,115874968,944,0,1
57676,115876968,1286,0,1
57677,115878968,1660,0,1
57678,115880968,1995,0,1
57679,115882968,2186,0,1
57680,115884968,2247,1,1
57681,115886968,2165,1,1
57682,115888968,1873,1,1
57683,115890968,797,0,1
57684,115892968,401,0,1
57685,115894968,551,0,1
57686,115896968,1020,0,1
57687,115898968,1548,0,1
57688,115900968,1989,0,1
57689,115902969,2264,0,1
57690,115904968,2346,1,1
57691,115906968,2227,1,1
57692,115908968,1833,1,1
57693,115910968,693,0,1
57694,115912968,295,0,1
57695,115914968,469,0,1
57696,115916968,980,0,1
57697,115918968,1541,0,1
57698,115920968,1988,0,1
57699,115922968,2277,0,1
57700,115924968,2365,1,1
57701,115926968,2291,1,1
57702,115928968,1961,1,1
57703,115930968,852,0,1
57704,115932968,447,0,1
57705,115934968,584,0,1
57706,115936968,1021,0,1
57707,115938968,1559,0,1
57708,115940968,1967,0,1
57709,115942969,2245,0,1
57710,115944968,2332,1,1
57711,115946968,2084,1,1
57712,115948968,1449,1,1
57713,115950968,378,0,1
57714,115952968,119,0,1
57715,115954968,409,0,1
57716,115956968,981,0,1
57717,115958968,1595,0,1
57718,115960968,2083,0,1
57719,115962968,2350,0,1
57720,115964968,2403,1,1
57721,115966968,1813,1,1
57722,115968968,593,1,1
57723,115970968,0,0,0
57724,115972968,0,0,0
57725,115974968,0,0,0
57726,115976968,325,0,1
57727,115978968,947,0,1
57728,115980968,1607,0,1
57729,115982969,2093,0,1
57730,115984968,2357,1,1
57731,115986968,2351,1,1
57732,115988968,1972,1,1
57733,115990968,827,0,1
57734,115992968,428,0,1
57735,115994968,565,0,1
57736,115996968,1019,0,1
57737,115998968,1547,0,1
57738,116000968,1979,0,1
57739,116002968,2237,0,1
57740,116004968,2339,1,1
57741,116006968,2223,1,1
57742,116008968,1804,1,1
57743,116010968,809,0,1
57744,116012968,507,0,1
57745,116014968,676,0,1
57746,116016968,1117,0,1
57747,116018968,1594,0,1
57748,116020968,2011,0,1
57749,116022969,2261,0,1
57750,116024968,2318,1,1
57751,116026968,2212,1,1
57752,116028968,1763,1,1
57753,116030968,628,0,1
57754,116032968,279,0,1
57755,116034968,487,0,1
57756,116036968,1006,0,1
57757,116038968,1573,0,1
57758,116040968,2022,0,1
57759,116042968,2287,0,1
57760,116044968,2363,1,1
57761,116046968,2261,1,1
57762,116048968,1805,1,1
57763,116050968,679,0,1
57764,116052968,344,0,1
57765,116054968,551,0,1
57766,116056968,1043,0,1
57767,116058968,1589,0,1
57768,116060968,2015,0,1
57769,116062969,2279,0,1
57770,116064968,2355,1,1
57771,116066968,2237,1,1
57772,116068968,1747,1,1
57773,116070968,651,0,1
57774,116072968,313,0,1
57775,116074968,534,0,1
57776,116076968,1031,0,1
57777,116078968,1587,0,1
57778,116080968,2035,0,1
57779,116082968,2280,0,1
57780,116084968,2360,1,1
57781,116086968,2341,1,1
57782,116088968,1979,1,1
57783,116090968,958,0,1
57784,116092968,615,0,1
57785,116094968,750,0,1
57786,116096968,1161,0,1
57787,116098968,1609,0,1
57788,116100968,1981,0,1
57789,116102969,2219,0,1
57790,116104968,2291,1,1
57791,116106968,2195,1,1
57792,116108968,1718,1,1
57793,116110968,611,0,1
57794,116112968,315,0,1
57795,116114968,556,0,1
57796,116116968,1068,0,1
57797,116118968,1633,0,1
57798,116120968,2045,0,1
57799,116122968,2286,0,1
57800,116124968,2357,1,1
57801,116126968,2231,1,1
57802,116128968,1683,0,1
57803,116130968,586,0,1
57804,116132968,297,0,1
57805,116134968,541,0,1
57806,116136968,1055,0,1
57807,116138968,1633,0,1
57808,116140968,2056,0,1
57809,116142969,2300,0,1
57810,116144968,2363,1,1
57811,116146968,2216,1,1
57812,116148968,1629,0,1
57813,116150968,565,0,1
57814,116152968,283,0,1
57815,116154968,537,0,1
57816,116156968,1070,0,1
57817,116158968,1641,0,1
57818,116160968,2067,0,1
57819,116162968,2310,0,1
57820,116164968,2377,1,1
57821,116166968,2300,1,1
57822,116168968,1879,0,1
57823,116170968,1181,0,1
57824,116172968,971,0,1
57825,116174968,1097,0,1
57826,116176968,1430,0,1
57827,116178968,1768,0,1
57828,116180968,2024,0,1
57829,116182969,2181,0,1
57830,116184968,2212,1,1
57831,116186968,2066,1,1
57832,116188968,1449,0,1
57833,116190968,463,0,1
57834,116192968,252,0,1
57835,116194968,565,0,1
57836,116196968,1110,0,1
57837,116198968,1685,0,1
57838,116200968,2104,0,1
57839,116202968,2332,0,1
57840,116204968,2363,1,1
57841,116206968,2139,1,1
57842,116208968,1389,0,1
57843,116210968,350,0,1
57844,116212968,147,0,1
57845,116214968,462,0,1
57846,116216968,1059,0,1
57847,116218968,1655,0,1
57848,116220968,2101,0,1
57849,116222969,2350,0,1
57850,116224968,2387,1,1
57851,116226968,2163,1,1
57852,116228968,1390,0,1
57853,116230968,363,0,1
57854,116232968,141,0,1
57855,116234968,488,0,1
57856,116236968,1071,0,1
57857,116238968,1660,0,1
57858,116240968,2111,0,1
57859,116242968,2345,0,1
57860,116244968,2385,1,1
57861,116246968,2133,1,1
57862,116248968,1331,0,1
57863,116250968,339,0,1
57864,116252968,153,0,1
57865,116254968,507,0,1
57866,116256968,1096,0,1
57867,116258968,1695,0,1
57868,116260968,2118,0,1
57869,116262969,2355,0,1
57870,116264968,2389,1,1
57871,116266968,2197,1,1
57872,116268968,1465,0,1
57873,116270968,596,0,1
57874,116272968,425,0,1
57875,116274968,702,0,1
57876,116276968,1203,0,1
57877,116278968,1725,0,1
57878,116280968,2102,0,1
57879,116282968,2297,0,1
57880,116284968,2325,1,1
57881,116286968,2079,1,1
57882,116288968,1395,0,1
57883,116290968,761,0,1
57884,116292968,686,0,1
57885,116294968,969,0,1
57886,116296968,1405,0,1
57887,116298968,1821,0,1
57888,116300968,2125,0,1
57889,116302969,2277,0,1
57890,116304968,2275,1,1
57891,116306968,2063,1,1
57892,116308968,1239,0,1
57893,116310968,366,0,1
57894,116312968,251,0,1
57895,116314968,612,0,1
57896,116316968,1179,0,1
57897,116318968,1737,0,1
57898,116320968,2140,0,1
57899,116322968,2344,0,1
57900,116324968,2357,1,1
57901,116326968,2105,1,1
57902,116328968,1211,0,1
57903,116330968,295,0,1
57904,116332968,155,0,1
57905,116334968,530,0,1
57906,116336968,1130,0,1
57907,116338968,1703,0,1
57908,116340968,2141,0,1
57909,116342969,2367,0,1
57910,116344968,2374,1,1
57911,116346968,2111,1,1
57912,116348968,1199,0,1
57913,116350968,291,0,1
57914,116352968,158,0,1
57915,116354968,537,0,1
57916,116356968,1133,0,1
57917,116358968,1717,0,1
57918,116360968,2143,0,1
57919,116362968,2363,0,1
57920,116364968,2387,1,1
57921,116366968,2140,1,1
57922,116368968,1237,0,1
57923,116370968,355,0,1
57924,116372968,219,0,1
57925,116374968,585,0,1
57926,116376968,1171,0,1
57927,116378968,1737,0,1
57928,116380968,2151,0,1
57929,116382969,2352,0,1
57930,116384968,2363,1,1
57931,116386968,2115,1,1
57932,116388968,1188,0,1
57933,116390968,307,0,1
57934,116392968,201,0,1
57935,116394968,581,0,1
57936,116396968,1167,0,1
57937,116398968,1737,0,1
57938,116400968,2151,0,1
57939,116402968,2357,0,1
57940,116404968,2360,1,1
57941,116406968,2096,1,1
57942,116408968,1359,0,1
57943,116410968,823,0,1
57944,116412968,787,0,1
57945,116414968,1068,0,1
57946,116416968,1483,0,1
57947,116418968,1871,0,1
57948,116420968,2133,0,1
57949,116422969,2265,0,1
57950,116424968,2249,1,1
57951,116426968,2035,1,1
57952,116428968,1167,0,1
57953,116430968,399,0,1
57954,116432968,338,0,1
57955,116434968,717,0,1
57956,116436968,1259,0,1
57957,116438968,1784,0,1
57958,116440968,2158,0,1
57959,116442968,2340,0,1
57960,116444968,2339,1,1
57961,116446968,2101,1,1
57962,116448968,1167,0,1
57963,116450968,375,0,1
57964,116452968,292,0,1
57965,116454968,676,0,1
57966,116456968,1235,0,1
57967,116458968,1773,0,1
57968,116460968,2153,0,1
57969,116462969,2347,0,1
57970,116464968,2339,1,1
57971,116466968,2102,1,1
57972,116468968,1099,0,1
57973,116470968,296,0,1
57974,116472968,217,0,1
57975,116474968,623,0,1
57976,116476968,1209,0,1
57977,116478968,1768,0,1
57978,116480968,2171,0,1
57979,116482968,2358,0,1
57980,116484968,2345,1,1
57981,116486968,2084,1,1
57982,116488968,1093,0,1
57983,116490968,316,0,1
57984,116492968,265,0,1
57985,116494968,672,0,1
57986,116496968,1255,0,1
57987,116498968,1799,0,1
57988,116500968,2172,0,1
57989,116502969,2363,0,1
57990,116504968,2339,1,1
57991,116506968,2056,1,1
57992,116508968,1035,0,1
57993,116510968,281,0,1
57994,116512968,252,0,1
57995,116514968,671,0,1
57996,116516968,1260,0,1
57997,116518968,1813,0,1
57998,116520968,2195,0,1
57999,116522968,2360,0,1
58000,116524968,2351,1,1
58001,116526968,2133,1,1
58002,116528968,1143,1,1
58003,116530968,409,0,1
58004,116532968,356,0,1
58005,116534968,739,0,1
58006,116536968,1303,0,1
58007,116538968,1799,0,1
58008,116540968,2173,0,1
58009,116542969,2343,0,1
58010,116544968,2303,1,1
58011,116546968,2035,1,1
58012,116548968,979,0,1
58013,116550968,273,0,1
58014,116552968,269,0,1
58015,116554968,695,0,1
58016,116556968,1298,0,1
58017,116558968,1819,0,1
58018,116560968,2203,0,1
58019,116562968,2360,0,1
58020,116564968,2346,1,1
58021,116566968,2164,1,1
58022,116568968,1191,0,1
58023,116570968,531,0,1
58024,116572968,499,0,1
58025,116574968,842,0,1
58026,116576968,1375,0,1
58027,116578968,1836,0,1
58028,116580968,2169,0,1
58029,116582969,2323,0,1
58030,116584968,2233,1,1
58031,116586968,1803,1,1
58032,116588968,1002,0,1
58033,116590968,667,0,1
58034,116592968,795,0,1
58035,116594968,1164,0,1
58036,116596968,1617,0,1
58037,116598968,1975,0,1
58038,116600968,2220,0,1
58039,116602968,2299,0,1
58040,116604968,1971,1,1
58041,116606968,837,1,1
58042,116608968,0,0,0
58043,116610968,0,0,0
58044,116612968,0,0,0
58045,116614968,11,0,1
58046,116616968,499,0,1
58047,116618968,1135,0,1
58048,116620968,1757,0,1
58049,116622969,2187,0,1
58050,116624968,2327,1,1
58051,116626968,2117,1,1
58052,116628968,1068,0,1
58053,116630968,467,0,1
58054,116632968,471,0,1
58055,116634968,870,0,1
58056,116636968,1396,0,1
58057,116638968,1854,0,1
58058,116640968,2175,0,1
58059,116642968,2327,0,1
58060,116644968,2293,1,1
58061,116646968,2091,1,1
58062,116648968,1001,0,1
58063,116650968,357,0,1
58064,116652968,375,0,1
58065,116654968,789,0,1
58066,116656968,1343,0,1
58067,116658968,1860,0,1
58068,116660968,2197,0,1
58069,116662969,2351,0,1
58070,116664968,2329,1,1
58071,116666968,2143,1,1
58072,116668968,1078,0,1
58073,116670968,425,0,1
58074,116672968,423,0,1
58075,116674968,819,0,1
58076,116676968,1357,0,1
58077,116678968,1849,0,1
58078,116680968,2180,0,1
58079,116682968,2335,0,1
58080,116684968,2326,1,1
58081,116686968,2183,1,1
58082,116688968,1133,0,1
58083,116690968,523,0,1
58084,116692968,504,0,1
58085,116694968,887,0,1
58086,116696968,1401,0,1
58087,116698968,1853,0,1
58088,116700968,2174,0,1
58089,116702969,2321,0,1
58090,116704968,2291,1,1
58091,116706968,2099,1,1
58092,116708968,985,0,1
58093,116710968,364,0,1
58094,116712968,405,0,1
58095,116714968,822,0,1
58096,116716968,1379,0,1
58097,116718968,1875,0,1
58098,116720968,2204,0,1
58099,116722968,2349,1,1
58100,116724968,2366,1,1
58101,116726968,2291,1,1
58102,116728968,1289,0,1
58103,116730968,684,0,1
58104,116732968,633,0,1
58105,116734968,949,0,1
58106,116736968,1407,0,1
58107,116738968,1839,0,1
58108,116740968,2139,0,1
58109,116742969,2280,1,1
58110,116744968,2285,1,1
58111,116746968,2163,1,1
58112,116748968,1111,0,1
58113,116750968,534,0,1
58114,116752968,551,0,1
58115,116754968,935,0,1
58116,116756968,1427,0,1
58117,116758968,1883,0,1
58118,116760968,2183,0,1
58119,116762968,2313,1,1
58120,116764968,2377,1,1
58121,116766968,2381,1,1
58122,116768968,1465,0,1
58123,116770968,903,0,1
58124,116772968,831,0,1
58125,116774968,1087,0,1
58126,116776968,1489,0,1
58127,116778968,1844,0,1
58128,116780968,2109,0,1
58129,116782969,2237,1,1
58130,116784968,2250,1,1
58131,116786968,2165,1,1
58132,116788968,1143,0,1
58133,116790968,611,0,1
58134,116792968,634,0,1
58135,116794968,969,0,1
58136,116796968,1453,0,1
58137,116798968,1884,0,1
58138,116800968,2181,0,1
58139,116802968,2297,1,1
58140,116804968,2276,1,1
58141,116806968,2123,1,1
58142,116808968,1065,0,1
58143,116810968,542,0,1
58144,116812968,571,0,1
58145,116814968,959,0,1
58146,116816968,1455,0,1
58147,116818968,1902,0,1
58148,116820968,2197,0,1
58149,116822969,2319,1,1
58150,116824968,2291,1,1
58151,116826968,2117,1,1
58152,116828968,1032,0,1
58153,116830968,487,0,1
58154,116832968,549,0,1
58155,116834968,948,0,1
58156,116836968,1451,0,1
58157,116838968,1903,0,1
58158,116840968,2204,0,1
58159,116842968,2321,1,1
58160,116844968,2278,1,1
58161,116846968,2057,1,1
58162,116848968,951,0,1
58163,116850968,461,0,1
58164,116852968,549,0,1
58165,116854968,957,0,1
58166,116856968,1481,0,1
58167,116858968,1933,0,1
58168,116860968,2207,0,1
58169,116862969,2329,1,1
58170,116864968,2285,1,1
58171,116866968,2074,1,1
58172,116868968,954,0,1
58173,116870968,453,0,1
58174,116872968,527,0,1
58175,116874968,952,0,1
58176,116876968,1463,0,1
58177,116878968,1917,0,1
58178,116880968,2213,0,1
58179,116882968,2326,1,1
58180,116884968,2291,1,1
58181,116886968,2073,1,1
58182,116888968,989,0,1
58183,116890968,507,0,1
58184,116892968,595,0,1
58185,116894968,1003,0,1
58186,116896968,1498,0,1
58187,116898968,1939,0,1
58188,116900968,2205,0,1
58189,116902968,2319,1,1
58190,116904968,2298,1,1
58191,116906968,2105,1,1
58192,116908968,987,0,1
58193,116910968,520,0,1
58194,116912968,596,0,1
58195,116914968,1000,0,1
58196,116916968,1501,0,1
58197,116918968,1929,0,1
58198,116920968,2201,0,1
58199,116922968,2316,1,1
58200,116924968,2286,1,1
58201,116926968,2099,1,1
58202,116928968,1049,0,1
58203,116930968,613,0,1
58204,116932968,669,0,1
58205,116934968,1060,0,1
58206,116936968,1529,0,1
58207,116938968,1940,0,1
58208,116940968,2195,0,1
58209,116942968,2293,1,1
58210,116944968,2295,1,1
58211,116946968,2135,1,1
58212,116948968,1071,0,1
58213,116950968,619,0,1
58214,116952968,679,0,1
58215,116954968,1066,0,1
58216,116956968,1528,0,1
58217,116958968,1930,0,1
58218,116960968,2188,0,1
58219,116962968,2291,1,1
58220,116964968,2301,1,1
58221,116966968,2132,1,1
58222,116968968,1065,0,1
58223,116970968,617,0,1
58224,116972968,683,0,1
58225,116974968,1069,0,1
58226,116976968,1525,0,1
58227,116978968,1934,0,1
58228,116980968,2194,0,1
58229,116982968,2294,1,1
58230,116984968,2365,1,1
58231,116986968,2293,1,1
58232,116988968,1317,0,1
58233,116990968,855,0,1
58234,116992968,870,0,1
58235,116994968,1161,0,1
58236,116996968,1567,0,1
58237,116998968,1911,0,1
58238,117000968,2137,0,1
58239,117002968,2244,1,1
58240,117004968,2275,1,1
58241,117006968,2111,1,1
58242,117008968,1077,0,1
58243,117010968,661,0,1
58244,117012968,731,0,1
58245,117014968,1102,0,1
58246,117016968,1553,0,1
58247,117018968,1941,0,1
58248,117020968,2189,0,1
58249,117022968,2285,1,1
58250,117024968,2311,1,1
58251,117026968,2127,1,1
58252,117028968,1105,0,1
58253,117030968,687,0,1
58254,117032968,775,0,1
58255,117034968,1141,0,1
58256,117036968,1583,0,1
58257,117038968,1960,0,1
58258,117040968,2193,0,1
58259,117042968,2285,1,1
58260,117044968,2408,1,1
58261,117046968,2397,1,1
58262,117048968,1468,0,1
58263,117050968,1007,0,1
58264,117052968,997,0,1
58265,117054968,1245,0,1
58266,117056968,1591,0,1
58267,117058968,1904,0,1
58268,117060968,2123,0,1
58269,117062968,2216,1,1
58270,117064968,2252,1,1
58271,117066968,2073,1,1
58272,117068968,1095,0,1
58273,117070968,755,0,1
58274,117072968,815,0,1
58275,117074968,1175,0,1
58276,117076968,1605,0,1
58277,117078968,1971,0,1
58278,117080968,2188,0,1
58279,117082968,2283,1,1
58280,117084968,2315,1,1
58281,117086968,2112,1,1
58282,117088968,1099,0,1
58283,117090968,709,0,1
58284,117092968,799,0,1
58285,117094968,1167,0,1
58286,117096968,1609,0,1
58287,117098968,1959,0,1
58288,117100968,2198,0,1
58289,117102968,2285,1,1
58290,117104968,2295,1,1
58291,117106968,2087,1,1
58292,117108968,1431,0,1
58293,117110968,1173,0,1
58294,117112968,1227,0,1
58295,117114968,1477,0,1
58296,117116968,1750,0,1
58297,117118968,1979,0,1
58298,117120968,2135,0,1
58299,117122968,2191,1,1
58300,117124968,2234,1,1
58301,117126968,2063,1,1
58302,117128968,1119,0,1
58303,117130968,778,0,1
58304,117132968,861,0,1
58305,117134968,1215,0,1
58306,117136968,1630,0,1
58307,117138968,1979,0,1
58308,117140968,2188,0,1
58309,117142968,2275,1,1
58310,117144968,2343,1,1
58311,117146968,2164,1,1
58312,117148968,1212,0,1
58313,117150968,854,0,1
58314,117152968,917,0,1
58315,117154968,1223,0,1
58316,117156968,1638,0,1
58317,117158968,1959,0,1
58318,117160968,2167,0,1
58319,117162968,2263,1,1
58320,117164968,2341,1,1
58321,117166968,2157,1,1
58322,117168968,1254,0,1
58323,117170968,910,0,1
58324,117172968,987,0,1
58325,117174968,1288,0,1
58326,117176968,1663,0,1
58327,117178968,1962,0,1
58328,117180968,2155,0,1
58329,117182968,2239,1,1
58330,117184968,2329,1,1
58331,117186968,2137,1,1
58332,117188968,1237,0,1
58333,117190968,892,0,1
58334,117192968,955,0,1
58335,117194968,1269,0,1
58336,117196968,1647,0,1
58337,117198968,1961,0,1
58338,117200968,2157,0,1
58339,117202968,2251,1,1
58340,117204968,2403,1,1
58341,117206968,2277,0,1
58342,117208968,1386,0,1
58343,117210968,1019,0,1
58344,117212968,1031,0,1
58345,117214968,1321,0,1
58346,117216968,1652,0,1
58347,117218968,1939,0,1
58348,117220968,2127,0,1
58349,117222968,2229,1,1
58350,117224968,2399,1,1
58351,117226968,2319,0,1
58352,117228968,1639,0,1
58353,117230968,1319,0,1
58354,117232968,1307,0,1
58355,117234968,1485,0,1
58356,117236968,1710,0,1
58357,117238968,1943,0,1
58358,117240968,2102,0,1
58359,117242968,2121,1,1
58360,117244968,1435,1,1
58361,117246968,239,0,1
58362,117248968,0,0,0
58363,117250968,0,0,0
58364,117252968,359,0,1
58365,117254968,1000,0,1
58366,117256968,1629,0,1
58367,117258968,2119,0,1
58368,117260968,2377,0,1
58369,117262968,2455,1,1
58370,117264968,2573,1,1
58371,117266968,2341,0,1
58372,117268968,1615,0,1
58373,117270968,1267,0,1
58374,117272968,1240,0,1
58375,117274968,1436,0,1
58376,117276968,1693,0,1
58377,117278968,1933,0,1
58378,117280968,2085,0,1
58379,117282968,2173,1,1
58380,117284968,2379,1,1
58381,117286968,2283,0,1
58382,117288968,1775,0,1
58383,117290968,1523,0,1
58384,117292968,1505,0,1
58385,117294968,1623,0,1
58386,117296968,1805,0,1
58387,117298968,1947,0,1
58388,117300968,2058,0,1
58389,117302968,2131,1,1
58390,117304968,2365,1,1
58391,117306968,2251,0,1
58392,117308968,1561,0,1
58393,117310968,1245,0,1
58394,117312968,1255,0,1
58395,117314968,1463,0,1
58396,117316968,1707,0,1
58397,117318968,1952,0,1
58398,117320968,2101,0,1
58399,117322968,2183,1,1
58400,117324968,2396,1,1
58401,117326968,2227,0,1
58402,117328968,1497,0,1
58403,117330968,1193,0,1
58404,117332968,1211,0,1
58405,117334968,1432,0,1
58406,117336968,1703,0,1
58407,117338968,1945,0,1
58408,117340968,2110,0,1
58409,117342968,2198,1,1
58410,117344968,2424,1,1
58411,117346968,2237,0,1
58412,117348968,1581,0,1
58413,117350968,1291,0,1
58414,117352968,1302,0,1
58415,117354968,1493,0,1
58416,117356968,1747,0,1
58417,117358968,1947,0,1
58418,117360968,2089,0,1
58419,117362968,2185,1,1
58420,117364968,2460,1,1
58421,117366968,2420,0,1
58422,117368968,1919,0,1
58423,117370968,1640,0,1
58424,117372968,1576,0,1
58425,117374968,1647,0,1
58426,117376968,1781,0,1
58427,117378968,1915,0,1
58428,117380968,2021,0,1
58429,117382968,2117,1,1
58430,117384968,2419,1,1
58431,117386968,2284,0,1
58432,117388968,1629,0,1
58433,117390968,1317,0,1
58434,117392968,1305,0,1
58435,117394968,1485,0,1
58436,117396968,1720,0,1
58437,117398968,1934,0,1
58438,117400968,2076,0,1
58439,117402968,2196,1,1
58440,117404968,2520,1,1
58441,117406968,2509,0,1
58442,117408968,2085,0,1
58443,117410968,1801,0,1
58444,117412968,1686,0,1
58445,117414968,1717,0,1
58446,117416968,1791,0,1
58447,117418968,1900,0,1
58448,117420968,1989,0,1
58449,117422968,2092,1,1
58450,117424968,2445,1,1
58451,117426968,2343,0,1
58452,117428968,1733,0,1
58453,117430968,1445,0,1
58454,117432968,1427,0,1
58455,117434968,1575,0,1
58456,117436968,1759,0,1
58457,117438968,1939,0,1
58458,117440968,2058,0,1
58459,117442968,2169,1,1
58460,117444968,2477,1,1
58461,117446968,2233,0,1
58462,117448968,1565,0,1
58463,117450968,1263,0,1
58464,117452968,1288,0,1
58465,117454968,1502,0,1
58466,117456968,1727,0,1
58467,117458968,1961,0,1
58468,117460968,2103,0,1
58469,117462968,2214,1,1
58470,117464968,2518,1,1
58471,117466968,2265,0,1
58472,117468968,1628,0,1
58473,117470968,1341,0,1
58474,117472968,1336,0,1
58475,117474968,1525,0,1
58476,117476968,1742,0,1
58477,117478968,1951,0,1
58478,117480968,2088,0,1
58479,117482968,2195,1,1
58480,117484968,2488,1,1
58481,117486968,2232,0,1
58482,117488968,1611,0,1
58483,117490968,1323,0,1
58484,117492968,1334,0,1
58485,117494968,1544,0,1
58486,117496968,1751,0,1
58487,117498968,1949,0,1
58488,117500968,2092,0,1
58489,117502968,2206,1,1
58490,117504968,2524,1,1
58491,117506968,2263,0,1
58492,117508968,1629,0,1
58493,117510968,1338,0,1
58494,117512968,1358,0,1
58495,117514968,1531,0,1
58496,117516968,1745,0,1
58497,117518968,1956,0,1
58498,117520968,2079,0,1
58499,117522968,2203,1,1
58500,117524968,2514,1,1
58501,117526968,2215,0,1
58502,117528968,1623,0,1
58503,117530968,1356,0,1
58504,117532968,1353,0,1
58505,117534968,1545,0,1
58506,117536968,1759,0,1
58507,117538968,1962,0,1
58508,117540968,2085,0,1
58509,117542968,2211,1,1
58510,117544968,2548,1,1
58511,117546968,2233,0,1
58512,117548968,1623,0,1
58513,117550968,1349,0,1
58514,117552968,1363,0,1
58515,117554968,1560,0,1
58516,117556968,1752,0,1
58517,117558968,1949,0,1
58518,117560968,2083,0,1
58519,117562968,2216,1,1
58520,117564968,2585,1,1
58521,117566968,2301,0,1
58522,117568968,1705,0,1
58523,117570968,1401,0,1
58524,117572968,1403,0,1
58525,117574968,1556,0,1
58526,117576968,1751,0,1
58527,117578968,1933,0,1
58528,117580968,2063,0,1
58529,117582968,2207,1,1
58530,117584968,2585,1,1
58531,117586968,2322,0,1
58532,117588968,1765,0,1
58533,117590968,1485,0,1
58534,117592968,1453,0,1
58535,117594968,1593,0,1
58536,117596968,1770,0,1
58537,117598968,1941,0,1
58538,117600968,2043,0,1
58539,117602968,2220,1,1
58540,117604968,2723,1,1
58541,117606968,2547,0,1
58542,117608968,2019,0,1
58543,117610968,1678,0,1
58544,117612968,1589,0,1
58545,117614968,1652,0,1
58546,117616968,1755,0,1
58547,117618968,1882,0,1
58548,117620968,1992,0,1
58549,117622968,2196,1,1
58550,117624968,2739,1,1
58551,117626968,2553,0,1
58552,117628968,2023,0,1
58553,117630968,1691,0,1
58554,117632968,1588,0,1
58555,117634968,1637,0,1
58556,117636968,1751,0,1
58557,117638968,1890,0,1
58558,117640968,1991,0,1
58559,117642968,2159,1,1
58560,117644968,2597,1,1
58561,117646968,2352,0,1
58562,117648968,1843,0,1
58563,117650968,1565,0,1
58564,117652968,1527,0,1
58565,117654968,1619,0,1
58566,117656968,1775,0,1
58567,117658968,1928,0,1
58568,117660968,2032,0,1
58569,117662968,2207,1,1
58570,117664968,2667,1,1
58571,117666968,2422,0,1
58572,117668968,1887,0,1
58573,117670968,1589,0,1
58574,117672968,1525,0,1
58575,117674968,1612,0,1
58576,117676968,1759,0,1
58577,117678968,1917,0,1
58578,117680968,2013,0,1
58579,117682968,2202,1,1
58580,117684968,2671,1,1
58581,117686968,2389,0,1
58582,117688968,1851,0,1
58583,117690968,1558,0,1
58584,117692968,1525,0,1
58585,117694968,1613,0,1
58586,117696968,1771,0,1
58587,117698968,1919,0,1
58588,117700968,2025,0,1
58589,117702968,2222,1,1
58590,117704968,2733,1,1
58591,117706968,2636,0,1
58592,117708968,2269,0,1
58593,117710968,1978,0,1
58594,117712968,1821,0,1
58595,117714968,1773,0,1
58596,117716968,1805,0,1
58597,117718968,1879,0,1
58598,117720968,1947,0,1
58599,117722968,2151,1,1
58600,117724968,2696,1,1
58601,117726968,2431,0,1
58602,117728968,1943,0,1
58603,117730968,1663,0,1
58604,117732968,1581,0,1
58605,117734968,1657,0,1
58606,117736968,1779,0,1
58607,117738968,1907,0,1
58608,117740968,2005,0,1
58609,117742968,2216,1,1
58610,117744968,2744,1,1
58611,117746968,2491,0,1
58612,117748968,2023,0,1
58613,117750968,1725,0,1
58614,117752968,1636,0,1
58615,117754968,1679,0,1
58616,117756968,1775,0,1
58617,117758968,1899,0,1
58618,117760968,1997,0,1
58619,117762968,2216,1,1
58620,117764968,2780,1,1
58621,117766968,2476,0,1
58622,117768968,1958,0,1
58623,117770968,1647,0,1
58624,117772968,1587,0,1
58625,117774968,1638,0,1
58626,117776968,1755,0,1
58627,117778968,1897,0,1
58628,117780968,1999,0,1
58629,117782968,2247,1,1
58630,117784968,2838,1,1
58631,117786968,2537,0,1
58632,117788968,2041,0,1
58633,117790968,1725,0,1
58634,117792968,1621,0,1
58635,117794968,1676,0,1
58636,117796968,1759,0,1
58637,117798968,1892,0,1
58638,117800968,1993,0,1
58639,117802968,2227,1,1
58640,117804968,2780,1,1
58641,117806968,2547,0,1
58642,117808968,2121,0,1
58643,117810968,1831,0,1
58644,117812968,1715,0,1
58645,117814968,1721,0,1
58646,117816968,1797,0,1
58647,117818968,1893,0,1
58648,117820968,1968,0,1
58649,117822968,2247,1,1
58650,117824968,2872,1,1
58651,117826968,2669,0,1
58652,117828968,2262,0,1
58653,117830968,1951,0,1
58654,117832968,1799,0,1
58655,117834968,1755,0,1
58656,117836968,1780,0,1
58657,117838968,1866,0,1
58658,117840968,1937,0,1
58659,117842968,2216,1,1
58660,117844968,2868,1,1
58661,117846968,2547,0,1
58662,117848968,2057,0,1
58663,117850968,1736,0,1
58664,117852968,1629,0,1
58665,117854968,1676,0,1
58666,117856968,1766,0,1
58667,117858968,1880,0,1
58668,117860968,1979,0,1
58669,117862968,2325,1,1
58670,117864968,3126,1,1
58671,117866968,2847,0,1
58672,117868968,2324,0,1
58673,117870968,1929,0,1
58674,117872968,1727,0,1
58675,117874968,1676,0,1
58676,117876968,1735,0,1
58677,117878968,1830,0,1
58678,117880968,1933,1,1
58679,117882968,2043,1,1
58680,117884968,2108,1,1
58681,117886968,1531,0,1
58682,117888968,1193,0,1
58683,117890968,1179,0,1
58684,117892968,1387,0,1
58685,117894968,1671,0,1
58686,117896968,1917,0,1
58687,117898968,2101,0,1
58688,117900968,2169,1,1
58689,117902968,2277,1,1
58690,117904968,2463,1,1
58691,117906968,1773,0,1
58692,117908968,1279,0,1
58693,117910968,1158,0,1
58694,117912968,1321,0,1
58695,117914968,1573,0,1
58696,117916968,1836,0,1
58697,117918968,2044,0,1
58698,117920968,2142,1,1
58699,117922968,2424,1,1
58700,117924968,3015,1,1
58701,117926968,2717,0,1
58702,117928968,2297,0,1
58703,117930968,1971,0,1
58704,117932968,1801,0,1
58705,117934968,1755,0,1
58706,117936968,1772,0,1
58707,117938968,1849,0,1
58708,117940968,1928,1,1
58709,117942968,2294,1,1
58710,117944968,3051,1,1
58711,117946968,2729,0,1
58712,117948968,2245,0,1
58713,117950968,1896,0,1
58714,117952968,1740,0,1
58715,117954968,1704,0,1
58716,117956968,1751,0,1
58717,117958968,1845,0,1
58718,117960968,1942,1,1
58719,117962968,2330,1,1
58720,117964968,3115,1,1
58721,117966968,2748,0,1
58722,117968968,2267,0,1
58723,117970968,1909,0,1
58724,117972968,1739,0,1
58725,117974968,1715,0,1
58726,117976968,1752,0,1
58727,117978968,1839,0,1
58728,117980968,1939,1,1
58729,117982968,2328,1,1
58730,117984968,3131,1,1
58731,117986968,2835,0,1
58732,117988968,2390,0,1
58733,117990968,2014,0,1
58734,117992968,1823,0,1
58735,117994968,1751,0,1
58736,117996968,1767,0,1
58737,117998968,1833,0,1
58738,118000968,1913,1,1
58739,118002968,2336,1,1
58740,118004968,3177,1,1
58741,118006968,3035,0,1
58742,118008968,2651,0,1
58743,118010968,2259,0,1
58744,118012968,1981,0,1
58745,118014968,1832,0,1
58746,118016968,1771,0,1
58747,118018968,1789,0,1
58748,118020968,1861,1,1
58749,118022968,2387,1,1
58750,118024968,3429,1,1
58751,118026968,3171,0,1
58752,118028968,2659,0,1
58753,118030968,2202,0,1
58754,118032968,1915,0,1
58755,118034968,1775,0,1
58756,118036968,1705,0,1
58757,118038968,1757,0,1
58758,118040968,1849,1,1
58759,118042968,2347,1,1
58760,118044968,3262,1,1
58761,118046968,2970,0,1
58762,118048968,2501,0,1
58763,118050968,2089,0,1
58764,118052968,1855,0,1
58765,118054968,1724,0,1
58766,118056968,1733,0,1
58767,118058968,1807,0,1
58768,118060968,1886,1,1
58769,118062968,2395,1,1
58770,118064968,3317,1,1
58771,118066968,2987,0,1
58772,118068968,2511,0,1
58773,118070968,2101,0,1
58774,118072968,1863,0,1
58775,118074968,1739,0,1
58776,118076968,1727,0,1
58777,118078968,1801,0,1
58778,118080968,1892,1,1
58779,118082968,2412,1,1
58780,118084968,3333,1,1
58781,118086968,2935,0,1
58782,118088968,2426,0,1
58783,118090968,2027,0,1
58784,118092968,1812,0,1
58785,118094968,1733,0,1
58786,118096968,1735,0,1
58787,118098968,1813,0,1
58788,118100968,1900,1,1
58789,118102968,2419,1,1
58790,118104968,3278,1,1
58791,118106968,2915,0,1
58792,118108968,2429,0,1
58793,118110968,2039,0,1
58794,118112968,1828,0,1
58795,118114968,1739,0,1
58796,118116968,1737,0,1
58797,118118968,1817,0,1
58798,118120968,1899,1,1
58799,118122968,2451,1,1
58800,118124968,3364,1,1
58801,118126968,2928,0,1
58802,118128968,2427,0,1
58803,118130968,2011,0,1
58804,118132968,1783,0,1
58805,118134968,1704,0,1
58806,118136968,1721,0,1
58807,118138968,1805,0,1
58808,118140968,1910,1,1
58809,118142968,2488,1,1
58810,118144968,3421,1,1
58811,118146968,3240,0,1
58812,118148968,2797,0,1
58813,118150968,2351,0,1
58814,118152968,2027,0,1
58815,118154968,1805,0,1
58816,118156968,1735,0,1
58817,118158968,1751,0,1
58818,118160968,1835,1,1
58819,118162968,2451,1,1
58820,118164968,3466,1,1
58821,118166968,3286,0,1
58822,118168968,2824,0,1
58823,118170968,2355,0,1
58824,118172968,2023,0,1
58825,118174968,1802,0,1
58826,118176968,1723,0,1
58827,118178968,1741,0,1
58828,118180968,1820,1,1
58829,118182968,2474,1,1
58830,118184968,3481,1,1
58831,118186968,3113,0,1
58832,118188968,2601,0,1
58833,118190968,2157,0,1
58834,118192968,1881,0,1
58835,118194968,1719,0,1
58836,118196968,1710,0,1
58837,118198968,1774,0,1
58838,118200968,1870,1,1
58839,118202968,2536,1,1
58840,118204968,3567,1,1
58841,118206968,3261,0,1
58842,118208968,2761,0,1
58843,118210968,2295,0,1
58844,118212968,1975,0,1
58845,118214968,1784,0,1
58846,118216968,1705,0,1
58847,118218968,1742,0,1
58848,118220968,1849,1,1
58849,118222968,2539,1,1
58850,118224968,3593,1,1
58851,118226968,3195,0,1
58852,118228968,2677,0,1
58853,118230968,2203,0,1
58854,118232968,1909,0,1
58855,118234968,1737,0,1
58856,118236968,1692,0,1
58857,118238968,1756,0,1
58858,118240968,1854,1,1
58859,118242968,2605,1,1
58860,118244968,3733,1,1
58861,118246968,3385,0,1
58862,118248968,2824,0,1
58863,118250968,2323,0,1
58864,118252968,1961,0,1
58865,118254968,1747,0,1
58866,118256968,1683,0,1
58867,118258968,1715,0,1
58868,118260968,1833,1,1
58869,118262968,2619,1,1
58870,118264968,3793,1,1
58871,118266968,3435,0,1
58872,118268968,2859,0,1
58873,118270968,2339,0,1
58874,118272968,1967,0,1
58875,118274968,1736,0,1
58876,118276968,1678,0,1
58877,118278968,1717,0,1
58878,118280968,1840,1,1
58879,118282968,2645,1,1
58880,118284968,3859,1,1
58881,118286968,3571,0,1
58882,118288968,2981,0,1
58883,118290968,2439,0,1
58884,118292968,2041,0,1
58885,118294968,1783,0,1
58886,118296968,1670,0,1
58887,118298968,1699,0,1
58888,118300968,1806,1,1
58889,118302968,2628,1,1
58890,118304968,3832,1,1
58891,118306968,3743,0,1
58892,118308968,3173,0,1
58893,118310968,2595,0,1
58894,118312968,2151,0,1
58895,118314968,1819,0,1
58896,118316968,1675,0,1
58897,118318968,1669,0,1
58898,118320968,1780,1,1
58899,118322968,2642,1,1
58900,118324968,3886,1,1
58901,118326968,3832,0,1
58902,118328968,3256,0,1
58903,118330968,2651,0,1
58904,118332968,2188,0,1
58905,118334968,1843,0,1
58906,118336968,1677,0,1
58907,118338968,1659,0,1
58908,118340968,1773,1,1
58909,118342968,2642,1,1
58910,118344968,3821,0,1
58911,118346968,3512,0,1
58912,118348968,2934,0,1
58913,118350968,2401,0,1
58914,118352968,2019,0,1
58915,118354968,1773,0,1
58916,118356968,1679,0,1
58917,118358968,1703,0,1
58918,118360968,1838,1,1
58919,118362968,2729,1,1
58920,118364968,3939,0,1
58921,118366968,3517,0,1
58922,118368968,2903,0,1
58923,118370968,2355,0,1
58924,118372968,1989,0,1
58925,118374968,1725,0,1
58926,118376968,1657,0,1
58927,118378968,1703,0,1
58928,118380968,1837,1,1
58929,118382968,2769,1,1
58930,118384968,3915,1,1
58931,118386968,3511,0,1
58932,118388968,2909,0,1
58933,118390968,2376,0,1
58934,118392968,2005,0,1
58935,118394968,1737,0,1
58936,118396968,1659,0,1
58937,118398968,1693,0,1
58938,118400968,1855,1,1
58939,118402968,2807,1,1
58940,118404968,4075,0,1
58941,118406968,3967,0,1
58942,118408968,3311,0,1
58943,118410968,2675,0,1
58944,118412968,2187,0,1
58945,118414968,1821,0,1
58946,118416968,1653,0,1
58947,118418968,1640,0,1
58948,118420968,1785,1,1
58949,118422968,2743,1,1
58950,118424968,3896,0,1
58951,118426968,3695,0,1
58952,118428968,3100,0,1
58953,118430968,2537,0,1
58954,118432968,2111,0,1
58955,118434968,1807,0,1
58956,118436968,1669,0,1
58957,118438968,1683,0,1
58958,118440968,1816,1,1
58959,118442968,2787,1,1
58960,118444968,3949,0,1
58961,118446968,3670,0,1
58962,118448968,3050,0,1
58963,118450968,2485,0,1
58964,118452968,2079,0,1
58965,118454968,1775,0,1
58966,118456968,1661,0,1
58967,118458968,1683,0,1
58968,118460968,1847,1,1
58969,118462968,2821,1,1
58970,118464968,3956,0,1
58971,118466968,3815,0,1
58972,118468968,3195,0,1
58973,118470968,2605,0,1
58974,118472968,2148,0,1
58975,118474968,1816,0,1
58976,118476968,1670,0,1
58977,118478968,1657,0,1
58978,118480968,1839,1,1
58979,118482968,2821,1,1
58980,118484968,3835,0,1
58981,118486968,3359,0,1
58982,118488968,2771,0,1
58983,118490968,2265,0,1
58984,118492968,1931,0,1
58985,118494968,1715,0,1
58986,118496968,1671,0,1
58987,118498968,1717,0,1
58988,118500968,1912,1,1
58989,118502968,2936,1,1
58990,118504968,3979,0,1
58991,118506968,3442,0,1
58992,118508968,2809,0,1
58993,118510968,2277,0,1
58994,118512968,1912,0,1
58995,118514968,1700,0,1
58996,118516968,1653,0,1
58997,118518968,1711,0,1
58998,118520968,1911,1,1
58999,118522968,2953,1,1
59000,118524968,3985,0,1
59001,118526968,3461,0,1
59002,118528968,2840,0,1
59003,118530968,2303,0,1
59004,118532968,1945,0,1
59005,118534968,1705,0,1
59006,118536968,1647,0,1
59007,118538968,1705,0,1
59008,118540968,1930,1,1
59009,118542968,3123,1,1
59010,118544968,4095,0,0
59011,118546968,3835,0,1
59012,118548968,3077,0,1
59013,118550968,2459,0,1
59014,118552968,2019,0,1
59015,118554968,1719,0,1
59016,118556968,1636,0,1
59017,118558968,1675,0,1
59018,118560968,1805,1,1
59019,118562968,2079,1,1
59020,118564968,1951,0,1
59021,118566968,1464,0,1
59022,118568968,1293,0,1
59023,118570968,1365,0,1
59024,118572968,1593,0,1
59025,118574968,1817,0,1
59026,118576968,1994,0,1
59027,118578968,2107,0,1
59028,118580968,2236,1,1
59029,118582968,2983,1,1
59030,118584968,3403,0,1
59031,118586968,2839,0,1
59032,118588968,2313,0,1
59033,118590968,1941,0,1
59034,118592968,1746,0,1
59035,118594968,1723,0,1
59036,118596968,1721,0,1
59037,118598968,1817,0,1
59038,118600968,2058,1,1
59039,118602968,3111,1,1
59040,118604968,4095,0,0
59041,118606968,3917,0,1
59042,118608968,3193,0,1
59043,118610968,2566,0,1
59044,118612968,2087,0,1
59045,118614968,1763,0,1
59046,118616968,1635,0,1
59047,118618968,1640,0,1
59048,118620968,1894,1,1
59049,118622968,3031,1,1
59050,118624968,3913,0,1
59051,118626968,3389,0,1
59052,118628968,2763,0,1
59053,118630968,2249,0,1
59054,118632968,1911,0,1
59055,118634968,1692,0,1
59056,118636968,1653,0,1
59057,118638968,1715,0,1
59058,118640968,1983,1,1
59059,118642968,3139,1,1
59060,118644968,4084,0,1
59061,118646968,3491,0,1
59062,118648968,2829,0,1
59063,118650968,2282,0,1
59064,118652968,1899,0,1
59065,118654968,1691,0,1
59066,118656968,1636,0,1
59067,118658968,1694,0,1
59068,118660968,1992,1,1
59069,118662968,3167,1,1
59070,118664968,4095,0,0
59071,118666968,3949,0,1
59072,118668968,3209,0,1
59073,118670968,2573,0,1
59074,118672968,2083,0,1
59075,118674968,1757,0,1
59076,118676968,1628,0,1
59077,118678968,1643,0,1
59078,118680968,1938,1,1
59079,118682968,3183,1,1
59080,118684968,4095,0,0
59081,118686968,3579,0,1
59082,118688968,2888,0,1
59083,118690968,2332,0,1
59084,118692968,1935,0,1
59085,118694968,1690,0,1
59086,118696968,1627,0,1
59087,118698968,1689,0,1
59088,118700968,1983,1,1
59089,118702968,3183,1,1
59090,118704968,3996,0,1
59091,118706968,3411,0,1
59092,118708968,2751,0,1
59093,118710968,2227,0,1
59094,118712968,1873,0,1
59095,118714968,1675,0,1
59096,118716968,1645,0,1
59097,118718968,1703,0,1
59098,118720968,2014,1,1
59099,118722968,3212,1,1
59100,118724968,4095,0,0
59101,118726968,3928,0,1
59102,118728968,3175,0,1
59103,118730968,2556,0,1
59104,118732968,2079,0,1
59105,118734968,1759,0,1
59106,118736968,1627,0,1
59107,118738968,1639,0,1
59108,118740968,1965,1,1
59109,118742968,3222,1,1
59110,118744968,3964,0,1
59111,118746968,3397,0,1
59112,118748968,2750,0,1
59113,118750968,2233,0,1
59114,118752968,1883,0,1
59115,118754968,1687,0,1
59116,118756968,1651,0,1
59117,118758968,1720,0,1
59118,118760968,2057,1,1
59119,118762968,3274,1,1
59120,118764968,3977,0,1
59121,118766968,3336,0,1
59122,118768968,2696,0,1
59123,118770968,2187,0,1
59124,118772968,1849,0,1
59125,118774968,1661,0,1
59126,118776968,1656,0,1
59127,118778968,1716,0,1
59128,118780968,2070,1,1
59129,118782968,3260,1,1
59130,118784968,4095,0,0
59131,118786968,3677,0,1
59132,118788968,3006,0,1
59133,118790968,2439,0,1
59134,118792968,2005,0,1
59135,118794968,1725,0,1
59136,118796968,1641,0,1
59137,118798968,1675,0,1
59138,118800968,2035,1,1
59139,118802968,3299,1,1
59140,118804968,3879,0,1
59141,118806968,3279,0,1
59142,118808968,2671,0,1
59143,118810968,2183,0,1
59144,118812968,1853,0,1
59145,118814968,1678,0,1
59146,118816968,1657,0,1
59147,118818968,1723,0,1
59148,118820968,2099,1,1
59149,118822968,3307,1,1
59150,118824968,4037,0,1
59151,118826968,3559,0,1
59152,118828968,2905,0,1
59153,118830968,2374,0,1
59154,118832968,1971,0,1
59155,118834968,1717,0,1
59156,118836968,1641,0,1
59157,118838968,1685,0,1
59158,118840968,2065,1,1
59159,118842968,3292,1,1
59160,118844968,3749,0,1
59161,118846968,3163,0,1
59162,118848968,2585,0,1
59163,118850968,2123,0,1
59164,118852968,1819,0,1
59165,118854968,1683,0,1
59166,118856968,1682,0,1
59167,118858968,1753,0,1
59168,118860968,2135,1,1
59169,118862968,3351,1,1
59170,118864968,3763,0,1
59171,118866968,3167,0,1
59172,118868968,2583,0,1
59173,118870968,2118,0,1
59174,118872968,1822,0,1
59175,118874968,1675,0,1
59176,118876968,1682,0,1
59177,118878968,1753,0,1
59178,118880968,2149,1,1
59179,118882968,3358,1,1
59180,118884968,3861,0,1
59181,118886968,3303,0,1
59182,118888968,2708,0,1
59183,118890968,2213,0,1
59184,118892968,1895,0,1
59185,118894968,1694,0,1
59186,118896968,1659,0,1
59187,118898968,1727,0,1
59188,118900968,2134,1,1
59189,118902968,3399,1,1
59190,118904968,3723,0,1
59191,118906968,3140,0,1
59192,118908968,2543,0,1
59193,118910968,2103,0,1
59194,118912968,1820,0,1
59195,118914968,1669,0,1
59196,118916968,1675,0,1
59197,118918968,1759,0,1
59198,118920968,2173,1,1
59199,118922968,3436,1,1
59200,118924968,4069,0,1
59201,118926968,3580,0,1
59202,118928968,2933,0,1
59203,118930968,2388,0,1
59204,118932968,1977,0,1
59205,118934968,1720,0,1
59206,118936968,1639,0,1
59207,118938968,1685,0,1
59208,118940968,2117,1,1
59209,118942968,3365,1,1
59210,118944968,3538,0,1
59211,118946968,2959,0,1
59212,118948968,2418,0,1
59213,118950968,2027,0,1
59214,118952968,1799,0,1
59215,118954968,1687,0,1
59216,118956968,1701,0,1
59217,118958968,1787,0,1
59218,118960968,2217,1,1
59219,118962968,3480,1,1
59220,118964968,3720,0,1
59221,118966968,3131,0,1
59222,118968968,2551,0,1
59223,118970968,2109,0,1
59224,118972968,1821,0,1
59225,118974968,1674,0,1
59226,118976968,1672,0,1
59227,118978968,1748,0,1
59228,118980968,2219,1,1
59229,118982968,3527,1,1
59230,118984968,3999,0,1
59231,118986968,3491,0,1
59232,118988968,2846,0,1
59233,118990968,2327,0,1
59234,118992968,1943,0,1
59235,118994968,1708,0,1
59236,118996968,1643,0,1
59237,118998968,1678,0,1
59238,119000968,2185,1,1
59239,119002968,3541,1,1
59240,119004968,4028,0,1
59241,119006968,3527,0,1
59242,119008968,2879,0,1
59243,119010968,2349,0,1
59244,119012968,1957,0,1
59245,119014968,1711,0,1
59246,119016968,1650,0,1
59247,119018968,1689,0,1
59248,119020968,2148,1,1
59249,119022968,3419,1,1
59250,119024968,3573,0,1
59251,119026968,3051,0,1
59252,119028968,2520,0,1
59253,119030968,2101,0,1
59254,119032968,1846,0,1
59255,119034968,1701,0,1
59256,119036968,1693,0,1
59257,119038968,1763,0,1
59258,119040968,2260,1,1
59259,119042968,3544,1,1
59260,119044968,3644,0,1
59261,119046968,3080,0,1
59262,119048968,2509,0,1
59263,119050968,2083,0,1
59264,119052968,1811,0,1
59265,119054968,1683,0,1
59266,119056968,1683,0,1
59267,119058968,1773,1,1
59268,119060968,2269,1,1
59269,119062968,3531,1,1
59270,119064968,3485,0,1
59271,119066968,2887,0,1
59272,119068968,2347,0,1
59273,119070968,1973,0,1
59274,119072968,1755,0,1
59275,119074968,1669,0,1
59276,119076968,1711,0,1
59277,119078968,1811,1,1
59278,119080968,2321,1,1
59279,119082968,3615,1,1
59280,119084968,3694,0,1
59281,119086968,3129,0,1
59282,119088968,2567,0,1
59283,119090968,2125,0,1
59284,119092968,1819,0,1
59285,119094968,1690,0,1
59286,119096968,1678,0,1
59287,119098968,1752,1,1
59288,119100968,2269,1,1
59289,119102968,3497,1,1
59290,119104968,3592,0,1
59291,119106968,3067,0,1
59292,119108968,2521,0,1
59293,119110968,2105,0,1
59294,119112968,1827,0,1
59295,119114968,1703,0,1
59296,119116968,1691,0,1
59297,119118968,1765,1,1
59298,119120968,2286,1,1
59299,119122968,3497,1,1
59300,119124968,3685,0,1
59301,119126968,3212,0,1
59302,119128968,2661,0,1
59303,119130968,2221,0,1
59304,119132968,1891,0,1
59305,119134968,1721,0,1
59306,119136968,1684,0,1
59307,119138968,1746,1,1
59308,119140968,2283,1,1
59309,119142968,3527,1,1
59310,119144968,3381,0,1
59311,119146968,2839,0,1
59312,119148968,2328,0,1
59313,119150968,1964,0,1
59314,119152968,1756,0,1
59315,119154968,1681,0,1
59316,119156968,1723,0,1
59317,119158968,1817,1,1
59318,119160968,2373,1,1
59319,119162968,3605,1,1
59320,119164968,3370,0,1
59321,119166968,2773,0,1
59322,119168968,2259,0,1
59323,119170968,1902,0,1
59324,119172968,1717,0,1
59325,119174968,1677,0,1
59326,119176968,1719,0,1
59327,119178968,1821,1,1
59328,119180968,2396,1,1
59329,119182968,3638,1,1
59330,119184968,3427,0,1
59331,119186968,2843,0,1
59332,119188968,2315,0,1
59333,119190968,1959,0,1
59334,119192968,1735,0,1
59335,119194968,1670,0,1
59336,119196968,1720,0,1
59337,119198968,1815,1,1
59338,119200968,2399,1,1
59339,119202968,3640,1,1
59340,119204968,3429,0,1
59341,119206968,2853,0,1
59342,119208968,2325,0,1
59343,119210968,1965,0,1
59344,119212969,1749,0,1
59345,119214968,1677,0,1
59346,119216968,1715,0,1
59347,119218968,1810,1,1
59348,119220968,2485,1,1
59349,119222968,4056,1,1
59350,119224968,3928,0,1
59351,119226968,3193,0,1
59352,119228968,2551,0,1
59353,119230968,2073,0,1
59354,119232968,1755,0,1
59355,119234968,1644,0,1
59356,119236968,1659,0,1
59357,119238968,1745,1,1
59358,119240968,1998,1,1
59359,119242968,2287,1,1
59360,119244968,1775,0,1
59361,119246968,1449,0,1
59362,119248968,1395,0,1
59363,119250968,1523,0,1
59364,119252969,1719,0,1
59365,119254968,1913,0,1
59366,119256968,2035,0,1
59367,119258968,2107,1,1
59368,119260968,2483,1,1
59369,119262968,3144,1,1
59370,119264968,2599,0,1
59371,119266968,2072,0,1
59372,119268968,1741,0,1
59373,119270968,1627,0,1
59374,119272968,1651,0,1
59375,119274968,1749,0,1
59376,119276968,1863,0,1
59377,119278968,1975,1,1
59378,119280968,2565,1,1
59379,119282968,3718,1,1
59380,119284968,3421,0,1
59381,119286968,2841,0,1
59382,119288968,2318,0,1
59383,119290968,1960,0,1
59384,119292969,1739,0,1
59385,119294968,1670,0,1
59386,119296968,1709,0,1
59387,119298968,1790,1,1
59388,119300968,2455,1,1
59389,119302968,3656,1,1
59390,119304968,3259,0,1
59391,119306968,2694,0,1
59392,119308968,2183,0,1
59393,119310968,1885,0,1
59394,119312968,1701,0,1
59395,119314968,1680,0,1
59396,119316968,1737,0,1
59397,119318968,1835,1,1
59398,119320968,2537,1,1
59399,119322968,3763,1,1
59400,119324968,3739,0,1
59401,119326968,3181,0,1
59402,119328968,2605,0,1
59403,119330968,2165,0,1
59404,119332969,1853,0,1
59405,119334968,1683,0,1
59406,119336968,1677,0,1
59407,119338968,1755,1,1
59408,119340968,2445,1,1
59409,119342968,3663,1,1
59410,119344968,3643,0,1
59411,119346968,3135,0,1
59412,119348968,2596,0,1
59413,119350968,2159,0,1
59414,119352968,1849,0,1
59415,119354968,1704,0,1
59416,119356968,1688,0,1
59417,119358968,1757,1,1
59418,119360968,2487,1,1
59419,119362968,3672,1,1
59420,119364968,3256,0,1
59421,119366968,2710,0,1
59422,119368968,2217,0,1
59423,119370968,1896,0,1
59424,119372969,1733,0,1
59425,119374968,1691,0,1
59426,119376968,1747,0,1
59427,119378968,1837,1,1
59428,119380968,2584,1,1
59429,119382968,3832,1,1
59430,119384968,3432,0,1
59431,119386968,2831,0,1
59432,119388968,2298,0,1
59433,119390968,1951,0,1
59434,119392968,1722,0,1
59435,119394968,1671,0,1
59436,119396968,1720,0,1
59437,119398968,1823,1,1
59438,119400968,2579,1,1
59439,119402968,3839,1,1
59440,119404968,3641,0,1
59441,119406968,3043,0,1
59442,119408968,2492,0,1
59443,119410968,2091,0,1
59444,119412969,1789,0,1
59445,119414968,1675,0,1
59446,119416968,1687,0,1
59447,119418968,1774,1,1
59448,119420968,2553,1,1
59449,119422968,3731,1,1
59450,119424968,3253,0,1
59451,119426968,2668,0,1
59452,119428968,2173,0,1
59453,119430968,1875,0,1
59454,119432968,1707,0,1
59455,119434968,1687,0,1
59456,119436968,1749,0,1
59457,119438968,1853,1,1
59458,119440968,2631,1,1
59459,119442968,3816,1,1
59460,119444968,3412,0,1
59461,119446968,2821,0,1
59462,119448968,2297,0,1
59463,119450968,1957,0,1
59464,119452969,1742,0,1
59465,119454968,1672,0,1
59466,119456968,1721,0,1
59467,119458968,1837,1,1
59468,119460968,2589,1,1
59469,119462968,3686,1,1
59470,119464968,3491,0,1
59471,119466968,2973,0,1
59472,119468968,2455,0,1
59473,119470968,2079,0,1
59474,119472968,1812,0,1
59475,119474968,1702,0,1
59476,119476968,1704,0,1
59477,119478968,1822,1,1
59478,119480968,2555,1,1
59479,119482968,3550,1,1
59480,119484968,3314,0,1
59481,119486968,2852,0,1
59482,119488968,2376,0,1
59483,119490968,2039,0,1
59484,119492969,1802,0,1
59485,119494968,1721,0,1
59486,119496968,1727,0,1
59487,119498968,1835,1,1
59488,119500968,2588,1,1
59489,119502968,3565,1,1
59490,119504968,3082,0,1
59491,119506968,2550,0,1
59492,119508968,2104,0,1
59493,119510968,1844,0,1
59494,119512968,1701,0,1
59495,119514968,1707,0,1
59496,119516968,1779,0,1
59497,119518968,1895,1,1
59498,119520968,2636,1,1
59499,119522968,3575,1,1
59500,119524968,3097,0,1
59501,119526968,2555,0,1
59502,119528968,2111,0,1
59503,119530968,1847,0,1
59504,119532969,1725,0,1
59505,119534968,1703,0,1
59506,119536968,1779,0,1
59507,119538968,1907,1,1
59508,119540968,2709,1,1
59509,119542968,3739,1,1
59510,119544968,3219,0,1
59511,119546968,2643,0,1
59512,119548968,2153,0,1
59513,119550968,1850,0,1
59514,119552968,1705,0,1
59515,119554968,1684,0,1
59516,119556968,1751,0,1
59517,119558968,1879,1,1
59518,119560968,2616,1,1
59519,119562968,3481,0,1
59520,119564968,3255,0,1
59521,119566968,2809,0,1
59522,119568968,2359,0,1
59523,119570968,2030,0,1
59524,119572969,1831,0,1
59525,119574968,1721,0,1
59526,119576968,1740,0,1
59527,119578968,1863,1,1
59528,119580968,2643,1,1
59529,119582968,3503,0,1
59530,119584968,3027,0,1
59531,119586968,2509,0,1
59532,119588968,2079,0,1
59533,119590968,1837,0,1
59534,119592968,1711,0,1
59535,119594968,1711,0,1
59536,119596968,1780,0,1
59537,119598968,1931,1,1
59538,119600968,2695,1,1
59539,119602968,3469,0,1
59540,119604968,2935,0,1
59541,119606968,2409,0,1
59542,119608968,2007,0,1
59543,119610968,1781,0,1
59544,119612969,1690,0,1
59545,119614968,1717,0,1
59546,119616968,1804,0,1
59547,119618968,1947,1,1
59548,119620968,2710,1,1
59549,119622968,3497,0,1
59550,119624968,3017,0,1
59551,119626968,2509,0,1
59552,119628968,2086,0,1
59553,119630968,1833,0,1
59554,119632968,1716,0,1
59555,119634968,1712,0,1
59556,119636968,1785,0,1
59557,119638968,1930,1,1
59558,119640968,2731,1,1
59559,119642968,3495,0,1
59560,119644968,2940,0,1
59561,119646968,2411,0,1
59562,119648968,1997,0,1
59563,119650968,1779,0,1
59564,119652969,1705,0,1
59565,119654968,1719,0,1
59566,119656968,1797,0,1
59567,119658968,1971,1,1
59568,119660968,2789,1,1
59569,119662968,3643,0,1
59570,119664968,3317,0,1
59571,119666968,2805,0,1
59572,119668968,2329,0,1
59573,119670968,1983,0,1
59574,119672968,1775,0,1
59575,119674968,1698,0,1
59576,119676968,1725,0,1
59577,119678968,1893,1,1
59578,119680968,2717,1,1
59579,119682968,3461,0,1
59580,119684968,2963,0,1
59581,119686968,2451,0,1
59582,119688968,2037,0,1
59583,119690968,1813,0,1
59584,119692969,1710,0,1
59585,119694968,1716,0,1
59586,119696968,1799,0,1
59587,119698968,1965,1,1
59588,119700968,2788,1,1
59589,119702968,3463,0,1
59590,119704968,2904,0,1
59591,119706968,2367,0,1
59592,119708968,1961,0,1
59593,119710968,1766,0,1
59594,119712968,1675,0,1
59595,119714968,1716,0,1
59596,119716968,1803,0,1
59597,119718968,1989,1,1
59598,119720968,2790,1,1
59599,119722968,3517,0,1
59600,119724968,3191,0,1
59601,119726968,2719,0,1
59602,119728968,2274,0,1
59603,119730968,1967,0,1
59604,119732969,1771,0,1
59605,119734968,1719,0,1
59606,119736968,1752,0,1
59607,119738968,1916,1,1
59608,119740968,2751,1,1
59609,119742968,3368,0,1
59610,119744968,2873,0,1
59611,119746968,2392,0,1
59612,119748968,2005,0,1
59613,119750968,1797,0,1
59614,119752968,1716,0,1
59615,119754968,1726,0,1
59616,119756968,1817,0,1
59617,119758968,1989,1,1
59618,119760968,2798,1,1
59619,119762968,3445,0,1
59620,119764968,3126,0,1
59621,119766968,2671,0,1
59622,119768968,2247,0,1
59623,119770968,1955,0,1
59624,119772969,1785,0,1
59625,119774968,1736,0,1
59626,119776968,1768,0,1
59627,119778968,1938,1,1
59628,119780968,2760,1,1
59629,119782968,3355,0,1
59630,119784968,3033,0,1
59631,119786968,2605,0,1
59632,119788968,2208,0,1
59633,119790968,1945,0,1
59634,119792968,1785,0,1
59635,119794968,1737,0,1
59636,119796968,1775,0,1
59637,119798968,1967,1,1
59638,119800968,2803,1,1
59639,119802968,3273,0,1
59640,119804968,2751,0,1
59641,119806968,2264,0,1
59642,119808968,1926,0,1
59643,119810968,1761,0,1
59644,119812969,1695,0,1
59645,119814968,1741,0,1
59646,119816968,1833,0,1
59647,119818968,2043,1,1
59648,119820968,2903,1,1
59649,119822968,3509,0,1
59650,119824968,3165,0,1
59651,119826968,2681,0,1
59652,119828968,2259,0,1
59653,119830968,1957,0,1
59654,119832968,1767,0,1
59655,119834968,1708,0,1
59656,119836968,1751,0,1
59657,119838968,1955,1,1
59658,119840968,2869,1,1
59659,119842968,3364,0,1
59660,119844968,2841,0,1
59661,119846968,2335,0,1
59662,119848968,1974,0,1
59663,119850968,1772,0,1
59664,119852969,1711,0,1
59665,119854968,1725,0,1
59666,119856968,1821,0,1
59667,119858968,2063,1,1
59668,119860968,3052,1,1
59669,119862968,3667,0,1
59670,119864968,3112,0,1
59671,119866968,2534,0,1
59672,119868968,2087,0,1
59673,119870968,1819,0,1
59674,119872968,1691,0,1
59675,119874968,1691,0,1
59676,119876968,1765,0,1
59677,119878968,2008,1,1
59678,119880968,3021,1,1
59679,119882968,3573,0,1
59680,119884968,3000,0,1
59681,119886968,2457,0,1
59682,119888968,2031,0,1
59683,119890968,1791,0,1
59684,119892969,1689,0,1
59685,119894968,1695,0,1
59686,119896968,1781,0,1
59687,119898968,2021,1,1
59688,119900968,2829,1,1
59689,119902968,3229,0,1
59690,119904968,2841,0,1
59691,119906968,2405,0,1
59692,119908968,2057,0,1
59693,119910968,1852,0,1
59694,119912968,1753,0,1
59695,119914968,1766,0,1
59696,119916968,1819,0,1
59697,119918968,1940,1,1
59698,119920968,2215,1,1
59699,119922968,1823,0,1
59700,119924968,1183,0,1
59701,119926968,997,0,1
59702,119928968,1147,0,1
59703,119930968,1463,0,1
59704,119932969,1785,0,1
59705,119934968,2027,0,1
59706,119936968,2160,0,1
59707,119938968,2355,1,1
59708,119940968,3147,1,1
59709,119942968,3263,0,1
59710,119944968,2616,0,1
59711,119946968,2093,0,1
59712,119948968,1767,0,1
59713,119950968,1647,0,1
59714,119952968,1652,0,1
59715,119954968,1749,0,1
59716,119956968,1854,0,1
59717,119958968,2137,1,1
59718,119960968,3119,1,1
59719,119962968,3609,0,1
59720,119964968,3127,0,1
59721,119966968,2583,0,1
59722,119968968,2141,0,1
59723,119970968,1865,0,1
59724,119972969,1721,0,1
59725,119974968,1699,0,1
59726,119976968,1765,0,1
59727,119978968,2058,1,1
59728,119980968,3087,1,1
59729,119982968,3468,0,1
59730,119984968,2923,0,1
59731,119986968,2403,0,1
59732,119988968,2010,0,1
59733,119990968,1806,0,1
59734,119992968,1689,0,1
59735,119994968,1711,0,1
59736,119996968,1791,0,1
59737,119998968,2117,1,1
59738,120000968,3182,1,1
59739,120002968,3787,0,1
59740,120004968,3343,0,1
59741,120006968,2772,0,1
59742,120008968,2286,0,1
59743,120010968,1929,0,1
59744,120012969,1727,0,1
59745,120014968,1679,0,1
59746,120016968,1721,0,1
59747,120018968,2011,1,1
59748,120020968,3052,1,1
59749,120022968,3603,0,1
59750,120024968,3245,0,1
59751,120026968,2730,0,1
59752,120028968,2279,0,1
59753,120030968,1945,0,1
59754,120032968,1752,0,1
59755,120034968,1708,0,1
59756,120036968,1747,0,1
59757,120038968,2080,1,1
59758,120040968,3238,1,1
59759,120042968,3743,0,1
59760,120044968,3157,0,1
59761,120046968,2579,0,1
59762,120048968,2119,0,1
59763,120050968,1823,0,1
59764,120052969,1677,0,1
59765,120054968,1678,0,1
59766,120056968,1748,0,1
59767,120058968,2099,1,1
59768,120060968,3183,1,1
59769,120062968,3487,0,1
59770,120064968,2927,0,1
59771,120066968,2405,0,1
59772,120068968,2007,0,1
59773,120070968,1783,0,1
59774,120072968,1692,0,1
59775,120074968,1709,0,1
59776,120076968,1801,0,1
59777,120078968,2149,1,1
59778,120080968,3275,1,1
59779,120082968,3588,0,1
59780,120084968,3015,0,1
59781,120086968,2461,0,1
59782,120088968,2044,0,1
59783,120090968,1786,0,1
59784,120092969,1683,0,1
59785,120094968,1702,0,1
59786,120096968,1771,0,1
59787,120098968,2148,1,1
59788,120100968,3251,1,1
59789,120102968,3533,0,1
59790,120104968,2987,0,1
59791,120106968,2457,0,1
59792,120108968,2039,0,1
59793,120110968,1802,0,1
59794,120112968,1689,0,1
59795,120114968,1703,0,1
59796,120116968,1781,0,1
59797,120118968,2139,1,1
59798,120120968,3181,1,1
59799,120122968,3405,0,1
59800,120124968,2886,0,1
59801,120126968,2376,0,1
59802,120128968,2003,0,1
59803,120130968,1801,0,1
59804,120132969,1709,0,1
59805,120134968,1717,0,1
59806,120136968,1813,0,1
59807,120138968,2163,1,1
59808,120140968,3151,1,1
59809,120142968,3195,0,1
59810,120144968,2651,0,1
59811,120146968,2175,0,1
59812,120148968,1876,0,1
59813,120150968,1720,0,1
59814,120152968,1700,0,1
59815,120154968,1753,0,1
59816,120156968,1849,0,1
59817,120158968,2207,1,1
59818,120160968,3199,1,1
59819,120162968,3499,0,1
59820,120164968,3112,0,1
59821,120166968,2619,0,1
59822,120168968,2203,0,1
59823,120170968,1903,0,1
59824,120172969,1753,0,1
59825,120174968,1716,0,1
59826,120176968,1764,0,1
59827,120178968,2133,1,1
59828,120180968,3143,1,1
59829,120182968,3170,0,1
59830,120184968,2672,0,1
59831,120186968,2213,0,1
59832,120188968,1925,0,1
59833,120190968,1755,0,1
59834,120192968,1714,0,1
59835,120194968,1767,0,1
59836,120196968,1840,0,1
59837,120198968,2205,1,1
59838,120200968,3206,1,1
59839,120202968,3217,0,1
59840,120204968,2681,0,1
59841,120206968,2217,0,1
59842,120208968,1898,0,1
59843,120210968,1745,0,1
59844,120212969,1702,0,1
59845,120214968,1755,0,1
59846,120216968,1832,0,1
59847,120218968,2237,1,1
59848,120220968,3247,1,1
59849,120222968,3321,0,1
59850,120224968,2858,0,1
59851,120226968,2385,0,1
59852,120228968,2037,0,1
59853,120230968,1819,0,1
59854,120232968,1719,0,1
59855,120234968,1743,0,1
59856,120236968,1815,0,1
59857,120238968,2231,1,1
59858,120240968,3240,1,1
59859,120242968,3222,0,1
59860,120244968,2714,0,1
59861,120246968,2239,0,1
59862,120248968,1931,0,1
59863,120250968,1763,0,1
59864,120252969,1714,0,1
59865,120254968,1757,0,1
59866,120256968,1839,0,1
59867,120258968,2263,1,1
59868,120260968,3263,1,1
59869,120262968,3288,0,1
59870,120264968,2824,0,1
59871,120266968,2365,0,1
59872,120268968,2029,0,1
59873,120270968,1812,0,1
59874,120272968,1721,0,1
59875,120274968,1737,0,1
59876,120276968,1809,0,1
59877,120278968,2245,1,1
59878,120280968,3271,1,1
59879,120282968,3177,0,1
59880,120284968,2659,0,1
59881,120286968,2185,0,1
59882,120288968,1899,0,1
59883,120290968,1736,0,1
59884,120292969,1706,0,1
59885,120294968,1762,0,1
59886,120296968,1845,1,1
59887,120298968,2313,1,1
59888,120300968,3357,1,1
59889,120302968,3289,0,1
59890,120304968,2763,0,1
59891,120306968,2281,0,1
59892,120308968,1945,0,1
59893,120310968,1748,0,1
59894,120312968,1699,0,1
59895,120314968,1740,0,1
59896,120316968,1835,1,1
59897,120318968,2283,1,1
59898,120320968,3323,1,1
59899,120322968,3389,0,1
59900,120324968,2933,0,1
59901,120326968,2461,0,1
59902,120328968,2095,0,1
59903,120330968,1835,0,1
59904,120332969,1735,0,1
59905,120334968,1725,0,1
59906,120336968,1789,1,1
59907,120338968,2275,1,1
59908,120340968,3327,1,1
59909,120342968,3179,0,1
59910,120344968,2663,0,1
59911,120346968,2204,0,1
59912,120348968,1912,0,1
59913,120350968,1736,0,1
59914,120352968,1709,0,1
59915,120354968,1757,0,1
59916,120356968,1845,1,1
59917,120358968,2303,1,1
59918,120360968,3317,1,1
59919,120362968,3099,0,1
59920,120364968,2577,0,1
59921,120366968,2121,0,1
59922,120368968,1835,0,1
59923,120370968,1711,0,1
59924,120372969,1710,0,1
59925,120374968,1775,0,1
59926,120376968,1875,1,1
59927,120378968,2361,1,1
59928,120380968,3379,1,1
59929,120382968,3383,0,1
59930,120384968,2936,0,1
59931,120386968,2460,0,1
59932,120388968,2101,0,1
59933,120390968,1851,0,1
59934,120392968,1737,0,1
59935,120394968,1725,0,1
59936,120396968,1787,1,1
59937,120398968,2287,1,1
59938,120400968,3308,1,1
59939,120402968,3103,0,1
59940,120404968,2602,0,1
59941,120406968,2159,0,1
59942,120408968,1886,0,1
59943,120410968,1743,0,1
59944,120412969,1719,0,1
59945,120414968,1774,0,1
59946,120416968,1849,1,1
59947,120418968,2342,1,1
59948,120420968,3317,1,1
59949,120422968,3159,0,1
59950,120424968,2718,0,1
59951,120426968,2281,0,1
59952,120428968,1974,0,1
59953,120430968,1799,0,1
59954,120432968,1737,0,1
59955,120434968,1766,0,1
59956,120436968,1832,1,1
59957,120438968,2339,1,1
59958,120440968,3363,1,1
59959,120442968,3193,0,1
59960,120444968,2717,0,1
59961,120446968,2263,0,1
59962,120448968,1946,0,1
59963,120450968,1781,0,1
59964,120452969,1735,0,1
59965,120454968,1754,0,1
59966,120456968,1839,1,1
59967,120458968,2379,1,1
59968,120460968,3405,1,1
59969,120462968,3117,0,1
59970,120464968,2600,0,1
59971,120466968,2147,0,1
59972,120468968,1869,0,1
59973,120470968,1725,0,1
59974,120472968,1705,0,1
59975,120474968,1773,0,1
59976,120476968,1860,1,1
59977,120478968,2409,1,1
59978,120480968,3413,1,1
59979,120482968,3081,0,1
59980,120484968,2556,0,1
59981,120486968,2107,0,1
59982,120488968,1843,0,1
59983,120490968,1704,0,1
59984,120492969,1711,0,1
59985,120494968,1773,0,1
59986,120496968,1867,1,1
59987,120498968,2421,1,1
59988,120500968,3423,1,1
59989,120502968,3061,0,1
59990,120504968,2524,0,1
59991,120506968,2079,0,1
59992,120508968,1819,0,1
59993,120510968,1714,0,1
59994,120512968,1710,0,1
59995,120514968,1773,0,1
59996,120516968,1881,1,1
59997,120518968,2452,1,1
59998,120520968,3475,1,1
59999,120522968,3133,0,1
60000,120524968,2612,0,1
60001,120526968,2155,0,1
60002,120528968,1880,0,1
60003,120530968,1719,0,1
60004,120532969,1707,0,1
60005,120534968,1767,0,1
60006,120536968,1829,1,1
60007,120538968,2483,1,1
60008,120540968,3654,1,1
60009,120542968,3300,0,1
60010,120544968,2729,0,1
60011,120546968,2221,0,1
60012,120548968,1901,0,1
60013,120550968,1709,0,1
60014,120552968,1683,0,1
60015,120554968,1751,0,1
60016,120556968,1835,1,1
60017,120558968,2133,1,1
60018,120560968,2478,1,1
60019,120562968,2190,0,1
60020,120564968,1945,0,1
60021,120566968,1816,0,1
60022,120568968,1787,0,1
60023,120570968,1831,0,1
60024,120572969,1896,0,1
60025,120574968,1959,0,1
60026,120576968,2005,1,1
60027,120578968,2317,1,1
60028,120580968,2740,1,1
60029,120582968,2282,0,1
60030,120584968,1919,0,1
60031,120586968,1709,0,1
60032,120588968,1689,0,1
60033,120590968,1749,0,1
60034,120592968,1832,0,1
60035,120594968,1943,0,1
60036,120596968,2011,1,1
60037,120598968,2552,1,1
60038,120600968,3420,1,1
60039,120602968,2937,0,1
60040,120604968,2412,0,1
60041,120606968,1989,0,1
60042,120608968,1769,0,1
60043,120610968,1691,0,1
60044,120612969,1719,0,1
60045,120614968,1801,0,1
60046,120616968,1899,1,1
60047,120618968,2555,1,1
60048,120620968,3575,1,1
60049,120622968,3159,0,1
60050,120624968,2607,0,1
60051,120626968,2148,0,1
60052,120628968,1851,0,1
60053,120630968,1715,0,1
60054,120632968,1688,0,1
60055,120634968,1757,0,1
60056,120636968,1867,1,1
60057,120638968,2543,1,1
60058,120640968,3590,1,1
60059,120642968,3274,0,1
60060,120644968,2759,0,1
60061,120646968,2283,0,1
60062,120648968,1949,0,1
60063,120650968,1765,0,1
60064,120652969,1701,0,1
60065,120654968,1736,0,1
60066,120656968,1848,1,1
60067,120658968,2526,1,1
60068,120660968,3577,1,1
60069,120662968,3513,0,1
60070,120664968,3052,0,1
60071,120666968,2541,0,1
60072,120668968,2136,0,1
60073,120670968,1851,0,1
60074,120672968,1715,0,1
60075,120674968,1703,0,1
60076,120676968,1779,1,1
60077,120678968,2502,1,1
60078,120680968,3547,1,1
60079,120682968,3372,0,1
60080,120684968,2895,0,1
60081,120686968,2408,0,1
60082,120688968,2044,0,1
60083,120690968,1805,0,1
60084,120692969,1711,0,1
60085,120694968,1726,0,1
60086,120696968,1821,1,1
60087,120698968,2557,1,1
60088,120700968,3619,1,1
60089,120702968,3227,0,1
60090,120704968,2695,0,1
60091,120706968,2227,0,1
60092,120708968,1918,0,1
60093,120710968,1746,0,1
60094,120712968,1701,0,1
60095,120714968,1753,0,1
60096,120716968,1865,1,1
60097,120718968,2628,1,1
60098,120720968,3748,1,1
60099,120722968,3591,0,1
60100,120724968,3048,0,1
60101,120726968,2507,0,1
60102,120728968,2111,0,1
60103,120730968,1816,0,1
60104,120732969,1691,0,1
60105,120734968,1689,0,1
60106,120736968,1785,1,1
60107,120738968,2585,1,1
60108,120740968,3605,1,1
60109,120742968,3183,0,1
60110,120744968,2663,0,1
60111,120746968,2199,0,1
60112,120748968,1907,0,1
60113,120750968,1719,0,1
60114,120752968,1703,0,1
60115,120754968,1749,0,1
60116,120756968,1875,1,1
60117,120758968,2655,1,1
60118,120760968,3683,1,1
60119,120762968,3492,0,1
60120,120764968,2981,0,1
60121,120766968,2463,0,1
60122,120768968,2079,0,1
60123,120770968,1801,0,1
60124,120772969,1708,0,1
60125,120774968,1709,0,1
60126,120776968,1819,1,1
60127,120778968,2589,1,1
60128,120780968,3534,0,1
60129,120782968,3148,0,1
60130,120784968,2655,0,1
60131,120786968,2217,0,1
60132,120788968,1929,0,1
60133,120790968,1751,0,1
60134,120792968,1711,0,1
60135,120794968,1765,0,1
60136,120796968,1885,1,1
60137,120798968,2633,1,1
60138,120800968,3509,0,1
60139,120802968,3272,0,1
60140,120804968,2799,0,1
60141,120806968,2335,0,1
60142,120808968,2012,0,1
60143,120810968,1783,0,1
60144,120812969,1715,0,1
60145,120814968,1747,0,1
60146,120816968,1853,1,1
60147,120818968,2615,1,1
60148,120820968,3479,0,1
60149,120822968,3297,0,1
60150,120824968,2852,0,1
60151,120826968,2393,0,1
60152,120828968,2059,0,1
60153,120830968,1804,0,1
60154,120832968,1733,0,1
60155,120834968,1741,0,1
60156,120836968,1855,1,1
60157,120838968,2635,1,1
60158,120840968,3471,0,1
60159,120842968,3251,0,1
60160,120844968,2793,0,1
60161,120846968,2345,0,1
60162,120848968,2025,0,1
60163,120850968,1813,0,1
60164,120852969,1737,0,1
60165,120854968,1739,0,1
60166,120856968,1879,1,1
60167,120858968,2663,1,1
60168,120860968,3455,0,1
60169,120862968,3006,0,1
60170,120864968,2507,0,1
60171,120866968,2095,0,1
60172,120868968,1850,0,1
60173,120870968,1708,0,1
60174,120872968,1721,0,1
60175,120874968,1782,0,1
60176,120876968,1931,1,1
60177,120878968,2710,1,1
60178,120880968,3435,0,1
60179,120882968,2957,0,1
60180,120884968,2457,0,1
60181,120886968,2054,0,1
60182,120888968,1821,0,1
60183,120890968,1708,0,1
60184,120892969,1723,0,1
60185,120894968,1787,0,1
60186,120896968,1947,1,1
60187,120898968,2735,1,1
60188,120900968,3427,0,1
60189,120902968,2953,0,1
60190,120904968,2457,0,1
60191,120906968,2059,0,1
60192,120908968,1834,0,1
60193,120910968,1718,0,1
60194,120912968,1719,0,1
60195,120914968,1800,0,1
60196,120916968,1955,1,1
60197,120918968,2749,1,1
60198,120920968,3535,0,1
60199,120922968,3183,0,1
60200,120924968,2685,0,1
60201,120926968,2239,0,1
60202,120928968,1939,0,1
60203,120930968,1750,0,1
60204,120932969,1707,0,1
60205,120934968,1757,0,1
60206,120936968,1908,1,1
60207,120938968,2744,1,1
60208,120940968,3556,0,1
60209,120942968,3315,0,1
60210,120944968,2836,0,1
60211,120946968,2361,0,1
60212,120948968,2015,0,1
60213,120950968,1769,0,1
60214,120952968,1705,0,1
60215,120954968,1733,0,1
60216,120956968,1886,1,1
60217,120958968,2719,1,1
60218,120960968,3342,0,1
60219,120962968,2872,0,1
60220,120964968,2392,0,1
60221,120966968,2012,0,1
60222,120968968,1799,0,1
60223,120970968,1703,0,1
60224,120972969,1747,0,1
60225,120974968,1807,0,1
60226,120976968,1989,1,1
60227,120978968,2839,1,1
60228,120980968,3563,0,1
60229,120982968,3206,0,1
60230,120984968,2696,0,1
60231,120986968,2239,0,1
60232,120988968,1931,0,1
60233,120990968,1749,0,1
60234,120992968,1701,0,1
60235,120994968,1755,0,1
60236,120996968,1935,1,1
60237,120998968,2813,1,1
60238,121000968,3607,0,1
60239,121002968,3337,0,1
60240,121004968,2829,0,1
60241,121006968,2356,0,1
60242,121008968,2009,0,1
60243,121010968,1778,0,1
60244,121012969,1711,0,1
60245,121014968,1734,0,1
60246,121016968,1909,1,1
60247,121018968,2811,1,1
60248,121020968,3475,0,1
60249,121022968,3037,0,1
60250,121024968,2527,0,1
60251,121026968,2111,0,1
60252,121028968,1846,0,1
60253,121030968,1715,0,1
60254,121032968,1715,0,1
60255,121034968,1776,0,1
60256,121036968,1993,1,1
60257,121038968,2936,1,1
60258,121040968,3677,0,1
60259,121042968,3190,0,1
60260,121044968,2635,0,1
60261,121046968,2171,0,1
60262,121048968,1878,0,1
60263,121050968,1702,0,1
60264,121052969,1689,0,1
60265,121054968,1753,0,1
60266,121056968,1967,1,1
60267,121058968,2857,1,1
60268,121060968,3370,0,1
60269,121062968,2898,0,1
60270,121064968,2405,0,1
60271,121066968,2013,0,1
60272,121068968,1801,0,1
60273,121070968,1704,0,1
60274,121072968,1733,0,1
60275,121074968,1803,0,1
60276,121076968,2014,1,1
60277,121078968,2901,1,1
60278,121080968,3435,0,1
60279,121082968,2984,0,1
60280,121084968,2490,0,1
60281,121086968,2079,0,1
60282,121088968,1835,0,1
60283,121090968,1711,0,1
60284,121092969,1724,0,1
60285,121094968,1788,0,1
60286,121096968,2020,1,1
60287,121098968,2938,1,1
60288,121100968,3530,0,1
60289,121102968,3060,0,1
60290,121104968,2543,0,1
60291,121106968,2125,0,1
60292,121108968,1851,0,1
60293,121110968,1719,0,1
60294,121112968,1710,0,1
60295,121114968,1776,0,1
60296,121116968,2011,1,1
60297,121118968,2953,1,1
60298,121120968,3620,0,1
60299,121122968,3243,0,1
60300,121124968,2727,0,1
60301,121126968,2264,0,1
60302,121128968,1940,0,1
60303,121130968,1747,0,1
60304,121132969,1699,0,1
60305,121134968,1743,0,1
60306,121136968,1976,1,1
60307,121138968,2936,1,1
60308,121140968,3443,0,1
60309,121142968,2985,0,1
60310,121144968,2483,0,1
60311,121146968,2093,0,1
60312,121148968,1823,0,1
60313,121150968,1711,0,1
60314,121152968,1717,0,1
60315,121154968,1781,0,1
60316,121156968,2037,1,1
60317,121158968,2955,1,1
60318,121160968,3415,0,1
60319,121162968,2965,0,1
60320,121164968,2469,0,1
60321,121166968,2089,0,1
60322,121168968,1827,0,1
60323,121170968,1723,0,1
60324,121172969,1734,0,1
60325,121174968,1783,0,1
60326,121176968,2063,1,1
60327,121178968,3048,1,1
60328,121180968,3533,0,1
60329,121182968,3004,0,1
60330,121184968,2479,0,1
60331,121186968,2069,0,1
60332,121188968,1815,0,1
60333,121190968,1691,0,1
60334,121192968,1707,0,1
60335,121194968,1778,0,1
60336,121196968,2066,1,1
60337,121198968,3001,1,1
60338,121200968,3533,0,1
60339,121202968,3119,0,1
60340,121204968,2641,0,1
60341,121206968,2197,0,1
60342,121208968,1893,0,1
60343,121210968,1727,0,1
60344,121212969,1719,0,1
60345,121214968,1774,0,1
60346,121216968,1845,1,1
60347,121218968,1773,1,1
60348,121220968,1175,0,1
60349,121222968,743,0,1
60350,121224968,783,0,1
60351,121226968,1131,0,1
60352,121228968,1558,0,1
60353,121230968,1913,0,1
60354,121232968,2153,0,1
60355,121234968,2255,0,1
60356,121236968,2429,1,1
60357,121238968,3119,1,1
60358,121240968,3162,0,1
60359,121242968,2585,0,1
60360,121244968,2094,0,1
60361,121246968,1799,0,1
60362,121248968,1673,0,1
60363,121250968,1660,0,1
60364,121252969,1759,0,1
60365,121254968,1866,0,1
60366,121256968,2183,1,1
60367,121258968,3164,1,1
60368,121260968,3683,0,1
60369,121262968,3305,0,1
60370,121264968,2763,0,1
60371,121266968,2299,0,1
60372,121268968,1942,0,1
60373,121270968,1737,0,1
60374,121272968,1685,0,1
60375,121274968,1726,0,1
60376,121276968,2066,1,1
60377,121278968,3149,1,1
60378,121280968,3603,0,1
60379,121282968,3125,0,1
60380,121284968,2599,0,1
60381,121286968,2163,0,1
60382,121288968,1861,0,1
60383,121290968,1704,0,1
60384,121292969,1701,0,1
60385,121294968,1764,0,1
60386,121296968,2091,1,1
60387,121298968,3147,1,1
60388,121300968,3540,0,1
60389,121302968,3050,0,1
60390,121304968,2522,0,1
60391,121306968,2127,0,1
60392,121308968,1851,0,1
60393,121310968,1703,0,1
60394,121312968,1699,0,1
60395,121314968,1764,0,1
60396,121316968,2129,1,1
60397,121318968,3239,1,1
60398,121320968,3702,0,1
60399,121322968,3207,0,1
60400,121324968,2650,0,1
60401,121326968,2203,0,1
60402,121328968,1877,0,1
60403,121330968,1701,0,1
60404,121332969,1688,0,1
60405,121334968,1739,0,1
60406,121336968,2106,1,1
60407,121338968,3241,1,1
60408,121340968,3645,0,1
60409,121342968,3131,0,1
60410,121344968,2587,0,1
60411,121346968,2136,0,1
60412,121348968,1842,0,1
60413,121350968,1694,0,1
60414,121352968,1691,0,1
60415,121354968,1751,0,1
60416,121356968,2139,1,1
60417,121358968,3311,1,1
60418,121360968,3675,0,1
60419,121362968,3128,0,1
60420,121364968,2557,0,1
60421,121366968,2120,0,1
60422,121368968,1831,0,1
60423,121370968,1678,0,1
60424,121372969,1689,0,1
60425,121374968,1757,0,1
60426,121376968,2149,1,1
60427,121378968,3359,1,1
60428,121380968,3782,0,1
60429,121382968,3241,0,1
60430,121384968,2652,0,1
60431,121386968,2186,0,1
60432,121388968,1855,0,1
60433,121390968,1683,0,1
60434,121392968,1675,0,1
60435,121394968,1737,0,1
60436,121396968,2132,1,1
60437,121398968,3309,1,1
60438,121400968,3663,0,1
60439,121402968,3146,0,1
60440,121404968,2589,0,1
60441,121406968,2151,0,1
60442,121408968,1844,0,1
60443,121410968,1688,0,1
60444,121412969,1687,0,1
60445,121414968,1748,0,1
60446,121416968,2165,1,1
60447,121418968,3316,1,1
60448,121420968,3541,0,1
60449,121422968,3020,0,1
60450,121424968,2487,0,1
60451,121426968,2071,0,1
60452,121428968,1815,0,1
60453,121430968,1687,0,1
60454,121432968,1694,0,1
60455,121434968,1781,0,1
60456,121436968,2182,1,1
60457,121438968,3284,1,1
60458,121440968,3501,0,1
60459,121442968,3016,0,1
60460,121444968,2503,0,1
60461,121446968,2095,0,1
60462,121448968,1831,0,1
60463,121450968,1701,0,1
60464,121452969,1707,0,1
60465,121454968,1779,0,1
60466,121456968,2194,1,1
60467,121458968,3285,1,1
60468,121460968,3427,0,1
60469,121462968,2937,0,1
60470,121464968,2423,0,1
60471,121466968,2057,0,1
60472,121468968,1806,0,1
60473,121470968,1704,0,1
60474,121472968,1715,0,1
60475,121474968,1781,0,1
60476,121476968,2218,1,1
60477,121478968,3335,1,1
60478,121480968,3581,0,1
60479,121482968,3147,0,1
60480,121484968,2617,0,1
60481,121486968,2187,0,1
60482,121488968,1879,0,1
60483,121490968,1721,0,1
60484,121492969,1695,0,1
60485,121494968,1758,0,1
60486,121496968,2187,1,1
60487,121498968,3305,1,1
60488,121500968,3555,0,1
60489,121502968,3143,0,1
60490,121504968,2629,0,1
60491,121506968,2201,0,1
60492,121508968,1893,0,1
60493,121510968,1721,0,1
60494,121512968,1707,0,1
60495,121514968,1756,0,1
60496,121516968,2184,1,1
60497,121518968,3292,1,1
60498,121520968,3400,0,1
60499,121522968,2925,0,1
60500,121524968,2426,0,1
60501,121526968,2055,0,1
60502,121528968,1805,0,1
60503,121530968,1701,0,1
60504,121532968,1719,0,1
60505,121534968,1779,1,1
60506,121536968,2251,1,1
60507,121538968,3384,1,1
60508,121540968,3407,0,1
60509,121542968,2906,0,1
60510,121544968,2389,0,1
60511,121546968,2019,0,1
60512,121548968,1788,0,1
60513,121550968,1699,0,1
60514,121552968,1716,0,1
60515,121554968,1799,1,1
60516,121556968,2279,1,1
60517,121558968,3415,1,1
60518,121560968,3475,0,1
60519,121562968,2965,0,1
60520,121564968,2451,0,1
60521,121566968,2071,0,1
60522,121568968,1819,0,1
60523,121570968,1699,0,1
60524,121572968,1715,0,1
60525,121574968,1787,1,1
60526,121576968,2271,1,1
60527,121578968,3416,1,1
60528,121580968,3646,0,1
60529,121582968,3224,0,1
60530,121584968,2684,0,1
60531,121586968,2237,0,1
60532,121588968,1916,0,1
60533,121590968,1720,0,1
60534,121592968,1684,0,1
60535,121594968,1727,1,1
60536,121596968,2237,1,1
60537,121598968,3405,1,1
60538,121600968,3475,0,1
60539,121602968,3003,0,1
60540,121604968,2501,0,1
60541,121606968,2105,0,1
60542,121608968,1835,0,1
60543,121610968,1707,0,1
60544,121612968,1711,0,1
60545,121614968,1773,1,1
60546,121616968,2310,1,1
60547,121618968,3528,1,1
60548,121620968,3551,0,1
60549,121622968,3015,0,1
60550,121624968,2478,0,1
60551,121626968,2079,0,1
60552,121628968,1787,0,1
60553,121630968,1684,0,1
60554,121632968,1703,0,1
60555,121634968,1783,1,1
60556,121636968,2299,1,1
60557,121638968,3437,1,1
60558,121640968,3615,0,1
60559,121642968,3193,0,1
60560,121644968,2669,0,1
60561,121646968,2231,0,1
60562,121648968,1897,0,1
60563,121650968,1719,0,1
60564,121652968,1685,0,1
60565,121654968,1745,1,1
60566,121656968,2297,1,1
60567,121658968,3435,1,1
60568,121660968,3386,0,1
60569,121662968,2901,0,1
60570,121664968,2413,0,1
60571,121666968,2063,0,1
60572,121668968,1813,0,1
60573,121670968,1709,0,1
60574,121672968,1724,0,1
60575,121674968,1789,1,1
60576,121676968,2351,1,1
60577,121678968,3496,1,1
60578,121680968,3684,0,1
60579,121682968,3232,0,1
60580,121684968,2697,0,1
60581,121686968,2246,0,1
60582,121688968,1900,0,1
60583,121690968,1718,0,1
60584,121692968,1685,0,1
60585,121694968,1735,1,1
60586,121696968,2297,1,1
60587,121698968,3428,1,1
60588,121700968,3340,0,1
60589,121702968,2853,0,1
60590,121704968,2375,0,1
60591,121706968,2030,0,1
60592,121708968,1799,0,1
60593,121710968,1709,0,1
60594,121712968,1739,0,1
60595,121714968,1805,1,1
60596,121716968,2391,1,1
60597,121718968,3509,1,1
60598,121720968,3637,0,1
60599,121722968,3188,0,1
60600,121724968,2649,0,1
60601,121726968,2218,0,1
60602,121728968,1879,0,1
60603,121730968,1709,0,1
60604,121732968,1688,0,1
60605,121734968,1740,1,1
60606,121736968,2343,1,1
60607,121738968,3445,1,1
60608,121740968,3300,0,1
60609,121742968,2823,0,1
60610,121744968,2345,0,1
60611,121746968,2013,0,1
60612,121748968,1779,0,1
60613,121750968,1703,0,1
60614,121752968,1735,0,1
60615,121754968,1817,1,1
60616,121756968,2395,1,1
60617,121758968,3443,1,1
60618,121760968,3256,0,1
60619,121762968,2781,0,1
60620,121764968,2316,0,1
60621,121766968,2006,0,1
60622,121768968,1787,0,1
60623,121770968,1705,0,1
60624,121772968,1748,0,1
60625,121774968,1831,1,1
60626,121776968,2443,1,1
60627,121778968,3541,1,1
60628,121780968,3567,0,1
60629,121782968,3127,0,1
60630,121784968,2591,0,1
60631,121786968,2187,0,1
60632,121788968,1879,0,1
60633,121790968,1716,0,1
60634,121792968,1699,0,1
60635,121794968,1753,1,1
60636,121796968,2404,1,1
60637,121798968,3519,1,1
60638,121800968,3543,0,1
60639,121802968,3095,0,1
60640,121804968,2572,0,1
60641,121806968,2167,0,1
60642,121808968,1877,0,1
60643,121810968,1709,0,1
60644,121812968,1699,0,1
60645,121814968,1765,1,1
60646,121816968,2424,1,1
60647,121818968,3571,1,1
60648,121820968,3500,0,1
60649,121822968,3021,0,1
60650,121824968,2515,0,1
60651,121826968,2124,0,1
60652,121828968,1837,0,1
60653,121830968,1709,0,1
60654,121832968,1703,0,1
60655,121834968,1783,1,1
60656,121836968,2430,1,1
60657,121838968,3548,1,1
60658,121840968,3351,0,1
60659,121842968,2847,0,1
60660,121844968,2361,0,1
60661,121846968,2009,0,1
60662,121848968,1779,0,1
60663,121850968,1695,0,1
60664,121852968,1723,0,1
60665,121854968,1816,1,1
60666,121856968,2621,1,1
60667,121858968,4095,1,0
60668,121860968,4072,0,1
60669,121862968,3352,0,1
60670,121864968,2671,0,1
60671,121866968,2157,0,1
60672,121868968,1803,0,1
60673,121870968,1646,0,1
60674,121872968,1646,0,1
60675,121874968,1719,1,1
60676,121876968,1817,1,1
60677,121878968,1769,1,1
60678,121880968,1260,0,1
60679,121882968,1113,0,1
60680,121884968,1243,0,1
60681,121886968,1525,0,1
60682,121888968,1811,0,1
60683,121890968,2020,0,1
60684,121892968,2139,0,1
60685,121894968,2084,1,1
60686,121896968,2618,1,1
60687,121898968,3225,1,1
60688,121900968,2727,0,1
60689,121902968,2237,0,1
60690,121904968,1903,0,1
60691,121906968,1736,0,1
60692,121908968,1702,0,1
60693,121910968,1736,0,1
60694,121912968,1845,0,1
60695,121914968,1945,1,1
60696,121916968,2663,1,1
60697,121918968,3771,1,1
60698,121920968,3421,0,1
60699,121922968,2845,0,1
60700,121924968,2331,0,1
60701,121926968,1964,0,1
60702,121928968,1735,0,1
60703,121930968,1669,0,1
60704,121932968,1715,0,1
60705,121934968,1813,1,1
60706,121936968,2589,1,1
60707,121938968,3813,1,1
60708,121940968,3483,0,1
60709,121942968,2915,0,1
60710,121944968,2381,0,1
60711,121946968,2001,0,1
60712,121948968,1748,0,1
60713,121950968,1662,0,1
60714,121952968,1695,0,1
60715,121954968,1807,1,1
60716,121956968,2589,1,1
60717,121958968,3755,1,1
60718,121960968,3444,0,1
60719,121962968,2892,0,1
60720,121964968,2373,0,1
60721,121966968,1997,0,1
60722,121968968,1754,0,1
60723,121970968,1673,0,1
60724,121972968,1709,0,1
60725,121974968,1827,1,1
60726,121976968,2635,1,1
60727,121978968,3833,1,1
60728,121980968,3515,0,1
60729,121982968,2949,0,1
60730,121984968,2415,0,1
60731,121986968,2017,0,1
60732,121988968,1767,0,1
60733,121990968,1663,0,1
60734,121992968,1691,0,1
60735,121994968,1813,1,1
60736,121996968,2651,1,1
60737,121998968,3899,1,1
60738,122000968,3660,0,1
60739,122002968,3080,0,1
60740,122004968,2495,0,1
60741,122006968,2069,0,1
60742,122008968,1757,0,1
60743,122010968,1671,0,1
60744,122012968,1681,0,1
60745,122014968,1792,1,1
60746,122016968,2637,1,1
60747,122018968,3859,0,1
60748,122020968,3637,0,1
60749,122022968,3064,0,1
60750,122024968,2495,0,1
60751,122026968,2080,0,1
60752,122028968,1799,0,1
60753,122030968,1662,0,1
60754,122032968,1685,0,1
60755,122034968,1819,1,1
60756,122036968,2759,1,1
60757,122038968,4095,0,0
60758,122040968,3912,0,1
60759,122042968,3192,0,1
60760,122044968,2555,0,1
60761,122046968,2085,0,1
60762,122048968,1747,0,1
60763,122050968,1628,0,1
60764,122052968,1653,0,1
60765,122054968,1779,1,1
60766,122056968,2681,1,1
60767,122058968,3937,0,1
60768,122060968,3927,0,1
60769,122062968,3315,0,1
60770,122064968,2697,0,1
60771,122066968,2199,0,1
60772,122068968,1829,0,1
60773,122070968,1661,0,1
60774,122072968,1639,0,1
60775,122074968,1773,1,1
60776,122076968,2667,1,1
60777,122078968,3821,0,1
60778,122080968,3529,0,1
60779,122082968,2952,0,1
60780,122084968,2421,0,1
60781,122086968,2012,0,1
60782,122088968,1774,0,1
60783,122090968,1662,0,1
60784,122092968,1699,0,1
60785,122094968,1853,1,1
60786,122096968,2727,1,1
60787,122098968,3837,0,1
60788,122100968,3555,0,1
60789,122102968,2975,0,1
60790,122104968,2444,0,1
60791,122106968,2035,0,1
60792,122108968,1766,0,1
60793,122110968,1675,0,1
60794,122112968,1694,0,1
60795,122114968,1843,1,1
60796,122116968,2727,1,1
60797,122118968,3787,0,1
60798,122120968,3477,0,1
60799,122122968,2909,0,1
60800,122124968,2407,0,1
60801,122126968,2010,0,1
60802,122128968,1747,0,1
60803,122130968,1677,0,1
60804,122132968,1702,0,1
60805,122134968,1867,1,1
60806,122136968,2741,1,1
60807,122138968,3865,0,1
60808,122140968,3816,0,1
60809,122142968,3235,0,1
60810,122144968,2661,0,1
60811,122146968,2169,0,1
60812,122148968,1830,0,1
60813,122150968,1678,0,1
60814,122152968,1657,0,1
60815,122154968,1814,1,1
60816,122156968,2731,1,1
60817,122158968,3781,0,1
60818,122160968,3572,0,1
60819,122162968,3019,0,1
60820,122164968,2490,0,1
60821,122166968,2068,0,1
60822,122168968,1789,0,1
60823,122170968,1674,0,1
60824,122172968,1691,0,1
60825,122174968,1855,1,1
60826,122176968,2779,1,1
60827,122178968,3787,0,1
60828,122180968,3447,0,1
60829,122182968,2895,0,1
60830,122184968,2395,0,1
60831,122186968,1995,0,1
60832,122188968,1752,0,1
60833,122190968,1671,0,1
60834,122192968,1710,0,1
60835,122194968,1883,1,1
60836,122196968,2807,1,1
60837,122198968,3771,0,1
60838,122200968,3410,0,1
60839,122202968,2847,0,1
60840,122204968,2355,0,1
60841,122206968,1978,0,1
60842,122208968,1745,0,1
60843,122210968,1670,0,1
60844,122212968,1711,0,1
60845,122214968,1893,1,1
60846,122216968,2811,1,1
60847,122218968,3769,0,1
60848,122220968,3429,0,1
60849,122222968,2872,0,1
60850,122224968,2364,0,1
60851,122226968,1994,0,1
60852,122228968,1759,0,1
60853,122230968,1683,0,1
60854,122232968,1717,0,1
60855,122234968,1909,1,1
60856,122236968,2841,1,1
60857,122238968,3689,0,1
60858,122240968,3293,0,1
60859,122242968,2759,0,1
60860,122244968,2274,0,1
60861,122246968,1931,0,1
60862,122248968,1723,0,1
60863,122250968,1678,0,1
60864,122252968,1722,0,1
60865,122254968,1930,1,1
60866,122256968,2917,1,1
60867,122258968,3911,0,1
60868,122260968,3535,0,1
60869,122262968,2932,0,1
60870,122264968,2394,0,1
60871,122266968,1991,0,1
60872,122268968,1735,0,1
60873,122270968,1660,0,1
60874,122272968,1685,0,1
60875,122274968,1895,1,1
60876,122276968,2891,1,1
60877,122278968,3833,0,1
60878,122280968,3483,0,1
60879,122282968,2909,0,1
60880,122284968,2380,0,1
60881,122286968,1995,0,1
60882,122288968,1759,0,1
60883,122290968,1673,0,1
60884,122292968,1703,0,1
60885,122294968,1907,1,1
60886,122296968,2878,1,1
60887,122298968,3707,0,1
60888,122300968,3343,0,1
60889,122302968,2793,0,1
60890,122304968,2303,0,1
60891,122306968,1952,0,1
60892,122308968,1739,0,1
60893,122310968,1677,0,1
60894,122312968,1721,0,1
60895,122314968,1952,1,1
60896,122316968,2958,1,1
60897,122318968,3961,0,1
60898,122320968,3709,0,1
60899,122322968,3097,0,1
60900,122324968,2523,0,1
60901,122326968,2078,0,1
60902,122328968,1779,0,1
60903,122330968,1652,0,1
60904,122332968,1661,0,1
60905,122334968,1882,1,1
60906,122336968,2933,1,1
60907,122338968,3882,0,1
60908,122340968,3596,0,1
60909,122342968,3001,0,1
60910,122344968,2455,0,1
60911,122346968,2037,0,1
60912,122348968,1769,0,1
60913,122350968,1663,0,1
60914,122352968,1687,0,1
60915,122354968,1909,1,1
60916,122356968,2963,1,1
60917,122358968,3853,0,1
60918,122360968,3467,0,1
60919,122362968,2894,0,1
60920,122364968,2361,0,1
60921,122366968,1990,0,1
60922,122368968,1727,0,1
60923,122370968,1670,0,1
60924,122372968,1701,0,1
60925,122374968,1948,1,1
60926,122376968,2997,1,1
60927,122378968,3789,0,1
60928,122380968,3383,0,1
60929,122382968,2805,0,1
60930,122384968,2310,0,1
60931,122386968,1948,0,1
60932,122388968,1725,0,1
60933,122390968,1661,0,1
60934,122392968,1709,0,1
60935,122394968,1976,1,1
60936,122396968,3046,1,1
60937,122398968,3931,0,1
60938,122400968,3549,0,1
60939,122402968,2935,0,1
60940,122404968,2389,0,1
60941,122406968,1983,0,1
60942,122408968,1739,0,1
60943,122410968,1653,0,1
60944,122412968,1693,0,1
60945,122414968,1957,1,1
60946,122416968,3019,1,1
60947,122418968,3771,0,1
60948,122420968,3357,0,1
60949,122422968,2799,0,1
60950,122424968,2294,0,1
60951,122426968,1951,0,1
60952,122428968,1734,0,1
60953,122430968,1677,0,1
60954,122432968,1711,0,1
60955,122434968,1997,1,1
60956,122436968,3047,1,1
60957,122438968,3759,0,1
60958,122440968,3368,0,1
60959,122442968,2798,0,1
60960,122444968,2311,0,1
60961,122446968,1945,0,1
60962,122448968,1720,0,1
60963,122450968,1675,0,1
60964,122452968,1709,0,1
60965,122454968,1999,1,1
60966,122456968,3095,1,1
60967,122458968,3821,0,1
60968,122460968,3413,0,1
60969,122462968,2836,0,1
60970,122464968,2329,0,1
60971,122466968,1956,0,1
60972,122468968,1718,0,1
60973,122470968,1657,0,1
60974,122472968,1704,0,1
60975,122474968,2019,1,1
60976,122476968,3133,1,1
60977,122478968,4060,0,1
60978,122480968,3747,0,1
60979,122482968,3097,0,1
60980,122484968,2507,0,1
60981,122486968,2057,0,1
60982,122488968,1753,0,1
60983,122490968,1645,0,1
60984,122492968,1657,0,1
60985,122494968,1967,1,1
60986,122496968,3096,1,1
60987,122498968,3767,0,1
60988,122500968,3348,0,1
60989,122502968,2783,0,1
60990,122504968,2287,0,1
60991,122506968,1943,0,1
60992,122508968,1723,0,1
60993,122510968,1663,0,1
60994,122512968,1718,0,1
60995,122514968,2058,1,1
60996,122516968,3257,1,1
60997,122518968,4095,0,0
60998,122520968,3821,0,1
60999,122522968,3123,0,1
61000,122524968,2514,0,1
61001,122526968,2043,0,1
61002,122528968,1739,0,1
61003,122530968,1626,0,1
61004,122532968,1647,0,1
61005,122534968,2013,1,1
61006,122536968,3359,1,1
61007,122538968,4095,0,0
61008,122540968,3751,0,1
61009,122542968,3025,0,1
61010,122544968,2423,0,1
61011,122546968,1980,0,1
61012,122548968,1695,0,1
61013,122550968,1621,0,1
61014,122552968,1658,0,1
61015,122554968,1951,1,1
61016,122556968,2697,1,1
61017,122558968,2999,0,1
61018,122560968,2766,0,1
61019,122562968,2430,0,1
61020,122564968,2153,0,1
61021,122566968,1927,0,1
61022,122568968,1804,0,1
61023,122570968,1789,0,1
61024,122572968,1833,0,1
61025,122574968,2018,1,1
61026,122576968,2484,1,1
61027,122578968,2293,0,1
61028,122580968,1864,0,1
61029,122582968,1626,0,1
61030,122584968,1596,0,1
61031,122586968,1675,0,1
61032,122588968,1810,0,1
61033,122590968,1928,0,1
61034,122592968,2013,0,1
61035,122594968,2331,1,1
61036,122596968,3403,1,1
61037,122598968,3749,0,1
61038,122600968,3175,0,1
61039,122602968,2583,0,1
61040,122604968,2127,0,1
61041,122606968,1823,0,1
61042,122608968,1675,0,1
61043,122610968,1657,0,1
61044,122612968,1738,0,1
61045,122614968,2152,1,1
61046,122616968,3390,1,1
61047,122618968,4095,0,0
61048,122620968,3755,0,1
61049,122622968,3045,0,1
61050,122624968,2468,0,1
61051,122626968,2007,0,1
61052,122628968,1719,0,1
61053,122630968,1622,0,1
61054,122632968,1653,0,1
61055,122634968,2091,1,1
61056,122636968,3384,1,1
61057,122638968,4031,0,1
61058,122640968,3510,0,1
61059,122642968,2860,0,1
61060,122644968,2323,0,1
61061,122646968,1930,0,1
61062,122648968,1695,0,1
61063,122650968,1636,0,1
61064,122652968,1685,0,1
61065,122654968,2137,1,1
61066,122656968,3448,1,1
61067,122658968,4040,0,1
61068,122660968,3474,0,1
61069,122662968,2810,0,1
61070,122664968,2291,0,1
61071,122666968,1897,0,1
61072,122668968,1674,0,1
61073,122670968,1636,0,1
61074,122672968,1687,0,1
61075,122674968,2153,1,1
61076,122676968,3475,1,1
61077,122678968,4083,0,1
61078,122680968,3538,0,1
61079,122682968,2873,0,1
61080,122684968,2335,0,1
61081,122686968,1936,0,1
61082,122688968,1693,0,1
61083,122690968,1626,0,1
61084,122692968,1687,0,1
61085,122694968,2153,1,1
61086,122696968,3503,1,1
61087,122698968,4095,0,0
61088,122700968,3723,0,1
61089,122702968,3013,0,1
61090,122704968,2423,0,1
61091,122706968,1980,0,1
61092,122708968,1693,0,1
61093,122710968,1611,0,1
61094,122712968,1662,0,1
61095,122714968,2166,1,1
61096,122716968,3597,1,1
61097,122718968,4095,0,0
61098,122720968,3628,0,1
61099,122722968,2925,0,1
61100,122724968,2360,0,1
61101,122726968,1924,0,1
61102,122728968,1674,0,1
61103,122730968,1613,0,1
61104,122732968,1661,0,1
61105,122734968,2195,1,1
61106,122736968,3611,1,1
61107,122738968,4071,0,1
61108,122740968,3467,0,1
61109,122742968,2797,0,1
61110,122744968,2267,0,1
61111,122746968,1891,0,1
61112,122748968,1671,0,1
61113,122750968,1629,0,1
61114,122752968,1693,0,1
61115,122754968,2207,1,1
61116,122756968,3627,1,1
61117,122758968,4095,0,0
61118,122760968,3545,0,1
61119,122762968,2861,0,1
61120,122764968,2309,0,1
61121,122766968,1911,0,1
61122,122768968,1675,0,1
61123,122770968,1620,0,1
61124,122772968,1683,0,1
61125,122774968,2207,1,1
61126,122776968,3607,1,1
61127,122778968,4095,0,0
61128,122780968,3815,0,1
61129,122782968,3083,0,1
61130,122784968,2469,0,1
61131,122786968,1995,0,1
61132,122788968,1710,0,1
61133,122790968,1617,0,1
61134,122792968,1628,1,1
61135,122794968,2153,1,1
61136,122796968,3486,1,1
61137,122798968,3927,0,1
61138,122800968,3466,0,1
61139,122802968,2844,0,1
61140,122804968,2331,0,1
61141,122806968,1933,0,1
61142,122808968,1706,0,1
61143,122810968,1651,0,1
61144,122812968,1703,1,1
61145,122814968,2227,1,1
61146,122816968,3551,1,1
61147,122818968,4086,0,1
61148,122820968,3596,0,1
61149,122822968,2927,0,1
61150,122824968,2381,0,1
61151,122826968,1949,0,1
61152,122828968,1703,0,1
61153,122830968,1624,0,1
61154,122832968,1683,1,1
61155,122834968,2215,1,1
61156,122836968,3545,1,1
61157,122838968,3946,0,1
61158,122840968,3449,0,1
61159,122842968,2827,0,1
61160,122844968,2296,0,1
61161,122846968,1910,0,1
61162,122848968,1695,0,1
61163,122850968,1643,0,1
61164,122852968,1693,1,1
61165,122854968,2235,1,1
61166,122856968,3580,1,1
61167,122858968,3871,0,1
61168,122860968,3347,0,1
61169,122862968,2733,0,1
61170,122864968,2248,0,1
61171,122866968,1883,0,1
61172,122868968,1691,0,1
61173,122870968,1643,0,1
61174,122872968,1709,1,1
61175,122874968,2270,1,1
61176,122876968,3597,1,1
61177,122878968,3807,0,1
61178,122880968,3271,0,1
61179,122882968,2676,0,1
61180,122884968,2211,0,1
61181,122886968,1869,0,1
61182,122888968,1685,0,1
61183,122890968,1655,0,1
61184,122892968,1727,1,1
61185,122894968,2308,1,1
61186,122896968,3627,1,1
61187,122898968,4039,0,1
61188,122900968,3544,0,1
61189,122902968,2897,0,1
61190,122904968,2345,0,1
61191,122906968,1945,0,1
61192,122908968,1701,0,1
61193,122910968,1628,0,1
61194,122912968,1683,1,1
61195,122914968,2281,1,1
61196,122916968,3639,1,1
61197,122918968,3916,0,1
61198,122920968,3371,0,1
61199,122922968,2761,0,1
61200,122924968,2253,0,1
61201,122926968,1887,0,1
61202,122928968,1675,0,1
61203,122930968,1642,0,1
61204,122932968,1703,1,1
61205,122934968,2323,1,1
61206,122936968,3692,1,1
61207,122938968,3838,0,1
61208,122940968,3277,0,1
61209,122942968,2671,0,1
61210,122944968,2195,0,1
61211,122946968,1849,0,1
61212,122948968,1675,0,1
61213,122950968,1659,0,1
61214,122952968,1725,1,1
61215,122954968,2362,1,1
61216,122956968,3767,1,1
61217,122958968,3912,0,1
61218,122960968,3323,0,1
61219,122962968,2709,0,1
61220,122964968,2201,0,1
61221,122966968,1847,0,1
61222,122968968,1657,0,1
61223,122970968,1647,0,1
61224,122972968,1738,1,1
61225,122974968,2365,1,1
61226,122976968,3795,1,1
61227,122978968,4095,0,0
61228,122980968,3630,0,1
61229,122982968,3028,0,1
61230,122984968,2367,0,1
61231,122986968,1929,0,1
61232,122988968,1687,0,1
61233,122990968,1619,0,1
61234,122992968,1669,1,1
61235,122994968,2318,1,1
61236,122996968,3693,1,1
61237,122998968,3805,0,1
61238,123000968,3255,0,1
61239,123002968,2670,0,1
61240,123004968,2191,0,1
61241,123006968,1849,0,1
61242,123008968,1677,0,1
61243,123010968,1654,0,1
61244,123012968,1739,1,1
61245,123014968,2386,1,1
61246,123016968,3753,1,1
61247,123018968,3773,0,1
61248,123020968,3212,0,1
61249,123022968,2621,0,1
61250,123024968,2157,0,1
61251,123026968,1832,0,1
61252,123028968,1669,0,1
61253,123030968,1654,0,1
61254,123032968,1756,1,1
61255,123034968,2428,1,1
61256,123036968,3847,1,1
61257,123038968,3893,0,1
61258,123040968,3297,0,1
61259,123042968,2677,0,1
61260,123044968,2173,0,1
61261,123046968,1835,0,1
61262,123048968,1658,0,1
61263,123050968,1648,0,1
61264,123052968,1721,1,1
61265,123054968,2421,1,1
61266,123056968,3821,1,1
61267,123058968,3833,0,1
61268,123060968,3251,0,1
61269,123062968,2643,0,1
61270,123064968,2164,0,1
61271,123066968,1819,0,1
61272,123068968,1669,0,1
61273,123070968,1655,0,1
61274,123072968,1738,1,1
61275,123074968,2431,1,1
61276,123076968,3835,1,1
61277,123078968,3805,0,1
61278,123080968,3225,0,1
61279,123082968,2629,0,1
61280,123084968,2148,0,1
61281,123086968,1821,0,1
61282,123088968,1662,0,1
61283,123090968,1651,0,1
61284,123092968,1754,1,1
61285,123094968,2489,1,1
61286,123096968,3940,1,1
61287,123098968,3916,0,1
61288,123100968,3276,0,1
61289,123102968,2655,0,1
61290,123104968,2165,0,1
61291,123106968,1815,0,1
61292,123108968,1644,0,1
61293,123110968,1637,0,1
61294,123112968,1740,1,1
61295,123114968,2550,1,1
61296,123116968,4095,1,0
61297,123118968,4095,0,0
61298,123120968,3502,0,1
61299,123122968,2809,0,1
61300,123124968,2248,0,1
61301,123126968,1849,0,1
61302,123128968,1639,0,1
61303,123130968,1618,0,1
61304,123132968,1703,1,1
61305,123134968,2461,1,1
61306,123136968,3819,1,1
61307,123138968,3752,0,1
61308,123140968,3179,0,1
61309,123142968,2611,0,1
61310,123144968,2137,0,1
61311,123146968,1819,0,1
61312,123148968,1660,0,1
61313,123150968,1670,0,1
61314,123152968,1757,1,1
61315,123154968,2549,1,1
61316,123156968,4022,1,1
61317,123158968,4095,0,0
61318,123160968,3565,0,1
61319,123162968,2853,0,1
61320,123164968,2303,0,1
61321,123166968,1883,0,1
61322,123168968,1653,0,1
61323,123170968,1607,0,1
61324,123172968,1685,1,1
61325,123174968,2521,1,1
61326,123176968,4012,1,1
61327,123178968,3951,0,1
61328,123180968,3304,0,1
61329,123182968,2661,0,1
61330,123184968,2157,0,1
61331,123186968,1803,0,1
61332,123188968,1648,0,1
61333,123190968,1639,0,1
61334,123192968,1732,1,1
61335,123194968,2602,1,1
61336,123196968,4095,1,0
61337,123198968,4095,0,0
61338,123200968,3403,0,1
61339,123202968,2723,0,1
61340,123204968,2199,0,1
61341,123206968,1819,0,1
61342,123208968,1631,0,1
61343,123210968,1619,0,1
61344,123212968,1723,1,1
61345,123214968,2569,1,1
61346,123216968,4011,1,1
61347,123218968,3868,0,1
61348,123220968,3219,0,1
61349,123222968,2604,0,1
61350,123224968,2127,0,1
61351,123226968,1790,0,1
61352,123228968,1652,0,1
61353,123230968,1651,0,1
61354,123232968,1765,1,1
61355,123234968,2645,1,1
61356,123236968,4095,1,0
61357,123238968,4095,0,0
61358,123240968,3629,0,1
61359,123242968,2909,0,1
61360,123244968,2341,0,1
61361,123246968,1895,0,1
61362,123248968,1667,0,1
61363,123250968,1593,0,1
61364,123252968,1675,1,1
61365,123254968,2671,1,1
61366,123256968,4095,1,0
61367,123258968,4095,0,0
61368,123260968,3630,0,1
61369,123262968,2907,0,1
61370,123264968,2331,0,1
61371,123266968,1901,0,1
61372,123268968,1669,0,1
61373,123270968,1623,0,1
61374,123272968,1685,1,1
61375,123274968,1939,1,1
61376,123276968,2067,1,1
61377,123278968,1581,0,1
61378,123280968,1369,0,1
61379,123282968,1415,0,1
61380,123284968,1613,0,1
61381,123286968,1799,0,1
61382,123288968,1963,0,1
61383,123290968,2079,0,1
61384,123292968,2155,1,1
61385,123294968,2879,1,1
61386,123296968,4029,1,1
61387,123298968,3561,0,1
61388,123300968,2920,0,1
61389,123302968,2350,0,1
61390,123304968,1956,0,1
61391,123306968,1709,0,1
61392,123308968,1634,0,1
61393,123310968,1675,0,1
61394,123312968,1828,1,1
61395,123314968,2787,1,1
61396,123316968,4095,0,0
61397,123318968,3976,0,1
61398,123320968,3247,0,1
61399,123322968,2591,0,1
61400,123324968,2096,0,1
61401,123326968,1757,0,1
61402,123328968,1620,0,1
61403,123330968,1630,0,1
61404,123332968,1773,1,1
61405,123334968,2735,1,1
61406,123336968,4095,0,0
61407,123338968,4095,0,0
61408,123340968,3543,0,1
61409,123342968,2825,0,1
61410,123344968,2284,0,1
61411,123346968,1869,0,1
61412,123348968,1652,0,1
61413,123350968,1612,0,1
61414,123352968,1734,1,1
61415,123354968,2743,1,1
61416,123356968,4095,0,0
61417,123358968,4095,0,0
61418,123360968,3637,0,1
61419,123362968,2923,0,1
61420,123364968,2343,0,1
61421,123366968,1909,0,1
61422,123368968,1669,0,1
61423,123370968,1608,0,1
61424,123372968,1712,1,1
61425,123374968,2747,1,1
61426,123376968,4095,0,0
61427,123378968,4041,0,1
61428,123380968,3307,0,1
61429,123382968,2648,0,1
61430,123384968,2139,0,1
61431,123386968,1773,0,1
61432,123388968,1627,0,1
61433,123390968,1627,0,1
61434,123392968,1803,1,1
61435,123394968,2842,1,1
61436,123396968,4095,0,0
61437,123398968,4095,0,0
61438,123400968,3382,0,1
61439,123402968,2701,0,1
61440,123404968,2183,0,1
61441,123406968,1803,0,1
61442,123408968,1631,0,1
61443,123410968,1613,0,1
61444,123412968,1773,1,1
61445,123414968,2857,1,1
61446,123416968,4095,0,0
61447,123418968,4095,0,0
61448,123420968,3439,0,1
61449,123422968,2751,0,1
61450,123424968,2221,0,1
61451,123426968,1829,0,1
61452,123428968,1635,0,1
61453,123430968,1607,0,1
61454,123432968,1769,1,1
61455,123434968,2863,1,1
61456,123436968,4095,0,0
61457,123438968,4077,0,1
61458,123440968,3335,0,1
61459,123442968,2667,0,1
61460,123444968,2153,0,1
61461,123446968,1781,0,1
61462,123448968,1627,0,1
61463,123450968,1618,0,1
61464,123452968,1781,1,1
61465,123454968,2877,1,1
61466,123456968,4095,0,0
61467,123458968,4006,0,1
61468,123460968,3263,0,1
61469,123462968,2631,0,1
61470,123464968,2107,0,1
61471,123466968,1771,0,1
61472,123468968,1614,0,1
61473,123470968,1622,0,1
61474,123472968,1833,1,1
61475,123474968,2904,1,1
61476,123476968,4095,0,0
61477,123478968,4091,0,1
61478,123480968,3359,0,1
61479,123482968,2701,0,1
61480,123484968,2167,0,1
61481,123486968,1798,0,1
61482,123488968,1627,0,1
61483,123490968,1620,0,1
61484,123492968,1815,1,1
61485,123494968,2892,1,1
61486,123496968,4095,0,0
61487,123498968,4095,0,0
61488,123500968,3481,0,1
61489,123502968,2791,0,1
61490,123504968,2237,0,1
61491,123506968,1828,0,1
61492,123508968,1639,0,1
61493,123510968,1611,0,1
61494,123512968,1786,1,1
61495,123514968,2870,1,1
61496,123516968,4095,0,0
61497,123518968,4015,0,1
61498,123520968,3304,0,1
61499,123522968,2651,0,1
61500,123524968,2133,0,1
61501,123526968,1778,0,1
61502,123528968,1627,0,1
61503,123530968,1625,0,1
61504,123532968,1849,1,1
61505,123534968,2971,1,1
61506,123536968,4095,0,0
61507,123538968,4055,0,1
61508,123540968,3299,0,1
61509,123542968,2648,0,1
61510,123544968,2139,0,1
61511,123546968,1774,0,1
61512,123548968,1623,0,1
61513,123550968,1618,0,1
61514,123552968,1849,1,1
61515,123554968,2969,1,1
61516,123556968,4095,0,0
61517,123558968,4095,0,0
61518,123560968,3412,0,1
61519,123562968,2743,0,1
61520,123564968,2199,0,1
61521,123566968,1817,0,1
61522,123568968,1635,0,1
61523,123570968,1617,0,1
61524,123572968,1828,1,1
61525,123574968,2969,1,1
61526,123576968,4095,0,0
61527,123578968,4095,0,0
61528,123580968,3461,0,1
61529,123582968,2789,0,1
61530,123584968,2221,0,1
61531,123586968,1823,0,1
61532,123588968,1630,0,1
61533,123590968,1619,0,1
61534,123592968,1835,1,1
61535,123594968,2980,1,1
61536,123596968,4095,0,0
61537,123598968,4095,0,0
61538,123600968,3497,0,1
61539,123602968,2799,0,1
61540,123604968,2248,0,1
61541,123606968,1835,0,1
61542,123608968,1636,0,1
61543,123610968,1608,0,1
61544,123612968,1848,1,1
61545,123614968,3029,1,1
61546,123616968,4095,0,0
61547,123618968,4095,0,0
61548,123620968,3426,0,1
61549,123622968,2761,0,1
61550,123624968,2205,0,1
61551,123626968,1827,0,1
61552,123628968,1629,0,1
61553,123630968,1609,0,1
61554,123632968,1861,1,1
61555,123634968,3032,1,1
61556,123636968,4095,0,0
61557,123638968,3913,0,1
61558,123640968,3177,0,1
61559,123642968,2550,0,1
61560,123644968,2071,0,1
61561,123646968,1747,0,1
61562,123648968,1620,0,1
61563,123650968,1641,0,1
61564,123652968,1903,1,1
61565,123654968,3131,1,1
61566,123656968,4095,0,0
61567,123658968,3955,0,1
61568,123660968,3191,0,1
61569,123662968,2552,0,1
61570,123664968,2067,0,1
61571,123666968,1743,0,1
61572,123668968,1612,0,1
61573,123670968,1639,0,1
61574,123672968,1917,1,1
61575,123674968,3161,1,1
61576,123676968,4095,0,0
61577,123678968,4095,0,0
61578,123680968,3384,0,1
61579,123682968,2711,0,1
61580,123684968,2193,0,1
61581,123686968,1803,0,1
61582,123688968,1623,0,1
61583,123690968,1613,0,1
61584,123692968,1897,1,1
61585,123694968,3177,1,1
61586,123696968,4095,0,0
61587,123698968,3894,0,1
61588,123700968,3156,0,1
61589,123702968,2519,0,1
61590,123704968,2040,0,1
61591,123706968,1724,0,1
61592,123708968,1609,0,1
61593,123710968,1637,0,1
61594,123712968,1943,1,1
61595,123714968,3208,1,1
61596,123716968,4095,0,0
61597,123718968,4095,0,0
61598,123720968,3479,0,1
61599,123722968,2780,0,1
61600,123724968,2233,0,1
61601,123726968,1832,0,1
61602,123728968,1635,0,1
61603,123730968,1613,0,1
61604,123732968,1902,1,1
61605,123734968,3187,1,1
61606,123736968,4095,0,0
61607,123738968,4095,0,0
61608,123740968,3359,0,1
61609,123742968,2696,0,1
61610,123744968,2165,0,1
61611,123746968,1787,0,1
61612,123748968,1631,0,1
61613,123750968,1623,0,1
61614,123752968,1935,1,1
61615,123754968,3255,1,1
61616,123756968,4095,0,0
61617,123758968,4095,0,0
61618,123760968,3412,0,1
61619,123762968,2723,0,1
61620,123764968,2189,0,1
61621,123766968,1804,0,1
61622,123768968,1623,0,1
61623,123770968,1610,0,1
61624,123772968,1935,1,1
61625,123774968,3289,1,1
61626,123776968,4095,0,0
61627,123778968,3952,0,1
61628,123780968,3195,0,1
61629,123782968,2553,0,1
61630,123784968,2069,0,1
61631,123786968,1742,0,1
61632,123788968,1613,0,1
61633,123790968,1628,0,1
61634,123792968,1977,1,1
61635,123794968,3334,1,1
61636,123796968,4095,0,0
61637,123798968,3860,0,1
61638,123800968,3103,0,1
61639,123802969,2483,0,1
61640,123804968,2013,0,1
61641,123806968,1720,0,1
61642,123808968,1613,0,1
61643,123810968,1643,0,1
61644,123812968,2019,1,1
61645,123814968,3416,1,1
61646,123816968,4095,0,0
61647,123818968,4079,0,1
61648,123820968,3321,0,1
61649,123822968,2667,0,1
61650,123824968,2142,0,1
61651,123826968,1783,0,1
61652,123828968,1621,0,1
61653,123830968,1623,0,1
61654,123832968,1989,1,1
61655,123834968,3397,1,1
61656,123836968,4095,0,0
61657,123838968,4095,0,0
61658,123840968,3470,0,1
61659,123842969,2786,0,1
61660,123844968,2235,0,1
61661,123846968,1827,0,1
61662,123848968,1631,0,1
61663,123850968,1607,0,1
61664,123852968,1993,1,1
61665,123854968,3407,1,1
61666,123856968,4095,0,0
61667,123858968,4095,0,0
61668,123860968,3380,0,1
61669,123862968,2719,0,1
61670,123864968,2182,0,1
61671,123866968,1803,0,1
61672,123868968,1627,0,1
61673,123870968,1613,0,1
61674,123872968,2020,1,1
61675,123874968,3435,1,1
61676,123876968,4095,0,0
61677,123878968,3823,0,1
61678,123880968,3087,0,1
61679,123882969,2458,0,1
61680,123884968,1994,0,1
61681,123886968,1707,0,1
61682,123888968,1617,0,1
61683,123890968,1655,0,1
61684,123892968,2121,1,1
61685,123894968,3704,1,1
61686,123896968,4095,0,0
61687,123898968,4095,0,0
61688,123900968,3614,0,1
61689,123902968,2885,0,1
61690,123904968,2311,0,1
61691,123906968,1875,0,1
61692,123908968,1651,0,1
61693,123910968,1599,0,1
61694,123912968,2029,1,1
61695,123914968,3595,1,1
61696,123916968,4095,0,0
61697,123918968,4077,0,1
61698,123920968,3310,0,1
61699,123922969,2650,0,1
61700,123924968,2136,0,1
61701,123926968,1768,0,1
61702,123928968,1622,0,1
61703,123930968,1624,0,1
61704,123932968,2065,1,1
61705,123934968,3487,1,1
61706,123936968,4095,0,0
61707,123938968,3858,0,1
61708,123940968,3111,0,1
61709,123942968,2479,0,1
61710,123944968,2020,0,1
61711,123946968,1716,0,1
61712,123948968,1611,0,1
61713,123950968,1657,0,1
61714,123952968,2154,1,1
61715,123954968,3833,1,1
61716,123956968,4095,0,0
61717,123958968,4023,0,1
61718,123960968,3271,0,1
61719,123962969,2619,0,1
61720,123964968,2102,0,1
61721,123966968,1753,0,1
61722,123968968,1623,0,1
61723,123970968,1629,0,1
61724,123972968,2015,1,1
61725,123974968,3107,1,1
61726,123976968,3869,0,1
61727,123978968,3676,0,1
61728,123980968,3111,0,1
61729,123982968,2538,0,1
61730,123984968,2089,0,1
61731,123986968,1782,0,1
61732,123988968,1663,0,1
61733,123990968,1676,0,1
61734,123992968,2003,1,1
61735,123994968,2931,1,1
61736,123996968,3049,0,1
61737,123998968,2687,0,1
61738,124000968,2312,0,1
61739,124002969,2022,0,1
61740,124004968,1837,0,1
61741,124006968,1766,0,1
61742,124008968,1771,0,1
61743,124010968,1852,0,1
61744,124012968,2327,1,1
61745,124014968,3865,1,1
61746,124016968,4095,0,0
61747,124018968,3821,0,1
61748,124020968,3065,0,1
61749,124022968,2453,0,1
61750,124024968,1990,0,1
61751,124026968,1701,0,1
61752,124028968,1599,0,1
61753,124030968,1658,0,1
61754,124032968,2213,1,1
61755,124034968,3911,1,1
61756,124036968,4095,0,0
61757,124038968,3974,0,1
61758,124040968,3221,0,1
61759,124042969,2583,0,1
61760,124044968,2077,0,1
61761,124046968,1739,0,1
61762,124048968,1603,0,1
61763,124050968,1630,0,1
61764,124052968,2222,1,1
61765,124054968,4057,1,1
61766,124056968,4095,0,0
61767,124058968,4091,0,1
61768,124060968,3350,0,1
61769,124062968,2679,0,1
61770,124064968,2151,0,1
61771,124066968,1772,0,1
61772,124068968,1613,0,1
61773,124070968,1615,0,1
61774,124072968,2194,1,1
61775,124074968,3870,1,1
61776,124076968,4095,0,0
61777,124078968,4061,0,1
61778,124080968,3287,0,1
61779,124082969,2648,0,1
61780,124084968,2118,0,1
61781,124086968,1763,0,1
61782,124088968,1609,0,1
61783,124090968,1609,0,1
61784,124092968,2253,1,1
61785,124094968,4095,1,0
61786,124096968,4095,0,0
61787,124098968,4091,0,1
61788,124100968,3347,0,1
61789,124102968,2682,0,1
61790,124104968,2153,0,1
61791,124106968,1783,0,1
61792,124108968,1622,0,1
61793,124110968,1607,1,1
61794,124112968,2220,1,1
61795,124114968,3959,1,1
61796,124116968,4095,0,0
61797,124118968,3948,0,1
61798,124120968,3184,0,1
61799,124122969,2552,0,1
61800,124124968,2054,0,1
61801,124126968,1721,0,1
61802,124128968,1610,0,1
61803,124130968,1640,1,1
61804,124132968,2275,1,1
61805,124134968,4059,1,1
61806,124136968,4095,0,0
61807,124138968,4095,0,0
61808,124140968,3427,0,1
61809,124142968,2761,0,1
61810,124144968,2207,0,1
61811,124146968,1815,0,1
61812,124148968,1627,0,1
61813,124150968,1607,1,1
61814,124152968,2264,1,1
61815,124154968,4059,1,1
61816,124156968,4095,0,0
61817,124158968,3955,0,1
61818,124160968,3184,0,1
61819,124162969,2557,0,1
61820,124164968,2056,0,1
61821,124166968,1728,0,1
61822,124168968,1603,0,1
61823,124170968,1617,1,1
61824,124172968,2311,1,1
61825,124174968,4090,1,1
61826,124176968,4095,0,0
61827,124178968,3913,0,1
61828,124180968,3147,0,1
61829,124182968,2523,0,1
61830,124184968,2025,0,1
61831,124186968,1710,0,1
61832,124188968,1608,0,1
61833,124190968,1639,1,1
61834,124192968,2301,1,1
61835,124194968,4053,1,1
61836,124196968,4095,0,0
61837,124198968,3847,0,1
61838,124200968,3087,0,1
61839,124202969,2478,0,1
61840,124204968,2004,0,1
61841,124206968,1705,0,1
61842,124208968,1599,0,1
61843,124210968,1642,1,1
61844,124212968,2382,1,1
61845,124214968,4095,1,0
61846,124216968,4095,0,0
61847,124218968,4053,0,1
61848,124220968,3284,0,1
61849,124222968,2643,0,1
61850,124224968,2111,0,1
61851,124226968,1763,0,1
61852,124228968,1607,0,1
61853,124230968,1613,1,1
61854,124232968,2357,1,1
61855,124234968,4095,1,0
61856,124236968,4095,0,0
61857,124238968,3903,0,1
61858,124240968,3131,0,1
61859,124242969,2521,0,1
61860,124244968,2018,0,1
61861,124246968,1711,0,1
61862,124248968,1597,0,1
61863,124250968,1629,1,1
61864,124252968,2365,1,1
61865,124254968,4095,1,0
61866,124256968,4095,0,0
61867,124258968,3752,0,1
61868,124260968,3004,0,1
61869,124262968,2417,0,1
61870,124264968,1961,0,1
61871,124266968,1689,0,1
61872,124268968,1597,0,1
61873,124270968,1647,1,1
61874,124272968,2406,1,1
61875,124274968,4095,1,0
61876,124276968,4095,0,0
61877,124278968,3758,0,1
61878,124280968,3023,0,1
61879,124282969,2427,0,1
61880,124284968,1963,0,1
61881,124286968,1691,0,1
61882,124288968,1597,0,1
61883,124290968,1641,1,1
61884,124292968,2447,1,1
61885,124294968,4095,1,0
61886,124296968,4095,0,0
61887,124298968,4095,0,0
61888,124300968,3335,0,1
61889,124302968,2679,0,1
61890,124304968,2137,0,1
61891,124306968,1769,0,1
61892,124308968,1609,0,1
61893,124310968,1613,1,1
61894,124312968,2401,1,1
61895,124314968,4095,1,0
61896,124316968,4095,0,0
61897,124318968,3782,0,1
61898,124320968,3032,0,1
61899,124322969,2429,0,1
61900,124324968,1960,0,1
61901,124326968,1690,0,1
61902,124328968,1607,0,1
61903,124330968,1659,1,1
61904,124332968,2472,1,1
61905,124334968,4095,1,0
61906,124336968,4095,0,0
61907,124338968,4005,0,1
61908,124340968,3238,0,1
61909,124342968,2596,0,1
61910,124344968,2086,0,1
61911,124346968,1740,0,1
61912,124348968,1613,0,1
61913,124350968,1636,1,1
61914,124352968,2459,1,1
61915,124354968,4095,1,0
61916,124356968,4095,0,0
61917,124358968,3892,0,1
61918,124360968,3127,0,1
61919,124362969,2513,0,1
61920,124364968,2019,0,1
61921,124366968,1711,0,1
61922,124368968,1595,0,1
61923,124370968,1634,1,1
61924,124372968,2507,1,1
61925,124374968,4095,1,0
61926,124376968,4095,0,0
61927,124378968,3721,0,1
61928,124380968,2989,0,1
61929,124382968,2391,0,1
61930,124384968,1937,0,1
61931,124386968,1669,0,1
61932,124388968,1605,0,1
61933,124390968,1686,1,1
61934,124392968,2525,1,1
61935,124394968,4095,1,0
61936,124396968,4095,0,0
61937,124398968,3891,0,1
61938,124400968,3134,0,1
61939,124402969,2513,0,1
61940,124404968,2010,0,1
61941,124406968,1711,0,1
61942,124408968,1607,0,1
61943,124410968,1645,1,1
61944,124412968,2533,1,1
61945,124414968,4095,1,0
61946,124416968,4095,0,0
61947,124418968,3741,0,1
61948,124420968,2999,0,1
61949,124422968,2413,0,1
61950,124424968,1943,0,1
61951,124426968,1681,0,1
61952,124428968,1597,0,1
61953,124430968,1663,1,1
61954,124432968,2568,1,1
61955,124434968,4095,1,0
61956,124436968,4095,0,0
61957,124438968,3731,0,1
61958,124440968,2991,0,1
61959,124442969,2397,0,1
61960,124444968,1939,0,1
61961,124446968,1677,0,1
61962,124448968,1604,0,1
61963,124450968,1687,1,1
61964,124452968,2647,1,1
61965,124454968,4095,1,0
61966,124456968,4095,0,0
61967,124458968,3782,0,1
61968,124460968,3031,0,1
61969,124462968,2420,0,1
61970,124464968,1955,0,1
61971,124466968,1681,0,1
61972,124468968,1597,0,1
61973,124470968,1685,1,1
61974,124472968,2619,1,1
61975,124474968,4095,1,0
61976,124476968,4095,0,0
61977,124478968,3773,0,1
61978,124480968,3038,0,1
61979,124482969,2431,0,1
61980,124484968,1957,0,1
61981,124486968,1685,0,1
61982,124488968,1605,0,1
61983,124490968,1675,1,1
61984,124492968,2645,1,1
61985,124494968,4095,1,0
61986,124496968,4095,0,0
61987,124498968,3989,0,1
61988,124500968,3256,0,1
61989,124502968,2611,0,1
61990,124504968,2079,0,1
61991,124506968,1745,0,1
61992,124508968,1599,0,1
61993,124510968,1659,1,1
61994,124512968,2621,1,1
61995,124514968,4095,1,0
61996,124516968,4095,0,0
61997,124518968,3944,0,1
61998,124520968,3190,0,1
61999,124522968,2548,0,1
62000,124524968,2037,0,1
62001,124526968,1727,0,1
62002,124528968,1609,0,1
62003,124530968,1669,1,1
62004,124532968,2635,1,1
62005,124534968,4095,1,0
62006,124536968,4095,0,0
62007,124538968,3661,0,1
62008,124540968,2936,0,1
62009,124542968,2351,0,1
62010,124544968,1915,0,1
62011,124546968,1661,0,1
62012,124548968,1609,0,1
62013,124550968,1707,1,1
62014,124552968,2739,1,1
62015,124554968,4095,1,0
62016,124556968,4095,0,0
62017,124558968,3756,0,1
62018,124560968,3003,0,1
62019,124562969,2419,0,1
62020,124564968,1948,0,1
62021,124566968,1675,0,1
62022,124568968,1597,0,1
62023,124570968,1689,1,1
62024,124572968,2725,1,1
62025,124574968,4095,1,0
62026,124576968,4095,0,0
62027,124578968,3683,0,1
62028,124580968,2940,0,1
62029,124582968,2357,0,1
62030,124584968,1907,0,1
62031,124586968,1663,0,1
62032,124588968,1595,0,1
62033,124590968,1695,1,1
62034,124592968,2743,1,1
62035,124594968,4095,0,0
62036,124596968,4095,0,0
62037,124598968,3636,0,1
62038,124600968,2902,0,1
62039,124602969,2334,0,1
62040,124604968,1891,0,1
62041,124606968,1654,0,1
62042,124608968,1598,0,1
62043,124610968,1719,1,1
62044,124612968,2787,1,1
62045,124614968,4095,0,0
62046,124616968,4095,0,0
62047,124618968,3864,0,1
62048,124620968,3103,0,1
62049,124622968,2501,0,1
62050,124624968,1993,0,1
62051,124626968,1707,0,1
62052,124628968,1597,0,1
62053,124630968,1692,1,1
62054,124632968,2769,1,1
62055,124634968,4095,0,0
62056,124636968,4095,0,0
62057,124638968,3525,0,1
62058,124640968,2827,0,1
62059,124642969,2269,0,1
62060,124644968,1861,0,1
62061,124646968,1637,0,1
62062,124648968,1612,0,1
62063,124650968,1755,1,1
62064,124652968,3005,1,1
62065,124654968,4095,0,0
62066,124656968,4095,0,0
62067,124658968,3991,0,1
62068,124660968,3230,0,1
62069,124662968,2591,0,1
62070,124664968,2073,0,1
62071,124666968,1746,0,1
62072,124668968,1615,0,1
62073,124670968,1653,1,1
62074,124672968,2011,1,1
62075,124674968,2345,0,1
62076,124676968,2229,0,1
62077,124678968,2092,0,1
62078,124680968,1989,0,1
62079,124682969,1951,0,1
62080,124684968,1907,0,1
62081,124686968,1916,0,1
62082,124688968,1939,0,1
62083,124690968,2023,1,1
62084,124692968,2872,1,1
62085,124694968,4095,0,0
62086,124696968,3935,0,1
62087,124698968,3247,0,1
62088,124700968,2616,0,1
62089,124702968,2126,0,1
62090,124704968,1783,0,1
62091,124706968,1639,0,1
62092,124708968,1631,0,1
62093,124710968,1811,1,1
62094,124712968,2938,1,1
62095,124714968,4095,0,0
62096,124716968,4095,0,0
62097,124718968,3516,0,1
62098,124720968,2812,0,1
62099,124722969,2263,0,1
62100,124724968,1848,0,1
62101,124726968,1635,0,1
62102,124728968,1605,0,1
62103,124730968,1773,1,1
62104,124732968,2972,1,1
62105,124734968,4095,0,0
62106,124736968,4095,0,0
62107,124738968,3751,0,1
62108,124740968,3013,0,1
62109,124742968,2418,0,1
62110,124744968,1943,0,1
62111,124746968,1675,0,1
62112,124748968,1594,0,1
62113,124750968,1749,1,1
62114,124752968,2939,1,1
62115,124754968,4095,0,0
62116,124756968,4095,0,0
62117,124758968,3828,0,1
62118,124760968,3087,0,1
62119,124762969,2477,0,1
62120,124764968,1976,0,1
62121,124766968,1693,0,1
62122,124768968,1591,0,1
62123,124770968,1751,1,1
62124,124772968,2981,1,1
62125,124774968,4095,0,0
62126,124776968,4095,0,0
62127,124778968,3629,0,1
62128,124780968,2911,0,1
62129,124782968,2329,0,1
62130,124784968,1899,0,1
62131,124786968,1657,0,1
62132,124788968,1608,0,1
62133,124790968,1786,1,1
62134,124792968,3019,1,1
62135,124794968,4095,0,0
62136,124796968,4095,0,0
62137,124798968,3679,0,1
62138,124800968,2935,0,1
62139,124802969,2360,0,1
62140,124804968,1897,0,1
62141,124806968,1663,0,1
62142,124808968,1619,0,1
62143,124810968,1789,1,1
62144,124812968,3048,1,1
62145,124814968,4095,0,0
62146,124816968,4095,0,0
62147,124818968,3667,0,1
62148,124820968,2931,0,1
62149,124822968,2349,0,1
62150,124824968,1892,0,1
62151,124826968,1657,0,1
62152,124828968,1607,0,1
62153,124830968,1789,1,1
62154,124832968,3092,1,1
62155,124834968,4095,0,0
62156,124836968,4095,0,0
62157,124838968,3589,0,1
62158,124840968,2862,0,1
62159,124842969,2309,0,1
62160,124844968,1876,0,1
62161,124846968,1646,0,1
62162,124848968,1614,0,1
62163,124850968,1821,1,1
62164,124852968,3111,1,1
62165,124854968,4095,0,0
62166,124856968,4095,0,0
62167,124858968,3755,0,1
62168,124860968,2995,0,1
62169,124862968,2395,0,1
62170,124864968,1941,0,1
62171,124866968,1669,0,1
62172,124868968,1608,0,1
62173,124870968,1812,1,1
62174,124872968,3103,1,1
62175,124874968,4095,0,0
62176,124876968,4095,0,0
62177,124878968,3494,0,1
62178,124880968,2790,0,1
62179,124882969,2247,0,1
62180,124884968,1827,0,1
62181,124886968,1636,0,1
62182,124888968,1609,0,1
62183,124890968,1839,1,1
62184,124892968,3107,1,1
62185,124894968,4095,0,0
62186,124896968,4095,0,0
62187,124898968,3409,0,1
62188,124900968,2713,0,1
62189,124902968,2185,0,1
62190,124904968,1797,0,1
62191,124906968,1627,0,1
62192,124908968,1623,0,1
62193,124910968,1867,1,1
62194,124912968,3128,1,1
62195,124914968,4095,0,0
62196,124916968,4095,0,0
62197,124918968,3447,0,1
62198,124920968,2741,0,1
62199,124922969,2212,0,1
62200,124924968,1807,0,1
62201,124926968,1627,0,1
62202,124928968,1613,0,1
62203,124930968,1880,1,1
62204,124932968,3177,1,1
62205,124934968,4095,0,0
62206,124936968,4095,0,0
62207,124938968,3419,0,1
62208,124940968,2727,0,1
62209,124942968,2195,0,1
62210,124944968,1789,0,1
62211,124946968,1620,0,1
62212,124948968,1619,0,1
62213,124950968,1884,1,1
62214,124952968,3206,1,1
62215,124954968,4095,0,0
62216,124956968,4095,0,0
62217,124958968,3421,0,1
62218,124960968,2718,0,1
62219,124962969,2189,0,1
62220,124964968,1791,0,1
62221,124966968,1621,0,1
62222,124968968,1614,0,1
62223,124970968,1895,1,1
62224,124972968,3235,1,1
62225,124974968,4095,0,0
62226,124976968,4095,0,0
62227,124978968,3402,0,1
62228,124980968,2725,0,1
62229,124982968,2189,0,1
62230,124984968,1805,0,1
62231,124986968,1619,0,1
62232,124988968,1607,0,1
62233,124990968,1915,1,1
62234,124992968,3253,1,1
62235,124994968,4095,0,0
62236,124996968,4095,0,0
62237,124998968,3653,0,1
62238,125000968,2935,0,1
62239,125002969,2355,0,1
62240,125004968,1903,0,1
62241,125006968,1655,0,1
62242,125008968,1598,0,1
62243,125010968,1891,1,1
62244,125012968,3254,1,1
62245,125014968,4095,0,0
62246,125016968,4095,0,0
62247,125018968,3359,0,1
62248,125020968,2687,0,1
62249,125022968,2169,0,1
62250,125024968,1785,0,1
62251,125026968,1623,0,1
62252,125028968,1607,0,1
62253,125030968,1949,1,1
62254,125032968,3379,1,1
62255,125034968,4095,0,0
62256,125036968,4095,0,0
62257,125038968,3644,0,1
62258,125040968,2925,0,1
62259,125042969,2351,0,1
62260,125044968,1893,0,1
62261,125046968,1658,0,1
62262,125048968,1605,0,1
62263,125050968,1913,1,1
62264,125052968,3289,1,1
62265,125054968,4095,0,0
62266,125056968,4059,0,1
62267,125058968,3309,0,1
62268,125060968,2649,0,1
62269,125062968,2133,0,1
62270,125064968,1770,0,1
62271,125066968,1611,0,1
62272,125068968,1613,0,1
62273,125070968,1965,1,1
62274,125072968,3364,1,1
62275,125074968,4095,0,0
62276,125076968,4024,0,1
62277,125078968,3263,0,1
62278,125080968,2613,0,1
62279,125082969,2103,0,1
62280,125084968,1748,0,1
62281,125086968,1608,0,1
62282,125088968,1613,0,1
62283,125090968,1979,1,1
62284,125092968,3415,1,1
62285,125094968,4095,0,0
62286,125096968,4047,0,1
62287,125098968,3284,0,1
62288,125100968,2627,0,1
62289,125102968,2119,0,1
62290,125104968,1762,0,1
62291,125106968,1612,0,1
62292,125108968,1615,0,1
62293,125110968,1996,1,1
62294,125112968,3444,1,1
62295,125114968,4095,0,0
62296,125116968,4058,0,1
62297,125118968,3299,0,1
62298,125120968,2631,0,1
62299,125122969,2121,0,1
62300,125124968,1765,0,1
62301,125126968,1611,0,1
62302,125128968,1620,0,1
62303,125130968,2019,1,1
62304,125132968,3494,1,1
62305,125134968,4095,0,0
62306,125136968,4095,0,0
62307,125138968,3544,0,1
62308,125140968,2840,0,1
62309,125142968,2278,0,1
62310,125144968,1847,0,1
62311,125146968,1642,0,1
62312,125148968,1605,0,1
62313,125150968,1983,1,1
62314,125152968,3447,1,1
62315,125154968,4095,0,0
62316,125156968,4095,0,0
62317,125158968,3435,0,1
62318,125160968,2761,0,1
62319,125162969,2207,0,1
62320,125164968,1817,0,1
62321,125166968,1620,0,1
62322,125168968,1599,0,1
62323,125170968,2035,1,1
62324,125172968,3607,1,1
62325,125174968,4095,0,0
62326,125176968,4066,0,1
62327,125178968,3307,0,1
62328,125180968,2655,0,1
62329,125182968,2131,0,1
62330,125184968,1765,0,1
62331,125186968,1609,0,1
62332,125188968,1620,0,1
62333,125190968,2030,1,1
62334,125192968,3509,1,1
62335,125194968,4095,0,0
62336,125196968,4027,0,1
62337,125198968,3262,0,1
62338,125200968,2606,0,1
62339,125202969,2099,0,1
62340,125204968,1747,0,1
62341,125206968,1617,0,1
62342,125208968,1621,0,1
62343,125210968,2067,1,1
62344,125212968,3773,1,1
62345,125214968,4095,0,0
62346,125216968,3996,0,1
62347,125218968,3227,0,1
62348,125220968,2583,0,1
62349,125222968,2087,0,1
62350,125224968,1742,0,1
62351,125226968,1611,0,1
62352,125228968,1627,0,1
62353,125230968,2077,1,1
62354,125232968,3602,1,1
62355,125234968,4095,0,0
62356,125236968,4088,0,1
62357,125238968,3337,0,1
62358,125240968,2672,0,1
62359,125242969,2149,0,1
62360,125244968,1771,0,1
62361,125246968,1621,0,1
62362,125248968,1611,0,1
62363,125250968,2078,1,1
62364,125252968,3608,1,1
62365,125254968,4095,0,0
62366,125256968,4095,0,0
62367,125258968,3367,0,1
62368,125260968,2694,0,1
62369,125262968,2165,0,1
62370,125264968,1784,0,1
62371,125266968,1614,0,1
62372,125268968,1608,0,1
62373,125270968,2099,1,1
62374,125272968,3655,1,1
62375,125274968,4095,0,0
62376,125276968,3927,0,1
62377,125278968,3171,0,1
62378,125280968,2535,0,1
62379,125282969,2043,0,1
62380,125284968,1721,0,1
62381,125286968,1612,0,1
62382,125288968,1636,0,1
62383,125290968,2129,1,1
62384,125292968,3670,1,1
62385,125294968,4095,0,0
62386,125296968,3827,0,1
62387,125298968,3102,0,1
62388,125300968,2464,0,1
62389,125302968,1995,0,1
62390,125304968,1695,0,1
62391,125306968,1599,0,1
62392,125308968,1645,0,1
62393,125310968,2168,1,1
62394,125312968,3803,1,1
62395,125314968,4095,0,0
62396,125316968,3928,0,1
62397,125318968,3179,0,1
62398,125320968,2543,0,1
62399,125322969,2057,0,1
62400,125324968,1724,0,1
62401,125326968,1599,0,1
62402,125328968,1628,0,1
62403,125330968,2215,1,1
62404,125332968,4079,1,1
62405,125334968,4095,0,0
62406,125336968,4095,0,0
62407,125338968,3699,0,1
62408,125340968,2958,0,1
62409,125342968,2359,0,1
62410,125344968,1909,0,1
62411,125346968,1674,0,1
62412,125348968,1629,0,1
62413,125350968,1746,1,1
62414,125352968,2089,1,1
62415,125354968,1851,0,1
62416,125356968,1631,0,1
62417,125358968,1592,0,1
62418,125360968,1673,0,1
62419,125362969,1811,0,1
62420,125364968,1933,0,1
62421,125366968,2011,0,1
62422,125368968,2068,1,1
62423,125370968,2487,1,1
62424,125372968,3814,1,1
62425,125374968,4095,0,0
62426,125376968,3709,0,1
62427,125378968,2989,0,1
62428,125380968,2396,0,1
62429,125382968,1943,0,1
62430,125384968,1678,0,1
62431,125386968,1599,0,1
62432,125388968,1662,1,1
62433,125390968,2253,1,1
62434,125392968,3947,1,1
62435,125394968,4095,0,0
62436,125396968,3929,0,1
62437,125398968,3175,0,1
62438,125400968,2529,0,1
62439,125402969,2037,0,1
62440,125404968,1719,0,1
62441,125406968,1609,0,1
62442,125408968,1637,1,1
62443,125410968,2239,1,1
62444,125412968,3974,1,1
62445,125414968,4095,0,0
62446,125416968,3931,0,1
62447,125418968,3175,0,1
62448,125420968,2531,0,1
62449,125422968,2040,0,1
62450,125424968,1723,0,1
62451,125426968,1597,0,1
62452,125428968,1625,1,1
62453,125430968,2231,1,1
62454,125432968,3895,1,1
62455,125434968,4095,0,0
62456,125436968,3765,0,1
62457,125438968,3033,0,1
62458,125440968,2420,0,1
62459,125442969,1974,0,1
62460,125444968,1685,0,1
62461,125446968,1597,0,1
62462,125448968,1659,1,1
62463,125450968,2302,1,1
62464,125452968,4087,1,1
62465,125454968,4095,0,0
62466,125456968,3866,0,1
62467,125458968,3115,0,1
62468,125460968,2488,0,1
62469,125462968,2011,0,1
62470,125464968,1705,0,1
62471,125466968,1607,0,1
62472,125468968,1643,1,1
62473,125470968,2329,1,1
62474,125472968,4095,1,0
62475,125474968,4095,0,0
62476,125476968,3894,0,1
62477,125478968,3132,0,1
62478,125480968,2509,0,1
62479,125482969,2024,0,1
62480,125484968,1707,0,1
62481,125486968,1597,0,1
62482,125488968,1619,1,1
62483,125490968,2329,1,1
62484,125492968,4095,1,0
62485,125494968,4095,0,0
62486,125496968,4095,0,0
62487,125498968,3341,0,1
62488,125500968,2683,0,1
62489,125502968,2151,0,1
62490,125504968,1781,0,1
62491,125506968,1621,0,1
62492,125508968,1599,1,1
62493,125510968,2311,1,1
62494,125512968,4095,1,0
62495,125514968,4095,0,0
62496,125516968,3851,0,1
62497,125518968,3083,0,1
62498,125520968,2471,0,1
62499,125522968,1991,0,1
62500,125524968,1703,0,1
62501,125526968,1608,0,1
62502,125528968,1637,1,1
62503,125530968,2362,1,1
62504,125532968,4095,1,0
62505,125534968,4095,0,0
62506,125536968,3973,0,1
62507,125538968,3154,0,1
62508,125540968,2521,0,1
62509,125542968,2036,0,1
62510,125544968,1717,0,1
62511,125546968,1604,0,1
62512,125548968,1639,1,1
62513,125550968,2348,1,1
62514,125552968,4095,1,0
62515,125554968,4095,0,0
62516,125556968,4007,0,1
62517,125558968,3239,0,1
62518,125560968,2597,0,1
62519,125562969,2079,0,1
62520,125564968,1737,0,1
62521,125566968,1611,0,1
62522,125568968,1620,1,1
62523,125570968,2355,1,1
62524,125572968,4085,1,1
62525,125574968,4095,0,0
62526,125576968,3721,0,1
62527,125578968,2971,0,1
62528,125580968,2389,0,1
62529,125582968,1945,0,1
62530,125584968,1675,0,1
62531,125586968,1604,0,1
62532,125588968,1658,1,1
62533,125590968,2419,1,1
62534,125592968,4095,1,0
62535,125594968,4095,0,0
62536,125596968,3725,0,1
62537,125598968,2987,0,1
62538,125600968,2392,0,1
62539,125602969,1935,0,1
62540,125604968,1671,0,1
62541,125606968,1599,0,1
62542,125608968,1647,1,1
62543,125610968,2420,1,1
62544,125612968,4095,1,0
62545,125614968,4095,0,0
62546,125616968,3657,0,1
62547,125618968,2924,0,1
62548,125620968,2348,0,1
62549,125622968,1907,0,1
62550,125624968,1663,0,1
62551,125626968,1596,0,1
62552,125628968,1658,1,1
62553,125630968,2491,1,1
62554,125632968,4095,1,0
62555,125634968,4095,0,0
62556,125636968,3829,0,1
62557,125638968,3067,0,1
62558,125640968,2471,0,1
62559,125642969,1993,0,1
62560,125644968,1704,0,1
62561,125646968,1608,0,1
62562,125648968,1647,1,1
62563,125650968,2438,1,1
62564,125652968,4095,1,0
62565,125654968,4095,0,0
62566,125656968,3743,0,1
62567,125658968,2989,0,1
62568,125660968,2409,0,1
62569,125662968,1945,0,1
62570,125664968,1683,0,1
62571,125666968,1600,0,1
62572,125668968,1657,1,1
62573,125670968,2463,1,1
62574,125672968,4095,1,0
62575,125674968,4095,0,0
62576,125676968,3605,0,1
62577,125678968,2876,0,1
62578,125680968,2311,0,1
62579,125682969,1891,0,1
62580,125684968,1657,0,1
62581,125686968,1597,0,1
62582,125688968,1673,1,1
62583,125690968,2532,1,1
62584,125692968,4095,1,0
62585,125694968,4095,0,0
62586,125696968,3708,0,1
62587,125698968,2956,0,1
62588,125700968,2365,0,1
62589,125702968,1919,0,1
62590,125704968,1663,0,1
62591,125706968,1611,0,1
62592,125708968,1662,1,1
62593,125710968,2511,1,1
62594,125712968,4095,1,0
62595,125714968,4095,0,0
62596,125716968,3667,0,1
62597,125718968,2909,0,1
62598,125720968,2335,0,1
62599,125722969,1901,0,1
62600,125724968,1656,0,1
62601,125726968,1619,0,1
62602,125728968,1657,1,1
62603,125730968,2523,1,1
62604,125732968,4095,1,0
62605,125734968,4095,0,0
62606,125736968,3595,0,1
62607,125738968,2867,0,1
62608,125740968,2299,0,1
62609,125742968,1865,0,1
62610,125744968,1653,0,1
62611,125746968,1609,0,1
62612,125748968,1683,1,1
62613,125750968,2569,1,1
62614,125752968,4095,1,0
62615,125754968,4095,0,0
62616,125756968,3576,0,1
62617,125758968,2845,0,1
62618,125760968,2280,0,1
62619,125762969,1877,0,1
62620,125764968,1641,0,1
62621,125766968,1613,0,1
62622,125768968,1699,1,1
62623,125770968,2579,1,1
62624,125772968,4095,1,0
62625,125774968,4095,0,0
62626,125776968,3527,0,1
62627,125778968,2800,0,1
62628,125780968,2251,0,1
62629,125782968,1852,0,1
62630,125784968,1643,0,1
62631,125786968,1611,0,1
62632,125788968,1709,1,1
62633,125790968,2614,1,1
62634,125792968,4095,1,0
62635,125794968,4095,0,0
62636,125796968,3830,0,1
62637,125798968,3076,0,1
62638,125800968,2463,0,1
62639,125802969,1981,0,1
62640,125804968,1699,0,1
62641,125806968,1613,0,1
62642,125808968,1663,1,1
62643,125810968,2584,1,1
62644,125812968,4095,1,0
62645,125814968,4095,0,0
62646,125816968,3531,0,1
62647,125818968,2809,0,1
62648,125820968,2264,0,1
62649,125822968,1848,0,1
62650,125824968,1636,0,1
62651,125826968,1611,0,1
62652,125828968,1699,1,1
62653,125830968,2643,1,1
62654,125832968,4095,1,0
62655,125834968,4095,0,0
62656,125836968,3504,0,1
62657,125838968,2783,0,1
62658,125840968,2235,0,1
62659,125842969,1846,0,1
62660,125844968,1642,0,1
62661,125846968,1619,0,1
62662,125848968,1720,1,1
62663,125850968,2661,1,1
62664,125852968,4095,1,0
62665,125854968,4095,0,0
62666,125856968,3495,0,1
62667,125858968,2776,0,1
62668,125860968,2228,0,1
62669,125862968,1843,0,1
62670,125864968,1641,0,1
62671,125866968,1613,0,1
62672,125868968,1725,1,1
62673,125870968,2666,1,1
62674,125872968,4095,1,0
62675,125874968,4095,0,0
62676,125876968,3477,0,1
62677,125878968,2771,0,1
62678,125880968,2222,0,1
62679,125882969,1835,0,1
62680,125884968,1635,0,1
62681,125886968,1619,0,1
62682,125888968,1719,1,1
62683,125890968,2679,1,1
62684,125892968,4095,1,0
62685,125894968,4095,0,0
62686,125896968,3549,0,1
62687,125898968,2840,0,1
62688,125900968,2279,0,1
62689,125902968,1849,0,1
62690,125904968,1646,0,1
62691,125906968,1608,0,1
62692,125908968,1735,1,1
62693,125910968,2763,1,1
62694,125912968,4095,0,0
62695,125914968,4095,0,0
62696,125916968,3753,0,1
62697,125918968,3015,0,1
62698,125920968,2419,0,1
62699,125922969,1958,0,1
62700,125924968,1683,0,1
62701,125926968,1599,0,1
62702,125928968,1699,1,1
62703,125930968,2685,1,1
62704,125932968,4095,0,0
62705,125934968,4095,0,0
62706,125936968,3379,0,1
62707,125938968,2712,0,1
62708,125940968,2184,0,1
62709,125942968,1810,0,1
62710,125944968,1635,0,1
62711,125946968,1609,0,1
62712,125948968,1761,1,1
62713,125950968,2787,1,1
62714,125952968,4095,0,0
62715,125954968,4095,0,0
62716,125956968,3359,0,1
62717,125958968,2679,0,1
62718,125960968,2163,0,1
62719,125962969,1803,0,1
62720,125964968,1628,0,1
62721,125966968,1621,0,1
62722,125968968,1771,1,1
62723,125970968,2901,1,1
62724,125972968,4095,0,0
62725,125974968,4095,0,0
62726,125976968,3694,0,1
62727,125978968,2963,0,1
62728,125980968,2366,0,1
62729,125982968,1919,0,1
62730,125984968,1679,0,1
62731,125986968,1613,0,1
62732,125988968,1715,1,1
62733,125990968,2299,1,1
62734,125992968,2911,0,1
62735,125994968,2841,0,1
62736,125996968,2584,0,1
62737,125998968,2276,0,1
62738,126000968,2039,0,1
62739,126002969,1870,0,1
62740,126004968,1804,0,1
62741,126006968,1803,0,1
62742,126008968,1911,1,1
62743,126010968,2664,1,1
62744,126012968,3483,0,1
62745,126014968,3193,0,1
62746,126016968,2713,0,1
62747,126018968,2264,0,1
62748,126020968,1949,0,1
62749,126022968,1754,0,1
62750,126024968,1701,0,1
62751,126026968,1749,0,1
62752,126028968,1911,1,1
62753,126030968,2956,1,1
62754,126032968,4095,0,0
62755,126034968,4095,0,0
62756,126036968,3369,0,1
62757,126038968,2685,0,1
62758,126040968,2158,0,1
62759,126042969,1787,0,1
62760,126044968,1615,0,1
62761,126046968,1619,0,1
62762,126048968,1801,1,1
62763,126050968,2924,1,1
62764,126052968,4095,0,0
62765,126054968,4095,0,0
62766,126056968,3399,0,1
62767,126058968,2717,0,1
62768,126060968,2195,0,1
62769,126062968,1813,0,1
62770,126064968,1629,0,1
62771,126066968,1607,0,1
62772,126068968,1797,1,1
62773,126070968,2921,1,1
62774,126072968,4095,0,0
62775,126074968,4095,0,0
62776,126076968,3469,0,1
62777,126078968,2780,0,1
62778,126080968,2235,0,1
62779,126082968,1819,0,1
62780,126084968,1630,0,1
62781,126086968,1610,0,1
62782,126088968,1787,1,1
62783,126090968,2950,1,1
62784,126092968,4095,0,0
62785,126094968,4095,0,0
62786,126096968,3477,0,1
62787,126098968,2781,0,1
62788,126100968,2237,0,1
62789,126102968,1832,0,1
62790,126104968,1640,0,1
62791,126106968,1607,0,1
62792,126108968,1807,1,1
62793,126110968,2961,1,1
62794,126112968,4095,0,0
62795,126114968,4093,0,1
62796,126116968,3367,0,1
62797,126118968,2679,0,1
62798,126120968,2157,0,1
62799,126122968,1800,0,1
62800,126124968,1615,0,1
62801,126126968,1617,0,1
62802,126128968,1823,1,1
62803,126130968,3004,1,1
62804,126132968,4095,0,0
62805,126134968,4095,0,0
62806,126136968,3453,0,1
62807,126138968,2759,0,1
62808,126140968,2217,0,1
62809,126142968,1817,0,1
62810,126144968,1627,0,1
62811,126146968,1607,0,1
62812,126148968,1816,1,1
62813,126150968,3033,1,1
62814,126152968,4095,0,0
62815,126154968,4095,0,0
62816,126156968,3447,0,1
62817,126158968,2751,0,1
62818,126160968,2213,0,1
62819,126162968,1816,0,1
62820,126164968,1629,0,1
62821,126166968,1609,0,1
62822,126168968,1843,1,1
62823,126170968,3100,1,1
62824,126172968,4095,0,0
62825,126174968,4095,0,0
62826,126176968,3561,0,1
62827,126178968,2841,0,1
62828,126180968,2291,0,1
62829,126182968,1855,0,1
62830,126184968,1647,0,1
62831,126186968,1608,0,1
62832,126188968,1839,1,1
62833,126190968,3079,1,1
62834,126192968,4095,0,0
62835,126194968,4073,0,1
62836,126196968,3327,0,1
62837,126198968,2665,0,1
62838,126200968,2143,0,1
62839,126202968,1771,0,1
62840,126204968,1615,0,1
62841,126206968,1628,0,1
62842,126208968,1868,1,1
62843,126210968,3083,1,1
62844,126212968,4095,0,0
62845,126214968,4095,0,0
62846,126216968,3493,0,1
62847,126218968,2779,0,1
62848,126220968,2223,0,1
62849,126222968,1831,0,1
62850,126224968,1629,0,1
62851,126226968,1624,0,1
62852,126228968,1845,1,1
62853,126230968,3039,1,1
62854,126232968,4095,0,0
62855,126234968,4095,0,0
62856,126236968,3407,0,1
62857,126238968,2719,0,1
62858,126240968,2189,0,1
62859,126242968,1815,0,1
62860,126244968,1622,0,1
62861,126246968,1621,0,1
62862,126248968,1885,1,1
62863,126250968,3096,1,1
62864,126252968,4095,0,0
62865,126254968,4095,0,0
62866,126256968,3480,0,1
62867,126258968,2773,0,1
62868,126260968,2220,0,1
62869,126262968,1823,0,1
62870,126264968,1629,0,1
62871,126266968,1621,0,1
62872,126268968,1882,1,1
62873,126270968,3108,1,1
62874,126272968,4095,0,0
62875,126274968,3943,0,1
62876,126276968,3218,0,1
62877,126278968,2568,0,1
62878,126280968,2074,0,1
62879,126282968,1749,0,1
62880,126284968,1609,0,1
62881,126286968,1642,0,1
62882,126288968,1913,1,1
62883,126290968,3162,1,1
62884,126292968,4095,0,0
62885,126294968,3896,0,1
62886,126296968,3160,0,1
62887,126298968,2519,0,1
62888,126300968,2040,0,1
62889,126302968,1725,0,1
62890,126304968,1607,0,1
62891,126306968,1647,0,1
62892,126308968,1951,1,1
62893,126310968,3210,1,1
62894,126312968,4095,0,0
62895,126314968,3951,0,1
62896,126316968,3207,0,1
62897,126318968,2551,0,1
62898,126320968,2069,0,1
62899,126322968,1739,0,1
62900,126324968,1607,0,1
62901,126326968,1645,0,1
62902,126328968,1955,1,1
62903,126330968,3231,1,1
62904,126332968,4095,0,0
62905,126334968,4095,0,0
62906,126336968,3374,0,1
62907,126338968,2693,0,1
62908,126340968,2167,0,1
62909,126342968,1783,0,1
62910,126344968,1615,0,1
62911,126346968,1625,0,1
62912,126348968,1938,1,1
62913,126350968,3230,1,1
62914,126352968,4095,0,0
62915,126354968,3941,0,1
62916,126356968,3193,0,1
62917,126358968,2548,0,1
62918,126360968,2060,0,1
62919,126362968,1733,0,1
62920,126364968,1610,0,1
62921,126366968,1641,0,1
62922,126368968,1980,1,1
62923,126370968,3263,1,1
62924,126372968,4095,0,0
62925,126374968,4095,0,0
62926,126376968,3389,0,1
62927,126378968,2708,0,1
62928,126380968,2173,0,1
62929,126382968,1787,0,1
62930,126384968,1617,0,1
62931,126386968,1623,0,1
62932,126388968,1959,1,1
62933,126390968,3252,1,1
62934,126392968,4095,0,0
62935,126394968,3814,0,1
62936,126396968,3080,0,1
62937,126398968,2467,0,1
62938,126400968,2003,0,1
62939,126402968,1715,0,1
62940,126404968,1613,0,1
62941,126406968,1645,0,1
62942,126408968,1993,1,1
62943,126410968,3299,1,1
62944,126412968,4095,0,0
62945,126414968,3824,0,1
62946,126416968,3082,0,1
62947,126418968,2469,0,1
62948,126420968,2011,0,1
62949,126422968,1712,0,1
62950,126424968,1609,0,1
62951,126426968,1635,0,1
62952,126428968,2019,1,1
62953,126430968,3353,1,1
62954,126432968,4095,0,0
62955,126434968,4011,0,1
62956,126436968,3243,0,1
62957,126438968,2605,0,1
62958,126440968,2105,0,1
62959,126442968,1751,0,1
62960,126444968,1615,0,1
62961,126446968,1617,0,1
62962,126448968,2012,1,1
62963,126450968,3353,1,1
62964,126452968,4095,0,0
62965,126454968,3828,0,1
62966,126456968,3098,0,1
62967,126458968,2473,0,1
62968,126460968,2011,0,1
62969,126462968,1701,0,1
62970,126464968,1609,0,1
62971,126466968,1641,0,1
62972,126468968,2043,1,1
62973,126470968,3387,1,1
62974,126472968,4095,0,0
62975,126474968,3805,0,1
62976,126476968,3087,0,1
62977,126478968,2459,0,1
62978,126480968,1995,0,1
62979,126482968,1700,0,1
62980,126484968,1605,0,1
62981,126486968,1641,0,1
62982,126488968,2043,1,1
62983,126490968,3349,1,1
62984,126492968,4095,0,0
62985,126494968,3785,0,1
62986,126496968,3065,0,1
62987,126498968,2467,0,1
62988,126500968,2007,0,1
62989,126502968,1709,0,1
62990,126504968,1613,0,1
62991,126506968,1653,0,1
62992,126508968,2083,1,1
62993,126510968,3443,1,1
62994,126512968,4095,0,0
62995,126514968,3763,0,1
62996,126516968,3031,0,1
62997,126518968,2430,0,1
62998,126520968,1979,0,1
62999,126522968,1695,0,1
63000,126524968,1613,0,1
63001,126526968,1643,0,1
63002,126528968,2099,1,1
63003,126530968,3484,1,1
63004,126532968,4095,0,0
63005,126534968,3882,0,1
63006,126536968,3127,0,1
63007,126538968,2495,0,1
63008,126540968,2025,0,1
63009,126542968,1711,0,1
63010,126544968,1605,0,1
63011,126546968,1639,0,1
63012,126548968,2087,1,1
63013,126550968,3487,1,1
63014,126552968,4095,0,0
63015,126554968,3979,0,1
63016,126556968,3222,0,1
63017,126558968,2587,0,1
63018,126560968,2083,0,1
63019,126562968,1740,0,1
63020,126564968,1608,0,1
63021,126566968,1620,0,1
63022,126568968,2090,1,1
63023,126570968,3495,1,1
63024,126572968,4095,0,0
63025,126574968,3742,0,1
63026,126576968,3013,0,1
63027,126578968,2412,0,1
63028,126580968,1975,0,1
63029,126582968,1694,0,1
63030,126584968,1606,0,1
63031,126586968,1645,0,1
63032,126588968,2159,1,1
63033,126590968,3685,1,1
63034,126592968,4095,0,0
63035,126594968,3980,0,1
63036,126596968,3223,0,1
63037,126598968,2579,0,1
63038,126600968,2079,0,1
63039,126602968,1737,0,1
63040,126604968,1598,0,1
63041,126606968,1623,0,1
63042,126608968,2140,1,1
63043,126610968,3635,1,1
63044,126612968,4095,0,0
63045,126614968,4095,0,0
63046,126616968,3399,0,1
63047,126618968,2716,0,1
63048,126620968,2167,0,1
63049,126622968,1805,0,1
63050,126624968,1640,0,1
63051,126626968,1625,0,1
63052,126628968,1783,1,1
63053,126630968,2111,1,1
63054,126632968,1885,0,1
63055,126634968,1683,0,1
63056,126636968,1618,0,1
63057,126638968,1693,0,1
63058,126640968,1823,0,1
63059,126642968,1929,0,1
63060,126644968,2021,0,1
63061,126646968,2052,0,1
63062,126648968,2455,1,1
63063,126650968,3695,1,1
63064,126652968,3997,0,1
63065,126654968,3366,0,1
63066,126656968,2710,0,1
63067,126658968,2189,0,1
63068,126660968,1833,0,1
63069,126662968,1644,0,1
63070,126664968,1630,0,1
63071,126666968,1699,1,1
63072,126668968,2259,1,1
63073,126670968,3788,1,1
63074,126672968,4095,0,0
63075,126674968,3711,0,1
63076,126676968,2968,0,1
63077,126678968,2373,0,1
63078,126680968,1935,0,1
63079,126682968,1669,0,1
63080,126684968,1611,0,1
63081,126686968,1651,1,1
63082,126688968,2247,1,1
63083,126690968,3819,1,1
63084,126692968,4095,0,0
63085,126694968,3851,0,1
63086,126696968,3077,0,1
63087,126698968,2456,0,1
63088,126700968,1991,0,1
63089,126702968,1703,0,1
63090,126704968,1608,0,1
63091,126706968,1643,1,1
63092,126708968,2235,1,1
63093,126710968,3829,1,1
63094,126712968,4095,0,0
63095,126714968,3736,0,1
63096,126716968,2987,0,1
63097,126718968,2394,0,1
63098,126720968,1942,0,1
63099,126722968,1686,0,1
63100,126724968,1619,0,1
63101,126726968,1635,1,1
63102,126728968,2251,1,1
63103,126730968,3854,1,1
63104,126732968,4095,0,0
63105,126734968,3764,0,1
63106,126736968,3002,0,1
63107,126738968,2410,0,1
63108,126740968,1957,0,1
63109,126742968,1688,0,1
63110,126744968,1617,0,1
63111,126746968,1651,1,1
63112,126748968,2263,1,1
63113,126750968,3864,1,1
63114,126752968,4095,0,0
63115,126754968,4036,0,1
63116,126756968,3239,0,1
63117,126758968,2603,0,1
63118,126760968,2089,0,1
63119,126762968,1741,0,1
63120,126764968,1617,0,1
63121,126766968,1626,1,1
63122,126768968,2275,1,1
63123,126770968,3994,1,1
63124,126772968,4095,0,0
63125,126774968,3853,0,1
63126,126776968,3068,0,1
63127,126778968,2471,0,1
63128,126780968,1993,0,1
63129,126782968,1703,0,1
63130,126784968,1614,0,1
63131,126786968,1640,1,1
63132,126788968,2319,1,1
63133,126790968,4015,1,1
63134,126792968,4095,0,0
63135,126794968,3811,0,1
63136,126796968,3035,0,1
63137,126798968,2429,0,1
63138,126800968,1973,0,1
63139,126802968,1693,0,1
63140,126804968,1612,0,1
63141,126806968,1636,1,1
63142,126808968,2327,1,1
63143,126810968,4030,1,1
63144,126812968,4095,0,0
63145,126814968,4026,0,1
63146,126816968,3243,0,1
63147,126818968,2603,0,1
63148,126820968,2091,0,1
63149,126822968,1753,0,1
63150,126824968,1607,0,1
63151,126826968,1629,1,1
63152,126828968,2295,1,1
63153,126830968,3915,1,1
63154,126832968,4095,0,0
63155,126834968,4005,0,1
63156,126836968,3248,0,1
63157,126838968,2611,0,1
63158,126840968,2093,0,1
63159,126842968,1753,0,1
63160,126844968,1608,0,1
63161,126846968,1619,1,1
63162,126848968,2319,1,1
63163,126850968,3930,1,1
63164,126852968,4095,0,0
63165,126854968,3887,0,1
63166,126856968,3119,0,1
63167,126858968,2511,0,1
63168,126860968,2011,0,1
63169,126862968,1715,0,1
63170,126864968,1607,0,1
63171,126866968,1630,1,1
63172,126868968,2329,1,1
63173,126870968,3885,1,1
63174,126872968,4095,0,0
63175,126874968,3757,0,1
63176,126876968,3017,0,1
63177,126878968,2424,0,1
63178,126880968,1958,0,1
63179,126882968,1685,0,1
63180,126884968,1604,0,1
63181,126886968,1656,1,1
63182,126888968,2364,1,1
63183,126890968,3941,1,1
63184,126892968,4095,0,0
63185,126894968,3597,0,1
63186,126896968,2867,0,1
63187,126898968,2311,0,1
63188,126900968,1885,0,1
63189,126902968,1669,0,1
63190,126904968,1611,0,1
63191,126906968,1677,1,1
63192,126908968,2419,1,1
63193,126910968,3991,1,1
63194,126912968,4095,0,0
63195,126914968,3528,0,1
63196,126916968,2835,0,1
63197,126918968,2275,0,1
63198,126920968,1867,0,1
63199,126922968,1652,0,1
63200,126924968,1605,0,1
63201,126926968,1685,1,1
63202,126928968,2419,1,1
63203,126930968,3975,1,1
63204,126932968,4095,0,0
63205,126934968,3538,0,1
63206,126936968,2831,0,1
63207,126938968,2282,0,1
63208,126940968,1868,0,1
63209,126942968,1657,0,1
63210,126944968,1605,0,1
63211,126946968,1672,1,1
63212,126948968,2445,1,1
63213,126950968,4013,1,1
63214,126952968,4095,0,0
63215,126954968,3519,0,1
63216,126956968,2811,0,1
63217,126958968,2263,0,1
63218,126960968,1867,0,1
63219,126962968,1646,0,1
63220,126964968,1620,0,1
63221,126966968,1685,1,1
63222,126968968,2473,1,1
63223,126970968,4069,1,1
63224,126972968,4095,0,0
63225,126974968,3692,0,1
63226,126976968,2954,0,1
63227,126978968,2366,0,1
63228,126980968,1919,0,1
63229,126982968,1661,0,1
63230,126984968,1605,0,1
63231,126986968,1670,1,1
63232,126988968,2507,1,1
63233,126990968,4095,1,0
63234,126992968,4095,0,0
63235,126994968,3803,0,1
63236,126996968,3043,0,1
63237,126998968,2444,0,1
63238,127000968,1958,0,1
63239,127002968,1693,0,1
63240,127004968,1599,0,1
63241,127006968,1637,1,1
63242,127008968,2475,1,1
63243,127010968,4095,1,0
63244,127012968,4095,0,0
63245,127014968,3550,0,1
63246,127016968,2840,0,1
63247,127018968,2275,0,1
63248,127020968,1877,0,1
63249,127022968,1655,0,1
63250,127024968,1611,0,1
63251,127026968,1692,1,1
63252,127028968,2525,1,1
63253,127030968,4095,1,0
63254,127032968,4095,0,0
63255,127034968,3735,0,1
63256,127036968,2987,0,1
63257,127038968,2399,0,1
63258,127040968,1945,0,1
63259,127042968,1682,0,1
63260,127044968,1607,0,1
63261,127046968,1669,1,1
63262,127048968,2515,1,1
63263,127050968,4095,1,0
63264,127052968,4095,0,0
63265,127054968,3516,0,1
63266,127056968,2807,0,1
63267,127058968,2263,0,1
63268,127060968,1851,0,1
63269,127062968,1643,0,1
63270,127064968,1596,0,1
63271,127066968,1689,1,1
63272,127068968,2555,1,1
63273,127070968,4089,1,1
63274,127072968,4095,0,0
63275,127074968,3419,0,1
63276,127076968,2733,0,1
63277,127078968,2200,0,1
63278,127080968,1807,0,1
63279,127082968,1639,0,1
63280,127084968,1623,0,1
63281,127086968,1716,1,1
63282,127088968,2598,1,1
63283,127090968,4095,1,0
63284,127092968,4095,0,0
63285,127094968,3544,0,1
63286,127096968,2827,0,1
63287,127098968,2271,0,1
63288,127100968,1855,0,1
63289,127102968,1644,0,1
63290,127104968,1607,0,1
63291,127106968,1715,1,1
63292,127108968,2583,1,1
63293,127110968,4095,1,0
63294,127112968,4095,0,0
63295,127114968,3695,0,1
63296,127116968,2969,0,1
63297,127118968,2381,0,1
63298,127120968,1925,0,1
63299,127122968,1674,0,1
63300,127124968,1605,0,1
63301,127126968,1679,1,1
63302,127128968,2570,1,1
63303,127130968,4095,1,0
63304,127132968,4095,0,0
63305,127134968,3435,0,1
63306,127136968,2751,0,1
63307,127138968,2223,0,1
63308,127140968,1831,0,1
63309,127142968,1641,0,1
63310,127144968,1623,0,1
63311,127146968,1723,1,1
63312,127148968,2623,1,1
63313,127150968,4095,1,0
63314,127152968,4095,0,0
63315,127154968,3422,0,1
63316,127156968,2729,0,1
63317,127158968,2205,0,1
63318,127160968,1823,0,1
63319,127162968,1636,0,1
63320,127164968,1628,0,1
63321,127166968,1740,1,1
63322,127168968,2680,1,1
63323,127170968,4095,0,0
63324,127172968,4095,0,0
63325,127174968,3661,0,1
63326,127176968,2919,0,1
63327,127178968,2343,0,1
63328,127180968,1902,0,1
63329,127182968,1660,0,1
63330,127184968,1610,0,1
63331,127186968,1714,1,1
63332,127188968,2723,1,1
63333,127190968,4095,0,0
63334,127192968,4095,0,0
63335,127194968,3691,0,1
63336,127196968,2941,0,1
63337,127198968,2357,0,1
63338,127200968,1903,0,1
63339,127202968,1660,0,1
63340,127204968,1598,0,1
63341,127206968,1693,1,1
63342,127208968,2679,1,1
63343,127210968,4095,0,0
63344,127212968,4095,0,0
63345,127214968,3637,0,1
63346,127216968,2905,0,1
63347,127218968,2325,0,1
63348,127220968,1887,0,1
63349,127222968,1655,0,1
63350,127224968,1599,0,1
63351,127226968,1720,1,1
63352,127228968,2807,1,1
63353,127230968,4095,0,0
63354,127232968,4095,0,0
63355,127234968,3688,0,1
63356,127236968,2950,0,1
63357,127238968,2367,0,1
63358,127240968,1914,0,1
63359,127242968,1669,0,1
63360,127244968,1611,0,1
63361,127246968,1699,1,1
63362,127248968,2343,1,1
63363,127250968,3078,0,1
63364,127252968,3055,0,1
63365,127254968,2773,0,1
63366,127256968,2390,0,1
63367,127258968,2091,0,1
63368,127260968,1869,0,1
63369,127262968,1775,0,1
63370,127264968,1791,0,1
63371,127266968,1845,1,1
63372,127268968,2358,1,1
63373,127270968,2812,0,1
63374,127272968,2553,0,1
63375,127274968,2259,0,1
63376,127276968,2004,0,1
63377,127278968,1871,0,1
63378,127280968,1815,0,1
63379,127282968,1821,0,1
63380,127284968,1881,0,1
63381,127286968,1989,1,1
63382,127288968,2936,1,1
63383,127290968,4095,0,0
63384,127292968,4043,0,1
63385,127294968,3327,0,1
63386,127296968,2645,0,1
63387,127298968,2134,0,1
63388,127300968,1781,0,1
63389,127302968,1619,0,1
63390,127304968,1625,0,1
63391,127306968,1791,1,1
63392,127308968,2931,1,1
63393,127310968,4095,0,0
63394,127312968,4095,0,0
63395,127314968,3647,0,1
63396,127316968,2906,0,1
63397,127318968,2328,0,1
63398,127320968,1890,0,1
63399,127322968,1651,0,1
63400,127324968,1599,0,1
63401,127326968,1739,1,1
63402,127328968,2843,1,1
63403,127330968,4095,0,0
63404,127332968,4095,0,0
63405,127334968,3559,0,1
63406,127336968,2851,0,1
63407,127338968,2285,0,1
63408,127340968,1852,0,1
63409,127342968,1639,0,1
63410,127344968,1599,0,1
63411,127346968,1774,1,1
63412,127348968,2915,1,1
63413,127350968,4095,0,0
63414,127352968,4095,0,0
63415,127354968,3753,0,1
63416,127356968,3021,0,1
63417,127358968,2413,0,1
63418,127360968,1950,0,1
63419,127362968,1685,0,1
63420,127364968,1591,0,1
63421,127366968,1751,1,1
63422,127368968,2897,1,1
63423,127370968,4095,0,0
63424,127372968,4095,0,0
63425,127374968,3781,0,1
63426,127376968,3043,0,1
63427,127378968,2428,0,1
63428,127380968,1951,0,1
63429,127382968,1679,0,1
63430,127384968,1595,0,1
63431,127386968,1742,1,1
63432,127388968,2909,1,1
63433,127390968,4095,0,0
63434,127392968,4095,0,0
63435,127394968,3544,0,1
63436,127396968,2829,0,1
63437,127398968,2271,0,1
63438,127400968,1839,0,1
63439,127402968,1636,0,1
63440,127404968,1599,0,1
63441,127406968,1782,1,1
63442,127408968,2979,1,1
63443,127410968,4095,0,0
63444,127412968,4095,0,0
63445,127414968,3547,0,1
63446,127416968,2829,0,1
63447,127418968,2275,0,1
63448,127420968,1853,0,1
63449,127422968,1643,0,1
63450,127424968,1596,0,1
63451,127426968,1805,1,1
63452,127428968,3019,1,1
63453,127430968,4095,0,0
63454,127432968,4095,0,0
63455,127434968,3557,0,1
63456,127436968,2847,0,1
63457,127438968,2283,0,1
63458,127440968,1855,0,1
63459,127442968,1644,0,1
63460,127444968,1595,0,1
63461,127446968,1815,1,1
63462,127448968,3043,1,1
63463,127450968,4095,0,0
63464,127452968,4095,0,0
63465,127454968,3533,0,1
63466,127456968,2829,0,1
63467,127458968,2268,0,1
63468,127460968,1837,0,1
63469,127462968,1631,0,1
63470,127464968,1597,0,1
63471,127466968,1811,1,1
63472,127468968,3035,1,1
63473,127470968,4095,0,0
63474,127472968,4095,0,0
63475,127474968,3568,0,1
63476,127476968,2853,0,1
63477,127478968,2283,0,1
63478,127480968,1865,0,1
63479,127482968,1647,0,1
63480,127484968,1599,0,1
63481,127486968,1827,1,1
63482,127488968,3015,1,1
63483,127490968,4095,0,0
63484,127492968,4095,0,0
63485,127494968,3487,0,1
63486,127496968,2796,0,1
63487,127498968,2237,0,1
63488,127500968,1839,0,1
63489,127502968,1637,0,1
63490,127504968,1605,0,1
63491,127506968,1837,1,1
63492,127508968,3059,1,1
63493,127510968,4095,0,0
63494,127512968,4095,0,0
63495,127514968,3615,0,1
63496,127516968,2901,0,1
63497,127518968,2319,0,1
63498,127520968,1869,0,1
63499,127522968,1653,0,1
63500,127524968,1592,0,1
63501,127526968,1817,1,1
63502,127528968,3039,1,1
63503,127530968,4095,0,0
63504,127532968,4083,0,1
63505,127534968,3323,0,1
63506,127536968,2663,0,1
63507,127538968,2139,0,1
63508,127540968,1768,0,1
63509,127542968,1619,0,1
63510,127544968,1612,0,1
63511,127546968,1881,1,1
63512,127548968,3143,1,1
63513,127550968,4095,0,0
63514,127552968,4095,0,0
63515,127554968,3350,0,1
63516,127556968,2680,0,1
63517,127558968,2152,0,1
63518,127560968,1779,0,1
63519,127562968,1641,0,1
63520,127564968,1607,0,1
63521,127566968,1895,1,1
63522,127568968,3167,1,1
63523,127570968,4095,0,0
63524,127572968,4095,0,0
63525,127574968,3391,0,1
63526,127576968,2713,0,1
63527,127578968,2174,0,1
63528,127580968,1799,0,1
63529,127582968,1634,0,1
63530,127584968,1614,0,1
63531,127586968,1899,1,1
63532,127588968,3195,1,1
63533,127590968,4095,0,0
63534,127592968,4095,0,0
63535,127594968,3533,0,1
63536,127596968,2838,0,1
63537,127598968,2264,0,1
63538,127600968,1845,0,1
63539,127602968,1651,0,1
63540,127604968,1596,0,1
63541,127606968,1866,1,1
63542,127608968,3158,1,1
63543,127610968,4095,0,0
63544,127612968,4095,0,0
63545,127614968,3431,0,1
63546,127616968,2744,0,1
63547,127618968,2206,0,1
63548,127620968,1815,0,1
63549,127622968,1630,0,1
63550,127624968,1610,0,1
63551,127626968,1927,1,1
63552,127628968,3333,1,1
63553,127630968,4095,0,0
63554,127632968,4095,0,0
63555,127634968,3527,0,1
63556,127636968,2824,0,1
63557,127638968,2259,0,1
63558,127640968,1833,0,1
63559,127642968,1645,0,1
63560,127644968,1604,0,1
63561,127646968,1910,1,1
63562,127648968,3240,1,1
63563,127650968,4095,0,0
63564,127652968,4095,0,0
63565,127654968,3470,0,1
63566,127656968,2773,0,1
63567,127658968,2216,0,1
63568,127660968,1811,0,1
63569,127662968,1635,0,1
63570,127664968,1598,0,1
63571,127666968,1931,1,1
63572,127668968,3299,1,1
63573,127670968,4095,0,0
63574,127672968,4095,0,0
63575,127674968,3407,0,1
63576,127676968,2717,0,1
63577,127678968,2175,0,1
63578,127680968,1789,0,1
63579,127682968,1635,0,1
63580,127684968,1613,0,1
63581,127686968,1943,1,1
63582,127688968,3309,1,1
63583,127690968,4095,0,0
63584,127692968,4095,0,0
63585,127694968,3345,0,1
63586,127696968,2679,0,1
63587,127698968,2155,0,1
63588,127700968,1780,0,1
63589,127702968,1619,0,1
63590,127704968,1614,0,1
63591,127706968,1977,1,1
63592,127708968,3375,1,1
63593,127710968,4095,0,0
63594,127712968,4095,0,0
63595,127714968,3463,0,1
63596,127716968,2777,0,1
63597,127718968,2221,0,1
63598,127720968,1813,0,1
63599,127722968,1636,0,1
63600,127724968,1597,0,1
63601,127726968,1959,1,1
63602,127728968,3366,1,1
63603,127730968,4095,0,0
63604,127732968,4095,0,0
63605,127734968,3347,0,1
63606,127736968,2669,0,1
63607,127738968,2142,0,1
63608,127740968,1775,0,1
63609,127742968,1610,0,1
63610,127744968,1615,0,1
63611,127746968,2007,1,1
63612,127748968,3449,1,1
63613,127750968,4095,0,0
63614,127752968,4095,0,0
63615,127754968,3545,0,1
63616,127756968,2845,0,1
63617,127758968,2276,0,1
63618,127760968,1851,0,1
63619,127762968,1628,0,1
63620,127764968,1593,0,1
63621,127766968,2007,1,1
63622,127768968,3512,1,1
63623,127770968,4095,0,0
63624,127772968,4095,0,0
63625,127774968,3465,0,1
63626,127776968,2773,0,1
63627,127778968,2223,0,1
63628,127780968,1816,0,1
63629,127782968,1627,0,1
63630,127784968,1606,0,1
63631,127786968,2030,1,1
63632,127788968,3576,1,1
63633,127790968,4095,0,0
63634,127792968,4095,0,0
63635,127794968,3497,0,1
63636,127796968,2799,0,1
63637,127798968,2235,0,1
63638,127800968,1820,0,1
63639,127802968,1637,0,1
63640,127804968,1605,0,1
63641,127806968,1993,1,1
63642,127808968,3420,1,1
63643,127810968,4095,0,0
63644,127812968,3991,0,1
63645,127814968,3243,0,1
63646,127816968,2597,0,1
63647,127818968,2083,0,1
63648,127820968,1743,0,1
63649,127822968,1611,0,1
63650,127824968,1626,0,1
63651,127826968,2065,1,1
63652,127828968,3509,1,1
63653,127830968,4095,0,0
63654,127832968,4057,0,1
63655,127834968,3300,0,1
63656,127836968,2638,0,1
63657,127838968,2117,0,1
63658,127840968,1752,0,1
63659,127842968,1599,0,1
63660,127844968,1609,0,1
63661,127846968,2079,1,1
63662,127848968,3612,1,1
63663,127850968,4095,0,0
63664,127852968,4095,0,0
63665,127854968,3503,0,1
63666,127856968,2814,0,1
63667,127858968,2252,0,1
63668,127860968,1829,0,1
63669,127862968,1623,0,1
63670,127864968,1593,0,1
63671,127866968,2074,1,1
63672,127868968,3765,1,1
63673,127870968,4095,0,0
63674,127872968,4095,0,0
63675,127874968,3443,0,1
63676,127876968,2763,0,1
63677,127878968,2213,0,1
63678,127880968,1817,0,1
63679,127882968,1629,0,1
63680,127884968,1615,0,1
63681,127886968,1949,1,1
63682,127888968,2901,1,1
63683,127890968,3399,0,1
63684,127892968,3230,0,1
63685,127894968,2822,0,1
63686,127896968,2380,0,1
63687,127898968,2021,0,1
63688,127900968,1802,0,1
63689,127902968,1721,0,1
63690,127904968,1735,0,1
63691,127906968,2003,1,1
63692,127908968,2735,1,1
63693,127910968,2803,0,1
63694,127912968,2547,0,1
63695,127914968,2246,0,1
63696,127916968,2021,0,1
63697,127918968,1875,0,1
63698,127920968,1803,0,1
63699,127922968,1813,0,1
63700,127924968,1865,0,1
63701,127926968,2341,1,1
63702,127928968,3862,1,1
63703,127930968,4095,0,0
63704,127932968,3993,0,1
63705,127934968,3231,0,1
63706,127936968,2588,0,1
63707,127938968,2077,0,1
63708,127940968,1738,0,1
63709,127942968,1604,0,1
63710,127944968,1614,0,1
63711,127946968,2185,1,1
63712,127948968,3875,1,1
63713,127950968,4095,0,0
63714,127952968,4095,0,0
63715,127954968,3389,0,1
63716,127956968,2711,0,1
63717,127958968,2171,0,1
63718,127960968,1787,0,1
63719,127962968,1610,0,1
63720,127964968,1612,0,1
63721,127966968,2167,1,1
63722,127968968,3861,1,1
63723,127970968,4095,0,0
63724,127972968,4095,0,0
63725,127974968,3341,0,1
63726,127976968,2679,0,1
63727,127978968,2154,0,1
63728,127980968,1769,0,1
63729,127982968,1608,0,1
63730,127984968,1595,0,1
63731,127986968,2219,1,1
63732,127988968,4059,1,1
63733,127990968,4095,0,0
63734,127992968,4095,0,0
63735,127994968,3455,0,1
63736,127996968,2771,0,1
63737,127998968,2207,0,1
63738,128000968,1816,0,1
63739,128002968,1618,0,1
63740,128004968,1595,1,1
63741,128006968,2205,1,1
63742,128008968,3997,1,1
63743,128010968,4095,0,0
63744,128012968,4095,0,0
63745,128014968,3517,0,1
63746,128016968,2838,0,1
63747,128018968,2259,0,1
63748,128020968,1835,0,1
63749,128022968,1627,0,1
63750,128024968,1598,1,1
63751,128026968,2211,1,1
63752,128028968,3995,1,1
63753,128030968,4095,0,0
63754,128032968,4095,0,0
63755,128034968,3434,0,1
63756,128036968,2749,0,1
63757,128038968,2196,0,1
63758,128040968,1799,0,1
63759,128042968,1623,0,1
63760,128044968,1591,1,1
63761,128046968,2223,1,1
63762,128048968,4035,1,1
63763,128050968,4095,0,0
63764,128052968,4095,0,0
63765,128054968,3349,0,1
63766,128056968,2680,0,1
63767,128058968,2142,0,1
63768,128060968,1767,0,1
63769,128062968,1625,0,1
63770,128064968,1607,1,1
63771,128066968,2259,1,1
63772,128068968,4082,1,1
63773,128070968,4095,0,0
63774,128072968,4095,0,0
63775,128074968,3319,0,1
63776,128076968,2666,0,1
63777,128078968,2135,0,1
63778,128080968,1763,0,1
63779,128082968,1615,0,1
63780,128084968,1611,1,1
63781,128086968,2291,1,1
63782,128088968,4095,1,0
63783,128090968,4095,0,0
63784,128092968,4083,0,1
63785,128094968,3323,0,1
63786,128096968,2660,0,1
63787,128098968,2131,0,1
63788,128100968,1765,0,1
63789,128102968,1625,0,1
63790,128104968,1609,1,1
63791,128106968,2296,1,1
63792,128108968,4095,1,0
63793,128110968,4095,0,0
63794,128112968,4023,0,1
63795,128114968,3251,0,1
63796,128116968,2606,0,1
63797,128118968,2083,0,1
63798,128120968,1739,0,1
63799,128122968,1622,0,1
63800,128124968,1605,1,1
63801,128126968,2301,1,1
63802,128128968,4031,1,1
63803,128130968,4095,0,0
63804,128132968,3948,0,1
63805,128134968,3177,0,1
63806,128136968,2541,0,1
63807,128138968,2036,0,1
63808,128140968,1716,0,1
63809,128142968,1597,0,1
63810,128144968,1631,1,1
63811,128146968,2345,1,1
63812,128148968,4095,1,0
63813,128150968,4095,0,0
63814,128152968,4095,0,0
63815,128154968,3389,0,1
63816,128156968,2731,0,1
63817,128158968,2175,0,1
63818,128160968,1787,0,1
63819,128162968,1624,0,1
63820,128164968,1608,1,1
63821,128166968,2331,1,1
63822,128168968,4095,1,0
63823,128170968,4095,0,0
63824,128172968,4045,0,1
63825,128174968,3245,0,1
63826,128176968,2605,0,1
63827,128178968,2077,0,1
63828,128180968,1740,0,1
63829,128182968,1621,0,1
63830,128184968,1615,1,1
63831,128186968,2356,1,1
63832,128188968,4095,1,0
63833,128190968,4095,0,0
63834,128192968,3974,0,1
63835,128194968,3187,0,1
63836,128196968,2550,0,1
63837,128198968,2053,0,1
63838,128200968,1720,0,1
63839,128202968,1609,0,1
63840,128204968,1623,1,1
63841,128206968,2411,1,1
63842,128208968,4095,1,0
63843,128210968,4095,0,0
63844,128212968,4095,0,0
63845,128214968,3438,0,1
63846,128216968,2766,0,1
63847,128218968,2203,0,1
63848,128220968,1813,0,1
63849,128222968,1628,0,1
63850,128224968,1611,1,1
63851,128226968,2374,1,1
63852,128228968,4095,1,0
63853,128230968,4095,0,0
63854,128232968,3939,0,1
63855,128234968,3157,0,1
63856,128236968,2525,0,1
63857,128238968,2027,0,1
63858,128240968,1712,0,1
63859,128242968,1595,0,1
63860,128244968,1627,1,1
63861,128246968,2426,1,1
63862,128248968,4095,1,0
63863,128250968,4095,0,0
63864,128252968,3911,0,1
63865,128254968,3148,0,1
63866,128256968,2523,0,1
63867,128258968,2024,0,1
63868,128260968,1712,0,1
63869,128262968,1595,0,1
63870,128264968,1621,1,1
63871,128266968,2454,1,1
63872,128268968,4095,1,0
63873,128270968,4095,0,0
63874,128272968,3932,0,1
63875,128274968,3165,0,1
63876,128276968,2535,0,1
63877,128278968,2031,0,1
63878,128280968,1720,0,1
63879,128282968,1591,0,1
63880,128284968,1637,1,1
63881,128286968,2511,1,1
63882,128288968,4095,1,0
63883,128290968,4095,0,0
63884,128292968,4005,0,1
63885,128294968,3227,0,1
63886,128296968,2591,0,1
63887,128298968,2072,0,1
63888,128300968,1736,0,1
63889,128302968,1598,0,1
63890,128304968,1627,1,1
63891,128306968,2486,1,1
63892,128308968,4095,1,0
63893,128310968,4095,0,0
63894,128312968,4086,0,1
63895,128314968,3341,0,1
63896,128316968,2675,0,1
63897,128318968,2133,0,1
63898,128320968,1773,0,1
63899,128322968,1611,0,1
63900,128324968,1606,1,1
63901,128326968,2491,1,1
63902,128328968,4095,1,0
63903,128330968,4095,0,0
63904,128332968,4073,0,1
63905,128334968,3311,0,1
63906,128336968,2651,0,1
63907,128338968,2109,0,1
63908,128340968,1755,0,1
63909,128342968,1595,0,1
63910,128344968,1625,1,1
63911,128346968,2513,1,1
63912,128348968,4095,1,0
63913,128350968,4095,0,0
63914,128352968,3944,0,1
63915,128354968,3175,0,1
63916,128356968,2543,0,1
63917,128358968,2036,0,1
63918,128360968,1710,0,1
63919,128362968,1595,0,1
63920,128364968,1646,1,1
63921,128366968,2611,1,1
63922,128368968,4095,1,0
63923,128370968,4095,0,0
63924,128372968,4071,0,1
63925,128374968,3303,0,1
63926,128376968,2649,0,1
63927,128378968,2108,0,1
63928,128380968,1751,0,1
63929,128382968,1609,0,1
63930,128384968,1613,1,1
63931,128386968,2556,1,1
63932,128388968,4095,1,0
63933,128390968,4095,0,0
63934,128392969,3880,0,1
63935,128394968,3115,0,1
63936,128396968,2495,0,1
63937,128398968,1999,0,1
63938,128400968,1701,0,1
63939,128402968,1593,0,1
63940,128404968,1644,1,1
63941,128406968,2596,1,1
63942,128408968,4095,1,0
63943,128410968,4095,0,0
63944,128412968,4029,0,1
63945,128414968,3271,0,1
63946,128416968,2621,0,1
63947,128418968,2089,0,1
63948,128420968,1739,0,1
63949,128422968,1605,0,1
63950,128424968,1643,1,1
63951,128426968,2588,1,1
63952,128428968,4095,0,0
63953,128430968,4095,0,0
63954,128432969,3854,0,1
63955,128434968,3111,0,1
63956,128436968,2487,0,1
63957,128438968,1989,0,1
63958,128440968,1700,0,1
63959,128442968,1589,0,1
63960,128444968,1670,1,1
63961,128446968,2701,1,1
63962,128448968,4095,0,0
63963,128450968,4095,0,0
63964,128452968,3967,0,1
63965,128454968,3215,0,1
63966,128456968,2582,0,1
63967,128458968,2053,0,1
63968,128460968,1719,0,1
63969,128462968,1605,0,1
63970,128464968,1642,1,1
63971,128466968,2637,1,1
63972,128468968,4095,0,0
63973,128470968,4095,0,0
63974,128472969,3805,0,1
63975,128474968,3050,0,1
63976,128476968,2453,0,1
63977,128478968,1961,0,1
63978,128480968,1701,0,1
63979,128482968,1597,0,1
63980,128484968,1683,1,1
63981,128486968,2685,1,1
63982,128488968,4095,0,0
63983,128490968,4095,0,0
63984,128492968,3986,0,1
63985,128494968,3225,0,1
63986,128496968,2581,0,1
63987,128498968,2067,0,1
63988,128500968,1733,0,1
63989,128502968,1603,0,1
63990,128504968,1657,1,1
63991,128506968,2695,1,1
63992,128508968,4095,0,0
63993,128510968,4095,0,0
63994,128512969,4022,0,1
63995,128514968,3244,0,1
63996,128516968,2607,0,1
63997,128518968,2077,0,1
63998,128520968,1736,0,1
63999,128522968,1595,0,1
64000,128524968,1655,1,1
64001,128526968,2727,1,1
64002,128528968,4095,0,0
64003,128530968,4095,0,0
64004,128532968,3895,0,1
64005,128534968,3078,0,1
64006,128536968,2469,0,1
64007,128538968,1972,0,1
64008,128540968,1703,0,1
64009,128542968,1589,0,1
64010,128544968,1693,1,1
64011,128546968,2803,1,1
64012,128548968,4095,0,0
64013,128550968,4095,0,0
64014,128552969,4095,0,0
64015,128554968,3385,0,1
64016,128556968,2709,0,1
64017,128558968,2155,0,1
64018,128560968,1800,0,1
64019,128562968,1623,0,1
64020,128564968,1637,1,1
64021,128566968,1939,1,1
64022,128568968,2159,0,1
64023,128570968,1902,0,1
64024,128572968,1765,0,1
64025,128574968,1715,0,1
64026,128576968,1783,0,1
64027,128578968,1871,0,1
64028,128580968,1948,0,1
64029,128582968,2003,0,1
64030,128584968,2087,1,1
64031,128586968,2991,1,1
64032,128588968,4095,0,0
64033,128590968,4095,0,0
64034,128592969,3475,0,1
64035,128594968,2769,0,1
64036,128596968,2218,0,1
64037,128598968,1827,0,1
64038,128600968,1630,0,1
64039,128602968,1609,0,1
64040,128604968,1755,1,1
64041,128606968,2915,1,1
64042,128608968,4095,0,0
64043,128610968,4095,0,0
64044,128612968,3991,0,1
64045,128614968,3238,0,1
64046,128616968,2595,0,1
64047,128618968,2059,0,1
64048,128620968,1735,0,1
64049,128622968,1597,0,1
64050,128624968,1699,1,1
64051,128626968,2864,1,1
64052,128628968,4095,0,0
64053,128630968,4095,0,0
64054,128632969,3977,0,1
64055,128634968,3219,0,1
64056,128636968,2585,0,1
64057,128638968,2055,0,1
64058,128640968,1741,0,1
64059,128642968,1603,0,1
64060,128644968,1706,1,1
64061,128646968,2891,1,1
64062,128648968,4095,0,0
64063,128650968,4095,0,0
64064,128652968,3799,0,1
64065,128654968,3053,0,1
64066,128656968,2443,0,1
64067,128658968,1959,0,1
64068,128660968,1679,0,1
64069,128662968,1595,0,1
64070,128664968,1723,1,1
64071,128666968,2915,1,1
64072,128668968,4095,0,0
64073,128670968,4095,0,0
64074,128672969,3773,0,1
64075,128674968,3015,0,1
64076,128676968,2412,0,1
64077,128678968,1961,0,1
64078,128680968,1663,0,1
64079,128682968,1594,0,1
64080,128684968,1758,1,1
64081,128686968,2986,1,1
64082,128688968,4095,0,0
64083,128690968,4095,0,0
64084,128692968,3993,0,1
64085,128694968,3219,0,1
64086,128696968,2583,0,1
64087,128698968,2053,0,1
64088,128700968,1719,0,1
64089,128702968,1595,0,1
64090,128704968,1733,1,1
64091,128706968,2988,1,1
64092,128708968,4095,0,0
64093,128710968,4095,0,0
64094,128712969,3901,0,1
64095,128714968,3143,0,1
64096,128716968,2511,0,1
64097,128718968,2007,0,1
64098,128720968,1707,0,1
64099,128722968,1599,0,1
64100,128724968,1739,1,1
64101,128726968,2991,1,1
64102,128728968,4095,0,0
64103,128730968,4095,0,0
64104,128732968,3852,0,1
64105,128734968,3099,0,1
64106,128736968,2477,0,1
64107,128738968,1979,0,1
64108,128740968,1703,0,1
64109,128742968,1593,0,1
64110,128744968,1753,1,1
64111,128746968,2989,1,1
64112,128748968,4095,0,0
64113,128750968,4095,0,0
64114,128752969,3719,0,1
64115,128754968,2981,0,1
64116,128756968,2391,0,1
64117,128758968,1935,0,1
64118,128760968,1669,0,1
64119,128762968,1591,0,1
64120,128764968,1783,1,1
64121,128766968,3067,1,1
64122,128768968,4095,0,0
64123,128770968,4095,0,0
64124,128772968,3893,0,1
64125,128774968,3141,0,1
64126,128776968,2517,0,1
64127,128778968,2011,0,1
64128,128780968,1695,0,1
64129,128782968,1598,0,1
64130,128784968,1769,1,1
64131,128786968,3021,1,1
64132,128788968,4095,0,0
64133,128790968,4095,0,0
64134,128792969,3733,0,1
64135,128794968,2997,0,1
64136,128796968,2396,0,1
64137,128798968,1919,0,1
64138,128800968,1663,0,1
64139,128802968,1598,0,1
64140,128804968,1813,1,1
64141,128806968,3087,1,1
64142,128808968,4095,0,0
64143,128810968,4095,0,0
64144,128812968,3662,0,1
64145,128814968,2937,0,1
64146,128816968,2349,0,1
64147,128818968,1901,0,1
64148,128820968,1647,0,1
64149,128822968,1597,0,1
64150,128824968,1820,1,1
64151,128826968,3100,1,1
64152,128828968,4095,0,0
64153,128830968,4095,0,0
64154,128832969,3624,0,1
64155,128834968,2901,0,1
64156,128836968,2323,0,1
64157,128838968,1874,0,1
64158,128840968,1645,0,1
64159,128842968,1591,0,1
64160,128844968,1836,1,1
64161,128846968,3173,1,1
64162,128848968,4095,0,0
64163,128850968,4095,0,0
64164,128852968,3763,0,1
64165,128854968,3019,0,1
64166,128856968,2413,0,1
64167,128858968,1935,0,1
64168,128860968,1670,0,1
64169,128862968,1587,0,1
64170,128864968,1835,1,1
64171,128866968,3189,1,1
64172,128868968,4095,0,0
64173,128870968,4095,0,0
64174,128872969,3668,0,1
64175,128874968,2923,0,1
64176,128876968,2345,0,1
64177,128878968,1899,0,1
64178,128880968,1656,0,1
64179,128882968,1591,0,1
64180,128884968,1871,1,1
64181,128886968,3237,1,1
64182,128888968,4095,0,0
64183,128890968,4095,0,0
64184,128892968,3795,0,1
64185,128894968,3039,0,1
64186,128896968,2439,0,1
64187,128898968,1951,0,1
64188,128900968,1673,0,1
64189,128902968,1589,0,1
64190,128904968,1845,1,1
64191,128906968,3231,1,1
64192,128908968,4095,0,0
64193,128910968,4095,0,0
64194,128912969,3771,0,1
64195,128914968,3019,0,1
64196,128916968,2409,0,1
64197,128918968,1944,0,1
64198,128920968,1669,0,1
64199,128922968,1595,0,1
64200,128924968,1861,1,1
64201,128926968,3241,1,1
64202,128928968,4095,0,0
64203,128930968,4095,0,0
64204,128932968,3597,0,1
64205,128934968,2873,0,1
64206,128936968,2315,0,1
64207,128938968,1862,0,1
64208,128940968,1642,0,1
64209,128942968,1588,0,1
64210,128944968,1895,1,1
64211,128946968,3315,1,1
64212,128948968,4095,0,0
64213,128950968,4095,0,0
64214,128952969,3804,0,1
64215,128954968,3053,0,1
64216,128956968,2453,0,1
64217,128958968,1954,0,1
64218,128960968,1678,0,1
64219,128962968,1591,0,1
64220,128964968,1902,1,1
64221,128966968,3413,1,1
64222,128968968,4095,0,0
64223,128970968,4095,0,0
64224,128972968,3752,0,1
64225,128974968,3015,0,1
64226,128976968,2404,0,1
64227,128978968,1927,0,1
64228,128980968,1685,0,1
64229,128982968,1593,0,1
64230,128984968,1899,1,1
64231,128986968,3355,1,1
64232,128988968,4095,0,0
64233,128990968,4095,0,0
64234,128992969,3659,0,1
64235,128994968,2927,0,1
64236,128996968,2342,0,1
64237,128998968,1885,0,1
64238,129000968,1660,0,1
64239,129002968,1589,0,1
64240,129004968,1928,1,1
64241,129006968,3407,1,1
64242,129008968,4095,0,0
64243,129010968,4095,0,0
64244,129012968,3595,0,1
64245,129014968,2878,0,1
64246,129016968,2301,0,1
64247,129018968,1863,0,1
64248,129020968,1644,0,1
64249,129022968,1589,0,1
64250,129024968,1965,1,1
64251,129026968,3499,1,1
64252,129028968,4095,0,0
64253,129030968,4095,0,0
64254,129032969,3682,0,1
64255,129034968,2951,0,1
64256,129036968,2355,0,1
64257,129038968,1887,0,1
64258,129040968,1671,0,1
64259,129042968,1597,0,1
64260,129044968,1989,1,1
64261,129046968,3627,1,1
64262,129048968,4095,0,0
64263,129050968,4095,0,0
64264,129052968,3875,0,1
64265,129054968,3135,0,1
64266,129056968,2503,0,1
64267,129058968,1998,0,1
64268,129060968,1704,0,1
64269,129062968,1595,0,1
64270,129064968,1955,1,1
64271,129066968,3499,1,1
64272,129068968,4095,0,0
64273,129070968,4095,0,0
64274,129072969,3563,0,1
64275,129074968,2855,0,1
64276,129076968,2284,0,1
64277,129078968,1851,0,1
64278,129080968,1637,0,1
64279,129082968,1603,0,1
64280,129084968,2030,1,1
64281,129086968,3736,1,1
64282,129088968,4095,0,0
64283,129090968,4095,0,0
64284,129092968,3915,0,1
64285,129094968,3171,0,1
64286,129096968,2529,0,1
64287,129098968,2012,0,1
64288,129100968,1709,0,1
64289,129102968,1591,0,1
64290,129104968,1974,1,1
64291,129106968,3537,1,1
64292,129108968,4095,0,0
64293,129110968,4095,0,0
64294,129112969,3543,0,1
64295,129114968,2835,0,1
64296,129116968,2258,0,1
64297,129118968,1833,0,1
64298,129120968,1640,0,1
64299,129122968,1605,0,1
64300,129124968,2028,1,1
64301,129126968,3620,1,1
64302,129128968,4095,0,0
64303,129130968,4095,0,0
64304,129132968,3687,0,1
64305,129134968,2955,0,1
64306,129136968,2360,0,1
64307,129138968,1894,0,1
64308,129140968,1656,0,1
64309,129142968,1591,0,1
64310,129144968,2035,1,1
64311,129146968,3667,1,1
64312,129148968,4095,0,0
64313,129150968,4095,0,0
64314,129152969,3509,0,1
64315,129154968,2799,0,1
64316,129156968,2245,0,1
64317,129158968,1832,0,1
64318,129160968,1625,0,1
64319,129162968,1599,0,1
64320,129164968,2099,1,1
64321,129166968,3887,1,1
64322,129168968,4095,0,0
64323,129170968,4095,0,0
64324,129172968,3628,0,1
64325,129174968,2908,0,1
64326,129176968,2323,0,1
64327,129178968,1871,0,1
64328,129180968,1635,0,1
64329,129182968,1590,0,1
64330,129184968,2085,1,1
64331,129186968,3781,1,1
64332,129188968,4095,0,0
64333,129190968,4095,0,0
64334,129192969,3711,0,1
64335,129194968,2985,0,1
64336,129196968,2385,0,1
64337,129198968,1916,0,1
64338,129200968,1659,0,1
64339,129202968,1583,0,1
64340,129204968,2093,1,1
64341,129206968,3827,1,1
64342,129208968,4095,0,0
64343,129210968,4095,0,0
64344,129212968,3700,0,1
64345,129214968,2984,0,1
64346,129216968,2379,0,1
64347,129218968,1904,0,1
64348,129220968,1648,0,1
64349,129222968,1584,0,1
64350,129224968,2182,1,1
64351,129226968,4095,1,0
64352,129228968,4095,0,0
64353,129230968,4095,0,0
64354,129232969,3911,0,1
64355,129234968,3162,0,1
64356,129236968,2523,0,1
64357,129238968,2008,0,1
64358,129240968,1711,0,1
64359,129242968,1603,0,1
64360,129244968,1811,1,1
64361,129246968,2447,1,1
64362,129248968,2713,0,1
64363,129250968,2647,0,1
64364,129252968,2427,0,1
64365,129254968,2197,0,1
64366,129256968,2019,0,1
64367,129258968,1887,0,1
64368,129260968,1836,0,1
64369,129262968,1844,0,1
64370,129264968,2331,1,1
64371,129266968,3887,1,1
64372,129268968,4095,0,0
64373,129270968,3999,0,1
64374,129272969,3231,0,1
64375,129274968,2580,0,1
64376,129276968,2069,0,1
64377,129278968,1727,0,1
64378,129280968,1599,0,1
64379,129282968,1619,0,1
64380,129284968,2245,1,1
64381,129286968,4095,1,0
64382,129288968,4095,0,0
64383,129290968,4095,0,0
64384,129292968,3603,0,1
64385,129294968,2891,0,1
64386,129296968,2297,0,1
64387,129298968,1855,0,1
64388,129300968,1644,0,1
64389,129302968,1591,1,1
64390,129304968,2212,1,1
64391,129306968,4095,1,0
64392,129308968,4095,0,0
64393,129310968,4095,0,0
64394,129312969,3800,0,1
64395,129314968,3049,0,1
64396,129316968,2431,0,1
64397,129318968,1949,0,1
64398,129320968,1676,0,1
64399,129322968,1581,1,1
64400,129324968,2196,1,1
64401,129326968,4095,1,0
64402,129328968,4095,0,0
64403,129330968,4095,0,0
64404,129332968,3593,0,1
64405,129334968,2875,0,1
64406,129336968,2296,0,1
64407,129338968,1853,0,1
64408,129340968,1628,0,1
64409,129342968,1595,1,1
64410,129344968,2263,1,1
64411,129346968,4095,1,0
64412,129348968,4095,0,0
64413,129350968,4095,0,0
64414,129352969,3717,0,1
64415,129354968,2980,0,1
64416,129356968,2381,0,1
64417,129358968,1911,0,1
64418,129360968,1659,0,1
64419,129362968,1594,1,1
64420,129364968,2264,1,1
64421,129366968,4095,1,0
64422,129368968,4095,0,0
64423,129370968,4095,0,0
64424,129372968,3619,0,1
64425,129374968,2908,0,1
64426,129376968,2316,0,1
64427,129378968,1873,0,1
64428,129380968,1644,0,1
64429,129382968,1589,1,1
64430,129384968,2283,1,1
64431,129386968,4095,1,0
64432,129388968,4095,0,0
64433,129390968,4095,0,0
64434,129392969,3734,0,1
64435,129394968,2997,0,1
64436,129396968,2383,0,1
64437,129398968,1939,0,1
64438,129400968,1661,0,1
64439,129402968,1592,1,1
64440,129404968,2291,1,1
64441,129406968,4095,1,0
64442,129408968,4095,0,0
64443,129410968,4095,0,0
64444,129412968,3599,0,1
64445,129414968,2902,0,1
64446,129416968,2310,0,1
64447,129418968,1876,0,1
64448,129420968,1640,0,1
64449,129422968,1603,1,1
64450,129424968,2343,1,1
64451,129426968,4095,1,0
64452,129428968,4095,0,0
64453,129430968,4095,0,0
64454,129432969,3545,0,1
64455,129434968,2851,0,1
