time_s,sample_index,timestamp_us,ecg_raw,leads_off,adc_ok,ecg_morph,ecg_qrs,r_peak
0.0,964,2452968,1976,0,1,5.515561558810813,5.027247599089263,0
0.002,965,2454968,2005,0,1,14.93790218831801,4.932646453744535,0
0.004,966,2456968,2019,0,1,21.14873786608725,4.6838051895363595,0
0.006,967,2458968,2029,0,1,21.961205086731034,4.243241329665219,0
0.008,968,2460968,2028,0,1,17.021780180472245,3.6305464022009457,0
0.01,969,2462968,1975,1,1,8.129278956555776,2.9287337525144137,0
0.012,970,2464968,1952,0,1,-1.295578285373443,2.265029035768716,0
0.014,971,2466968,1917,0,1,-7.589649658870965,1.7689489988931508,0
0.016,972,2468968,1929,0,1,-8.367194628752545,1.5269330498042826,0
0.018,973,2470968,1948,0,1,-3.4028299820201013,1.554522150863471,0
0.020001,974,2472969,1977,0,1,5.461678133511018,1.796494693769767,0
0.022,975,2474968,2005,0,1,15.182894322851684,2.151320750835378,0
0.024,976,2476968,2020,0,1,22.66419800468562,2.5074296390869306,0
0.026,977,2478968,2021,0,1,25.747678726019867,2.7778366479088614,0
0.028,978,2480968,2029,0,1,23.81352626142914,2.9235579728100825,0
0.03,979,2482968,1999,1,1,17.994675462059,2.9624794934308456,0
0.032,980,2484968,1961,0,1,10.873388476358492,2.960024698259568,0
0.034,981,2486968,1943,0,1,5.438957316281069,2.999053784209929,0
0.036,982,2488968,1949,0,1,3.7469579966874225,3.141673894815316,0
0.038,983,2490968,1963,0,1,6.1426822807635695,3.404572109634775,0
0.04,984,2492968,1983,0,1,11.359722275419312,3.75725877797486,0
0.042,985,2494968,2004,0,1,17.19954664939308,4.1380960074400335,0
0.044,986,2496968,2013,0,1,21.413086862187992,4.478785082626883,0
0.046,987,2498968,2024,0,1,22.510816789490473,4.728568824015859,0
0.048,988,2500968,2013,0,1,20.332965345460217,4.871357026761845,0
0.05,989,2502968,1979,1,1,16.16429298129208,4.929227323284338,0
0.052,990,2504968,1964,0,1,12.139963191619263,4.94708816865095,0
0.054,991,2506968,1961,0,1,10.18495950139483,4.965247633253591,0
0.056,992,2508968,1971,0,1,11.204132794348169,4.997241938753058,0
0.058,993,2510968,1976,0,1,14.889144412597307,5.0230886839151365,0
0.060001,994,2512969,1995,0,1,19.956087450170436,4.995721560357241,0
0.062,995,2514968,2008,0,1,24.59733013579003,4.855857201345499,0
0.064,996,2516968,2015,0,1,27.059423914691276,4.551518065230361,0
0.066,997,2518968,2018,0,1,26.193146352750592,4.05633594000774,0
0.068,998,2520968,2023,0,1,21.872847887315352,3.3818576280183152,0
0.07,999,2522968,1994,1,1,15.259388412265427,2.5815443954335553,0
0.072,1000,2524968,1959,0,1,8.607218519824526,1.7404334370854073,0
0.074,1001,2526968,1946,0,1,4.342726953290086,0.9469883951763185,0
0.076,1002,2528968,1958,0,1,3.903188079984142,0.2602864109014078,0
0.078,1003,2530968,1965,0,1,7.157930333597573,-0.30755504099833075,0
0.08,1004,2532968,1993,0,1,12.606484429634026,-0.7876349652188752,0
0.082,1005,2534968,1998,0,1,18.024702190626822,-1.2358627251298175,0
0.084,1006,2536968,2019,0,1,21.22553584012982,-1.7087983084425913,0
0.086,1007,2538968,2014,0,1,20.733876332677557,-2.241191997803072,0
0.088,1008,2540968,2015,0,1,16.274901111529342,-2.8306504266355916,0
0.09,1009,2542968,1997,1,1,8.998681513909064,-3.4332631735195704,0
0.092,1010,2544968,1965,0,1,1.3174420117635357,-3.9730266001082937,0
0.094,1011,2546968,1929,0,1,-3.8523668350718117,-4.367293928731445,0
0.096,1012,2548968,1927,0,1,-4.402927307077399,-4.563637270713929,0
0.098,1013,2550968,1963,0,1,-0.16812230972136977,-4.569145167414501,0
0.100001,1014,2552969,1989,0,1,7.026085844234082,-4.451185586742959,0
0.102,1015,2554968,1999,0,1,14.336059849319327,-4.310524026851059,0
0.104,1016,2556968,2022,0,1,19.034772229435905,-4.246612860138413,0
0.106,1017,2558968,2025,0,1,19.362099533304328,-4.328251556950097,0
0.108,1018,2560968,2023,0,1,15.170027522185638,-4.5724184803731855,0
0.11,1019,2562968,1978,1,1,8.177996293718891,-4.937708120150772,0
0.112,1020,2564968,1947,0,1,1.392910819892517,-5.341368860505064,0
0.114,1021,2566968,1933,0,1,-2.26956330344943,-5.696570089902211,0
0.116,1022,2568968,1949,0,1,-1.3526059756981184,-5.949380013998519,0
0.118,1023,2570968,1967,0,1,3.608769866334084,-6.0948047628714495,0
0.12,1024,2572968,1992,0,1,10.482162772825529,-6.167815164849753,0
0.122,1025,2574968,2009,0,1,16.43328190358186,-6.218567100146338,0
0.124,1026,2576968,2023,0,1,18.912579251592966,-6.283199112219061,0
0.126,1027,2578968,2013,0,1,16.467764809379,-6.359836232929249,0
0.128,1028,2580968,2026,0,1,9.258137191657458,-6.3961812267222795,0
0.13,1029,2582968,1973,1,1,-0.747605259725713,-6.291245512665988,0
0.132,1030,2584968,1938,0,1,-10.19296280962681,-5.916760298346776,0
0.134,1031,2586968,1919,0,1,-15.62038650834397,-5.159812220067852,0
0.136,1032,2588968,1928,0,1,-14.967879128355804,-3.9684469174928547,0
0.138,1033,2590968,1951,0,1,-8.329716113649711,-2.3761669299701347,0
0.140001,1034,2592969,1981,0,1,2.266939188374864,-0.4971253449344859,0
0.142,1035,2594968,2009,0,1,13.757503898553512,1.5017676946095166,0
0.144,1036,2596968,2025,0,1,23.157830653791045,3.439800444964817,0
0.146,1037,2598968,2026,0,1,28.484074366810823,5.159328235335984,0
0.148,1038,2600968,2031,0,1,29.234547874661626,6.551009439852832,0
0.15,1039,2602968,2001,1,1,26.418821094251484,7.563812217216708,0
0.152,1040,2604968,1981,0,1,22.087699851881492,8.197915931175597,0
0.154,1041,2606968,1973,0,1,18.40540598071511,8.482760589974383,0
0.156,1042,2608968,1973,0,1,16.734112991361915,8.45257112579764,0
0.158,1043,2610968,1979,0,1,17.184753889821295,8.131609249984063,0
0.16,1044,2612968,2005,0,1,18.708776148646987,7.53279201686057,0
0.162,1045,2614968,2008,0,1,19.665965681335926,6.66866201301281,0
0.164,1046,2616968,2009,0,1,18.58691485365157,5.567671130514419,0
0.166,1047,2618968,2013,0,1,14.730882328153784,4.2855311245599506,0
0.168,1048,2620968,2005,0,1,8.399312316808988,2.908684584797224,0
0.17,1049,2622968,1977,1,1,1.0517269544571572,1.5497761839677013,0
0.172,1050,2624968,1951,0,1,-5.043435042035296,0.33048252001081857,0
0.174,1051,2626968,1939,0,1,-7.715392816878309,-0.6477340017132329,0
0.176,1052,2628968,1942,0,1,-5.912461611344599,-1.3326979983897054,0
0.178,1053,2630968,1973,0,1,-0.24039333435301957,-1.7353343269164034,0
0.180001,1054,2632969,1991,0,1,7.295107524633368,-1.9205240336505354,0
0.182,1055,2634968,2004,0,1,14.115142079495964,-1.980497422357372,0
0.184,1056,2636968,2019,0,1,17.925330031685114,-2.004574038508746,0
0.186,1057,2638968,2021,0,1,17.365282618400304,-2.054110591365671,0
0.188,1058,2640968,2025,0,1,12.521778770006431,-2.144967694818339,0
0.19,1059,2642968,1975,1,1,5.166325389588421,-2.2424377716569284,0
0.192,1060,2644968,1945,0,1,-1.7635370683720848,-2.277935763473786,0
0.194,1061,2646968,1939,0,1,-5.495033548256919,-2.185763176052447,0
0.196,1062,2648968,1945,0,1,-4.713910102023856,-1.9387046166983304,0
0.198,1063,2650968,1979,0,1,0.00839746889162818,-1.5618422670607006,0
0.2,1064,2652968,1984,0,1,6.689933747174747,-1.1217868944507166,0
0.202,1065,2654968,2011,0,1,12.8182451005217,-0.7019275292467373,0
0.204,1066,2656968,2013,0,1,16.179181259550816,-0.375720636327463,0
0.206,1067,2658968,2024,0,1,15.51543916052453,-0.18429107738392,0
0.208,1068,2660968,2015,1,1,11.015391188926477,-0.12181404634494096,0
0.21,1069,2662968,1971,1,1,4.429715216937412,-0.13461236508617605,0
0.212,1070,2664968,1948,0,1,-1.5674034648906074,-0.1411512816772711,0
0.214,1071,2666968,1946,0,1,-4.6448947174270225,-0.06765137857018684,0
0.216,1072,2668968,1959,0,1,-3.837500572247189,0.12197084091228882,0
0.218,1073,2670968,1973,0,1,0.2711434498550316,0.4171955069518948,0
0.220001,1074,2672969,1987,0,1,5.99796881238298,0.7705391930600739,0
0.222,1075,2674968,2007,0,1,11.224996360761056,1.1166897610846438,0
0.224,1076,2676968,2011,0,1,14.088198819191792,1.3947717562106365,0
0.226,1077,2678968,2015,0,1,13.57675630751501,1.5681844472826316,0
0.228,1078,2680968,2008,1,1,9.907936062992283,1.636437788755925,0
0.23,1079,2682968,1979,1,1,4.558567153746975,1.6350540576421,0
0.232,1080,2684968,1957,0,1,-0.2227857092376493,1.6204264758120015,0
0.234,1081,2686968,1949,0,1,-2.378691095013056,1.6428178518249865,0
0.236,1082,2688968,1965,0,1,-0.9398759818623774,1.7216023148577788,0
0.238,1083,2690968,1967,0,1,3.6611867601016597,1.8360883163472141,0
0.24,1084,2692968,1991,0,1,9.814814995933052,1.9325346398657295,0
0.242,1085,2694968,2007,0,1,15.239801947496492,1.941617780244636,0
0.244,1086,2696968,2018,0,1,17.676416480034085,1.8019484151916831,0
0.246,1087,2698968,2035,0,1,15.675639201930293,1.4842529038306882,0
0.248,1088,2700968,2023,1,1,9.363103213043118,1.010293444557397,0
0.25,1089,2702968,1967,1,1,0.7986995062362856,0.45685789539529764,0
0.252,1090,2704968,1941,0,1,-6.70477134526133,-0.0673878873514443,0
0.254,1091,2706968,1925,0,1,-10.174156162950764,-0.4663622442840044,0
0.256,1092,2708968,1956,0,1,-8.368126986879254,-0.6953673900013108,0
0.258,1093,2710968,1963,0,1,-2.123476291117686,-0.7730058155531124,0
0.260001,1094,2712969,1997,0,1,6.20883461377773,-0.7669282356310179,0
0.262,1095,2714968,2007,0,1,13.67164500068733,-0.7658460736557331,0
0.264,1096,2716968,2023,0,1,17.594427240448912,-0.8485901873781485,0
0.266,1097,2718968,2036,0,1,16.3700537104285,-1.056897694208049,0
0.268,1098,2720968,2023,1,1,10.124226890087808,-1.3760027330276172,0
0.27,1099,2722968,1976,1,1,1.0036014000782258,-1.7309413481598324,0
0.272,1100,2724968,1931,0,1,-7.513796677944493,-2.0100224772748656,0
0.274,1101,2726968,1933,0,1,-12.231255229399112,-2.1109757971800653,0
0.276,1102,2728968,1949,0,1,-11.659312048923912,-1.982543131864511,0
0.278,1103,2730968,1959,0,1,-6.3568891451507294,-1.638857413661297,0
0.28,1104,2732968,1987,0,1,1.573938750394481,-1.148865515659209,0
0.282,1105,2734968,2007,0,1,9.290574835309032,-0.6123717313503377,0
0.284,1106,2736968,2023,0,1,14.128135087568522,-0.1295557361655011,0
0.286,1107,2738968,2031,0,1,14.49902158085178,0.2289274901583147,0
0.288,1108,2740968,2019,1,1,10.563023040824556,0.44291847787913396,0
0.29,1109,2742968,1965,1,1,4.3146257488583,0.5453402425842206,0
0.292,1110,2744968,1951,0,1,-1.2965823110536356,0.5991010322874724,0
0.294,1111,2746968,1947,0,1,-3.8352169649497787,0.6587952984483176,0
0.296,1112,2748968,1967,0,1,-2.3914058752108356,0.7423071758832431,0
0.298,1113,2750968,1972,0,1,2.339217475746669,0.8253950994325312,0
0.300001,1114,2752969,1993,0,1,8.526203610131605,0.8532456675321829,0
0.302,1115,2754968,2009,0,1,13.8186837677674,0.7599413329992808,0
0.304,1116,2756968,2019,0,1,16.027407282526596,0.49147524905118645,0
0.306,1117,2758968,2029,0,1,13.837704879337652,0.027911271800615145,0
0.308,1118,2760968,2023,1,1,7.455337752258993,-0.6006475245325746,0
0.31,1119,2762968,1975,1,1,-1.0822553726749353,-1.3115501794419817,0
0.312,1120,2764968,1933,0,1,-8.486854618611119,-1.9910850760741874,0
0.314,1121,2766968,1927,0,1,-11.767103663033202,-2.538171424247643,0
0.316,1122,2768968,1957,0,1,-9.705674150660236,-2.904775027808586,0
0.318,1123,2770968,1965,0,1,-3.2124168460559197,-3.107743017695893,0
0.32,1124,2772968,1991,0,1,5.284008405725605,-3.213342381994583,0
0.322,1125,2774968,2015,0,1,12.70704378924645,-3.309648770378459,0
0.324,1126,2776968,2029,0,1,16.25707496011851,-3.474749534512431,0
0.326,1127,2778968,2039,0,1,14.369587848052108,-3.746059072394751,0
0.328,1128,2780968,2020,1,1,7.481479665001489,-4.099593826350817,0
0.33,1129,2782968,1967,1,1,-1.8235241219123122,-4.450084322275473,0
0.332,1130,2784968,1929,0,1,-9.756947855419572,-4.680361378437404,0
0.334,1131,2786968,1927,0,1,-13.100085512277353,-4.690943912419202,0
0.336,1132,2788968,1949,0,1,-10.660742251003729,-4.441350414330194,0
0.338,1133,2790968,1976,0,1,-3.5306119085633902,-3.9608059453694513,0
0.340001,1134,2792969,1995,0,1,5.675066499601948,-3.330006190932066,0
0.342,1135,2794968,2013,0,1,13.868753552926371,-2.6498740440876514,0
0.344,1136,2796968,2035,0,1,18.410511806376363,-2.0097044277327063,0
0.346,1137,2798968,2032,0,1,17.901539869609906,-1.4594935749325064,0
0.348,1138,2800968,2019,1,1,12.758723980474548,-0.9924515311991575,0
0.35,1139,2802968,1975,1,1,5.192411607405398,-0.5473058125286179,0
0.352,1140,2804968,1948,0,1,-1.673087668530549,-0.03482397057895481,0
0.354,1141,2806968,1949,0,1,-5.197919939798448,0.621587988912216,0
0.356,1142,2808968,1964,0,1,-4.263001186942753,1.4534336219934527,0
0.358,1143,2810968,1977,0,1,0.6071341179418117,2.4378499761475,0
0.36,1144,2812968,1993,0,1,7.757510148180254,3.507934109402811,0
0.362,1145,2814968,2007,0,1,15.045496555605672,4.572006665734399,0
0.364,1146,2816968,2021,0,1,20.421628594177534,5.535485939573613,0
0.366,1147,2818968,2037,0,1,22.497132627785987,6.322938222796962,0
0.368,1148,2820968,2020,1,1,21.08381287826331,6.8967491843277635,0
0.37,1149,2822968,1995,1,1,17.362283280939266,7.263436476337938,0
0.372,1150,2824968,1973,0,1,13.317723671801105,7.4601890973985725,0
0.374,1151,2826968,1972,0,1,10.695201670661628,7.528376417297517,0
0.376,1152,2828968,1998,0,1,10.250065178039623,7.492298072674849,0
0.378,1153,2830968,1981,0,1,11.750883820761082,7.354874368883834,0
0.380001,1154,2832969,1999,0,1,14.344255069894874,7.103858148250927,0
0.382,1155,2834968,2007,0,1,16.824164270727962,6.719301871609611,0
0.384,1156,2836968,2013,0,1,17.9400701842321,6.183595042671816,0
0.386,1157,2838968,2025,0,1,16.858241178517968,5.494447213811278,0
0.388,1158,2840968,2012,1,1,13.619846594897586,4.675809351162621,0
0.39,1159,2842968,1989,1,1,9.325797807072313,3.780140912609092,0
0.392,1160,2844968,1967,0,1,5.729169893346737,2.8758323258506118,0
0.394,1161,2846968,1961,0,1,4.316947120946347,2.0230860655388545,0
0.396,1162,2848968,1989,0,1,5.518238902014193,1.2534309044279284,0
0.398,1163,2850968,1989,0,1,8.630338622067617,0.5667166732284663,0
0.4,1164,2852968,1995,0,1,12.294040949749286,-0.057089903251811513,0
0.402,1165,2854968,2005,0,1,14.922578788128472,-0.6441080796886869,0
0.404,1166,2856968,2021,0,1,15.02255601500668,-1.2141178958620413,0
0.406,1167,2858968,2026,0,1,11.714238073278791,-1.7659904439477936,0
0.408,1168,2860968,2019,1,1,5.398334828316143,-2.26431866852439,0
0.41,1169,2862968,1961,1,1,-1.9741867021556567,-2.639197768787386,0
0.412,1170,2864968,1949,0,1,-7.605943486512752,-2.809720722170694,0
0.414,1171,2866968,1941,0,1,-9.25306116585429,-2.7226117476641583,0
0.416,1172,2868968,1967,0,1,-6.262527902029332,-2.380837493836988,0
0.418,1173,2870968,1975,0,1,0.3304762907019807,-1.8473426040937833,0
0.420001,1174,2872969,2006,0,1,8.368574825660122,-1.2282972326936585,0
0.422,1175,2874968,2014,0,1,15.367339174412782,-0.6460211028867076,0
0.424,1176,2876968,2025,0,1,19.275522960428987,-0.2102154283174935,0
0.426,1177,2878968,2037,0,1,19.07442373174948,0.006036915070674831,0
0.428,1178,2880968,2005,1,1,15.159621994511127,-0.018930700143259538,0
0.43,1179,2882968,1995,1,1,9.27538780916043,-0.25595310981043995,0
0.432,1180,2884968,1959,0,1,3.830887311231778,-0.6437822317063898,0
0.434,1181,2886968,1956,0,1,0.8473692521729905,-1.1184181235674022,0
0.436,1182,2888968,1975,0,1,1.066658417936857,-1.6388617644935817,0
0.438,1183,2890968,1979,0,1,3.732463696332069,-2.1960815383062364,0
0.44,1184,2892968,1997,0,1,7.018024232937631,-2.8044893040406143,0
0.442,1185,2894968,2013,0,1,8.690859699559056,-3.4850320899471803,0
0.444,1186,2896968,2027,0,1,6.903160132121463,-4.244844872414676,0
0.446,1187,2898968,2022,0,1,1.078897164438982,-5.057412999869234,0
0.448,1188,2900968,1983,1,1,-7.50595816117109,-5.853903618353833,0
0.45,1189,2902968,1946,1,1,-16.021913270555196,-6.537619825502409,0
0.452,1190,2904968,1929,0,1,-21.316982735181227,-7.020513935968862,0
0.454,1191,2906968,1931,0,1,-21.347671644705933,-7.262917526603442,0
0.456,1192,2908968,1955,0,1,-15.982612685820346,-7.295341992385321,0
0.458,1193,2910968,1976,0,1,-6.911025780585931,-7.213953487542064,0
0.460001,1194,2912969,2005,0,1,3.0970851189207522,-7.154473000478657,0
0.462,1195,2914968,2021,0,1,11.179897346513595,-7.255161853341871,0
0.464,1196,2916968,2023,0,1,15.282494841811964,-7.620141840693783,0
0.466,1197,2918968,2021,0,1,14.697717015779867,-8.29307242606909,0
0.468,1198,2920968,2006,1,1,10.162440957656269,-9.246406074708426,0
0.47,1199,2922968,1989,0,1,3.592476490568497,-10.385980112034549,0
0.472,1200,2924968,1957,0,1,-2.5145672115379956,-11.569436910723537,0
0.474,1201,2926968,1952,0,1,-5.983955893551059,-12.635142941432807,0
0.476,1202,2928968,1956,0,1,-5.859541342430916,-13.431589240668828,0
0.478,1203,2930968,1976,0,1,-2.793011263098326,-13.834163654773914,0
0.48,1204,2932968,1995,0,1,1.2664206432989236,-13.743990869418546,0
0.482,1205,2934968,2011,0,1,3.8723687003912906,-13.073871994090087,0
0.484,1206,2936968,2013,0,1,3.007440519981146,-11.731345099538531,0
0.486,1207,2938968,2011,0,1,-2.185641353290645,-9.608727230635935,0
0.488,1208,2940968,1998,1,1,-11.00688252066401,-6.585663207115035,0
0.49,1209,2942968,1965,1,1,-21.192046586602167,-2.5461651189067545,0
0.492,1210,2944968,1928,0,1,-29.477756041216352,2.5879543904678464,0
0.494,1211,2946968,1919,0,1,-32.763197702343234,8.81094876914519,0
0.496,1212,2948968,1938,0,1,-29.286640736572984,15.991433181129242,0
0.498,1213,2950968,1964,0,1,-19.03879766597868,23.855763834078775,0
0.500001,1214,2952969,1997,0,1,-3.2635989832587846,32.00263154098749,0
0.502,1215,2954968,2009,0,1,16.429156736827522,39.93885456750716,0
0.504,1216,2956968,2029,0,1,38.694695826310344,47.12175132872583,0
0.506,1217,2958968,2028,0,1,62.48585281259265,52.99849172338864,0
0.508,1218,2960968,2026,1,1,86.4346674166856,57.038586746146414,0
0.51,1219,2962968,2080,0,1,107.88957584354482,58.76293827021692,0
0.512,1220,2964968,2159,0,1,122.68674286262022,57.78733718104624,0
0.514,1221,2966968,2172,0,1,126.57140091355281,53.89310618765034,0
0.516,1222,2968968,2139,0,1,117.31996984277913,47.09889343202871,0
0.518,1223,2970968,2087,0,1,95.66775144212932,37.68924513405195,0
0.52,1224,2972968,2035,0,1,64.5382383417008,26.186312305881433,0
0.522,1225,2974968,1995,0,1,27.542435021028126,13.284881160908036,0
0.524,1226,2976968,1974,0,1,-12.155774451536303,-0.22273058754458575,0
0.526,1227,2978968,1977,0,1,-51.93963322842405,-13.512276108529946,0
0.528,1228,2980968,1943,1,1,-88.7291461537135,-25.776079918436132,0
0.53,1229,2982968,1851,0,1,-117.87945512490501,-36.26900577639583,0
0.532,1230,2984968,1765,0,1,-133.71523235056057,-44.379673858047454,1
0.534,1231,2986968,1764,0,1,-132.10537321461788,-49.72667080325843,0
0.536,1232,2988968,1830,0,1,-113.12821982178865,-52.23228632032781,0
0.538,1233,2990968,1903,0,1,-81.60757004895635,-52.12394917334281,0
0.540001,1234,2992969,1975,0,1,-45.39126064811698,-49.86150263806698,0
0.542,1235,2994968,2025,0,1,-12.801107219198009,-46.026722582394626,0
0.544,1236,2996968,2067,0,1,9.601250149656952,-41.21089140351421,0
0.546,1237,2998968,2072,0,1,18.59342627887426,-35.92128750333181,0
0.548,1238,3000968,2037,1,1,15.054130945405005,-30.521127002563247,0
0.55,1239,3002968,1967,0,1,3.485292876098172,-25.21711962975743,0
0.552,1240,3004968,1927,0,1,-9.885230335335994,-20.09730129296293,0
0.554,1241,3006968,1915,0,1,-19.61535982853297,-15.196513303212267,0
0.556,1242,3008968,1928,0,1,-22.843440733591017,-10.553562086702408,0
0.558,1243,3010968,1957,0,1,-19.688956228530618,-6.237861435831972,0
0.56,1244,3012968,1977,0,1,-12.51956489485287,-2.3455723710784007,0
0.562,1245,3014968,2011,0,1,-4.705591931574089,1.0230652309106425,0
0.564,1246,3016968,2023,0,1,0.6906213709358324,3.7933513761946003,0
0.566,1247,3018968,2025,0,1,2.029281299861105,5.94280657478186,0
0.568,1248,3020968,1997,1,1,-0.33482966682578574,7.513714024554469,0
0.57,1249,3022968,1965,0,1,-4.364154787930005,8.602527914760952,0
0.572,1250,3024968,1951,0,1,-7.469158309848015,9.32812066608543,0
0.574,1251,3026968,1959,0,1,-7.801217913730336,9.794986055220452,0
0.576,1252,3028968,1965,0,1,-4.964623129967183,10.07001781673213,0
0.578,1253,3030968,1989,0,1,0.01789534597929876,10.179004757028716,0
0.580001,1254,3032969,2009,0,1,5.261374245741337,10.119049374814047,0
0.582,1255,3034968,2009,0,1,8.826291895454442,9.879980610423102,0
0.584,1256,3036968,2019,0,1,9.41302133614536,9.464623834000708,0
0.586,1257,3038968,2024,0,1,6.796588049240506,8.901958140791937,0
0.588,1258,3040968,1983,1,1,2.038595352770302,8.251763162388226,0
0.59,1259,3042968,1968,0,1,-2.838905327806449,7.594162532187705,0
0.592,1260,3044968,1961,0,1,-5.797160466895917,7.004100723871309,0
0.594,1261,3046968,1961,0,1,-5.692708158281148,6.526546773170978,0
0.596,1262,3048968,1977,0,1,-2.6586475363615945,6.165311802213065,0
0.598,1263,3050968,1995,0,1,2.052741716565414,5.887359903647283,0
0.6,1264,3052968,2005,0,1,6.6279587325906375,5.639622148766287,0
0.602,1265,3054968,2005,0,1,9.333962263416073,5.370073910393748,0
0.604,1266,3056968,2025,0,1,8.984443170196332,5.045096228816338,0
0.606,1267,3058968,2020,0,1,5.360327656914452,4.662880339308599,0
0.608,1268,3060968,1981,1,1,-0.46756455197945623,4.259962057598274,0
0.61,1269,3062968,1972,0,1,-6.423293744979494,3.900579717309347,0
0.612,1270,3064968,1952,0,1,-10.330245888190344,3.65031903246872,0
0.614,1271,3066968,1955,0,1,-10.819970014783912,3.549369034870252,0
0.616,1272,3068968,1971,0,1,-7.825463428578686,3.5970608893345775,0
0.618,1273,3070968,1979,0,1,-2.5497728107611746,3.7520026603187606,0
0.620001,1274,3072969,2009,0,1,3.006216711786438,3.9462875043451633,0
0.622,1275,3074968,2011,0,1,6.759726465607857,4.108031003424964,0
0.624,1276,3076968,2021,0,1,7.284312230593494,4.184755449154231,0
0.626,1277,3078968,2012,0,1,4.328651274440296,4.159615936030516,0
0.628,1278,3080968,1998,1,1,-1.0111288120875432,4.055741034816846,0
0.63,1279,3082968,1960,0,1,-6.584237304398213,3.9259796501811106,0
0.632,1280,3084968,1946,0,1,-10.06754768761823,3.827366103664037,0
0.634,1281,3086968,1960,0,1,-10.082744116125287,3.7906497475902885,0
0.636,1282,3088968,1975,0,1,-6.767056439705659,3.803842381895339,0
0.638,1283,3090968,1983,0,1,-1.5295007392624438,3.8172150968050294,0
0.64,1284,3092968,2004,0,1,3.5535064481320964,3.7606741328839473,0
0.642,1285,3094968,2022,0,1,6.406810616021767,3.5655145342212067,0
0.644,1286,3096968,2020,0,1,5.713334171813621,3.1877558703648674,0
0.646,1287,3098968,2013,0,1,1.5447169193556327,2.6256095041465657,0
0.648,1288,3100968,1977,1,1,-4.528165109971743,1.921300540106437,0
0.65,1289,3102968,1960,0,1,-10.027052916860793,1.1437817329248663,0
0.652,1290,3104968,1943,0,1,-12.641108492221287,0.3590795505828761,0
0.654,1291,3106968,1952,0,1,-11.253775172464751,-0.3974830968131431,0
0.656,1292,3108968,1976,0,1,-6.423048097822594,-1.1338520777901588,0
0.658,1293,3110968,1991,0,1,-0.12023354769108696,-1.8930923950254739,0
0.660001,1294,3112969,2012,0,1,5.0429395547540246,-2.729964972274283,0
0.662,1295,3114968,2020,0,1,6.696262449336106,-3.6832603036001563,0
0.664,1296,3116968,2023,0,1,3.4844352808276247,-4.752283486392237,0
0.666,1297,3118968,2019,0,1,-4.344677129935931,-5.882708929036287,0
0.668,1298,3120968,1971,1,1,-14.712861908996643,-6.96733033298597,0
0.67,1299,3122968,1939,0,1,-24.229427986225158,-7.868741908618389,0
0.672,1300,3124968,1915,0,1,-29.526082130120628,-8.461986771679692,0
0.674,1301,3126968,1927,0,1,-28.72480776532402,-8.67836871142558,0
0.676,1302,3128968,1955,0,1,-22.178810887397244,-8.52824373744308,0
0.678,1303,3130968,1981,0,1,-12.173721153394373,-8.093694855787927,0
0.68,1304,3132968,2005,0,1,-1.940875463526016,-7.498553563376927,0
0.682,1305,3134968,2020,0,1,5.436708797015527,-6.870792263572058,0
0.684,1306,3136968,2027,0,1,7.899489756986841,-6.308855128411659,0
0.686,1307,3138968,2031,0,1,5.021018405294609,-5.857804868184104,0
0.688,1308,3140968,1989,1,1,-1.7251905158911987,-5.500138665861148,0
0.69,1309,3142968,1958,0,1,-9.387085236976388,-5.168768958363245,0
0.692,1310,3144968,1935,0,1,-14.77074093615914,-4.782352409784464,0
0.694,1311,3146968,1951,0,1,-15.833178297570859,-4.2854118002659245,0
0.696,1312,3148968,1963,0,1,-12.3592558701863,-3.671116921593992,0
0.698,1313,3150968,1977,0,1,-5.759127742774519,-2.980237567702145,0
0.700001,1314,3152969,2008,0,1,1.5878551832049204,-2.284184109041078,0
0.702,1315,3154968,2021,0,1,7.177017313425297,-1.6595002685371556,0
0.704,1316,3156968,2029,0,1,9.297950272249675,-1.15971871296588,0
0.706,1317,3158968,2019,0,1,7.72131729037218,-0.7945562434733597,0
0.708,1318,3160968,1979,1,1,3.778119171036833,-0.5264980270810407,0
0.71,1319,3162968,1972,0,1,-0.34603242716257876,-0.28863934602377306,0
0.712,1320,3164968,1967,0,1,-2.705171770785416,-0.013969370590733554,0
0.714,1321,3166968,1975,0,1,-2.3317124153940787,0.3418743287723771,0
0.716,1322,3168968,1981,0,1,0.6269814367850746,0.7922745137401748,0
0.718,1323,3170968,1997,0,1,5.140191829918635,1.3227014463399085,0
0.72,1324,3172968,2005,0,1,9.699698662215512,1.9011907282464282,0
0.722,1325,3174968,2014,0,1,12.784857003086024,2.492405372428099,0
0.724,1326,3176968,2023,0,1,13.300570660582705,3.0712737482482937,0
0.726,1327,3178968,2022,0,1,10.986025557550649,3.633827410806729,0
0.728,1328,3180968,1997,1,1,6.675042757584146,4.201256506841707,0
0.73,1329,3182968,1983,0,1,2.101186307116576,4.810860818190552,0
0.732,1330,3184968,1960,0,1,-0.8188439854153176,5.4940105079254735,0
0.734,1331,3186968,1979,0,1,-0.8325176806886949,6.25159613247076,0
0.736,1332,3188968,1981,0,1,2.203314865721631,7.040497603261537,0
0.738,1333,3190968,2004,0,1,7.476001282199482,7.776955198570417,0
0.740001,1334,3192969,2006,0,1,13.706611054440266,8.351946436656933,0
0.742,1335,3194968,2023,0,1,19.640973015966345,8.650702160314449,0
0.744,1336,3196968,2025,0,1,24.41909544885959,8.571814080225678,0
0.746,1337,3198968,2014,0,1,27.75715601666017,8.042468048120844,0
0.748,1338,3200968,2009,1,1,29.7808575768478,7.025034734729717,0
0.75,1339,3202968,2023,0,1,30.606248677200952,5.516156583069412,0
0.752,1340,3204968,2023,0,1,30.13475777659856,3.547362932687666,0
0.754,1341,3206968,2025,0,1,28.228449122892897,1.1903911303156072,0
0.756,1342,3208968,2009,0,1,24.923105092459174,-1.439818826298132,0
0.758,1343,3210968,2008,0,1,20.39098965678204,-4.190406795019344,0
0.76,1344,3212968,1999,0,1,14.734778620386454,-6.88250267657002,0
0.762,1345,3214968,2003,0,1,7.869476146567151,-9.324359398613085,0
0.764,1346,3216968,2013,0,1,-0.29958891093987905,-11.321253986885255,0
0.766,1347,3218968,2007,0,1,-9.335413124212927,-12.680659442435505,0
0.768,1348,3220968,1956,1,1,-17.785598312824693,-13.220685406829825,0
0.77,1349,3222968,1945,0,1,-23.505273946131506,-12.795325331012222,0
0.772,1350,3224968,1938,0,1,-24.723690974273854,-11.332587118072338,0
0.774,1351,3226968,1971,0,1,-20.862605816091943,-8.862390718920867,0
0.776,1352,3228968,1972,0,1,-12.499675134025694,-5.519323083332079,0
0.778,1353,3230968,1988,0,1,-0.8615426128468515,-1.526719116474881,0
0.780001,1354,3232969,2010,0,1,12.572715598091394,2.825674892860711,0
0.782,1355,3234968,2023,0,1,26.334098668732643,7.207921907442849,0
0.784,1356,3236968,2040,0,1,39.23902916588174,11.280265884805097,0
0.786,1357,3238968,2022,1,1,50.49052296894408,14.721295675212247,0
0.788,1358,3240968,2034,1,1,59.34163940530908,17.24643245027075,0
0.79,1359,3242968,2076,0,1,64.64774087021945,18.62142024400093,0
0.792,1360,3244968,2079,0,1,65.10817025116094,18.684906710022496,0
0.794,1361,3246968,2073,0,1,60.15891433128351,17.3772871530657,0
0.796,1362,3248968,2041,0,1,50.55071848962278,14.754755244181762,0
0.798,1363,3250968,2017,0,1,38.08943831305771,10.977447157815188,0
0.8,1364,3252968,1997,0,1,24.833771936964116,6.278765787001202,0
0.802,1365,3254968,1995,0,1,12.341786884503168,0.9305317489456044,0
0.804,1366,3256968,2003,0,1,1.4525517185171672,-4.782988212114402,0
0.806,1367,3258968,1999,1,1,-7.292494546965084,-10.57736947104852,0
0.808,1368,3260968,1957,1,1,-13.114631191478393,-16.175341811419823,0
0.81,1369,3262968,1959,0,1,-15.115837202383418,-21.32309574146623,0
0.812,1370,3264968,1958,0,1,-12.97639171743855,-25.812909380072494,0
0.814,1371,3266968,1979,0,1,-7.425585647894552,-29.495064178695536,0
0.816,1372,3268968,1993,0,1,-0.11133807766587545,-32.27152203004897,0
0.818,1373,3270968,1997,0,1,6.8652761983702,-34.07810268472588,0
0.820001,1374,3272969,2019,0,1,11.406482490926438,-34.86489795427802,0
0.822,1375,3274968,2019,0,1,11.83062322977954,-34.579261358149935,0
0.824,1376,3276968,2030,0,1,7.36044509633581,-33.152567001719234,0
0.826,1377,3278968,2015,1,1,-1.3726991326209372,-30.494586353805456,0
0.828,1378,3280968,1963,1,1,-12.162591686862317,-26.503454680067055,0
0.83,1379,3282968,1955,0,1,-21.83089438765652,-21.098278574115426,0
0.832,1380,3284968,1929,0,1,-27.383802938695524,-14.266147294251578,0
0.834,1381,3286968,1957,0,1,-26.93832714677095,-6.102535213754272,0
0.836,1382,3288968,1967,0,1,-19.92799791342395,3.169914875719888,0
0.838,1383,3290968,1988,0,1,-6.677806665406411,13.206080820248363,0
0.84,1384,3292968,2009,0,1,12.18014760863724,23.55866635605444,0
0.842,1385,3294968,2014,0,1,36.026074591858986,33.70551175974558,0
0.844,1386,3296968,2037,0,1,64.12039131073266,43.07911487396216,0
0.846,1387,3298968,2015,1,1,94.91084142144773,51.094746120449656,0
0.848,1388,3300968,2073,1,1,124.8673523505961,57.17695220314837,0
0.85,1389,3302968,2204,0,1,147.96507815779646,60.80300618296765,0
0.852,1390,3304968,2248,0,1,157.4841878310393,61.589473930066895,1
0.854,1391,3306968,2224,0,1,149.51226373011457,59.39968550517751,0
0.856,1392,3308968,2133,0,1,125.20323830793248,54.403503699858376,0
0.858,1393,3310968,2059,0,1,90.11941330826696,47.05041027613025,0
0.860001,1394,3312969,1992,0,1,51.62923601723962,37.97698834645385,0
0.862,1395,3314968,1963,0,1,16.241262442475517,27.894891434502405,0
0.864,1396,3316968,1964,0,1,-11.874496583778395,17.496171157051627,0
0.866,1397,3318968,1951,1,1,-30.905893827192152,7.392460861371692,0
0.868,1398,3320968,1939,1,1,-40.6221626723744,-1.9174623162418634,0
0.87,1399,3322968,1935,0,1,-41.769459608468836,-10.06702449106092,0
0.872,1400,3324968,1944,0,1,-35.93174857815931,-16.83298977959829,0
0.874,1401,3326968,1966,0,1,-25.493971901950765,-22.13233453230647,0
0.876,1402,3328968,1992,0,1,-13.342171264442335,-26.00046183006635,0
0.878,1403,3330968,1996,0,1,-2.3011414075277195,-28.555085008607826,0
0.88,1404,3332968,2014,0,1,5.374001654572821,-29.957264526791697,0
0.882,1405,3334968,2012,0,1,8.278131469709994,-30.378262687358227,0
0.884,1406,3336968,2031,0,1,6.076668071069255,-29.97322233639307,0
0.886,1407,3338968,2003,1,1,-0.21021261860595608,-28.862068027075264,0
0.888,1408,3340968,1971,1,1,-8.19156870107977,-27.125049874203757,0
0.89,1409,3342968,1944,0,1,-14.824077540492924,-24.820641350202447,0
0.892,1410,3344968,1943,0,1,-17.64426753221545,-22.01774281923411,0
0.894,1411,3346968,1959,0,1,-15.701551700291528,-18.821401314850004,0
0.896,1412,3348968,1972,0,1,-9.69952974918819,-15.378356019949628,0
0.898,1413,3350968,1991,0,1,-1.5330426679672478,-11.864364514055037,0
0.900001,1414,3352969,2015,0,1,6.393455118097966,-8.461747050071207,0
0.902,1415,3354968,2024,0,1,11.917378813852347,-5.332860009512023,0
0.904,1416,3356968,2029,0,1,13.820850047476625,-2.595451751172323,0
0.906,1417,3358968,2012,1,1,12.229494855549287,-0.3081818488150905,0
0.908,1418,3360968,1995,1,1,8.502134032798038,1.5278617719252114,0
0.91,1419,3362968,1973,0,1,4.60403682182768,2.9517875312619415,0
0.912,1420,3364968,1973,0,1,2.223341830926193,4.016974303096132,0
0.914,1421,3366968,1981,0,1,2.092083000380917,4.768815270424264,0
0.916,1422,3368968,1995,0,1,3.867143774369044,5.235848699025647,0
0.918,1423,3370968,1995,0,1,6.491470744975787,5.433983758533006,0
0.92,1424,3372968,2006,0,1,8.647348726441717,5.37579842265457,0
0.922,1425,3374968,2019,0,1,9.141097764459788,5.080194319649344,0
0.924,1426,3376968,2011,0,1,7.3252422760842215,4.582473996568025,0
0.926,1427,3378968,2005,1,1,3.440775323923072,3.940713691345136,0
0.928,1428,3380968,1991,1,1,-1.3686968866387126,3.23258320185887,0
0.93,1429,3382968,1963,0,1,-5.424388880455215,2.5419450554590117,0
0.932,1430,3384968,1966,0,1,-7.196568228644299,1.938279516362508,0
0.934,1431,3386968,1964,0,1,-6.011010503442451,1.457294075528095,0
0.936,1432,3388968,1980,0,1,-2.373717452154942,1.0929559434330458,0
0.938,1433,3390968,1996,0,1,2.188015108447461,0.8039219270335338,0
0.940001,1434,3392969,2019,0,1,5.6874188540658,0.5319033940704649,0
0.942,1435,3394968,2015,0,1,6.479544617251301,0.22628272114301984,0
0.944,1436,3396968,2015,0,1,3.936111297760924,-0.1353672449778518,0
0.946,1437,3398968,1995,1,1,-1.3147811462858296,-0.5395319391165316,0
0.948,1438,3400968,1983,1,1,-7.598881407571959,-0.9430786933426616,0
0.95,1439,3402968,1957,0,1,-12.73981633788484,-1.2904090857216706,0
0.952,1440,3404968,1943,0,1,-14.853796208780976,-1.5371843234584877,0
0.954,1441,3406968,1961,0,1,-13.173274150632686,-1.6728688911922864,0
0.956,1442,3408968,1973,0,1,-8.419073435652965,-1.7297522140559791,0
0.958,1443,3410968,1991,0,1,-2.499834705556072,-1.7729473879315614,0
0.96,1444,3412968,2015,0,1,2.190984083930095,-1.8778221657002985,0
0.962,1445,3414968,2015,0,1,3.6043461724307395,-2.1033078465099972,0
0.964,1446,3416968,2019,0,1,0.773877439130608,-2.4691280520123957,0
0.966,1447,3418968,2009,1,1,-5.739764568046748,-2.9441447636027567,0
0.968,1448,3420968,1967,1,1,-13.827628867161657,-3.449860689074439,0
0.97,1449,3422968,1940,0,1,-20.481613389739966,-3.883005980651804,0
0.972,1450,3424968,1927,0,1,-23.07931601688795,-4.153181491651407,0
0.974,1451,3426968,1943,0,1,-20.610034355147913,-4.2172241403225295,0
0.976,1452,3428968,1971,0,1,-14.108248184328566,-4.091815242601011,0
0.978,1453,3430968,1993,0,1,-6.1482285587129955,-3.8398880360256387,0
0.980001,1454,3432969,2012,0,1,0.18520198704089452,-3.5405957482680814,0
0.982,1455,3434968,2026,0,1,2.351901895865975,-3.2566399709414307,0
0.984,1456,3436968,2025,0,1,-0.7732031162841775,-3.0079345726301154,0
0.986,1457,3438968,2007,1,1,-8.33369721624501,-2.7579064689218287,0
0.988,1458,3440968,1959,1,1,-17.534291487562633,-2.4201212081627985,0
0.99,1459,3442968,1915,0,1,-24.64255522737127,-1.8906609712699392,0
0.992,1460,3444968,1927,0,1,-26.710004080336063,-1.097082020179661,0
0.994,1461,3446968,1948,0,1,-22.902149280592447,-0.03628463984379726,0
0.996,1462,3448968,1971,0,1,-14.585007649920552,1.2200789918922612,0
0.998,1463,3450968,1999,0,1,-4.48595085079611,2.547797460242399,0
1.0,1464,3452968,2013,0,1,4.362834356366802,3.8038910744185372,0
1.002,1465,3454968,2028,0,1,9.544767021279268,4.860749757400448,0
1.004,1466,3456968,2031,0,1,9.945918862151963,5.633866129709604,0
1.006,1467,3458968,2008,1,1,6.134996296015286,6.09781749313895,0
1.008,1468,3460968,1977,1,1,0.18414310486364016,6.283708752512702,0
1.01,1469,3462968,1959,0,1,-5.213644586811077,6.25606538603602,0
1.012,1470,3464968,1957,0,1,-7.908982835605062,6.080621165523608,0
1.014,1471,3466968,1963,0,1,-7.094263406658838,5.799888240385597,0
1.016,1472,3468968,1980,0,1,-3.4666861729015466,5.425155321888839,0
1.018,1473,3470968,1993,0,1,1.1242485991225948,4.943874128751233,0
1.020001,1474,3472969,2019,0,1,4.3527647186631775,4.337624798984946,0
1.022,1475,3474968,2021,0,1,4.281225761267764,3.6051624577465553,0
1.024,1476,3476968,2015,0,1,0.1691132805032396,2.7821853049333343,0
1.026,1477,3478968,1997,1,1,-7.1306072789897,1.947871628077821,0
1.028,1478,3480968,1966,1,1,-15.370697549745294,1.2135284478213566,0
1.03,1479,3482968,1941,0,1,-21.677507833159915,0.6953066209223264,0
1.032,1480,3484968,1930,0,1,-23.67986893215592,0.4786563907098511,0
1.034,1481,3486968,1945,0,1,-20.520401698579164,0.5884582886935106,0
1.036,1482,3488968,1971,0,1,-13.218314977905182,0.9789624409670554,0
1.038,1483,3490968,1994,0,1,-4.222268013198173,1.5480244224723123,0
1.04,1484,3492968,2020,0,1,3.5483279485906207,2.1681458949913957,0
1.042,1485,3494968,2025,0,1,7.7487047568743135,2.722074414331147,0
1.044,1486,3496968,2021,0,1,7.396354483593704,3.131530882669045,0
1.046,1487,3498968,2007,1,1,3.161798105617205,3.3705976999481813,0
1.048,1488,3500968,1976,1,1,-2.9052599237168604,3.4608040746296997,0
1.05,1489,3502968,1955,0,1,-8.176161977792164,3.449643703550561,0
1.052,1490,3504968,1950,0,1,-10.539607375320902,3.380219162560881,0
1.054,1491,3506968,1965,0,1,-9.255629895961006,3.2666711835615145,0
1.056,1492,3508968,1983,0,1,-5.108548395118195,3.087698983212238,0
1.058,1493,3510968,1989,0,1,0.06657528731738971,2.797906377718843,0
1.060001,1494,3512969,2011,0,1,4.053948711082172,2.347365201606608,0
1.062,1495,3514968,2023,0,1,4.93434180657899,1.7028430398659378,0
1.064,1496,3516968,2024,0,1,1.826949820803991,0.8683612770360334,0
1.066,1497,3518968,1995,1,1,-4.548607007981984,-0.10268067138124914,0
1.068,1498,3520968,1968,0,1,-11.97536171110195,-1.114653540317744,0
1.07,1499,3522968,1935,0,1,-17.648341526186094,-2.057716752064814,0
1.072,1500,3524968,1941,0,1,-19.46875185924718,-2.844951568335899,0
1.074,1501,3526968,1959,0,1,-16.96948120075539,-3.4394435123426383,0
1.076,1502,3528968,1977,0,1,-11.351645392050926,-3.857837893028698,0
1.078,1503,3530968,1989,0,1,-4.841925857423138,-4.153747491991237,0
1.08,1504,3532968,2013,0,1,0.09986179773884452,-4.393277237661119,0
1.082,1505,3534968,2023,0,1,1.5662628282332953,-4.629266693214214,0
1.084,1506,3536968,2015,0,1,-1.0412144249357205,-4.878584837178508,0
1.086,1507,3538968,1983,1,1,-6.653476390601705,-5.112721663396288,0
1.088,1508,3540968,1967,0,1,-12.9362717600671,-5.269734071496762,0
1.09,1509,3542968,1945,0,1,-17.259182983262534,-5.2820695929263835,0
1.092,1510,3544968,1941,0,1,-17.732613094945506,-5.106844021354725,0
1.094,1511,3546968,1956,0,1,-13.949670307831699,-4.747323961715583,0
1.096,1512,3548968,1983,0,1,-7.141391761596456,-4.256936530814017,0
1.098,1513,3550968,2004,0,1,0.37465816881914016,-3.72282981095966,0
1.1,1514,3552968,2015,0,1,6.138566760304791,-3.237077451017505,0
1.102,1515,3554968,2014,0,1,8.365962058324339,-2.869348203585176,0
1.104,1516,3556968,2025,0,1,6.406731726678028,-2.6494850721385443,0
1.106,1517,3558968,2007,1,1,0.9779317456773367,-2.560202385700616,0
1.108,1518,3560968,1967,0,1,-5.899671208486259,-2.5422855876340402,0
1.11,1519,3562968,1955,0,1,-11.609593603013588,-2.5179199941161734,0
1.112,1520,3564968,1949,0,1,-14.064171558941965,-2.4244356430022678,0
1.114,1521,3566968,1957,0,1,-12.516221235456872,-2.2400008225629917,0
1.116,1522,3568968,1977,0,1,-7.726820594883748,-1.9914126130465406,0
1.118,1523,3570968,1994,0,1,-1.58407799291425,-1.7445850705090153,0
1.12,1524,3572968,2008,0,1,3.605122862836512,-1.583219550949937,0
1.122,1525,3574968,2021,0,1,5.880815942927504,-1.583864827831381,0
1.124,1526,3576968,2023,0,1,4.306981660495316,-1.7938396999963135,0
1.126,1527,3578968,2003,1,1,-0.563887829212069,-2.217527905221213,0
1.128,1528,3580968,1971,0,1,-6.7515430381420956,-2.818653468688204,0
1.13,1529,3582968,1947,0,1,-11.648315198673632,-3.54188613712269,0
1.132,1530,3584968,1951,0,1,-13.21738126796545,-4.344025218382793,0
1.134,1531,3586968,1961,0,1,-10.855588197742115,-5.216384511829007,0
1.136,1532,3588968,1977,0,1,-5.5143354594223934,-6.187313628380436,0
1.138,1533,3590968,1997,0,1,0.7477045084847891,-7.307417554430788,0
1.14,1534,3592968,2019,0,1,5.501828056141252,-8.624550498025135,0
1.142,1535,3594968,2020,0,1,6.811270101837569,-10.15521191189304,0
1.144,1536,3596968,2023,0,1,3.9727408297316282,-11.861123483061993,0
1.146,1537,3598968,2003,1,1,-2.101628937310882,-13.63887964211208,0
1.148,1538,3600968,1960,0,1,-9.06311548487057,-15.32788105399295,0
1.15,1539,3602968,1939,0,1,-14.065670394590908,-16.739173008921057,0
1.152,1540,3604968,1947,0,1,-15.125431348643481,-17.694975566783047,0
1.154,1541,3606968,1963,0,1,-11.990609101416844,-18.056751551936955,0
1.156,1542,3608968,1983,0,1,-6.0621611678767096,-17.729784117685856,0
1.158,1543,3610968,1999,0,1,0.2983337746513417,-16.650479450521274,0
1.16,1544,3612968,2012,0,1,4.592009657726267,-14.767991684505581,0
1.162,1545,3614968,2020,0,1,4.914085716603348,-12.028141212939882,0
1.164,1546,3616968,2023,0,1,0.5681496518742479,-8.363833743739997,0
1.166,1547,3618968,1991,1,1,-7.528355234536175,-3.6964316543587956,0
1.168,1548,3620968,1971,0,1,-16.948713429644283,2.0454077013984993,0
1.17,1549,3622968,1943,0,1,-24.48464946921448,8.88925156916684,0
1.172,1550,3624968,1932,0,1,-27.184088813658555,16.77538666805091,0
1.174,1551,3626968,1947,0,1,-23.258848638392195,25.52065401161523,0
1.176,1552,3628968,1977,0,1,-12.431767461578058,34.80334502307301,0
1.178,1553,3630968,2003,0,1,4.466564699881209,44.17619190749988,0
1.18,1554,3632968,2023,0,1,26.273947611977157,53.100765330151404,0
1.182,1555,3634968,2037,0,1,52.01996639204818,60.98965526571687,0
1.184,1556,3636968,2035,0,1,80.80151328786606,67.24639536685838,0
1.186,1557,3638968,2012,1,1,110.7842530021416,71.29632978489032,0
1.188,1558,3640968,2131,0,1,137.76771361892057,72.61445347354594,0
1.19,1559,3642968,2229,0,1,155.220994061546,70.78339672884812,0
1.192,1560,3644968,2233,0,1,156.97955556220427,65.59704312006137,1
1.194,1561,3646968,2188,0,1,140.53564007668854,57.158144136582436,0
1.196,1562,3648968,2095,0,1,108.11368333259605,45.90472324398423,0
1.198,1563,3650968,2023,0,1,65.1865498509655,32.55441980177781,0
1.2,1564,3652968,1971,0,1,17.947553619575828,18.00020155942204,0
1.202,1565,3654968,1949,0,1,-28.580051234657624,3.1997130378825602,0
1.204,1566,3656968,1945,0,1,-70.88910676935738,-10.913095313101792,0
1.206,1567,3658968,1925,1,1,-105.9280892899409,-23.487437057773427,0
1.208,1568,3660968,1823,0,1,-129.87838870281254,-33.8036116364366,0
1.21,1569,3662968,1766,0,1,-138.5824043261547,-41.33874547365798,0
1.212,1570,3664968,1785,0,1,-129.8745812620781,-45.84838137435146,0
1.214,1571,3666968,1855,0,1,-105.67015147217026,-47.41507248944458,0
1.216,1572,3668968,1931,0,1,-71.87494636370911,-46.42290095771931,0
1.218,1573,3670968,1993,0,1,-36.401014425937966,-43.46717684857457,0
1.22,1574,3672968,2043,0,1,-6.702852474799352,-39.23730932873485,0
1.222,1575,3674968,2059,0,1,12.181320843120508,-34.405779732890366,0
1.224,1576,3676968,2057,0,1,18.72426235902555,-29.543228117847644,0
1.226,1577,3678968,2019,1,1,15.019244180311775,-25.07111480087537,0
1.228,1578,3680968,1961,0,1,5.810961699749583,-21.25715571498076,0
1.23,1579,3682968,1928,0,1,-3.4689894105559844,-18.249304350741895,0
1.232,1580,3684968,1948,0,1,-8.8658587049358,-16.12564235190624,0
1.234,1581,3686968,1944,0,1,-9.081567666749493,-14.928621769335335,0
1.236,1582,3688968,1967,0,1,-5.437378450151127,-14.672762227324837,0
1.238,1583,3690968,1998,0,1,-1.1993105330786404,-15.334809429512964,0
1.24,1584,3692968,2023,0,1,-0.4730694099295958,-16.83207327284408,0
1.242,1585,3694968,2015,0,1,-6.791655003392927,-18.995987344019046,0
1.244,1586,3696968,2031,0,1,-21.84725119557166,-21.555571961549223,0
1.246,1587,3698968,2015,1,1,-44.45992013704551,-24.13748996359861,0
1.248,1588,3700968,1928,0,1,-69.89552565280796,-26.286840636614663,0
1.25,1589,3702968,1816,0,1,-90.64784105534582,-27.52791595183311,0
1.252,1590,3704968,1788,0,1,-99.40401226412546,-27.470876797173823,0
1.254,1591,3706968,1831,0,1,-92.55151537608683,-25.91993259123313,0
1.256,1592,3708968,1895,0,1,-71.68484392243295,-22.92151998010358,0
1.258,1593,3710968,1963,0,1,-42.51269209750363,-18.735007117326937,0
1.26,1594,3712968,2025,0,1,-12.429003886508204,-13.753307011345065,0
1.262,1595,3714968,2054,0,1,11.947762254617583,-8.40828413814625,0
1.264,1596,3716968,2069,0,1,26.544481179782426,-3.0872753536604556,0
1.266,1597,3718968,2057,1,1,30.626077613890054,1.9226228159701648,0
1.268,1598,3720968,2006,0,1,26.56351355616171,6.454519842700389,0
1.27,1599,3722968,1974,0,1,18.557963877378583,10.44388792700861,0
1.272,1600,3724968,1963,0,1,10.753324149997612,13.884751022502659,0
1.274,1601,3726968,1984,0,1,5.803685593011502,16.787260996508245,0
1.276,1602,3728968,1975,0,1,4.567557693222322,19.156427625405875,0
1.278,1603,3730968,1988,0,1,6.505408981251827,20.98818585850788,0
1.28,1604,3732968,2005,0,1,10.14736087815616,22.272149549832402,0
1.282,1605,3734968,2020,0,1,13.63282769556169,23.000624492125414,0
1.284,1606,3736968,2025,0,1,15.41876014237964,23.18379699933219,0
1.286,1607,3738968,2019,1,1,14.880990331810512,22.86303500954031,0
1.288,1608,3740968,2003,0,1,12.500748881386198,22.113997667701227,0
1.29,1609,3742968,1988,0,1,9.549784153256649,21.03693074314927,0
1.292,1610,3744968,1974,0,1,7.412882257586474,19.737604433618607,0
1.294,1611,3746968,1991,0,1,6.901681327766889,18.307755182691274,0
1.296,1612,3748968,1983,0,1,7.947705396230725,16.81471166148062,0
1.298,1613,3750968,1999,0,1,9.7009725242794,15.301914519570104,0
1.3,1614,3752968,2011,0,1,10.83704546259034,13.796302439927073,0
1.302,1615,3754968,2013,0,1,10.04047459553194,12.320559586887713,0
1.304,1616,3756968,2025,0,1,6.598231886668756,10.906836268534596,0
1.306,1617,3758968,2007,1,1,0.9202318898991284,9.606315642233863,0
1.308,1618,3760968,1975,0,1,-5.302070979620722,8.487879878291041,0
1.31,1619,3762968,1939,0,1,-9.711048201119313,7.6184937529254135,0
1.312,1620,3764968,1955,0,1,-10.541797849180165,7.030536836070511,0
1.314,1621,3766968,1979,0,1,-7.53790485447465,6.699076752796401,0
1.316,1622,3768968,1981,0,1,-1.834416859883988,6.5453050629877785,0
1.318,1623,3770968,1999,0,1,4.709783192675037,6.457048308163812,0
1.32,1624,3772968,2010,0,1,10.07207914894214,6.311610421213931,0
1.322,1625,3774968,2027,0,1,12.55376162333612,5.99859775189518,0
1.324,1626,3776968,2027,0,1,11.359341511517297,5.442642296864958,0
1.326,1627,3778968,2004,1,1,7.048882594551622,4.618965730470261,0
1.328,1628,3780968,1977,0,1,1.426820891899029,3.551895792068745,0
1.33,1629,3782968,1959,0,1,-3.2712633236277915,2.2944245532593746,0
1.332,1630,3784968,1960,0,1,-5.445653752996469,0.900351768770939,0
1.334,1631,3786968,1974,0,1,-4.804115611128379,-0.5948143649111017,0
1.336,1632,3788968,1980,0,1,-2.359456855768004,-2.176250150244261,0
1.338,1633,3790968,1996,0,1,0.026398597895539222,-3.8393468777203257,0
1.34,1634,3792968,2012,0,1,0.2772698461267069,-5.573300925573019,0
1.342,1635,3794968,2009,0,1,-3.1584208129937394,-7.343081391049768,0
1.344,1636,3796968,2030,0,1,-10.534484796564913,-9.074292475783537,0
1.346,1637,3798968,1967,1,1,-20.228476880207957,-10.647723924223401,0
1.348,1638,3800968,1928,0,1,-28.991862159786027,-11.916259129024272,0
1.35,1639,3802968,1909,0,1,-33.39927845624042,-12.748720306715175,0
1.352,1640,3804968,1919,0,1,-31.609398200455832,-13.078120244176828,0
1.354,1641,3806968,1963,0,1,-24.18177414891322,-12.924362905018377,0
1.356,1642,3808968,1973,0,1,-13.630975648654237,-12.382296184586812,0
1.358,1643,3810968,1998,0,1,-3.3627925886896533,-11.588677741056795,0
1.36,1644,3812968,2031,0,1,3.3439632297727355,-10.685076232398854,0
1.362,1645,3814968,2027,0,1,4.29861827835189,-9.782382399755942,0
1.364,1646,3816968,2041,0,1,-0.6856789818325266,-8.931932543824757,0
1.366,1647,3818968,1966,1,1,-9.37804479478893,-8.115654824988471,0
1.368,1648,3820968,1926,0,1,-17.885547444643006,-7.26859390294099,0
1.37,1649,3822968,1930,0,1,-22.534630235259485,-6.329404191411609,0
1.372,1650,3824968,1933,0,1,-21.561653943547544,-5.286876693815169,0
1.374,1651,3826968,1975,0,1,-15.532541532842027,-4.195518185119889,0
1.376,1652,3828968,1983,0,1,-6.682803535009974,-3.16106772465782,0
1.378,1653,3830968,2005,0,1,2.1104174475574533,-2.3107104666245757,0
1.38,1654,3832968,2029,0,1,8.237059707379856,-1.761029943945256,0
1.382,1655,3834968,2019,0,1,10.094191442614228,-1.5892392577418555,0
1.384,1656,3836968,2036,0,1,7.647397858975921,-1.812090371597196,0
1.386,1657,3838968,1972,1,1,2.5647303913950656,-2.3799873635185196,0
1.388,1658,3840968,1957,0,1,-2.4584711807789064,-3.1939778421586444,0
1.39,1659,3842968,1955,0,1,-5.082038420474359,-4.141154907807533,0
1.392,1660,3844968,1960,0,1,-4.461140341607892,-5.125792149166107,0
1.394,1661,3846968,1994,0,1,-1.4492385439174509,-6.079030971562422,0
1.396,1662,3848968,1993,0,1,1.983098943786546,-6.9488242247926895,0
1.398,1663,3850968,2008,0,1,3.596887326708999,-7.681568843560408,0
1.4,1664,3852968,2015,0,1,1.5907055499097038,-8.206466574187365,0
1.402,1665,3854968,2021,0,1,-4.790848797547588,-8.425099907596815,0
1.404,1666,3856968,2028,1,1,-14.548774023178531,-8.204993588654741,0
1.406,1667,3858968,1893,1,1,-24.670782299104165,-7.3888501916774665,0
1.408,1668,3860968,1933,0,1,-31.38099682433605,-5.8383091210725135,0
1.41,1669,3862968,1932,0,1,-32.18090848691737,-3.4931806473709734,0
1.412,1670,3864968,1940,0,1,-26.709315922830477,-0.4014043604465689,0
1.414,1671,3866968,1989,0,1,-16.295764035365668,3.28686829807466,0
1.416,1672,3868968,1989,0,1,-3.1099787647436283,7.344107399484374,0
1.418,1673,3870968,2006,0,1,10.656669341607174,11.498522528561855,0
1.42,1674,3872968,2027,0,1,23.227111528497147,15.465069174721524,0
1.422,1675,3874968,2026,0,1,33.375075727070026,18.972262670927677,0
1.424,1676,3876968,2039,1,1,40.48776394263835,21.78605538254278,0
1.426,1677,3878968,2022,1,1,44.46001227280013,23.726596507054488,0
1.428,1678,3880968,2039,0,1,45.41168449442552,24.676366230580463,0
1.43,1679,3882968,2040,0,1,43.49454123764517,24.584414501006428,0
1.432,1680,3884968,2025,0,1,38.9702280699225,23.470245491018595,0
1.434,1681,3886968,2025,0,1,32.31174573737027,21.42267716924951,0
1.436,1682,3888968,2005,0,1,24.113534392287697,18.5899440680226,0
1.438,1683,3890968,1997,0,1,14.898163288273043,15.163680757724018,0
1.44,1684,3892968,1999,0,1,4.953637628940999,11.36062084627674,0
1.442,1685,3894968,1999,0,1,-5.566879754035354,7.4077190618801545,0
1.444,1686,3896968,2010,1,1,-16.117514736503757,3.534766497067782,0
1.446,1687,3898968,1945,1,1,-25.1793462643707,-0.0322321006328945,0
1.448,1688,3900968,1927,0,1,-30.498762349617706,-3.0928064392109,0
1.45,1689,3902968,1926,0,1,-30.315653623601037,-5.509675140199279,0
1.452,1690,3904968,1944,0,1,-24.503086447134116,-7.237654859992064,0
1.454,1691,3906968,1975,0,1,-14.749882645754376,-8.324194240462422,0
1.456,1692,3908968,1996,0,1,-3.9175307464059896,-8.884148011484486,0
1.458,1693,3910968,2009,0,1,4.9024442943957975,-9.062066988687281,0
1.46,1694,3912968,2029,0,1,9.213141044016137,-8.995021697485498,0
1.462,1695,3914968,2026,0,1,7.7546359887974425,-8.78240176419813,0
1.464,1696,3916968,2025,1,1,1.0167658397566957,-8.465839582636924,0
1.466,1697,3918968,1971,1,1,-8.618029139641468,-8.02609915214349,0
1.468,1698,3920968,1933,0,1,-17.57587310405629,-7.405483685875416,0
1.47,1699,3922968,1933,0,1,-22.605228227328396,-6.551358539654682,0
1.472,1700,3924968,1939,0,1,-22.139770420118904,-5.456223586110032,0
1.474,1701,3926968,1965,0,1,-16.680405660676644,-4.172852088226131,0
1.476,1702,3928968,1977,0,1,-8.335378408903651,-2.804603211424618,0
1.478,1703,3930968,2013,0,1,0.0006339503486665343,-1.4809802996584651,0
1.48,1704,3932968,2020,0,1,5.596933901235584,-0.3261983340670699,0
1.482,1705,3934968,2025,0,1,6.789237459352552,0.5712605012712262,0
1.484,1706,3936968,2019,1,1,3.5576986285156647,1.178417140420191,0
1.486,1707,3938968,1975,1,1,-2.4444419746019217,1.5198671957475054,0
1.488,1708,3940968,1962,0,1,-8.567649142153545,1.6590639715572053,0
1.49,1709,3942968,1945,0,1,-12.33865401759309,1.6655185913678736,0
1.492,1710,3944968,1956,0,1,-12.473268018007666,1.5849196132581371,0
1.494,1711,3946968,1967,0,1,-9.274983566382092,1.4249823684204939,0
1.496,1712,3948968,1991,0,1,-4.395258631734687,1.1595603345036076,0
1.498,1713,3950968,2007,0,1,-0.12718016085239015,0.7472213872720967,0
1.5,1714,3952968,2009,0,1,1.4660034944060816,0.15583048282138745,0
1.502,1715,3954968,2018,0,1,-0.7327433085651804,-0.6166973393710443,0
1.504,1716,3956968,2007,1,1,-6.435339334009589,-1.5306975570809702,0
1.506,1717,3958968,1973,1,1,-13.817859589427085,-2.505239702728649,0
1.508,1718,3960968,1937,0,1,-20.050921684333613,-3.4368504435708584,0
1.51,1719,3962968,1931,0,1,-22.541734854771192,-4.234613637429465,0
1.512,1720,3964968,1943,0,1,-20.18345290652135,-4.853471131114896,0
1.514,1721,3966968,1965,0,1,-13.834081558449435,-5.306510963254436,0
1.516,1722,3968968,1988,0,1,-5.928007312998547,-5.65269739419481,0
1.518,1723,3970968,2010,0,1,0.3996323524144847,-5.968925052475658,0
1.52,1724,3972968,2032,0,1,2.364616159818411,-6.316395598381993,0
1.522,1725,3974968,2021,0,1,-1.4295954585133617,-6.710032917165841,0
1.524,1726,3976968,2019,1,1,-10.249044582466617,-7.1007797958087,0
1.526,1727,3978968,1951,1,1,-21.14550864981748,-7.3800832512153285,0
1.528,1728,3980968,1909,0,1,-29.94118020692505,-7.413356995480121,0
1.53,1729,3982968,1911,0,1,-33.139117921191286,-7.094908472660629,0
1.532,1730,3984968,1930,0,1,-29.554720504599587,-6.394123582113805,0
1.534,1731,3986968,1971,0,1,-20.599823540333137,-5.3664573367892245,0
1.536,1732,3988968,1989,0,1,-9.378807568966266,-4.130451900500295,0
1.538,1733,3990968,2013,0,1,0.5882876105876509,-2.8289502388371224,0
1.54,1734,3992968,2028,0,1,6.438663927813769,-1.5907187696529137,0
1.542,1735,3994968,2025,0,1,6.730690216510935,-0.5001389865942505,0
1.544,1736,3996968,2023,1,1,1.9043853683268344,0.42056217448164723,0
1.546,1737,3998968,1967,1,1,-5.750604629358397,1.2105171480987078,0
1.548,1738,4000968,1944,0,1,-12.934493669972618,1.945368731601837,0
1.55,1739,4002968,1941,0,1,-16.80084365349949,2.6955844690631503,0
1.552,1740,4004968,1955,0,1,-16.10178275256086,3.4916165314232144,0
1.554,1741,4006968,1976,0,1,-11.35721041069028,4.313338822865438,0
1.556,1742,4008968,1977,0,1,-4.327674309793883,5.100352073869745,0
1.558,1743,4010968,2009,0,1,2.6360127085631104,5.771208777130871,0
1.56,1744,4012968,2020,0,1,7.234825093038869,6.246256575867319,0
1.562,1745,4014968,2025,0,1,7.959988362717002,6.4724584178538915,0
1.564,1746,4016968,2015,1,1,4.700342158985699,6.442110876620756,0
1.566,1747,4018968,1993,1,1,-1.1206043015104195,6.1964233671943205,0
1.568,1748,4020968,1951,0,1,-7.049364545809889,5.810396561295548,0
1.57,1749,4022968,1955,0,1,-10.692165462683851,5.362329206889086,0
1.572,1750,4024968,1961,0,1,-10.782508812023291,4.903670498683087,0
1.574,1751,4026968,1964,0,1,-7.5713845037397185,4.445783941116657,0
1.576,1752,4028968,1995,0,1,-2.5932827666660363,3.964572993345665,0
1.578,1753,4030968,2009,0,1,1.9472916289991113,3.4177789968321046,0
1.58,1754,4032968,2009,0,1,4.015816791610288,2.7695293095010904,0
1.582,1755,4034968,2025,0,1,2.4732227715906445,2.011989613378196,0
1.584,1756,4036968,2003,1,1,-2.4794521641359686,1.1776552898653108,0
1.586,1757,4038968,1981,1,1,-9.209931951101268,0.33905289948874806,0
1.588,1758,4040968,1947,0,1,-15.185005286718853,-0.40907826531233304,0
1.59,1759,4042968,1945,0,1,-18.049323259880204,-0.9811412752307538,0
1.592,1760,4044968,1947,0,1,-16.65541281671918,-1.3299288828178994,0
1.594,1761,4046968,1963,0,1,-11.528508867054393,-1.4599858003271233,0
1.596,1762,4048968,1995,0,1,-4.664373661447547,-1.4213212949699376,0
1.598,1763,4050968,2009,0,1,1.2255696125503652,-1.286571088464552,0
1.6,1764,4052968,2027,0,1,3.7489402720580216,-1.120113124062525,0
1.602,1765,4054968,2015,0,1,1.7358859417148658,-0.9514488062325235,0
1.604,1766,4056968,2009,1,1,-4.291485667704125,-0.7625180059470995,0
1.606,1767,4058968,1976,1,1,-12.188405421642742,-0.49279330243798225,0
1.608,1768,4060968,1931,0,1,-18.888247747704675,-0.0630788013698631,0
1.61,1769,4062968,1935,0,1,-21.70835513347384,0.5859703389826889,0
1.612,1770,4064968,1950,0,1,-19.581533417318333,1.458811921376161,0
1.614,1771,4066968,1974,0,1,-13.351844039091826,2.4946121960229104,0
1.616,1772,4068968,1992,0,1,-5.1585123584554715,3.582753406363586,0
1.618,1773,4070968,2008,0,1,2.466418244770624,4.590723164135369,0
1.62,1774,4072968,2021,0,1,7.38922126660759,5.3932336378470325,0
1.622,1775,4074968,2023,0,1,8.479451166554766,5.897068222964544,0
1.624,1776,4076968,2011,1,1,5.977155034454657,6.0572057323521005,0
1.626,1777,4078968,1988,1,1,1.4458109361265237,5.878886170577417,0
1.628,1778,4080968,1961,0,1,-2.8340645217440352,5.40304694398683,0
1.63,1779,4082968,1957,0,1,-4.888097618097182,4.680272612217852,0
1.632,1780,4084968,1965,0,1,-3.983448712103721,3.7466256196684697,0
1.634,1781,4086968,1990,0,1,-0.9310690428242969,2.6150618036609137,0
1.636,1782,4088968,1993,0,1,2.333995175601726,1.2852826887671691,0
1.638,1783,4090968,2018,0,1,3.5218306347384276,-0.2365333228265225,0
1.64,1784,4092968,2023,0,1,0.8248117765359018,-1.916631630291139,0
1.642,1785,4094968,2009,0,1,-6.286732349177317,-3.6768732295818616,0
1.644,1786,4096968,1992,1,1,-16.617960322138657,-5.390949630691028,0
1.646,1787,4098968,1957,1,1,-27.421011925712428,-6.8995657168954825,0
1.648,1788,4100968,1913,0,1,-35.226554199485804,-8.04338808576821,0
1.65,1789,4102968,1911,0,1,-37.22348546998439,-8.707122253931082,0
1.652,1790,4104968,1932,0,1,-32.551093269760344,-8.856755637655462,0
1.654,1791,4106968,1959,0,1,-22.668502346098848,-8.549209293100484,0
1.656,1792,4108968,1991,0,1,-10.717934412471434,-7.911472578966119,0
1.658,1793,4110968,2019,0,1,-0.38986900563366156,-7.101572277255146,0
1.66,1794,4112968,2030,0,1,5.281529355081727,-6.264860224986796,0
1.662,1795,4114968,2031,0,1,4.887576504524209,-5.497564715560972,0
1.664,1796,4116968,2013,1,1,-0.8601593637784264,-4.827208107366739,0
1.666,1797,4118968,1967,0,1,-9.302276955821647,-4.2159969511721425,0
1.668,1798,4120968,1935,0,1,-16.845600805631957,-3.589537381879685,0
1.67,1799,4122968,1939,0,1,-20.508018662054717,-2.880612568135346,0
1.672,1800,4124968,1944,0,1,-19.09204666309877,-2.064681891245898,0
1.674,1801,4126968,1977,0,1,-13.39860989374517,-1.1708172037621911,0
1.676,1802,4128968,1983,0,1,-5.660914609541078,-0.2696102619590923,0
1.678,1803,4130968,2020,0,1,1.3437857006547738,0.5518252320163088,0
1.68,1804,4132968,2019,0,1,5.224776753576464,1.2188391868266883,0
1.682,1805,4134968,2023,0,1,4.770625891860645,1.694368918388438,0
1.684,1806,4136968,2015,1,1,0.38833233204469053,1.9922459091728646,0
1.686,1807,4138968,1971,0,1,-5.965061924557903,2.1737784881000404,0
1.688,1808,4140968,1949,0,1,-11.533998202925499,2.32483121863787,0
1.69,1809,4142968,1952,0,1,-14.022386204285333,2.51996211410466,0
1.692,1810,4144968,1961,0,1,-12.54543398976266,2.793872928439487,0
1.694,1811,4146968,1977,0,1,-7.762707819121491,3.133844753383999,0
1.696,1812,4148968,1992,0,1,-1.4416647811929408,3.4897124552261785,0
1.698,1813,4150968,2012,0,1,4.189838890007529,3.7933483780547355,0
1.7,1814,4152968,2024,0,1,7.175166620457487,3.9823942027977117,0
1.702,1815,4154968,2023,0,1,6.544186947868118,4.022757839295344,0
1.704,1816,4156968,2003,1,1,2.746825959057542,3.9215815946691643,0
1.706,1817,4158968,1979,0,1,-2.500201813651522,3.7231593311594557,0
1.708,1818,4160968,1961,0,1,-6.9719655019289775,3.48812346253503,0
1.71,1819,4162968,1961,0,1,-8.913363703983185,3.266132260512479,0
1.712,1820,4164968,1977,0,1,-7.681188891640342,3.076411531569878,0
1.714,1821,4166968,1972,0,1,-3.7995426432769968,2.903806356176846,0
1.716,1822,4168968,1992,0,1,1.3016416894991707,2.706074062446736,0
1.718,1823,4170968,2012,0,1,5.645186186014358,2.427286550768981,0
1.72,1824,4172968,2022,0,1,7.305737643853666,2.0178822487246286,0
1.722,1825,4174968,2031,0,1,5.212351759048994,1.4575294322576215,0
1.724,1826,4176968,2007,1,1,-0.20720516374311693,0.7706988073416704,0
1.726,1827,4178968,1971,0,1,-6.984051848984699,0.024591156482927312,0
1.728,1828,4180968,1945,0,1,-12.444169209797112,-0.6952982459548038,0
1.73,1829,4182968,1948,0,1,-14.545870900996944,-1.3214928353734163,0
1.732,1830,4184968,1975,0,1,-12.786272611849427,-1.8302738664298785,0
1.734,1831,4186968,1975,0,1,-8.145378408742353,-2.2432430039676734,0
1.736,1832,4188968,1995,0,1,-2.4689252994673385,-2.6117715054596937,0
1.738,1833,4190968,2013,0,1,2.167200467071842,-2.9965200900394655,0
1.74,1834,4192968,2013,0,1,4.076015088225249,-3.44566521093736,0
1.742,1835,4194968,2028,0,1,2.5634236040657115,-3.9751256814716265,0
1.744,1836,4196968,1999,1,1,-1.662343306654428,-4.557023846874058,0
1.746,1837,4198968,1966,0,1,-6.593877065951585,-5.1237744365828775,0
1.748,1838,4200968,1949,0,1,-9.82038929256156,-5.592240005892924,0
1.75,1839,4202968,1950,0,1,-9.818538312136592,-5.897087652186398,0
1.752,1840,4204968,1990,0,1,-6.711142315016589,-6.011478218605786,0
1.754,1841,4206968,1996,0,1,-1.9720191051246108,-5.942523018857482,0
1.756,1842,4208968,1997,0,1,2.469989525390515,-5.71056976566978,0
1.758,1843,4210968,2015,0,1,4.904931829861942,-5.330703954477146,0
1.76,1844,4212968,2013,0,1,4.200749685988207,-4.801263515566425,0
1.762,1845,4214968,2031,0,1,0.21859215333423343,-4.094711625961066,0
1.764,1846,4216968,1979,1,1,-5.8038226275081515,-3.1542537653551967,0
1.766,1847,4218968,1959,0,1,-11.500571406905177,-1.907994179162233,0
1.768,1848,4220968,1951,0,1,-14.446771523132355,-0.30220862383786296,0
1.77,1849,4222968,1959,0,1,-13.26837456279042,1.665425982837216,0
1.772,1850,4224968,1980,0,1,-8.034733506781038,3.931448290229582,0
1.774,1851,4226968,1997,0,1,0.06343934236745064,6.373323426251829,0
1.776,1852,4228968,2009,0,1,9.36684404226958,8.82970257971263,0
1.778,1853,4230968,2019,0,1,18.32371730559947,11.124382499424323,0
1.78,1854,4232968,2024,0,1,25.79284960488428,13.087417520600264,0
1.782,1855,4234968,2029,0,1,31.120640574223096,14.571689880597955,0
1.784,1856,4236968,2024,1,1,34.076050446469544,15.464556818247681,0
1.786,1857,4238968,2029,0,1,34.69351455956625,15.694289015021003,0
1.788,1858,4240968,2028,0,1,33.13243874265942,15.232855499780891,0
1.79,1859,4242968,2025,0,1,29.66010264678739,14.097057734387633,0
1.792,1860,4244968,2023,0,1,24.71951981333401,12.347454423012335,0
1.794,1861,4246968,1995,0,1,18.917834036174398,10.08230972717059,0
1.796,1862,4248968,1998,0,1,12.771118494916731,7.424163408437692,0
1.798,1863,4250968,2002,0,1,6.390864259066107,4.50378311973871,0
1.8,1864,4252968,2002,0,1,-0.44748885024138385,1.4511565140532294,0
1.802,1865,4254968,2015,0,1,-7.7905193287737315,-1.604790976287764,0
1.804,1866,4256968,1981,1,1,-14.905091683660832,-4.53484179255441,0
1.806,1867,4258968,1950,0,1,-20.180104928067536,-7.217915617258811,0
1.808,1868,4260968,1941,0,1,-21.90476567640657,-9.565288157109313,0
1.81,1869,4262968,1957,0,1,-19.35311433273955,-11.546893474381735,0
1.812,1870,4264968,1977,0,1,-13.23158431016041,-13.198679089413917,0
1.814,1871,4266968,1989,0,1,-5.319759995386375,-14.606763639080716,0
1.816,1872,4268968,2005,0,1,2.1877142823220357,-15.879741869337687,0
1.818,1873,4270968,2017,0,1,7.260971574038633,-17.119667201539947,0
1.82,1874,4272968,2020,0,1,8.51472038534791,-18.395960081547692,0
1.822,1875,4274968,2030,0,1,5.633875364004485,-19.724885686244953,0
1.824,1876,4276968,1995,1,1,-0.3393778165949506,-21.05873527202137,0
1.826,1877,4278968,1976,0,1,-7.173920011268526,-22.291644710511314,0
1.828,1878,4280968,1948,0,1,-12.273925391359183,-23.284503681460432,0
1.83,1879,4282968,1947,0,1,-13.816301568517236,-23.89885277662881,0
1.832,1880,4284968,1977,0,1,-11.5397924284139,-24.022797103455638,0
1.834,1881,4286968,1983,0,1,-6.702844132388585,-23.576627269052153,0
1.836,1882,4288968,1998,0,1,-1.4100446983763346,-22.50159644980787,0
1.838,1883,4290968,2011,0,1,2.100075548294397,-20.745317056086286,0
1.84,1884,4292968,2015,0,1,2.028385543523628,-18.250380144195603,0
1.842,1885,4294968,2030,1,1,-2.4170109068958414,-14.946837330144298,0
1.844,1886,4296968,2009,1,1,-10.448199566818483,-10.750797709173423,0
1.846,1887,4298968,1952,0,1,-19.53365523795634,-5.5779925655542435,0
1.848,1888,4300968,1935,0,1,-26.248736185229,0.6176696797658643,0
1.85,1889,4302968,1939,0,1,-27.787607214683337,7.7920778021131945,0
1.852,1890,4304968,1976,0,1,-22.87587666649497,15.776095846231797,0
1.854,1891,4306968,1973,0,1,-11.549153930157239,24.27338414525344,0
1.856,1892,4308968,1999,0,1,5.488398046392115,32.87931985008197,0
1.858,1893,4310968,2024,0,1,27.2291256324163,41.107507281990465,0
1.86,1894,4312968,2031,0,1,52.46787239705337,48.422949066977104,0
1.862,1895,4314968,2055,0,1,79.66925307882653,54.28018846515509,0
1.864,1896,4316968,2029,1,1,106.35299251550593,58.1589660006024,0
1.866,1897,4318968,2151,0,1,128.29888816310594,59.59987338817582,0
1.868,1898,4320968,2214,0,1,140.02755616003844,58.263514930670006,0
1.87,1899,4322968,2195,0,1,137.23967291918524,54.018916129749954,0
1.872,1900,4324968,2151,0,1,119.1956435122312,47.01237869949655,0
1.874,1901,4326968,2074,0,1,88.95916445228357,37.669011208337366,0
1.876,1902,4328968,2015,0,1,51.79682105555247,26.631439386787832,0
1.878,1903,4330968,1971,0,1,13.075607816559245,14.667112012112966,0
1.88,1904,4332968,1957,0,1,-23.220247338344112,2.575138735014292,0
1.882,1905,4334968,1967,0,1,-54.68557786538628,-8.884839600391782,0
1.884,1906,4336968,1938,1,1,-79.48427918566212,-19.03589953530189,0
1.886,1907,4338968,1876,0,1,-95.26140110944705,-27.316341273958315,0
1.888,1908,4340968,1833,0,1,-99.42504089608761,-33.32592425167498,0
1.89,1909,4342968,1848,0,1,-90.83736983383471,-36.8823010323669,0
1.892,1910,4344968,1915,0,1,-71.27078710912399,-38.051271563957215,0
1.894,1911,4346968,1957,0,1,-45.212413700845275,-37.121649234590514,0
1.896,1912,4348968,2007,0,1,-18.332294338793915,-34.53434359567977,0
1.898,1913,4350968,2042,0,1,4.221697487108177,-30.796367874916655,0
1.9,1914,4352968,2045,0,1,19.07321494907049,-26.40202942952439,0
1.902,1915,4354968,2044,0,1,25.18739905105506,-21.77479915451866,0
1.904,1916,4356968,2023,1,1,23.69051943383043,-17.237455213631943,0
1.906,1917,4358968,2009,0,1,17.179873969330053,-13.00811202653956,0
1.908,1918,4360968,1981,0,1,8.83459551586743,-9.214700588883712,0
1.91,1919,4362968,1967,0,1,1.4846511572341252,-5.920852504159471,0
1.912,1920,4364968,1971,0,1,-3.191755629475455,-3.154697939988937,0
1.914,1921,4366968,1983,0,1,-5.011331415290487,-0.9292781538093022,0
1.916,1922,4368968,1994,0,1,-4.993031641128397,0.7520290692857001,0
1.918,1923,4370968,1999,0,1,-4.689111783302119,1.9008618486814797,0
1.92,1924,4372968,2015,0,1,-5.485379481568035,2.5522143255153145,0
1.922,1925,4374968,2013,0,1,-7.952483492329677,2.7722211778305184,0
1.924,1926,4376968,1975,1,1,-11.437255392889098,2.659906151942697,0
1.926,1927,4378968,1961,0,1,-14.380389997680318,2.332771289413322,0
1.928,1928,4380968,1965,0,1,-15.27802176501475,1.8990269990382957,0
1.93,1929,4382968,1963,0,1,-13.47926554800709,1.4347605694928687,0
1.932,1930,4384968,1983,0,1,-9.397577960041657,0.9766293456561321,0
1.934,1931,4386968,1995,0,1,-4.2758688830450176,0.5282669802592652,0
1.936,1932,4388968,1999,0,1,0.2893261036760717,0.0755893417654141,0
1.938,1933,4390968,2011,0,1,2.8124947141372356,-0.39604690590838,0
1.94,1934,4392968,2013,0,1,2.2674759032239327,-0.8875543071820648,0
1.942,1935,4394968,2019,0,1,-1.5658916817775301,-1.374918359279636,0
1.944,1936,4396968,1998,1,1,-7.783179861564774,-1.8033159069299556,0
1.946,1937,4398968,1967,0,1,-14.389360059239046,-2.093288609807531,0
1.948,1938,4400968,1946,0,1,-18.98971534230552,-2.1635102515519176,0
1.95,1939,4402968,1949,0,1,-19.884128189481178,-1.9620393509364131,0
1.952,1940,4404968,1965,0,1,-16.842655704912556,-1.4881524740687082,0
1.954,1941,4406968,1983,0,1,-11.121305060243042,-0.7934448865874124,0
1.956,1942,4408968,2007,0,1,-4.855617761006616,0.03547349851601034,0
1.958,1943,4410968,2013,0,1,-0.20427851989162793,0.903416035880376,0
1.96,1944,4412968,2020,0,1,1.415033055297025,1.7321111342852733,0
1.962,1945,4414968,2015,0,1,-0.2075132847393002,2.47730492273675,0
1.964,1946,4416968,1983,1,1,-4.017257778517534,3.1329952270711194,0
1.966,1947,4418968,1972,0,1,-8.193461950070072,3.7196045493894774,0
1.968,1948,4420968,1972,0,1,-11.007057524350351,4.26156521644095,0
1.97,1949,4422968,1967,0,1,-11.465297718442248,4.768378002539469,0
1.972,1950,4424968,1975,0,1,-9.535988210047886,5.225947667775665,0
1.974,1951,4426968,1992,0,1,-6.088482647152239,5.597118917011138,0
1.976,1952,4428968,1999,0,1,-2.5603633017737115,5.831331098585079,0
1.978,1953,4430968,2011,0,1,-0.4269589263617508,5.880556359007847,0
1.98,1954,4432968,2011,0,1,-0.6867629441364249,5.715129242499585,0
1.982,1955,4434968,2013,1,1,-3.469934294847775,5.335073366099676,0
1.984,1956,4436968,1991,1,1,-7.849411651026066,4.773807978690932,0
1.986,1957,4438968,1967,0,1,-12.064161717797845,4.089927964994764,0
1.988,1958,4440968,1955,0,1,-14.266936816888554,3.3462973870040464,0
1.99,1959,4442968,1959,0,1,-13.459296988460801,2.585780876241148,0
1.992,1960,4444968,1983,0,1,-10.0109256353525,1.8182513902255673,0
1.994,1961,4446968,1991,0,1,-5.46841350230439,1.0261421984674386,0
1.996,1962,4448968,2007,0,1,-1.9089872819100995,0.18290177298927102,0
1.998,1963,4450968,2018,0,1,-1.2310695019186069,-0.7257904313645,0
2.0,1964,4452968,2011,0,1,-4.527985378986475,-1.68418899013415,0
2.002,1965,4454968,2023,1,1,-11.584100726118866,-2.6357517572607003,0
2.004,1966,4456968,1971,1,1,-20.61288749417966,-3.4835040114650204,0
2.006,1967,4458968,1939,0,1,-28.636793354150043,-4.108883529774327,0
2.008,1968,4460968,1925,0,1,-32.728157563200774,-4.410434071102451,0
2.01,1969,4462968,1941,0,1,-31.375542650694143,-4.343187279491051,0
2.012,1970,4464968,1961,0,1,-25.025495819343362,-3.9354929493611426,0
2.014,1971,4466968,1977,0,1,-15.726545357605318,-3.2794696379415553,0
2.016,1972,4468968,2007,0,1,-6.3715813344776535,-2.505509129804063,0
2.018,1973,4470968,2025,0,1,0.17544783814197107,-1.749720102945766,0
2.02,1974,4472968,2034,0,1,2.0094348720124726,-1.120111910103432,0
2.022,1975,4474968,2018,1,1,-1.0777776597548456,-0.6709783415848996,0
2.024,1976,4476968,1991,1,1,-7.444117100187153,-0.3962512698401768,0
2.026,1977,4478968,1959,0,1,-14.21927218440297,-0.24594038460893164,0
2.028,1978,4480968,1944,0,1,-18.498160984772397,-0.15912380457641806,0
2.03,1979,4482968,1946,0,1,-18.5665962543548,-0.0984314123676624,0
2.032,1980,4484968,1973,0,1,-14.563188561173376,-0.06977803026082663,0
2.034,1981,4486968,1996,0,1,-8.26161892845457,-0.1184464780271699,0
2.036,1982,4488968,2005,0,1,-2.2040981098090144,-0.30622624863477244,0
2.038,1983,4490968,2023,0,1,1.2380555249871694,-0.6836374633207443,0
2.04,1984,4492968,2023,0,1,0.5779886571118116,-1.2670658734261315,0
2.042,1985,4494968,2025,1,1,-4.253637285472915,-2.0236436390874046,0
2.044,1986,4496968,1983,1,1,-11.671601346850828,-2.8684630505837956,0
2.046,1987,4498968,1949,0,1,-18.899720483297443,-3.6821274703243074,0
2.048,1988,4500968,1941,0,1,-23.205845637238554,-4.347502226023376,0
2.05,1989,4502968,1951,0,1,-23.16375911133299,-4.786709615453027,0
2.052,1990,4504968,1974,0,1,-19.107106303546487,-4.977714035910254,0
2.054,1991,4506968,1983,0,1,-12.729323616766681,-4.947327300797914,0
2.056,1992,4508968,2007,0,1,-6.331044342959389,-4.750954412448092,0
2.058,1993,4510968,2013,0,1,-2.077428416782677,-4.448837909282832,0
2.06,1994,4512968,2026,0,1,-1.3369536552173873,-4.083836351493636,0
2.062,1995,4514968,2011,1,1,-4.170180125767044,-3.665503675655327,0
2.064,1996,4516968,1989,1,1,-9.19753703245821,-3.167118613387,0
2.066,1997,4518968,1959,0,1,-14.094602525344705,-2.540621023088473,0
2.068,1998,4520968,1954,0,1,-16.618705388214238,-1.7453853489499016,0
2.07,1999,4522968,1964,0,1,-15.595184023904826,-0.775957885085035,0
2.072,2000,4524968,1983,0,1,-11.271677392614691,0.32638743571584117,0
2.074,2001,4526968,1999,0,1,-4.957776787239638,1.4817830124191818,0
2.076,2002,4528968,2001,0,1,1.6308822185785026,2.5910308609207604,0
2.078,2003,4530968,2021,0,1,6.895638340215413,3.555551350623916,0
2.08,2004,4532968,2024,0,1,9.722987587696844,4.294847739402054,0
2.082,2005,4534968,2019,1,1,9.806786166541162,4.761029305936446,0
2.084,2006,4536968,2005,1,1,7.74478805044823,4.945046001125006,0
2.086,2007,4538968,1992,0,1,4.728111689450185,4.870528321522048,0
2.088,2008,4540968,1989,0,1,1.9792130780600594,4.579159317126644,0
2.09,2009,4542968,1992,0,1,0.2840723275481416,4.116191499303676,0
2.092,2010,4544968,1991,0,1,-0.1652713108863706,3.522270670649755,0
2.094,2011,4546968,1995,0,1,0.3007030907503907,2.831251264259679,0
2.096,2012,4548968,2007,0,1,0.9984217459113616,2.0718032281099448,0
2.098,2013,4550968,2003,0,1,1.164421257189642,1.2724646434328326,0
2.1,2014,4552968,2009,0,1,0.2580319720965578,0.4676737053418336,0
2.102,2015,4554968,1998,1,1,-1.8589935201225467,-0.29934435795798886,0
2.104,2016,4556968,2011,1,1,-4.8549818385826775,-0.977421608947509,0
2.106,2017,4558968,1979,0,1,-7.9135725056567505,-1.5110378886705293,0
2.108,2018,4560968,1978,0,1,-9.942020120971286,-1.8494316078835606,0
2.11,2019,4562968,1980,0,1,-10.050846059792224,-1.9608714013883266,0
2.112,2020,4564968,1975,0,1,-7.948212860033693,-1.843404714678209,0
2.114,2021,4566968,1991,0,1,-4.063624259612277,-1.5270874767418725,0
2.116,2022,4568968,2003,0,1,0.5485455543964592,-1.0682737058548326,0
2.118,2023,4570968,2019,0,1,4.582389001221851,-0.5356086314580546,0
2.12,2024,4572968,2009,0,1,6.994039988306981,0.007859749165860519,0
2.122,2025,4574968,2020,1,1,7.319543374158022,0.5177480196652242,0
2.124,2026,4576968,2011,1,1,5.744371355257387,0.9738407955996295,0
2.126,2027,4578968,1997,0,1,3.0381691448807784,1.379471175915437,0
2.128,2028,4580968,1993,0,1,0.29212389563091623,1.75382929859961,0
2.13,2029,4582968,1982,0,1,-1.5139524585944448,2.118952686489118,0
2.132,2030,4584968,1992,0,1,-1.8834386832561858,2.4876799612477107,0
2.134,2031,4586968,1997,0,1,-0.9187657435108294,2.857982068600635,0
2.136,2032,4588968,1995,0,1,0.8282686402498962,3.2147113588932954,0
2.138,2033,4590968,2007,0,1,2.574499962044947,3.534825251779426,0
2.14,2034,4592968,2013,0,1,3.519477419686644,3.793871531874762,0
2.142,2035,4594968,2013,1,1,3.1466343982925187,3.9743378023425935,0
2.144,2036,4596968,2013,1,1,1.5190136366519154,4.072839965079369,0
2.146,2037,4598968,1991,0,1,-0.6440824487738102,4.101184325458997,0
2.148,2038,4600968,1979,0,1,-2.2814397972619824,4.078048396617801,0
2.15,2039,4602968,1989,0,1,-2.596804137740771,4.01433208135402,0
2.152,2040,4604968,1991,0,1,-1.47466259426999,3.9032815088241595,0
2.154,2041,4606968,1997,0,1,0.5491742566633082,3.721574436994298,0
2.156,2042,4608968,2003,0,1,2.5232639024126122,3.4368456273656856,0
2.158,2043,4610968,2018,0,1,3.3703726093011674,3.017803474794859,0
2.16,2044,4612968,2013,0,1,2.2849051959763855,2.446462411578659,0
2.162,2045,4614968,2018,1,1,-0.8572332012059105,1.7289248461982578,0
2.164,2046,4616968,1993,1,1,-5.296713000372682,0.8991282664038014,0
2.166,2047,4618968,1977,0,1,-9.594988313415053,0.011475699366847003,0
2.168,2048,4620968,1963,0,1,-12.285247572107618,-0.8772648883820784,0
2.17,2049,4622968,1975,0,1,-12.62428877077511,-1.7277924121947832,0
2.172,2050,4624968,1979,0,1,-10.948901512089673,-2.5278568217507247,0
2.174,2051,4626968,1992,0,1,-8.521504376599637,-3.2882067070565846,0
2.176,2052,4628968,2009,0,1,-7.063497009589186,-4.029333947449013,0
2.178,2053,4630968,2012,0,1,-8.111749435527452,-4.763654536334263,0
2.18,2054,4632968,2020,0,1,-12.315652211845709,-5.478109594832003,0
2.182,2055,4634968,1991,1,1,-18.921996134394035,-6.124401708083942,0
2.184,2056,4636968,1955,1,1,-25.843302424449195,-6.625580517670476,0
2.186,2057,4638968,1943,0,1,-30.53261528498617,-6.902114108974089,0
2.188,2058,4640968,1938,0,1,-31.1953304124507,-6.904967375788296,0
2.19,2059,4642968,1959,0,1,-27.567223570779433,-6.636622413346364,0
2.192,2060,4644968,1965,0,1,-20.983862005500765,-6.1518840781949224,0
2.194,2061,4646968,2004,0,1,-13.9157727196548,-5.5415258733847,0
2.196,2062,4648968,2009,0,1,-9.157392314960902,-4.904622615799937,0
2.198,2063,4650968,2023,0,1,-8.881133614708679,-4.317639109163945,0
2.2,2064,4652968,2029,0,1,-13.810260102414073,-3.8096476050924784,0
2.202,2065,4654968,1995,1,1,-22.66010804378432,-3.3500036201281658,0
2.204,2066,4656968,1941,1,1,-32.256841108479705,-2.8575771145041173,0
2.206,2067,4658968,1915,0,1,-38.77831542466894,-2.238145582857517,0
2.208,2068,4660968,1919,0,1,-39.575038783769834,-1.434297289943827,0
2.21,2069,4662968,1947,0,1,-34.35127942630498,-0.4579376792029679,0
2.212,2070,4664968,1971,0,1,-25.12023145051574,0.610243806779223,0
2.214,2071,4666968,2003,0,1,-15.283285248736911,1.6479488063185719,0
2.216,2072,4668968,2023,0,1,-8.408378698901485,2.5306286605573933,0
2.218,2073,4670968,2024,0,1,-7.085753331297227,3.170219103330634,0
2.22,2074,4672968,2027,0,1,-12.118169987724732,3.542565874385942,0
2.222,2075,4674968,2003,1,1,-22.138102221927433,3.697631304738601,0
2.224,2076,4676968,1949,1,1,-33.78498303872435,3.7486161159724576,0
2.226,2077,4678968,1907,0,1,-42.799508987553395,3.835200408428628,0
2.228,2078,4680968,1907,0,1,-45.856940682498134,4.069724421350809,0
2.23,2079,4682968,1928,0,1,-42.06263587165267,4.4941110207568284,0
2.232,2080,4684968,1963,0,1,-33.21700290444855,5.070249730226993,0
2.234,2081,4686968,1995,0,1,-22.9335703792926,5.703619754145462,0
2.236,2082,4688968,2019,0,1,-15.226118811007181,6.285250546924216,0
2.238,2083,4690968,2026,0,1,-13.131006516659438,6.735222491244164,0
2.24,2084,4692968,2038,0,1,-17.652369891534157,7.035720810149534,0
2.242,2085,4694968,1982,1,1,-27.190815169028657,7.245676158389556,0
2.244,2086,4696968,1934,1,1,-37.92902297438313,7.486119137851977,0
2.246,2087,4698968,1909,0,1,-45.42611335622338,7.893822319134632,0
2.248,2088,4700968,1907,0,1,-46.588695490069185,8.565491717663686,0
2.25,2089,4702968,1931,0,1,-40.8899900251885,9.521556205574722,0
2.252,2090,4704968,1975,0,1,-30.401595724319836,10.702928840661292,0
2.254,2091,4706968,1997,0,1,-18.806622119430216,11.998242861429102,0
2.256,2092,4708968,2015,0,1,-10.017627211412895,13.286076538248874,0
2.258,2093,4710968,2035,0,1,-7.021111301924966,14.474187747866736,0
2.26,2094,4712968,2029,0,1,-11.031516087143796,15.527975313502125,0
2.262,2095,4714968,2027,1,1,-20.86267214631946,16.48530209049222,0
2.264,2096,4716968,1933,1,1,-32.884442137253245,17.448660924408497,0
2.266,2097,4718968,1908,0,1,-42.25647934005038,18.543160023217098,0
2.268,2098,4720968,1900,0,1,-45.17794018053897,19.85132763115314,0
2.27,2099,4722968,1931,0,1,-40.61917803503716,21.36254141544166,0
2.272,2100,4724968,1983,0,1,-30.449571529197694,22.964488107312103,0
2.274,2101,4726968,2006,0,1,-18.175320993195292,24.47424324611216,0
2.276,2102,4728968,2013,0,1,-7.285617805825929,25.686583289166578,0
2.278,2103,4730968,2031,0,1,-0.16511397983549791,26.415276513390758,0
2.28,2104,4732968,2029,0,1,2.348367553094633,26.52021588392037,0
2.282,2105,4734968,2011,1,1,1.0782142162664563,25.922654777185265,0
2.284,2106,4736968,1977,0,1,-1.8558620772852716,24.60401976886495,0
2.286,2107,4738968,1961,0,1,-4.079627014047629,22.585460283377103,0
2.288,2108,4740968,1975,0,1,-4.228638776306791,19.900100115695892,0
2.29,2109,4742968,1992,0,1,-2.5929854623881834,16.57798598581035,0
2.292,2110,4744968,2008,0,1,-0.8084647256082196,12.652274852636472,0
2.294,2111,4746968,2014,0,1,-1.0204585971848914,8.177814941726187,0
2.296,2112,4748968,2011,0,1,-5.087686475474113,3.248491782909176,0
2.298,2113,4750968,2022,0,1,-14.008597326037902,-1.9934761337879312,0
2.3,2114,4752968,2013,0,1,-27.375797098663654,-7.3551889207115435,0
2.302,2115,4754968,1976,1,1,-42.862947511374415,-12.59903885509295,0
2.304,2116,4756968,1908,0,1,-56.39397920906625,-17.468762979887472,0
2.306,2117,4758968,1877,0,1,-63.571112865850644,-21.742897542800463,0
2.308,2118,4760968,1882,0,1,-61.79653643099951,-25.297946841048955,0
2.31,2119,4762968,1931,0,1,-51.67014130128202,-28.146500120991732,0
2.312,2120,4764968,1973,0,1,-36.768231725608885,-30.428683097283013,0
2.314,2121,4766968,2009,0,1,-22.147588320778986,-32.36469004203852,0
2.316,2122,4768968,2030,0,1,-12.55794852212799,-34.19337391795164,0
2.318,2123,4770968,2036,0,1,-11.040147754117562,-36.1182365099598,0
2.32,2124,4772968,2035,0,1,-18.043523447945798,-38.271021039545026,0
2.322,2125,4774968,1993,1,1,-31.054867763205216,-40.69761190933353,0
2.324,2126,4776968,1911,0,1,-45.12058988488053,-43.37442681833296,0
2.326,2127,4778968,1884,0,1,-54.703324533011084,-46.25993435422667,0
2.328,2128,4780968,1891,0,1,-56.14062291920032,-49.35912234534707,0
2.33,2129,4782968,1919,0,1,-49.13823087870537,-52.76151160137725,0
2.332,2130,4784968,1983,0,1,-36.57530369036751,-56.632828264585854,0
2.334,2131,4786968,1997,0,1,-23.031750142289138,-61.16799752202917,0
2.336,2132,4788968,2023,0,1,-13.003954228821767,-66.5291054682993,0
2.338,2133,4790968,2031,0,1,-9.620006120780785,-72.79172692545195,0
2.34,2134,4792968,2041,0,1,-13.851510135072374,-79.90707122774617,0
2.342,2135,4794968,2008,1,1,-23.98243208186147,-87.68070268311092,0
2.344,2136,4796968,1927,0,1,-35.800498292566004,-95.77903752795781,0
2.346,2137,4798968,1897,0,1,-44.19433337925477,-103.77486785441482,0
2.348,2138,4800968,1901,0,1,-45.584202037573114,-111.2146940192167,0
2.35,2139,4802968,1940,0,1,-39.51408854779383,-117.66770741098165,0
2.352,2140,4804968,1976,0,1,-28.5205545039812,-122.73403298961232,0
2.354,2141,4806968,2005,0,1,-16.80307675986745,-126.02224274238728,0
2.356,2142,4808968,2023,0,1,-8.66168493840243,-127.1193744583536,0
2.358,2143,4810968,2037,0,1,-7.2527508578119395,-125.57101282563436,0
2.36,2144,4812968,2029,0,1,-13.716233989084309,-120.87916604324694,0
2.362,2145,4814968,2005,1,1,-26.68736780071343,-112.52275982449068,0
2.364,2146,4816968,1947,0,1,-42.460459525266515,-100.00699478840146,0
2.366,2147,4818968,1931,0,1,-55.989751730912644,-82.94184343564986,0
2.368,2148,4820968,1932,0,1,-62.198422527334934,-61.13195115097244,0
2.37,2149,4822968,1945,0,1,-56.69731715460094,-34.650622216231596,0
2.372,2150,4824968,1989,0,1,-35.66005033670446,-3.88308925384257,0
2.374,2151,4826968,2007,0,1,4.70739104539868,30.460876836773636,0
2.376,2152,4828968,2019,0,1,68.25578425117047,67.35549364724827,0
2.378,2153,4830968,2023,0,1,157.4943063409568,105.47428205511807,0
2.38,2154,4832968,2025,0,1,270.1415686273733,143.20635160886116,0
2.382,2155,4834968,2118,1,1,394.14429614591995,178.68605452424612,0
2.384,2156,4836968,2666,0,1,504.7611060574395,209.90069169404345,0
2.386,2157,4838968,3049,0,1,570.4527182347936,234.9871306357569,1
2.388,2158,4840968,3007,0,1,568.2056798609976,252.68929829335394,0
2.39,2159,4842968,2719,0,1,497.2117248668957,262.71001717855194,0
2.392,2160,4844968,2367,0,1,380.38242159107864,265.7160809473369,0
2.394,2161,4846968,2063,0,1,254.72619762995618,263.0171283767255,0
2.396,2162,4848968,1880,0,1,158.01765849279008,256.10205167678924,0
2.398,2163,4850968,1809,0,1,117.58125815618058,246.20756135491672,0
2.4,2164,4852968,1807,0,1,143.27907632449455,234.02135287951023,0
2.402,2165,4854968,1928,1,1,224.17876751770135,219.554033218451,0
2.404,2166,4856968,2470,0,1,329.6086168531479,202.2096075731881,0
2.406,2167,4858968,2861,0,1,418.4040625957743,181.11106343323416,0
2.408,2168,4860968,2877,0,1,455.67758700453953,155.6180885442312,0
2.41,2169,4862968,2674,0,1,427.03641082314294,125.77288112238821,0
2.412,2170,4864968,2376,0,1,341.27253813597844,92.4411394851941,0
2.414,2171,4866968,2100,0,1,222.6815142556374,57.145884493622745,0
2.416,2172,4868968,1910,0,1,99.66574854682281,21.736508338964228,0
2.418,2173,4870968,1831,0,1,-4.740030741612571,-11.959079512368248,0
2.42,2174,4872968,1823,0,1,-77.60158169247825,-42.3989621081474,0
2.422,2175,4874968,1847,1,1,-116.04433473498906,-68.47024542249056,0
2.424,2176,4876968,1877,0,1,-124.35109108461897,-89.52593622998744,0
2.426,2177,4878968,1896,0,1,-110.53228070847663,-105.3551587488288,0
2.428,2178,4880968,1949,0,1,-83.7838912068402,-116.12005201352741,0
2.43,2179,4882968,1993,0,1,-52.86591317284827,-122.27236606447048,0
2.432,2180,4884968,2026,0,1,-24.862353951004767,-124.45433101923271,0
2.434,2181,4886968,2029,0,1,-4.30436395243521,-123.3985467969425,0
2.436,2182,4888968,2037,0,1,7.030142512118676,-119.84587090278353,0
2.438,2183,4890968,2021,0,1,9.707462851497525,-114.48887618782437,0
2.44,2184,4892968,2009,0,1,5.936005413454801,-107.93901298152092,0
2.442,2185,4894968,1998,1,1,-1.204067354184886,-100.71330311281974,0
2.444,2186,4896968,1966,0,1,-8.491836513392073,-93.23563114266409,0
2.446,2187,4898968,1959,0,1,-13.331990281794404,-85.84943450553274,0
2.448,2188,4900968,1967,0,1,-14.495180032913119,-78.83533425005515,0
2.45,2189,4902968,1979,0,1,-12.418914534109707,-72.42108593746545,0
2.452,2190,4904968,1999,0,1,-8.881473048671872,-66.77763653427613,0
2.454,2191,4906968,2005,0,1,-6.306015911704023,-62.00631576318508,0
2.456,2192,4908968,2013,0,1,-7.0286327094519585,-58.12577445524946,0
2.458,2193,4910968,2021,0,1,-12.671347392544725,-55.06452133829588,0
2.46,2194,4912968,2021,0,1,-23.51151146127586,-52.6598936142987,0
2.462,2195,4914968,1983,1,1,-37.901138573047305,-50.66635344491474,0
2.464,2196,4916968,1935,0,1,-52.28657894939603,-48.78362691168489,0
2.466,2197,4918968,1893,0,1,-62.289214668234976,-46.710477936129095,0
2.468,2198,4920968,1882,0,1,-64.5017341127801,-44.21124880944447,0
2.47,2199,4922968,1917,0,1,-58.00257794131876,-41.16838763469306,0
2.472,2200,4924968,1946,0,1,-44.71673880892396,-37.59832921516979,0
2.474,2201,4926968,1993,0,1,-28.57668885956963,-33.62831626732897,0
2.476,2202,4928968,2020,0,1,-14.089228945828996,-29.44912631309895,0
2.478,2203,4930968,2037,0,1,-4.899517587480222,-25.26166362649675,0
2.48,2204,4932968,2053,0,1,-2.6759079599063043,-21.231124233469984,0
2.482,2205,4934968,2005,1,1,-6.516958200347471,-17.458737610322494,0
2.484,2206,4936968,1960,0,1,-13.327769125833566,-13.982777472330874,0
2.486,2207,4938968,1947,0,1,-19.351481883896103,-10.811332633834887,0
2.488,2208,4940968,1948,0,1,-21.934043344068296,-7.964156448056173,0
2.49,2209,4942968,1974,0,1,-20.382706624403227,-5.495541208424939,0
2.492,2210,4944968,1981,0,1,-15.745582236565618,-3.4907387452236804,0
2.494,2211,4946968,2003,0,1,-10.056593576339683,-2.045525541291397,0
2.496,2212,4948968,2015,0,1,-5.532976150673878,-1.240134000317255,0
2.498,2213,4950968,2022,0,1,-3.858202972035972,-1.1134261705843471,0
2.5,2214,4952968,2021,0,1,-5.605655202719767,-1.6420072907548686,0
2.502,2215,4954968,1993,1,1,-9.993810252410967,-2.7308413031557777,0
2.504,2216,4956968,1972,0,1,-15.213368739455642,-4.221197946510884,0
2.506,2217,4958968,1967,0,1,-19.26420891561311,-5.913736609380905,0
2.508,2218,4960968,1951,0,1,-20.832602918122927,-7.594950765556632,0
2.51,2219,4962968,1973,0,1,-19.84019095238433,-9.0568447798175,0
2.512,2220,4964968,1977,0,1,-17.528903276520936,-10.105292808411487,0
2.514,2221,4966968,1992,0,1,-16.083103122322665,-10.557069444146421,0
2.516,2222,4968968,2015,0,1,-17.946304474434832,-10.230541327245856,0
2.518,2223,4970968,2012,0,1,-24.91304234357346,-8.934830861560872,0
2.52,2224,4972968,2018,0,1,-37.118985543637805,-6.46332324561768,0
2.522,2225,4974968,1966,1,1,-52.32559361175551,-2.6015388520199707,0
2.524,2226,4976968,1903,0,1,-66.13911270181339,2.8385924502645175,0
2.526,2227,4978968,1873,0,1,-73.56397367440906,9.954531687758696,0
2.528,2228,4980968,1887,0,1,-71.13937008997733,18.681397743447512,0
2.53,2229,4982968,1932,0,1,-58.181491428411206,28.75017174087659,0
2.532,2230,4984968,1976,0,1,-36.46036074791445,39.694975350609155,0
2.534,2231,4986968,2014,0,1,-8.876164570424692,50.89977805629191,0
2.536,2232,4988968,2036,0,1,21.840747643793534,61.66171614373399,0
2.538,2233,4990968,2043,0,1,53.67509424622125,71.25177751076383,0
2.54,2234,4992968,2059,0,1,84.92680668140389,78.96406884753432,0
2.542,2235,4994968,2055,1,1,113.13189848909968,84.15462957958019,0
2.544,2236,4996968,2170,0,1,134.1263888458439,86.28199373760484,0
2.546,2237,4998968,2229,0,1,142.70659992437106,84.97285909456662,0
2.548,2238,5000968,2207,0,1,135.1993397599611,80.11145545595056,0
2.55,2239,5002968,2142,0,1,111.76425794278225,71.90120365811006,0
2.552,2240,5004968,2063,0,1,76.38811660429764,60.8527520432215,0
2.554,2241,5006968,1997,0,1,34.954997616697824,47.7063239213198,0
2.556,2242,5008968,1964,0,1,-7.019737288823173,33.32628738231902,0
2.558,2243,5010968,1945,0,1,-45.726896687903306,18.602884952591772,0
2.56,2244,5012968,1957,1,1,-78.96079351411299,4.380996704695811,0
2.562,2245,5014968,1929,1,1,-104.87275559954998,-8.582578543529912,0
2.564,2246,5016968,1846,0,1,-120.82187767966003,-19.652932709156495,0
2.566,2247,5018968,1805,0,1,-123.89345233026027,-28.368836901353752,0
2.568,2248,5020968,1831,0,1,-113.00509865004743,-34.50631431823602,0
2.57,2249,5022968,1899,0,1,-90.53583814893116,-38.10907347459396,0
2.572,2250,5024968,1947,0,1,-61.99228582615338,-39.455545342530264,0
2.574,2251,5026968,2011,0,1,-34.248371833924274,-38.977608759788104,0
2.576,2252,5028968,2044,0,1,-13.51425857070861,-37.163331389870656,0
2.578,2253,5030968,2053,0,1,-3.6525944712313496,-34.467740222436255,0
2.58,2254,5032968,2053,1,1,-5.155374633816301,-31.248525983404402,0
2.582,2255,5034968,1989,1,1,-15.005332985700232,-27.737951452176183,0
2.584,2256,5036968,1932,0,1,-27.716177298314612,-24.0580465958497,0
2.586,2257,5038968,1901,0,1,-37.538307640475246,-20.27434111298598,0
2.588,2258,5040968,1920,0,1,-40.77176225105019,-16.458797044521145,0
2.59,2259,5042968,1945,0,1,-36.83664484104625,-12.726266182682187,0
2.592,2260,5044968,1971,0,1,-27.843714920854772,-9.233224669705297,0
2.594,2261,5046968,2005,0,1,-17.38821640283261,-6.151543522842006,0
2.596,2262,5048968,2025,0,1,-9.206043321971263,-3.6326488356826916,0
2.598,2263,5050968,2029,0,1,-5.977156502806054,-1.7728826110448455,0
2.6,2264,5052968,2035,1,1,-8.491796149091869,-0.589810291020382,0
2.602,2265,5054968,1995,1,1,-15.324701006659794,-0.016270162713762915,0
2.604,2266,5056968,1951,0,1,-23.27594053094542,0.08172622333936186,0
2.606,2267,5058968,1927,0,1,-28.75873545947922,-0.13789443817714808,0
2.608,2268,5060968,1940,0,1,-29.496900822172037,-0.543535371716688,0
2.61,2269,5062968,1961,0,1,-25.445871487425727,-1.0606148125960013,0
2.612,2270,5064968,1990,0,1,-18.53567911355928,-1.6711693475511127,0
2.614,2271,5066968,2009,0,1,-11.661243211720423,-2.3905851748732694,0
2.616,2272,5068968,2015,0,1,-7.553770391549449,-3.2368773882422084,0
2.618,2273,5070968,2022,0,1,-7.948859170594556,-4.2052057477862785,0
2.62,2274,5072968,2027,1,1,-13.061644211833304,-5.252147616492822,0
2.622,2275,5074968,1989,1,1,-21.27470480250542,-6.290652762400202,0
2.624,2276,5076968,1933,0,1,-29.465963310832755,-7.204410065977026,0
2.626,2277,5078968,1933,0,1,-34.35545008104344,-7.886520935767518,0
2.628,2278,5080968,1937,0,1,-34.082477165864766,-8.282190474166072,0
2.63,2279,5082968,1966,0,1,-28.85910829489419,-8.40776062478757,0
2.632,2280,5084968,1977,0,1,-20.587100419647616,-8.341016447727558,0
2.634,2281,5086968,2005,0,1,-12.037368997790116,-8.194907017902693,0
2.636,2282,5088968,2025,0,1,-5.960253782960503,-8.085000888768334,0
2.638,2283,5090968,2031,0,1,-4.17801914876925,-8.096191697059885,0
2.64,2284,5092968,2020,1,1,-6.848714605518726,-8.256845479236365,0
2.642,2285,5094968,1981,1,1,-12.32443331410694,-8.53170268840585,0
2.644,2286,5096968,1961,0,1,-17.862890130928477,-8.839013826712378,0
2.646,2287,5098968,1946,0,1,-20.898569901286983,-9.08371800828406,0
2.648,2288,5100968,1959,0,1,-20.166136120577004,-9.18863367201741,0
2.65,2289,5102968,1981,0,1,-16.11176195550354,-9.108667762146826,0
2.652,2290,5104968,1993,0,1,-10.517176753154736,-8.82462411548826,0
2.654,2291,5106968,2011,0,1,-5.718521492789389,-8.324786770984169,0
2.656,2292,5108968,2021,0,1,-3.8190253571270354,-7.584842116910909,0
2.658,2293,5110968,2019,0,1,-6.020135447409205,-6.55216127717191,0
2.66,2294,5112968,2022,1,1,-12.11939348430365,-5.138546792177047,0
2.662,2295,5114968,1973,1,1,-20.336647873857174,-3.226286258226411,0
2.664,2296,5116968,1947,0,1,-27.82251451284089,-0.6938436477563865,0
2.666,2297,5118968,1944,0,1,-31.852583163054533,2.541871466918911,0
2.668,2298,5120968,1950,0,1,-30.916161463302636,6.486964660843549,0
2.67,2299,5122968,1979,0,1,-25.00351304062263,11.053998007231186,0
2.672,2300,5124968,1991,0,1,-15.149076244853214,16.068972462547727,0
2.674,2301,5126968,2007,0,1,-2.708039574587314,21.29273511600515,0
2.676,2302,5128968,2019,0,1,11.167666399844736,26.446125381494596,0
2.678,2303,5130968,2021,0,1,25.680948664173158,31.23321808833777,0
2.68,2304,5132968,2013,1,1,40.12254692089061,35.3596449989808,0
2.682,2305,5134968,2035,1,1,53.22132212880552,38.54501372396254,0
2.684,2306,5136968,2094,0,1,62.74260245145519,40.540156868980176,0
2.686,2307,5138968,2109,0,1,66.17988652836914,41.163277753065465,0
2.688,2308,5140968,2091,0,1,62.19941000927995,40.34446500897858,0
2.69,2309,5142968,2059,0,1,51.47848211001215,38.14786259597451,0
2.692,2310,5144968,2025,0,1,36.317587390199385,34.75724666583878,0
2.694,2311,5146968,2007,0,1,19.586712583689422,30.437177051290824,0
2.696,2312,5148968,1991,0,1,3.7939319731113716,25.489046842014897,0
2.698,2313,5150968,1983,0,1,-9.356590095483032,20.214126601506884,0
2.7,2314,5152968,1980,1,1,-18.9756959272719,14.88685994834211,0
2.702,2315,5154968,1983,1,1,-24.734396664193,9.738306047274172,0
2.704,2316,5156968,1959,0,1,-26.56517925189338,4.947138159422757,0
2.706,2317,5158968,1962,0,1,-24.675080027583,0.6319713301683869,0
2.708,2318,5160968,1968,0,1,-19.894901604369377,-3.1553227539263276,0
2.71,2319,5162968,2002,0,1,-13.833960182533993,-6.4254188941811385,0
2.712,2320,5164968,1996,0,1,-8.487061376915388,-9.231154136616912,0
2.714,2321,5166968,2011,0,1,-5.628824562023038,-11.640411475811389,0
2.716,2322,5168968,2013,0,1,-6.39286956995023,-13.713564773357415,0
2.718,2323,5170968,2009,0,1,-10.979445218995277,-15.487510083355787,0
2.72,2324,5172968,2011,1,1,-18.38101812892024,-16.96615783113706,0
2.722,2325,5174968,1957,1,1,-26.31821351065912,-18.121627625163256,0
2.724,2326,5176968,1931,0,1,-31.857774640079562,-18.913870758660774,0
2.726,2327,5178968,1933,0,1,-32.75618930520686,-19.326018971263238,0
2.728,2328,5180968,1949,0,1,-28.617364667129593,-19.39302925082403,0
2.73,2329,5182968,1992,0,1,-21.01032184931093,-19.203399322091457,0
2.732,2330,5184968,1994,0,1,-12.633293433251458,-18.875029918523694,0
2.734,2331,5186968,2011,0,1,-6.255956963419519,-18.52202851978368,0
2.736,2332,5188968,2020,0,1,-4.0047347274414555,-18.227753338771507,0
2.738,2333,5190968,2023,0,1,-6.895043307828086,-18.026554533131318,0
2.74,2334,5192968,2027,1,1,-14.356483589775351,-17.8925259755148,0
2.742,2335,5194968,1961,1,1,-23.98104314199444,-17.74125069232054,0
2.744,2336,5196968,1931,0,1,-32.16346961952522,-17.456563850188957,0
2.746,2337,5198968,1919,0,1,-35.72186169008387,-16.940065084938997,0
2.748,2338,5200968,1943,0,1,-33.408950533935354,-16.156193659527627,0
2.75,2339,5202968,1976,0,1,-26.26329866382922,-15.147112686814946,0
2.752,2340,5204968,1990,0,1,-16.841760787908257,-14.016079641158159,0
2.754,2341,5206968,2013,0,1,-8.088491062466012,-12.895589161288967,0
2.756,2342,5208968,2023,0,1,-2.413965008785217,-11.915463969798143,0
2.758,2343,5210968,2021,0,1,-1.0706592455668753,-11.177210731334617,0
2.76,2344,5212968,2027,1,1,-3.793943301669838,-10.737849242792468,0
2.762,2345,5214968,1973,1,1,-8.814705126273381,-10.607330681043637,0
2.764,2346,5216968,1959,0,1,-13.548019171787535,-10.765146710871889,0
2.766,2347,5218968,1959,0,1,-15.849721618619727,-11.191289313231898,0
2.768,2348,5220968,1972,0,1,-14.955517641001789,-11.890235154432903,0
2.77,2349,5222968,1993,0,1,-11.514884954208844,-12.893135065230025,0
2.772,2350,5224968,1998,0,1,-6.99026375344455,-14.242352989895164,0
2.774,2351,5226968,2004,0,1,-2.977125224634982,-15.9703337074959,0
2.776,2352,5228968,2012,0,1,-0.7740616384077526,-18.081671338326156,0
2.778,2353,5230968,2018,0,1,-1.1135004684604004,-20.539323191223033,0
2.78,2354,5232968,2025,1,1,-3.8279840309087856,-23.252844968977005,0
2.782,2355,5234968,1971,1,1,-7.63675573315555,-26.073688122652428,0
2.784,2356,5236968,1965,0,1,-10.631952685151344,-28.808917078292268,0
2.786,2357,5238968,1971,0,1,-11.378577287406864,-31.24995110843129,0
2.788,2358,5240968,1975,0,1,-9.6726426563365,-33.194930715532976,0
2.79,2359,5242968,1999,0,1,-6.507977730735807,-34.45389829846832,0
2.792,2360,5244968,2005,0,1,-3.549999019007836,-34.84247381558341,0
2.794,2361,5246968,2009,0,1,-2.469389350998683,-34.17256979280074,0
2.796,2362,5248968,2012,0,1,-4.422106473362247,-32.24831364624507,0
2.798,2363,5250968,2009,0,1,-9.733340446013925,-28.870723247847266,0
2.8,2364,5252968,2011,1,1,-17.62937502165401,-23.84952795872173,0
2.802,2365,5254968,1955,1,1,-26.127316695855892,-17.02424861317598,0
2.804,2366,5256968,1945,0,1,-32.553411736223836,-8.301803301247297,0
2.806,2367,5258968,1955,0,1,-34.58723304430697,2.295344043344258,0
2.808,2368,5260968,1970,0,1,-30.875665189466563,14.594314436261307,0
2.81,2369,5262968,1999,0,1,-20.741646179996273,28.264068913124078,0
2.812,2370,5264968,2003,0,1,-3.471910673145657,42.828207164159195,0
2.814,2371,5266968,2014,0,1,22.098514303559547,57.685798839979014,0
2.816,2372,5268968,2019,0,1,57.23668690504531,72.13223512957667,0
2.818,2373,5270968,2009,0,1,102.0706435882795,85.37896361980623,0
2.82,2374,5272968,2019,1,1,153.47125172880004,96.57339730618351,0
2.822,2375,5274968,2200,1,1,203.03657909922384,104.83703987883737,0
2.824,2376,5276968,2409,0,1,238.0311609082046,109.37123169148785,0
2.826,2377,5278968,2427,0,1,246.80013445756597,109.64568005062623,1
2.828,2378,5280968,2323,0,1,225.0348170931088,105.57791314641796,0
2.83,2379,5282968,2195,0,1,177.7805240665783,97.58493840151074,0
2.832,2380,5284968,2058,0,1,116.565104193212,86.48821934145428,0
2.834,2381,5286968,1959,0,1,54.53593542269704,73.33697777431968,0
2.836,2382,5288968,1935,0,1,2.25633048036668,59.220895219175986,0
2.838,2383,5290968,1909,0,1,-34.412666851486904,45.12221835832159,0
2.84,2384,5292968,1939,1,1,-54.22435823680441,31.827844702712433,0
2.842,2385,5294968,1933,1,1,-59.163414661934254,19.894330131534723,0
2.844,2386,5296968,1947,0,1,-52.87815195147971,9.647294463887697,0
2.846,2387,5298968,1965,0,1,-39.645358020815095,1.1988000005254236,0
2.848,2388,5300968,1989,0,1,-23.822866622366476,-5.522037397400467,0
2.85,2389,5302968,2021,0,1,-9.344686503164585,-10.723678684305696,0
2.852,2390,5304968,2021,0,1,0.8898715995512401,-14.696879280116,0
2.854,2391,5306968,2019,0,1,5.44643504176801,-17.76244246922996,0
2.856,2392,5308968,2012,0,1,4.3121311719861755,-20.233520199988433,0
2.858,2393,5310968,2015,0,1,-1.4225324878539727,-22.391961091401207,0
2.86,2394,5312968,1999,1,1,-9.759148397101821,-24.471913579621326,0
2.862,2395,5314968,1964,1,1,-17.95989617490174,-26.651587315096968,0
2.864,2396,5316968,1939,0,1,-23.17417967843217,-29.06007775282056,0
2.866,2397,5318968,1933,0,1,-23.57628419540051,-31.796409808956987,0
2.868,2398,5320968,1958,0,1,-19.356929369829643,-34.94381651705569,0
2.87,2399,5322968,1983,0,1,-12.875503258830125,-38.563130397508736,0
2.872,2400,5324968,1989,0,1,-7.978118071517255,-42.66594542876343,0
2.874,2401,5326968,2015,0,1,-9.039209181746362,-47.182327894825974,0
2.876,2402,5328968,2024,0,1,-19.956943159001355,-51.933619496045004,0
2.878,2403,5330968,2021,0,1,-42.92633788257036,-56.61350198348751,0
2.88,2404,5332968,2019,1,1,-77.00332716818146,-60.78313163495538,0
2.882,2405,5334968,1961,1,1,-116.72599326353973,-63.88815558466,0
2.884,2406,5336968,1741,0,1,-152.039237013302,-65.31947897362676,0
2.886,2407,5338968,1676,0,1,-171.49545437634484,-64.54668212704343,0
2.888,2408,5340968,1704,0,1,-167.78835790747513,-61.288871297541505,0
2.89,2409,5342968,1813,0,1,-141.35192009762207,-55.6208096744525,0
2.892,2410,5344968,1914,0,1,-99.65874052359885,-47.9562058688174,0
2.894,2411,5346968,2014,0,1,-53.666972599679085,-38.93717043616104,0
2.896,2412,5348968,2073,0,1,-13.780794841813172,-29.288210206032236,0
2.898,2413,5350968,2078,0,1,13.162385465943078,-19.68225546089229,0
2.9,2414,5352968,2077,1,1,25.172022205801603,-10.649747197624137,0
2.902,2415,5354968,2021,0,1,24.681617019227122,-2.541886228207588,0
2.904,2416,5356968,1975,0,1,16.84018852158286,4.456136927726668,0
2.906,2417,5358968,1965,0,1,7.138315605736468,10.277281373509325,0
2.908,2418,5360968,1961,0,1,-0.5636533821237713,14.91885784739911,0
2.91,2419,5362968,1983,0,1,-4.779712149641856,18.407643733597418,0
2.912,2420,5364968,1989,0,1,-6.023640479009418,20.788231462404998,0
2.914,2421,5366968,1997,0,1,-5.939884440237548,22.125326768908348,0
2.916,2422,5368968,2014,0,1,-6.4509407067227595,22.509869487984147,0
2.918,2423,5370968,2027,0,1,-8.954720512488446,22.066389819778884,0
2.92,2424,5372968,2001,1,1,-13.543728480360938,20.95967474499737,0
2.922,2425,5374968,1965,0,1,-18.777075930584985,19.388564583943573,0
2.924,2426,5376968,1943,0,1,-22.481951757746035,17.5576574036332,0
2.926,2427,5378968,1959,0,1,-23.063627447641313,15.639463510676295,0
2.928,2428,5380968,1963,0,1,-20.294081788563545,13.750531388563253,0
2.93,2429,5382968,1977,0,1,-15.27437045132417,11.94989501028706,0
2.932,2430,5384968,2002,0,1,-9.9611818584133,10.252391482606935,0
2.934,2431,5386968,2009,0,1,-6.490169948728576,8.6503624841198,0
2.936,2432,5388968,2023,0,1,-6.3913139809223125,7.138594158977809,0
2.938,2433,5390968,2011,0,1,-9.924352070354256,5.734488843754444,0
2.94,2434,5392968,1979,1,1,-15.837752828353993,4.484959392717442,0
2.942,2435,5394968,1961,0,1,-21.828529569431055,3.454076944410658,0
2.944,2436,5396968,1945,0,1,-25.546536147585464,2.696388861537239,0
2.946,2437,5398968,1955,0,1,-25.546548152886693,2.2311095863113173,0
2.948,2438,5400968,1959,0,1,-21.748874938872852,2.0294001224268117,0
2.95,2439,5402968,1979,0,1,-15.383943616477655,2.017427008201913,0
2.952,2440,5404968,2003,0,1,-8.560048399120577,2.0925411265658918,0
2.954,2441,5406968,2021,0,1,-3.5162969519727794,2.149358671016489,0
2.956,2442,5408968,2014,0,1,-1.7642412797083449,2.108378072652493,0
2.958,2443,5410968,2013,0,1,-3.5481480269956034,1.9351398592981484,0
2.96,2444,5412968,1993,1,1,-7.824315320005567,1.6435785703999755,0
2.962,2445,5414968,1967,0,1,-12.690926465916007,1.2844892591566304,0
2.964,2446,5416968,1959,0,1,-16.190130537781855,0.9222869104046816,0
2.966,2447,5418968,1963,0,1,-17.164202890027866,0.6093134779524838,0
2.968,2448,5420968,1982,0,1,-15.639402753783411,0.371138770634605,0
2.97,2449,5422968,1993,0,1,-12.54150638301518,0.20860673031999122,0
2.972,2450,5424968,1976,0,1,-9.140332991641618,0.10892753560591421,0
2.974,2451,5426968,2007,0,1,-6.74629069077547,0.05425222928493853,0
2.976,2452,5428968,2019,0,1,-6.474299379661488,0.02945736757594325,0
2.978,2453,5430968,2009,0,1,-8.662928451412974,0.03524191685057598,0
2.98,2454,5432968,1981,1,1,-12.419427855561675,0.09568476912918189,0
2.982,2455,5434968,1968,0,1,-15.950379982755733,0.24692650110460046,0
2.984,2456,5436968,1960,0,1,-17.446420185675443,0.5129826133283655,0
2.986,2457,5438968,1959,0,1,-15.88806517657282,0.8839461688357868,0
2.988,2458,5440968,1983,0,1,-11.43592983330707,1.3060488794762322,0
2.99,2459,5442968,1999,0,1,-5.273851661993811,1.687753765946488,0
2.992,2460,5444968,2010,0,1,1.0040141749493392,1.9197991400194694,0
2.994,2461,5446968,2014,0,1,6.043801374173253,1.8990610275060422,0
2.996,2462,5448968,2013,0,1,9.076459282406734,1.5468649871817608,0
2.998,2463,5450968,2023,0,1,9.992539709153782,0.8201430327506771,0
3.0,2464,5452968,2002,1,1,9.313506458789433,-0.2827416575182169,0
3.002,2465,5454968,1996,0,1,7.985939649297603,-1.7233446263948684,0
3.004,2466,5456968,1991,0,1,6.90803161025703,-3.4328384542264425,0
3.006,2467,5458968,1995,0,1,6.459875603026971,-5.323460306571488,0
3.008,2468,5460968,2008,0,1,6.369553996937883,-7.293959066974878,0
3.01,2469,5462968,2003,0,1,5.9413215299101045,-9.228031224052385,0
3.012,2470,5464968,2004,0,1,4.38228793952614,-10.991364566482728,0
3.014,2471,5466968,2011,0,1,1.0202338680274008,-12.432399233896644,0
3.016,2472,5468968,2003,0,1,-4.4836407131775164,-13.385900176114188,0
3.018,2473,5470968,2007,0,1,-11.843261933579628,-13.678544971639187,0
3.02,2474,5472968,1979,1,1,-19.924616855369596,-13.13963642587529,0
3.022,2475,5474968,1957,0,1,-26.866497852742064,-11.621507700889815,0
3.024,2476,5476968,1946,0,1,-30.696261254062183,-9.030377191749809,0
3.026,2477,5478968,1956,0,1,-30.087227670256404,-5.357391937273711,0
3.028,2478,5480968,1962,0,1,-24.724506325836355,-0.6959384390113679,0
3.03,2479,5482968,1991,0,1,-15.164975010916216,4.759419995343281,0
3.032,2480,5484968,1999,0,1,-2.3869066067855664,10.729247665120978,0
3.034,2481,5486968,2023,0,1,12.711643294574099,16.87486696679281,0
3.036,2482,5488968,2015,0,1,29.574450991125524,22.825908884041496,0
3.038,2483,5490968,2023,0,1,47.76426426931684,28.203209233917963,0
3.04,2484,5492968,2005,1,1,66.1625997635367,32.63381241369045,0
3.042,2485,5494968,2101,0,1,82.08874260295512,35.76647255129157,0
3.044,2486,5496968,2141,0,1,91.60990543233417,37.310131724545656,0
3.046,2487,5498968,2143,0,1,91.44288458019717,37.09845601789313,0
3.048,2488,5500968,2108,0,1,80.85713321673667,35.14281566503209,0
3.05,2489,5502968,2054,0,1,62.024413465602,31.638027267744544,0
3.052,2490,5504968,2014,0,1,38.90048789793886,26.921497500761557,0
3.054,2491,5506968,1989,0,1,15.62721961635729,21.408860353057317,0
3.056,2492,5508968,1980,0,1,-4.598580505838477,15.53136612580213,0
3.058,2493,5510968,1981,0,1,-19.77782688234675,9.690228203494403,0
3.06,2494,5512968,1944,1,1,-28.801162289971504,4.227407314869655,0
3.062,2495,5514968,1949,0,1,-31.313127968253273,-0.5977509372311225,0
3.064,2496,5516968,1961,0,1,-27.934448801604447,-4.627479533882067,0
3.066,2497,5518968,1973,0,1,-20.301227323370497,-7.808813156007449,0
3.068,2498,5520968,1993,0,1,-10.70594070056085,-10.177888458843986,0
3.07,2499,5522968,2014,0,1,-1.5652655600600034,-11.832570210237792,0
3.072,2500,5524968,2011,0,1,5.132463140281189,-12.900445058784971,0
3.074,2501,5526968,2023,0,1,8.213522270398773,-13.510159953165589,0
3.076,2502,5528968,2014,0,1,7.4465803273689,-13.771561154580972,0
3.078,2503,5530968,2009,0,1,3.5161996318575253,-13.764902452864792,0
3.08,2504,5532968,1992,1,1,-2.145620378390332,-13.539588857115026,0
3.082,2505,5534968,1981,0,1,-7.711292447659664,-13.12239957012547,0
3.084,2506,5536968,1965,0,1,-11.451890561328085,-12.532222279620758,0
3.086,2507,5538968,1962,0,1,-12.294820871503163,-11.796862449506232,0
3.088,2508,5540968,1979,0,1,-10.249770828611453,-10.965307048813088,0
3.09,2509,5542968,1995,0,1,-6.388507006900967,-10.107493032866294,0
3.092,2510,5544968,1998,0,1,-2.3500595278048686,-9.300918675199611,0
3.094,2511,5546968,2013,0,1,0.25358007415158823,-8.613001279856928,0
3.096,2512,5548968,2017,0,1,0.31619689483138214,-8.08586039899532,0
3.098,2513,5550968,2008,0,1,-2.368716568546311,-7.725366866284762,0
3.1,2514,5552968,1995,1,1,-6.945317354260001,-7.498967315144448,0
3.102,2515,5554968,1971,0,1,-11.763249821290739,-7.346410534557038,0
3.104,2516,5556968,1958,0,1,-15.050198172531278,-7.201432080642428,0
3.106,2517,5558968,1967,0,1,-15.693241681235998,-7.015919705788727,0
3.108,2518,5560968,1977,0,1,-13.651341285988394,-6.774346039408886,0
3.11,2519,5562968,1979,0,1,-9.831535854413804,-6.493372528536039,0
3.112,2520,5564968,2005,0,1,-5.70004397492887,-6.211806673790202,0
3.114,2521,5566968,2010,0,1,-2.7670875309101786,-5.975025328284559,0
3.116,2522,5568968,2008,0,1,-1.9998566317931918,-5.817231252409441,0
3.118,2523,5570968,2011,0,1,-3.4319819362872797,-5.749181453294249,0
3.12,2524,5572968,1978,1,1,-6.157838148063601,-5.756630359131539,0
3.122,2525,5574968,1979,0,1,-8.754902646507746,-5.8104371807337785,0
3.124,2526,5576968,1971,0,1,-9.95676931315344,-5.883499547495675,0
3.126,2527,5578968,1979,0,1,-9.142693798629715,-5.963850198273894,0
3.128,2528,5580968,1976,0,1,-6.482822247128884,-6.058841021643239,0
3.13,2529,5582968,1993,0,1,-2.8923932695471457,-6.1924920380997515,0
3.132,2530,5584968,2007,0,1,0.1977572459594512,-6.396469615580746,0
3.134,2531,5586968,2018,0,1,1.3492732210561966,-6.694320852708,0
3.136,2532,5588968,2013,0,1,-0.2479427612630022,-7.084189185946565,0
3.138,2533,5590968,2012,0,1,-4.32863757558502,-7.52846803210241,0
3.14,2534,5592968,1979,1,1,-9.495043311573905,-7.955600477904375,0
3.142,2535,5594968,1961,0,1,-13.688797936744944,-8.276318872049085,0
3.144,2536,5596968,1951,0,1,-15.130898964794486,-8.41091838370318,0
3.146,2537,5598968,1975,0,1,-13.181447732937423,-8.313602705711439,0
3.148,2538,5600968,1976,0,1,-8.552126523354747,-7.980021960636105,0
3.15,2539,5602968,2006,0,1,-2.90789286752716,-7.437719402240971,0
3.152,2540,5604968,2008,0,1,1.7846707530641446,-6.727608519498501,0
3.154,2541,5606968,2015,0,1,3.8929964951508174,-5.884371412183269,0
3.156,2542,5608968,2021,0,1,2.5715119228458176,-4.922107158048106,0
3.158,2543,5610968,2022,1,1,-1.9060028667668687,-3.8265325213022523,0
3.16,2544,5612968,1968,1,1,-8.00514032594415,-2.5563540859927594,0
3.162,2545,5614968,1964,0,1,-13.456890371527775,-1.0625516554407364,0
3.164,2546,5616968,1964,0,1,-16.314290545897677,0.6796885755536151,0
3.166,2547,5618968,1963,0,1,-15.66732503381092,2.647206781766007,0
3.168,2548,5620968,1988,0,1,-11.696665002706325,4.762768123438432,0
3.17,2549,5622968,1995,0,1,-5.308456350625103,6.9034714559001955,0
3.172,2550,5624968,2005,0,1,2.402733961812345,8.918614044205015,0
3.174,2551,5626968,2012,0,1,10.556999802190159,10.649562206673323,0
3.176,2552,5628968,2012,0,1,18.602327051301042,11.946680957326803,0
3.178,2553,5630968,2013,1,1,26.17424432181777,12.68233958615418,0
3.18,2554,5632968,2019,1,1,32.78157452722668,12.760277695843431,0
3.182,2555,5634968,2039,0,1,37.566068569438734,12.125147009158201,0
3.184,2556,5636968,2057,0,1,39.47490402359434,10.777630584627804,0
3.186,2557,5638968,2041,0,1,37.82069032500803,8.79289528018577,0
3.188,2558,5640968,2029,0,1,32.67303319378006,6.329555974299547,0
3.19,2559,5642968,2011,0,1,24.677754947484686,3.620013271103863,0
3.192,2560,5644968,2011,0,1,14.586720633840372,0.947806069596564,0
3.194,2561,5646968,2007,0,1,3.0275990314836516,-1.376478570346313,0
3.196,2562,5648968,1991,0,1,-9.336455002452285,-3.0362678758658355,0
3.198,2563,5650968,1991,1,1,-21.511118685469988,-3.7305015319920694,0
3.2,2564,5652968,1959,1,1,-31.993476724352234,-3.1988636635882948,0
3.202,2565,5654968,1937,0,1,-38.93420577393791,-1.2528174009018969,0
3.204,2566,5656968,1935,0,1,-40.75544567162724,2.1883532253004194,0
3.206,2567,5658968,1947,0,1,-36.81671717993691,7.068008694370784,0
3.208,2568,5660968,1967,0,1,-27.5862040386165,13.182738328268307,0
3.21,2569,5662968,1997,0,1,-14.253132766503878,20.195688078949907,0
3.212,2570,5664968,2009,0,1,1.944348935201412,27.66668312920306,0
3.214,2571,5666968,2019,0,1,20.255115020644833,35.08896136255477,0
3.216,2572,5668968,2021,0,1,40.42822632530599,41.92266234878533,0
3.218,2573,5670968,2019,1,1,62.11248407285294,47.62150825521584,0
3.22,2574,5672968,2029,1,1,83.81773249656865,51.65490839440495,0
3.222,2575,5674968,2129,0,1,102.15735706037579,53.53809597388488,0
3.224,2576,5676968,2168,0,1,112.60113395474,52.89106631248238,0
3.226,2577,5678968,2153,0,1,111.67625005280584,49.518954808237325,0
3.228,2578,5680968,2110,0,1,98.66187524025932,43.467898075313215,0
3.23,2579,5682968,2065,0,1,75.47443216419657,35.025082964375585,0
3.232,2580,5684968,2022,0,1,45.37528431358904,24.674144291684062,0
3.234,2581,5686968,1997,0,1,11.661804659273905,13.03190928023267,0
3.236,2582,5688968,1979,0,1,-22.962742744161687,0.7858230447363788,0
3.238,2583,5690968,1973,1,1,-56.12200450653145,-11.357618517149675,0
3.24,2584,5692968,1939,1,1,-84.86595122396832,-22.71332371427929,0
3.242,2585,5694968,1844,0,1,-105.11876041317046,-32.66140930795869,0
3.244,2586,5696968,1801,0,1,-112.72113971195499,-40.713253947021386,0
3.246,2587,5698968,1821,0,1,-105.83577470255071,-46.588368193446755,0
3.248,2588,5700968,1891,0,1,-86.67415517046555,-50.2555230899688,0
3.25,2589,5702968,1956,0,1,-61.03431682959698,-51.90600699450458,0
3.252,2590,5704968,1997,0,1,-36.18226761739443,-51.87350929303931,0
3.254,2591,5706968,2036,0,1,-18.537983411813265,-50.53911091321223,0
3.256,2592,5708968,2045,0,1,-11.972491266745106,-48.24942890899958,0
3.258,2593,5710968,2038,1,1,-16.76997425588381,-45.25984448665378,0
3.26,2594,5712968,1976,1,1,-29.384487460207033,-41.71205648466307,0
3.262,2595,5714968,1895,0,1,-43.50117684789724,-37.65678708223857,0
3.264,2596,5716968,1867,0,1,-52.545660214144284,-33.11904721510221,0
3.266,2597,5718968,1887,0,1,-52.476086053230006,-28.173204808072178,0
3.268,2598,5720968,1919,0,1,-43.187287084908675,-22.984649573252298,0
3.27,2599,5722968,1992,0,1,-27.99357275183144,-17.800961629832784,0
3.272,2600,5724968,2008,0,1,-11.820314745778974,-12.904416588755579,0
3.274,2601,5726968,2037,0,1,0.8112834343472102,-8.551959580751351,0
3.276,2602,5728968,2037,0,1,7.129238027927591,-4.9273279709277205,0
3.278,2603,5730968,2029,1,1,6.651940499832469,-2.114920223531314,0
3.28,2604,5732968,2015,1,1,1.1487142590620047,-0.09534998937553496,0
3.282,2605,5734968,1946,0,1,-6.0001386487968835,1.2361820494460751,0
3.284,2606,5736968,1945,0,1,-11.208958629833116,2.0282699605971075,0
3.286,2607,5738968,1950,0,1,-12.338479823204416,2.423960247119055,0
3.288,2608,5740968,1976,0,1,-9.476831090366307,2.531246727914766,0
3.29,2609,5742968,2003,0,1,-4.498938029120936,2.4237527171607205,0
3.292,2610,5744968,2007,0,1,0.010482462805550874,2.160165828244807,0
3.294,2611,5746968,2021,0,1,1.7846661062861138,1.8062197786889804,0
3.296,2612,5748968,2027,0,1,-0.41383255370933947,1.4500848774679795,0
3.298,2613,5750968,2015,1,1,-6.281570534724402,1.2100173389744437,0
3.3,2614,5752968,1971,1,1,-13.826202508748697,1.229240015209026,0
3.302,2615,5754968,1941,0,1,-20.056392158075013,1.6493683903140575,0
3.304,2616,5756968,1939,0,1,-22.37917677399527,2.5681685188466084,0
3.306,2617,5758968,1963,0,1,-19.753462158766098,4.005041209652834,0
3.308,2618,5760968,1980,0,1,-12.842717499415365,5.893176747229221,0
3.31,2619,5762968,2003,0,1,-3.3474658378687128,8.096509289782693,0
3.312,2620,5764968,2013,0,1,6.842572524486263,10.437867659610971,0
3.314,2621,5766968,2018,0,1,16.240533540335292,12.72698307715495,0
3.316,2622,5768968,2027,0,1,23.974123153042967,14.782720970520977,0
3.318,2623,5770968,2011,1,1,29.672254109561408,16.447979293917655,0
3.32,2624,5772968,2035,1,1,33.15486728703839,17.59805530613106,0
3.322,2625,5774968,2032,0,1,34.22325037890457,18.14738861092178,0
3.324,2626,5776968,2037,0,1,32.77762107899828,18.058569379362616,0
3.326,2627,5778968,2027,0,1,29.04790018945729,17.348951246356282,0
3.328,2628,5780968,2010,0,1,23.617463248032365,16.088399817259297,0
3.33,2629,5782968,2017,0,1,17.215449445797923,14.388118767987734,0
3.332,2630,5784968,1998,0,1,10.515695654103913,12.386277567529183,0
3.334,2631,5786968,1999,0,1,4.07190900614967,10.234345931435712,0
3.336,2632,5788968,2003,0,1,-1.6563850386875987,8.084572830027454,0
3.338,2633,5790968,1978,1,1,-6.195974340769752,6.079580348835254,0
3.34,2634,5792968,1995,1,1,-9.00799530557928,4.342352204449633,0
3.342,2635,5794968,1967,0,1,-9.595186297703627,2.9655362677505916,0
3.344,2636,5796968,1973,0,1,-7.749617144700209,2.0013913222087005,0
3.346,2637,5798968,1990,0,1,-3.867821723055882,1.4546249898812107,0
3.348,2638,5800968,1995,0,1,1.0041539936731776,1.2850016254170793,0
3.35,2639,5802968,2019,0,1,5.547133430080635,1.4219485206268097,0
3.352,2640,5804968,2010,0,1,8.693778542695352,1.7840379378255813,0
3.354,2641,5806968,2015,0,1,9.995303297627382,2.2951109297616217,0
3.356,2642,5808968,2013,0,1,9.702671902019976,2.892721233308823,0
3.358,2643,5810968,1993,1,1,8.629156953945648,3.529361203106957,0
3.36,2644,5812968,1989,1,1,7.78403171319937,4.166554064500621,0
3.362,2645,5814968,1992,0,1,7.839210121096567,4.764225700146241,0
3.364,2646,5816968,2007,0,1,8.830367271848147,5.274751254571305,0
3.366,2647,5818968,2006,0,1,10.320737785583148,5.647184648401215,0
3.368,2648,5820968,1999,0,1,11.713852674129352,5.835612048749713,0
3.37,2649,5822968,2019,0,1,12.384673724944149,5.804518746461762,0
3.372,2650,5824968,2014,0,1,11.797890041840933,5.533578545017652,0
3.374,2651,5826968,2007,0,1,9.751752205515364,5.023646639444896,0
3.376,2652,5828968,2005,0,1,6.479922539109848,4.297956615658753,0
3.378,2653,5830968,2002,1,1,2.558353760482923,3.397244126914792,0
3.38,2654,5832968,1999,1,1,-1.1516118297691298,2.3737571066229997,0
3.382,2655,5834968,1971,0,1,-3.583844637756239,1.2839485997491114,0
3.384,2656,5836968,1975,0,1,-3.8464703729787715,0.17587082050924785,0
3.386,2657,5838968,1975,0,1,-1.7878780168614485,-0.924877622895405,0
3.388,2658,5840968,1992,0,1,1.7103355438860692,-2.0202957375371904,0
3.39,2659,5842968,2019,0,1,4.979738546570809,-3.1308373672444585,0
3.392,2660,5844968,2014,0,1,6.270167697628924,-4.2750245415960055,0
3.394,2661,5846968,2013,0,1,4.4736111524624205,-5.449111654003085,0
3.396,2662,5848968,2013,0,1,-0.5357071682441427,-6.617458228024059,0
3.398,2663,5850968,2003,1,1,-7.813783556418824,-7.712787026620173,0
3.4,2664,5852968,1971,0,1,-15.392566423923812,-8.644162058487698,0
3.402,2665,5854968,1939,0,1,-20.79822918538938,-9.317779707833,0
3.404,2666,5856968,1949,0,1,-22.102566349878934,-9.66860676554383,0
3.406,2667,5858968,1951,0,1,-18.83776316592836,-9.685845408932174,0
3.408,2668,5860968,1975,0,1,-12.21067286510625,-9.41815787922622,0
3.41,2669,5862968,2008,0,1,-4.6498990316392295,-8.958584621769317,0
3.412,2670,5864968,2019,0,1,1.122477676475162,-8.414857325965945,0
3.414,2671,5866968,2026,0,1,3.143659334462879,-7.87585358025658,0
3.416,2672,5868968,2019,0,1,0.9187020653002995,-7.387702834065527,0
3.418,2673,5870968,1995,1,1,-4.414079009146508,-6.946581826453604,0
3.42,2674,5872968,1970,1,1,-10.49747957721491,-6.509738590066172,0
3.422,2675,5874968,1949,0,1,-14.686384856293632,-6.021743935169025,0
3.424,2676,5876968,1951,0,1,-15.143775421448687,-5.445396877584261,0
3.426,2677,5878968,1963,0,1,-11.593191974564704,-4.783174475343619,0
3.428,2678,5880968,1989,0,1,-5.395196992715768,-4.079822063106745,0
3.43,2679,5882968,2013,0,1,1.0497982613239656,-3.405679706924951,0
3.432,2680,5884968,2021,0,1,5.2772413243697125,-2.828640631070967,0
3.434,2681,5886968,2029,0,1,5.67975938114101,-2.386965564398529,0
3.436,2682,5888968,2013,0,1,2.0669750448937654,-2.0728130657340667,0
3.438,2683,5890968,1997,1,1,-4.253175115044051,-1.8312708105217785,0
3.44,2684,5892968,1971,0,1,-10.895668811132106,-1.5756145487780717,0
3.442,2685,5894968,1941,0,1,-15.265743049247039,-1.2155792501962646,0
3.444,2686,5896968,1959,0,1,-15.628183079181436,-0.6900519919100097,0
3.446,2687,5898968,1963,0,1,-11.81861385158281,0.010903757979980888,0
3.448,2688,5900968,1989,0,1,-5.210235176911297,0.8450289679625396,0
3.45,2689,5902968,2021,0,1,1.9284622309715864,1.7354923110431244,0
3.452,2690,5904968,2013,0,1,7.376348888855217,2.5989539553718606,0
3.454,2691,5906968,2023,0,1,9.733841326214744,3.3713028735685864,0
3.456,2692,5908968,2023,0,1,8.728641913213275,4.021659954818366,0
3.458,2693,5910968,1997,1,1,5.213251973909376,4.555516389907081,0
3.46,2694,5912968,1989,0,1,0.8640673428061167,5.006723626351614,0
3.462,2695,5914968,1967,0,1,-2.484904689359583,5.418344933654812,0
3.464,2696,5916968,1977,0,1,-3.583901183831285,5.8206775456579045,0
3.466,2697,5918968,1981,0,1,-2.203374369720043,6.2168266730511785,0
3.468,2698,5920968,1994,0,1,0.8995239375669088,6.581055489506707,0
3.47,2699,5922968,2008,0,1,4.368750412548715,6.868087003724954,0
3.472,2700,5924968,2019,0,1,6.809991219660624,7.028678300058561,0
3.474,2701,5926968,2013,0,1,7.357681791651349,7.026121863531545,0
3.476,2702,5928968,2013,0,1,6.010312387578031,6.846844224557181,0
3.478,2703,5930968,1990,1,1,3.5908175029484664,6.500931375425029,0
3.48,2704,5932968,1981,0,1,1.3298516193482022,6.012504817877253,0
3.482,2705,5934968,1981,0,1,0.22989132948913849,5.40428947709127,0
3.484,2706,5936968,1992,0,1,0.614142379979898,4.6861586562081765,0
3.486,2707,5938968,1989,0,1,2.110625085370417,3.854079145923192,0
3.488,2708,5940968,1999,0,1,3.8702057385508466,2.895991135339029,0
3.49,2709,5942968,2005,0,1,4.803092003856674,1.7997964086045224,0
3.492,2710,5944968,2013,0,1,3.8870477079773176,0.5631479415944534,0
3.494,2711,5946968,2009,0,1,0.5679580979033063,-0.7962574495592318,0
3.496,2712,5948968,2011,0,1,-4.874920058889036,-2.23395344852172,0
3.498,2713,5950968,1983,1,1,-11.147650605218935,-3.6792815708086843,0
3.5,2714,5952968,1951,0,1,-16.217316209062133,-5.0481301768016795,0
3.502,2715,5954968,1951,0,1,-18.19115134793536,-6.268635012234838,0
3.504,2716,5956968,1955,0,1,-16.293041931637067,-7.306756689781408,0
3.506,2717,5958968,1980,0,1,-11.24106104704457,-8.175192350967167,0
3.508,2718,5960968,1997,0,1,-4.891453230241218,-8.92185656236358,0
3.51,2719,5962968,2005,0,1,0.5081680183402808,-9.605883218066472,0
3.512,2720,5964968,2020,0,1,3.0433333102830606,-10.272276997005147,0
3.514,2721,5966968,2008,0,1,1.641646876609661,-10.932647127367783,0
3.516,2722,5968968,2021,0,1,-3.617450845008801,-11.55479602315523,0
3.518,2723,5970968,1992,1,1,-11.335709745830636,-12.061785389088774,0
3.52,2724,5972968,1952,0,1,-18.969549524403725,-12.344210577648532,0
3.522,2725,5974968,1933,0,1,-23.7237234433504,-12.290849757103743,0
3.524,2726,5976968,1945,0,1,-23.848082050271845,-11.827400884309878,0
3.526,2727,5978968,1967,0,1,-19.36138649718645,-10.939736569195448,0
3.528,2728,5980968,1981,0,1,-11.80370207190541,-9.671053625225166,0
3.53,2729,5982968,2005,0,1,-3.4709940724671604,-8.101764170895256,0
3.532,2730,5984968,2012,0,1,3.3717492020924604,-6.324239997351059,0
3.534,2731,5986968,2026,0,1,7.130543517182698,-4.419323842873859,0
3.536,2732,5988968,2029,0,1,7.372103789571526,-2.4382655851144976,0
3.538,2733,5990968,1983,1,1,5.015683534142783,-0.3955052740539724,0
3.54,2734,5992968,1979,0,1,1.8361033685695016,1.7193715525375772,0
3.542,2735,5994968,1980,0,1,-0.5503321162306443,3.91535818616195,0
3.544,2736,5996968,1994,0,1,-1.3182014886790752,6.179897693760909,0
3.546,2737,5998968,1989,0,1,-0.33391327496568035,8.474439049416759,0
3.548,2738,6000968,1997,0,1,2.184731366402569,10.737587226189786,0
3.55,2739,6002968,2003,0,1,5.881040080383848,12.88901821158064,0
3.552,2740,6004968,2010,0,1,10.410212094148541,14.835247498463364,0
3.554,2741,6006968,2005,0,1,15.565506274438789,16.477476349273317,0
3.556,2742,6008968,2011,0,1,21.23653900449511,17.718132188895986,0
3.558,2743,6010968,1996,1,1,27.12897064251677,18.464257203431075,0
3.56,2744,6012968,2031,0,1,32.39706927958704,18.630332468867696,0
3.562,2745,6014968,2057,0,1,35.685269854969725,18.149540466811683,0
3.564,2746,6016968,2040,0,1,35.84190408661777,16.997045596968313,0
3.566,2747,6018968,2035,0,1,32.610087123269054,15.209378516668615,0
3.568,2748,6020968,2015,0,1,26.617128324248984,12.88471040466501,0
3.57,2749,6022968,1998,0,1,18.864654668186844,10.167507412988416,0
3.572,2750,6024968,2005,0,1,10.181990901286724,7.22763971927214,0
3.574,2751,6026968,2005,0,1,1.0454386367765292,4.243534350079379,0
3.576,2752,6028968,2009,0,1,-8.04463430616497,1.3946455095389787,0
3.578,2753,6030968,1971,1,1,-16.0306426387307,-1.143596684598144,0
3.58,2754,6032968,1951,0,1,-21.327047865649764,-3.2153469137147592,0
3.582,2755,6034968,1945,0,1,-22.591144229501644,-4.712024156225168,0
3.584,2756,6036968,1961,0,1,-19.569297772551433,-5.59644904659789,0
3.586,2757,6038968,1980,0,1,-13.316723266702827,-5.907561170450127,0
3.588,2758,6040968,2003,0,1,-5.727620896260014,-5.7441428353256985,0
3.59,2759,6042968,2004,0,1,1.2287176660629644,-5.237094942942478,0
3.592,2760,6044968,2013,0,1,6.0969767620501365,-4.522620040098484,0
3.594,2761,6046968,2014,0,1,8.177502169517712,-3.7230188042383996,0
3.596,2762,6048968,2025,0,1,7.632590699579934,-2.9334860203893243,0
3.598,2763,6050968,1981,1,1,5.519078057132718,-2.215026060253587,0
3.6,2764,6052968,1974,0,1,3.349015894556107,-1.6011970540138263,0
3.602,2765,6054968,1993,0,1,2.223461867759765,-1.116262920831074,0
3.604,2766,6056968,1991,0,1,2.37891898485329,-0.7860303232887027,0
3.606,2767,6058968,1993,0,1,3.3986403122747024,-0.6347154600531479,0
3.608,2768,6060968,1997,0,1,4.505054573689906,-0.6788376912833531,0
3.61,2769,6062968,2006,0,1,4.725589171968739,-0.9227822549939972,0
3.612,2770,6064968,2011,0,1,3.15615707900548,-1.3527621517980135,0
3.614,2771,6066968,2009,0,1,-0.6421927536177701,-1.9298743296664411,0
3.616,2772,6068968,2007,0,1,-6.273360166654647,-2.5866431265767797,0
3.618,2773,6070968,1976,1,1,-12.364603944659065,-3.231527372718729,0
3.62,2774,6072968,1951,0,1,-16.93221113684126,-3.7660743178323264,0
3.622,2775,6074968,1955,0,1,-18.270506320138825,-4.112752919728267,0
3.624,2776,6076968,1960,0,1,-15.776414732890382,-4.23878042774278,0
3.626,2777,6078968,1977,0,1,-10.176268041553064,-4.16281288060205,0
3.628,2778,6080968,1996,0,1,-3.212901489112519,-3.944718333022582,0
3.63,2779,6082968,2011,0,1,2.957057079350828,-3.6645429062717225,0
3.632,2780,6084968,2019,0,1,6.45120552954229,-3.3975184750715854,0
3.634,2781,6086968,2021,0,1,6.232975401683982,-3.1925588670470546,0
3.636,2782,6088968,2024,0,1,2.4961354443525847,-3.0586883404383176,0
3.638,2783,6090968,1972,1,1,-3.251478015958428,-2.9633320541311394,0
3.64,2784,6092968,1972,0,1,-8.725482442060084,-2.848464314383044,0
3.642,2785,6094968,1955,0,1,-11.884774686907507,-2.6595240047432105,0
3.644,2786,6096968,1963,0,1,-11.752894000890695,-2.370163310777624,0
3.646,2787,6098968,1980,0,1,-8.68587980334889,-1.9926194106461292,0
3.648,2788,6100968,1996,0,1,-4.101645253563624,-1.5724036850676666,0
3.650001,2789,6102969,2007,0,1,0.1718024491039687,-1.170891231165157,0
3.652,2790,6104968,2012,0,1,2.586189386482398,-0.8447060192888647,0
3.654,2791,6106968,2014,0,1,2.356901514436245,-0.6295212102943899,0
3.656,2792,6108968,2013,0,1,-0.2614086134892357,-0.5307547572465747,0
3.658,2793,6110968,1981,1,1,-3.9424478116582757,-0.523097053823447,0
3.66,2794,6112968,1957,0,1,-6.771994721878057,-0.5638380726356509,0
3.662,2795,6114968,1965,0,1,-7.251223809354999,-0.6180156464796087,0
3.664,2796,6116968,1983,0,1,-5.09474790661876,-0.6782475109650963,0
3.666,2797,6118968,1993,0,1,-1.203751785561704,-0.76482223660989,0
3.668,2798,6120968,2005,0,1,2.9234802688639006,-0.9107721471112495,0
3.67,2799,6122968,2005,0,1,5.776375915552787,-1.1444798246088626,0
3.672,2800,6124968,2013,0,1,6.196564940274772,-1.476423937591897,0
3.674,2801,6126968,2015,0,1,3.621171987232554,-1.8905096049289072,0
3.676,2802,6128968,2020,0,1,-1.619132913002218,-2.338347589930838,0
3.678,2803,6130968,1973,1,1,-8.075878756308382,-2.739839950695111,0
3.68,2804,6132968,1955,0,1,-13.561259613531297,-2.9998214098704166,0
3.682,2805,6134968,1959,0,1,-16.170333551474037,-3.039188331613111,0
3.684,2806,6136968,1962,0,1,-15.124200563522836,-2.820898885631504,0
3.686,2807,6138968,1976,0,1,-10.917210487111694,-2.3576606167918404,0
3.688,2808,6140968,1992,0,1,-5.001618891054749,-1.7045868522701557,0
3.690001,2809,6142969,2011,0,1,0.7537873658357439,-0.9422069760597984,0
3.692,2810,6144968,2013,0,1,4.717063687344158,-0.1543606723734694,0
3.694,2811,6146968,2019,0,1,6.035307336615582,0.5916798045367937,0
3.696,2812,6148968,2018,0,1,4.934684400346438,1.257661153619455,0
3.698,2813,6150968,1972,1,1,2.676929975092739,1.8359615761373629,0
3.7,2814,6152968,1977,0,1,0.9212358795260651,2.3357280250495527,0
3.702,2815,6154968,1983,0,1,0.7785690896972794,2.761063890914359,0
3.704,2816,6156968,1989,0,1,2.3631631569944496,3.099554553825549,0
3.706,2817,6158968,2005,0,1,5.002165042574865,3.3259988302788557,0
3.708,2818,6160968,2004,0,1,7.687978070124949,3.4133938509098973,0
3.71,2819,6162968,2007,0,1,9.46422882458569,3.3440715058696435,0
3.712,2820,6164968,2009,0,1,9.61328953497857,3.116835462515472,0
3.714,2821,6166968,2013,0,1,7.7448642741152565,2.7505704279847665,0
3.716,2822,6168968,2019,0,1,3.98895795824683,2.287212701694467,0
3.718,2823,6170968,1980,1,1,-0.8049117002235051,1.791609297519356,0
3.72,2824,6172968,1989,0,1,-5.241317062476211,1.3411394861400217,0
3.722,2825,6174968,1965,0,1,-7.923996553716329,1.0065482315511347,0
3.724,2826,6176968,1971,0,1,-7.991626416738837,0.8337123202337843,0
3.726,2827,6178968,1978,0,1,-5.457013473831383,0.8322656475482642,0
3.728,2828,6180968,1995,0,1,-1.2265846478968112,0.9748825648436235,0
3.730001,2829,6182969,2005,0,1,3.267269536475254,1.208519091335243,0
3.732,2830,6184968,2019,0,1,6.633829288607023,1.4724993078721895,0
3.734,2831,6186968,2013,0,1,8.051914059222925,1.7164490404850337,0
3.736,2832,6188968,2010,0,1,7.554279718006787,1.9118269361684377,0
3.738,2833,6190968,1995,1,1,5.945283834603007,2.0532587649096934,0
3.74,2834,6192968,1980,0,1,4.3739612873747555,2.1500646189990844,0
3.742,2835,6194968,1988,0,1,3.7303518137709704,2.2124445086255995,0
3.744,2836,6196968,1989,0,1,4.215457523819737,2.2409212817930446,0
3.746,2837,6198968,2004,0,1,5.341636973987352,2.2254338509496083,0
3.748,2838,6200968,2009,0,1,6.284487812311745,2.1528586643475305,0
3.75,2839,6202968,1999,0,1,6.3065167953942645,2.0167577003044794,0
3.752,2840,6204968,2007,0,1,4.971230478040365,1.8226188596214368,0
3.754,2841,6206968,2011,0,1,2.206903689511693,1.588671504082651,0
3.756,2842,6208968,2009,1,1,-1.4913400665235608,1.3473207696440208,0
3.758,2843,6210968,1967,1,1,-4.918675698256669,1.1433082275716315,0
3.76,2844,6212968,1972,0,1,-6.5924399748578635,1.01936804251308,0
3.762,2845,6214968,1971,0,1,-5.567700763429324,0.9950437445143301,0
3.764,2846,6216968,1981,0,1,-1.9205826739193226,1.0549918277568069,0
3.766,2847,6218968,1994,0,1,3.2905722330788514,1.1519369240664394,0
3.768,2848,6220968,2020,0,1,8.40463175560431,1.2205387687163902,0
3.770001,2849,6222969,2019,0,1,11.794432221412768,1.1987792428515194,0
3.772,2850,6224968,2007,0,1,12.434445988117552,1.0477775177546336,0
3.774,2851,6226968,2019,0,1,10.03278975313557,0.760234552262129,0
3.776,2852,6228968,2023,1,1,5.010762243176971,0.361385314443996,0
3.778,2853,6230968,1990,1,1,-1.333727597474248,-0.09143364554224975,0
3.78,2854,6232968,1963,0,1,-6.961667455170126,-0.5193431365418721,0
3.782,2855,6234968,1956,0,1,-9.939212294414899,-0.8485535696582669,0
3.784,2856,6236968,1974,0,1,-9.387881716169133,-1.0379302566959023,0
3.786,2857,6238968,1973,0,1,-5.788761193736045,-1.0897233555174557,0
3.788,2858,6240968,2003,0,1,-0.6722642598431352,-1.0426480875089674,0
3.79,2859,6242968,2013,0,1,3.99135325090538,-0.9542166556524885,0
3.792,2860,6244968,2015,0,1,6.514800314548077,-0.8783738766990896,0
3.794,2861,6246968,2022,0,1,6.060924730646619,-0.8468136819677663,0
3.796,2862,6248968,2004,1,1,2.892899565464382,-0.859813649784602,0
3.798,2863,6250968,1996,1,1,-1.6900187359699412,-0.8878862120617812,0
3.8,2864,6252968,1965,0,1,-5.7824959482630405,-0.8848606499294073,0
3.802,2865,6254968,1961,0,1,-7.648449189619944,-0.8099663591105868,0
3.804,2866,6256968,1977,0,1,-6.5003652159804295,-0.649252407831469,0
3.806,2867,6258968,1977,0,1,-2.7903260015434443,-0.4239917987838474,0
3.808,2868,6260968,2009,0,1,2.0678605791306435,-0.18325920233634252,0
3.810001,2869,6262969,2013,0,1,6.307835713144853,0.013949096407159023,0
3.812,2870,6264968,2011,0,1,8.48366495858864,0.11957536679981162,0
3.814,2871,6266968,2021,0,1,7.889564218694961,0.11134272795226796,0
3.816,2872,6268968,2007,1,1,4.7037325422208704,-0.0011556122250795942,0
3.818,2873,6270968,2002,1,1,-0.0011890148582116566,-0.17745417561638704,0
3.82,2874,6272968,1967,0,1,-4.512329811005839,-0.3565791549676801,0
3.822,2875,6274968,1965,0,1,-7.140649745093738,-0.47790445186890973,0
3.824,2876,6276968,1974,0,1,-6.999327950459815,-0.5039896972294144,0
3.826,2877,6278968,1983,0,1,-4.331329847589888,-0.4316528956988234,0
3.828,2878,6280968,1998,0,1,-0.2529159935243679,-0.28724023493754114,0
3.83,2879,6282968,2005,0,1,3.7585107056932463,-0.11287153490910151,0
3.832,2880,6284968,2014,0,1,6.370111996023384,0.04946320040489205,0
3.834,2881,6286968,2009,0,1,6.77391445870753,0.17130132893837824,0
3.836,2882,6288968,2019,1,1,4.909315316221761,0.2458601466520569,0
3.838,2883,6290968,1997,1,1,1.5666606413072222,0.290419298263221,0
3.84,2884,6292968,1976,0,1,-1.7725915590081345,0.340002504966332,0
3.842,2885,6294968,1967,0,1,-3.5639691543050835,0.4295986293680887,0
3.844,2886,6296968,1974,0,1,-3.0077828943657154,0.5729050919379541,0
3.846,2887,6298968,1989,0,1,-0.4482995675153114,0.7515471486549408,0
3.848,2888,6300968,2008,0,1,2.8682991415245436,0.920610921928728,0
3.850001,2889,6302969,2013,0,1,5.462877003455268,1.0257933674372697,0
3.852,2890,6304968,2018,0,1,6.318861516465487,1.022412105307247,0
3.854,2891,6306968,2004,0,1,5.279669872583135,0.8876229386833725,0
3.856,2892,6308968,1998,1,1,3.0283614441015945,0.6219123549783008,0
3.858,2893,6310968,1981,1,1,0.7141344793872775,0.24086984590806448,0
3.86,2894,6312968,1981,0,1,-0.5886339277985568,-0.23808312894390293,0
3.862,2895,6314968,1983,0,1,-0.3439746017122842,-0.8074516287174069,0
3.864,2896,6316968,1993,0,1,1.276927545494523,-1.474016081083485,0
3.866,2897,6318968,1991,0,1,3.523035735927781,-2.2549493396462985,0
3.868,2898,6320968,2009,0,1,5.311551737969811,-3.169436410050094,0
3.87,2899,6322968,2011,0,1,5.556823871924578,-4.227792312772615,0
3.872,2900,6324968,2005,0,1,3.5623362063123984,-5.420146098123077,0
3.874,2901,6326968,2008,0,1,-0.7130337285817798,-6.710082458993268,0
3.876,2902,6328968,2003,1,1,-6.53423409131237,-8.034696687883851,0
3.878,2903,6330968,1974,1,1,-12.360053083025853,-9.310024657402238,0
3.88,2904,6332968,1951,0,1,-16.20005568476367,-10.446445672413162,0
3.882,2905,6334968,1949,0,1,-16.492781629364636,-11.374244109338534,0
3.884,2906,6336968,1967,0,1,-12.947102777572074,-12.065310283705031,0
3.886,2907,6338968,1987,0,1,-6.704611300967593,-12.536036297136569,0
3.888,2908,6340968,2006,0,1,0.20219583418722165,-12.830564797503104,0
3.890001,2909,6342969,2011,0,1,5.645223473239051,-12.995142136988896,0
3.892,2910,6344968,2019,0,1,8.029448130680086,-13.055140849969144,0
3.894,2911,6346968,2019,0,1,6.656740406574119,-13.000154179680834,0
3.896,2912,6348968,2014,1,1,1.9377623566820654,-12.777558093301458,0
3.898,2913,6350968,1990,1,1,-4.565215588549548,-12.296012277992387,0
3.9,2914,6352968,1959,0,1,-10.51120830715803,-11.443048254966767,0
3.902,2915,6354968,1951,0,1,-13.675367100858367,-10.116269767865287,0
3.904,2916,6356968,1967,0,1,-12.903905175659634,-8.255306370528732,0
3.906,2917,6358968,1975,0,1,-8.46791506742014,-5.857917630574394,0
3.908,2918,6360968,2007,0,1,-1.703307516803885,-2.9760447383571424,0
3.91,2919,6362968,2008,0,1,5.715421189314845,0.30112665068652245,0
3.912,2920,6364968,2019,0,1,12.454088872418442,3.8670257785397624,0
3.914,2921,6366968,2019,0,1,17.855779514419147,7.612157480718372,0
3.916,2922,6368968,2009,1,1,21.905528993947698,11.430499811253505,0
3.918,2923,6370968,2013,1,1,24.91273950344327,15.218567117300697,0
3.92,2924,6372968,2019,0,1,27.119841574956666,18.871197189286438,0
3.922,2925,6374968,2028,0,1,28.563285389895242,22.280956393511104,0
3.924,2926,6376968,2029,0,1,29.25119174743512,25.342880021816185,0
3.926,2927,6378968,2023,0,1,29.396628199913366,27.959624535004252,0
3.928,2928,6380968,2027,0,1,29.47765220325847,30.042716554470996,0
3.930001,2929,6382969,2024,0,1,30.164859584726212,31.511164901591705,0
3.932,2930,6384968,2018,0,1,32.2156191513746,32.290208538512516,0
3.934,2931,6386968,2012,0,1,36.23822421531468,32.30935782342343,0
3.936,2932,6388968,2006,1,1,42.22532212114455,31.49884235445074,0
3.938,2933,6390968,2025,1,1,49.01042223373053,29.78822828067945,0
3.94,2934,6392968,2078,0,1,54.18615947497206,27.117463800183028,0
3.942,2935,6394968,2087,0,1,55.02063176730173,23.46871259669528,0
3.944,2936,6396968,2074,0,1,49.92973978903882,18.90627024169992,0
3.946,2937,6398968,2031,0,1,39.274984437143715,13.595989236985996,0
3.948,2938,6400968,2005,0,1,24.91378317525743,7.790385550027919,0
3.95,2939,6402968,1991,0,1,9.094573778739331,1.7915543211572427,0
3.952,2940,6404968,1982,0,1,-6.368786710469793,-4.086805944441178,0
3.954,2941,6406968,1978,0,1,-20.25244482863133,-9.546855127244847,0
3.956,2942,6408968,1967,1,1,-31.630876931701707,-14.324750876297877,0
3.958,2943,6410968,1963,1,1,-39.5071005351757,-18.204404482555375,0
3.96,2944,6412968,1919,0,1,-42.730021191844735,-21.032223638184718,0
3.962,2945,6414968,1931,0,1,-40.498248198345365,-22.736909214264593,0
3.964,2946,6416968,1949,0,1,-33.1088058690752,-23.345754678957793,0
3.966,2947,6418968,1964,0,1,-22.176610286967005,-22.981162948633965,0
3.968,2948,6420968,1995,0,1,-10.213009212148588,-21.835913964938506,0
3.970001,2949,6422969,2012,0,1,0.06360166935229761,-20.137364341700625,0
3.972,2950,6424968,2023,0,1,6.473781205650212,-18.109050678426726,0
3.974,2951,6426968,2029,0,1,7.995816909031307,-15.937929553318376,0
3.976,2952,6428968,2015,1,1,5.109499699156833,-13.753867618610881,0
3.978,2953,6430968,1983,1,1,-0.28895442410188554,-11.626200273658837,0
3.98,2954,6432968,1962,0,1,-5.596886244320245,-9.580527864525628,0
3.982,2955,6434968,1959,0,1,-8.620230129755512,-7.628451573407425,0
3.984,2956,6436968,1971,0,1,-8.42531491099626,-5.79298294189042,0
3.986,2957,6438968,1981,0,1,-5.4948118444502265,-4.11754436750214,0
3.988,2958,6440968,2003,0,1,-1.3037151012943,-2.6591489212825166,0
3.99,2959,6442968,2005,0,1,2.3561451535729905,-1.4727287112619125,0
3.992,2960,6444968,2020,0,1,4.032439043384361,-0.5940261618200955,0
3.994,2961,6446968,2019,0,1,3.1320380396498946,-0.026001718791302864,0
3.996,2962,6448968,1999,1,1,0.2321135394833913,0.2676619305027881,0
3.998,2963,6450968,1968,1,1,-3.112907793732724,0.35531341529079885,0
4.0,2964,6452968,1973,0,1,-5.188022786858367,0.3149431809789949,0
4.002,2965,6454968,1973,0,1,-4.9904248325369975,0.21018444354032617,0
4.004,2966,6456968,1980,0,1,-2.5782951838742916,0.07871660724004315,0
4.006,2967,6458968,1993,0,1,1.0420496146738665,-0.06660110187631929,0
4.008,2968,6460968,2007,0,1,4.267553156968483,-0.22835011466479038,0
4.010001,2969,6462969,2023,0,1,5.4645630410474375,-0.40899487638280796,0
4.012,2970,6464968,2015,0,1,3.648585403404077,-0.5936422993250039,0
4.014,2971,6466968,2015,0,1,-1.0032620428183128,-0.7391541212337569,0
4.016,2972,6468968,1977,1,1,-7.073779134093934,-0.7763318770549645,0
4.018,2973,6470968,1967,1,1,-12.395528627072748,-0.6274646937403121,0
4.02,2974,6472968,1955,0,1,-14.933412691224413,-0.23351587800780438,0
4.022,2975,6474968,1957,0,1,-13.587243898533625,0.421753323823558,0
4.024,2976,6476968,1973,0,1,-8.592586790568499,1.3002438729157526,0
4.026,2977,6478968,1996,0,1,-1.430173462797292,2.3140459091853227,0
4.028,2978,6480968,2019,0,1,5.763353814777851,3.345761459233003,0
4.03,2979,6482968,2018,0,1,11.033499943822992,4.277329780021348,0
4.032,2980,6484968,2019,0,1,13.222046474918393,5.0146487043148,0
4.034,2981,6486968,2021,0,1,12.14561735013057,5.50066498359986,0
4.036,2982,6488968,2013,1,1,8.562759166305343,5.719379719263562,0
4.038,2983,6490968,1982,1,1,4.01291765104982,5.692018822656379,0
4.04,2984,6492968,1977,0,1,0.2917552821890621,5.461899157010433,0
4.042,2985,6494968,1973,0,1,-1.317335671476033,5.07272837241722,0
4.044,2986,6496968,1980,0,1,-0.5594426833070962,4.5528630527510625,0
4.046,2987,6498968,1994,0,1,1.75048726012041,3.91192254158129,0
4.048,2988,6500968,2003,0,1,4.068192334195931,3.1483854169828818,0
4.050001,2989,6502969,2021,0,1,4.704008351143443,2.264231479815905,0
4.052,2990,6504968,2020,0,1,2.5196912539678205,1.2817156138959427,0
4.054,2991,6506968,2012,0,1,-2.4618279950130124,0.25577854468442185,0
4.056,2992,6508968,1976,1,1,-8.885121709156916,-0.7264915527683311,0
4.058,2993,6510968,1958,0,1,-14.601553066264795,-1.5645599302660074,0
4.06,2994,6512968,1959,0,1,-17.659235161399767,-2.174033339844159,0
4.062,2995,6514968,1955,0,1,-17.08407925380996,-2.5108194719330643,0
4.064,2996,6516968,1973,0,1,-13.13393255654628,-2.5805525299939815,0
4.066,2997,6518968,1993,0,1,-7.102900545094878,-2.4332755249678018,0
4.068,2998,6520968,1995,0,1,-0.8033632249650122,-2.1463336364017405,0
4.07,2999,6522968,2009,0,1,3.9825691312139244,-1.803298383795761,0
4.072,3000,6524968,2021,0,1,5.90113673187455,-1.4754065103827405,0
4.074,3001,6526968,2018,0,1,4.418743591056662,-1.2055942573260945,0
4.076,3002,6528968,2003,1,1,0.14311076508021947,-0.9985897038183127,0
4.078,3003,6530968,1980,0,1,-5.267214942046222,-0.8246080294324137,0
4.08,3004,6532968,1967,0,1,-9.6983284304498,-0.6375224918947497,0
4.082,3005,6534968,1957,0,1,-11.401879848536183,-0.3994103154003524,0
4.084,3006,6536968,1963,0,1,-9.682986764006097,-0.1010940379691424,0
4.086,3007,6538968,1981,0,1,-5.201938067928257,0.2290727586325032,0
4.088,3008,6540968,2004,0,1,0.2632027957495219,0.5323003191776671,0
4.090001,3009,6542969,2021,0,1,4.551751515491592,0.7405219628071363,0
4.092,3010,6544968,2019,0,1,6.017764838382473,0.8022804841520484,0
4.094,3011,6546968,2023,0,1,4.177357282297772,0.7018923389265002,0
4.096,3012,6548968,1995,1,1,-0.09051169642024648,0.46545568497888823,0
4.098,3013,6550968,1972,0,1,-4.8821218449905635,0.15112559237950718,0
4.1,3014,6552968,1960,0,1,-8.134919337331972,-0.17475513672038245,0
4.102,3015,6554968,1964,0,1,-8.597676143568982,-0.46440227601687134,0
4.104,3016,6556968,1979,0,1,-6.3350002701040005,-0.7038300669158294,0
4.106,3017,6558968,1999,0,1,-2.55849116234738,-0.9105490630988595,0
4.108,3018,6560968,2003,0,1,1.0107571366121393,-1.1178153654670486,0
4.11,3019,6562968,2012,0,1,2.830679613673957,-1.3554867569122535,0
4.112,3020,6564968,2011,0,1,2.00633581155696,-1.6354793675699604,0
4.114,3021,6566968,2018,0,1,-1.4070306824366707,-1.9431469294333574,0
4.116,3022,6568968,1981,1,1,-6.249704216746843,-2.2356553406601902,0
4.118,3023,6570968,1961,0,1,-10.582999740182146,-2.453719708023867,0
4.12,3024,6572968,1959,0,1,-12.597026352790039,-2.546865990400298,0
4.122,3025,6574968,1971,0,1,-11.463931776019752,-2.4967112450548914,0
4.124,3026,6576968,1975,0,1,-7.5595779909964,-2.3241370463825723,0
4.126,3027,6578968,1996,0,1,-2.188318135284021,-2.0817029197088033,0
4.128,3028,6580968,2008,0,1,2.901468374097658,-1.837554547830667,0
4.130001,3029,6582969,2019,0,1,6.118672122747925,-1.6547444935945435,0
4.132,3030,6584968,2012,0,1,6.576364809029863,-1.5721299176479424,0
4.134,3031,6586968,2011,0,1,4.355967618972663,-1.5938830865342029,0
4.136,3032,6588968,1996,1,1,0.452802297516005,-1.689775184681704,0
4.138,3033,6590968,1973,0,1,-3.558773571002244,-1.8054050631245553,0
4.14,3034,6592968,1972,0,1,-6.137419276338089,-1.8807633616221586,0
4.142,3035,6594968,1972,0,1,-6.415188234731218,-1.8697864288869037,0
4.144,3036,6596968,1981,0,1,-4.494801361203271,-1.7511911055093718,0
4.146,3037,6598968,1997,0,1,-1.3241121858030152,-1.5276276787645913,0
4.148,3038,6600968,2004,0,1,1.7300499629336392,-1.215657444341632,0
4.15,3039,6602968,2009,0,1,3.413328238742566,-0.8318181737525123,0
4.152,3040,6604968,2011,0,1,3.0028171748315096,-0.3811318904166767,0
4.154,3041,6606968,2015,0,1,0.5824690753534374,0.149417846490557,0
4.156,3042,6608968,1982,1,1,-2.843500070212709,0.7909948326516059,0
4.158,3043,6610968,1967,0,1,-5.689175807373134,1.5811286729926268,0
4.16,3044,6612968,1975,0,1,-6.586990221385361,2.5415016520057225,0
4.162,3045,6614968,1977,0,1,-5.01882819931893,3.6601839493500155,0
4.164,3046,6616968,1993,0,1,-1.3670129432756215,4.8885634612751545,0
4.166,3047,6618968,1994,0,1,3.3859524916521364,6.149354619985229,0
4.168,3048,6620968,2011,0,1,8.008190937270099,7.34922643565114,0
4.170001,3049,6622969,2025,0,1,11.394470246771249,8.394003048001913,0
4.172,3050,6624968,2009,0,1,12.977885723727294,9.204668629083935,0
4.174,3051,6626968,2018,0,1,12.935391481809138,9.72764962292067,0
4.176,3052,6628968,1992,1,1,12.022051872404658,9.935168804047878,0
4.178,3053,6630968,1992,0,1,11.128513153914668,9.817700998147235,0
4.18,3054,6632968,1998,0,1,10.766346996000811,9.373631963578628,0
4.182,3055,6634968,2005,0,1,10.840463755177966,8.60446797491704,0
4.184,3056,6636968,2009,0,1,10.849623237640277,7.519100612058678,0
4.186,3057,6638968,2004,0,1,10.220547142980106,6.141186579919638,0
4.188,3058,6640968,2003,0,1,8.485317897073818,4.51316801419802,0
4.19,3059,6642968,2005,0,1,5.307021596464089,2.6961456074175114,0
4.192,3060,6644968,2002,0,1,0.5392999071834275,0.7685467016469714,0
4.194,3061,6646968,2012,0,1,-5.553972356146993,-1.1743988106930061,0
4.196,3062,6648968,1983,1,1,-11.997326408571032,-3.0220516539417517,0
4.198,3063,6650968,1958,0,1,-17.12139941348946,-4.657960272475768,0
4.2,3064,6652968,1947,0,1,-19.23409684530007,-5.982599010171556,0
4.202,3065,6654968,1959,0,1,-17.543840256072013,-6.938752162666087,0
4.204,3066,6656968,1972,0,1,-12.607270608133671,-7.522688306335166,0
4.206,3067,6658968,1989,0,1,-6.119454736970578,-7.7764012895806855,0
4.208,3068,6660968,2003,0,1,-0.352226739856522,-7.767879351753697,0
4.210001,3069,6662969,2027,0,1,2.53303485243356,-7.566608107033386,0
4.212,3070,6664968,2019,0,1,1.2437234743614176,-7.219035778286915,0
4.214,3071,6666968,2021,0,1,-4.006882459145665,-6.731205928335699,0
4.216,3072,6668968,1992,1,1,-11.256356610531329,-6.065930339523755,0
4.218,3073,6670968,1897,0,1,-17.387755882486562,-5.162816043966044,0
4.22,3074,6672968,1960,0,1,-19.811891349870386,-3.9828526918533678,0
4.222,3075,6674968,1975,0,1,-17.895112918076528,-2.546308045148452,0
4.224,3076,6676968,1977,0,1,-12.70169002429245,-0.931773601055947,0
4.226,3077,6678968,1993,0,1,-5.958464349811809,0.7470105286889703,0
4.228,3078,6680968,2009,0,1,0.5652801588507428,2.361634956616098,0
4.23,3079,6682968,2009,0,1,5.44653319354208,3.7877031533820604,0
4.232,3080,6684968,2013,0,1,7.926067747780396,4.922051067208553,0
4.234,3081,6686968,2020,0,1,8.044911684895032,5.69405214268685,0
4.236,3082,6688968,1990,1,1,6.635266222959815,6.070390287064385,0
4.238,3083,6690968,1983,0,1,4.991099316133257,6.049821250973774,0
4.24,3084,6692968,1984,0,1,4.182838402215262,5.648417418433491,0
4.242,3085,6694968,1989,0,1,4.516799242441884,4.887014096241189,0
4.244,3086,6696968,1999,0,1,5.483801719456979,3.789199019828409,0
4.246,3087,6698968,2005,0,1,6.0600748581591795,2.38760567532629,0
4.248,3088,6700968,2004,0,1,5.117350959452192,0.7329437981879097,0
4.250001,3089,6702969,2009,0,1,1.773080079311216,-1.0991164134404041,0
4.252,3090,6704968,2012,0,1,-4.297992622553803,-3.0044855026098465,0
4.254,3091,6706968,2001,0,1,-12.49368867030547,-4.849990691742254,0
4.256,3092,6708968,1964,1,1,-21.09352340903098,-6.480521740199522,0
4.258,3093,6710968,1944,0,1,-27.689685306152587,-7.741536370558068,0
4.26,3094,6712968,1933,0,1,-30.18548413060364,-8.513016613419175,0
4.262,3095,6714968,1944,0,1,-27.738878221529774,-8.73882050054158,0
4.264,3096,6716968,1973,0,1,-21.088768417963735,-8.43709421185787,0
4.266,3097,6718968,1977,0,1,-12.181324290964884,-7.688828680796332,0
4.268,3098,6720968,2005,0,1,-3.4878268748703083,-6.613461325261589,0
4.27,3099,6722968,2023,0,1,2.676222212623938,-5.340765278339894,0
4.272,3100,6724968,2026,0,1,4.867692052094734,-3.9823378431522816,0
4.274,3101,6726968,2023,0,1,3.1330359696678554,-2.6091151286949943,0
4.276,3102,6728968,1973,1,1,-0.9081983409231819,-1.2457981582246576,0
4.278,3103,6730968,1963,0,1,-4.836662325229021,0.1114836268243593,0
4.28,3104,6732968,1971,0,1,-6.678624856947715,1.4643114004454487,0
4.282,3105,6734968,1972,0,1,-5.682584328093417,2.7901394437073623,0
4.284,3106,6736968,1991,0,1,-2.3107145518810808,4.038837024498186,0
4.286,3107,6738968,1997,0,1,2.1682744866518453,5.141327857313636,0
4.288,3108,6740968,2012,0,1,6.192745887601994,6.0239879325171195,0
4.290001,3109,6742969,2020,0,1,8.428021815115875,6.624942504178045,0
4.292,3110,6744968,2018,0,1,8.231866605399162,6.908695544652632,0
4.294,3111,6746968,2014,0,1,5.955484260729451,6.874883515688049,0
4.296,3112,6748968,1976,1,1,2.862104519961875,6.555894344175766,0
4.298,3113,6750968,1981,0,1,0.5164658779629301,6.001026307955937,0
4.3,3114,6752968,1977,0,1,-0.02805182852891841,5.255535065235305,0
4.302,3115,6754968,1991,0,1,1.3507902058272334,4.348629740463171,0
4.304,3116,6756968,1993,0,1,3.939781195564689,3.2944210588092804,0
4.306,3117,6758968,1998,0,1,6.485105553082357,2.099782977040229,0
4.308,3118,6760968,2025,0,1,7.534967593119285,0.7750069105570273,0
4.31,3119,6762968,2013,0,1,5.9460868859498675,-0.6524779260856697,0
4.312,3120,6764968,2010,0,1,1.4128488536220187,-2.1263575283293035,0
4.314,3121,6766968,2013,0,1,-5.283064837407437,-3.5593329646812286,0
4.316,3122,6768968,1965,1,1,-12.318513688398657,-4.8414158494229635,0
4.318,3123,6770968,1949,0,1,-17.350940595018187,-5.860864941038131,0
4.32,3124,6772968,1947,0,1,-18.579818449783566,-6.536071647166606,0
4.322,3125,6774968,1966,0,1,-15.623482917096027,-6.840521205849644,0
4.324,3126,6776968,1989,0,1,-9.558684195409104,-6.805235021207219,0
4.326,3127,6778968,1989,0,1,-2.3186411746789948,-6.501954806821079,0
4.328,3128,6780968,2013,0,1,3.9653641597765814,-6.020267359063469,0
4.330001,3129,6782969,2028,0,1,7.4966486029216215,-5.445361664945842,0
4.332,3130,6784968,2019,0,1,7.3769506764624335,-4.836796591060664,0
4.334,3131,6786968,2022,1,1,4.043301164421737,-4.214275882061295,0
4.336,3132,6788968,1966,1,1,-0.8018427175741504,-3.5593250321403076,0
4.338,3133,6790968,1972,0,1,-4.957025624907914,-2.835909442243809,0
4.34,3134,6792968,1971,0,1,-6.777124600434547,-2.0193146132137665,0
4.342,3135,6794968,1975,0,1,-5.735280500820906,-1.1144658414129585,0
4.344,3136,6796968,1993,0,1,-2.3439694486263942,-0.1581233871353498,0
4.346,3137,6798968,1993,0,1,2.202084461745292,0.7888835634723717,0
4.348,3138,6800968,2019,0,1,6.469093617301635,1.6549068828576066,0
4.35,3139,6802968,2020,0,1,9.293784506196513,2.3740066414515613,0
4.352,3140,6804968,2013,0,1,10.2578961824498,2.901533155835772,0
4.354,3141,6806968,2007,1,1,9.833343020521113,3.2211544766266904,0
4.356,3142,6808968,1981,1,1,9.042322555715392,3.339562734617201,0
4.358,3143,6810968,1996,0,1,8.81399121954606,3.273069497203815,0
4.36,3144,6812968,1998,0,1,9.480377394444963,3.036266497392182,0
4.362,3145,6814968,2005,0,1,10.755393251101042,2.6408562821585977,0
4.364,3146,6816968,2007,0,1,12.015898752846734,2.1015764489285114,0
4.366,3147,6818968,2009,0,1,12.554027646544215,1.4422653624070048,0
4.368,3148,6820968,2015,0,1,11.756306181207725,0.7002116574286922,0
4.370001,3149,6822969,2012,0,1,9.293112299012979,-0.07066839597350572,0
4.372,3150,6824968,2002,0,1,5.284456949677255,-0.7993978860844191,0
4.374,3151,6826968,2013,1,1,0.36994760076429634,-1.4020916225602542,0
4.376,3152,6828968,1975,1,1,-4.303515060116988,-1.790133249878332,0
4.378,3153,6830968,1973,0,1,-7.349232252892026,-1.8846296293135794,0
4.38,3154,6832968,1972,0,1,-7.730710230089643,-1.6365340122695562,0
4.382,3155,6834968,1975,0,1,-5.2414845553678004,-1.0417034556445586,0
4.384,3156,6836968,1995,0,1,-0.5719272022098791,-0.14327538893018676,0
4.386,3157,6838968,2003,0,1,4.968940873373763,0.9776570035454639,0
4.388,3158,6840968,2025,0,1,9.96558577059063,2.219792578397153,0
4.39,3159,6842968,2011,0,1,13.437792058123472,3.4816825376346285,0
4.392,3160,6844968,2020,0,1,15.119126936094236,4.676061177990091,0
4.394,3161,6846968,2015,1,1,15.417003564727464,5.735719482923377,0
4.396,3162,6848968,1987,1,1,15.168149730952328,6.612606550257855,0
4.398,3163,6850968,2003,0,1,15.153325466550625,7.269986302231471,0
4.4,3164,6852968,2009,0,1,15.630019840187945,7.673936936902768,0
4.402,3165,6854968,2012,0,1,16.3459529673946,7.7944056895581895,0
4.404,3166,6856968,2011,0,1,16.859769918367004,7.612801854135724,0
4.406,3167,6858968,2005,0,1,16.71089588426566,7.126778067419476,0
4.408,3168,6860968,2020,0,1,15.418750663871851,6.351145070664045,0
4.410001,3169,6862969,2018,0,1,12.600383490979302,5.319899509489382,0
4.412,3170,6864968,2007,0,1,8.261509296853292,4.089759004556889,0
4.414,3171,6866968,2013,1,1,2.9976745520402934,2.7395453006665536,0
4.416,3172,6868968,1976,1,1,-2.0436489354240175,1.362596764230804,0
4.418,3173,6870968,1975,0,1,-5.522655188015403,0.051614598789686994,0
4.42,3174,6872968,1971,0,1,-6.528419464408678,-1.1210145499164845,0
4.422,3175,6874968,1981,0,1,-5.02454047404944,-2.116740829412156,0
4.424,3176,6876968,1994,0,1,-1.8343153259505707,-2.9312306625656586,0
4.426,3177,6878968,1995,0,1,1.6918479409293576,-3.584385508374062,0
4.428,3178,6880968,2015,0,1,4.094678503560574,-4.105906465208069,0
4.43,3179,6882968,2012,0,1,4.235916943263607,-4.5200563708682875,0
4.432,3180,6884968,2010,0,1,1.6970508021637132,-4.832818457293238,0
4.434,3181,6886968,2013,1,1,-2.9730396590382075,-5.025632156388498,0
4.436,3182,6888968,1967,1,1,-8.272628711174942,-5.058560538128433,0
4.438,3183,6890968,1967,0,1,-12.23591629055579,-4.886168707092455,0
4.44,3184,6892968,1961,0,1,-13.29175617794181,-4.481695381125126,0
4.442,3185,6894968,1965,0,1,-10.900654024519799,-3.854847293283659,0
4.444,3186,6896968,1979,0,1,-5.723927473765294,-3.055930286027138,0
4.446,3187,6898968,1999,0,1,0.560974278509542,-2.167710003966201,0
4.448,3188,6900968,2021,0,1,5.801192930969865,-1.286031769357789,0
4.450001,3189,6902969,2025,0,1,8.17014221742852,-0.4937339778598336,0
4.452,3190,6904968,2023,0,1,6.891568483504545,0.16210763277002904,0
4.454,3191,6906968,2003,1,1,2.5459265681116063,0.6800637909781437,0
4.456,3192,6908968,1983,1,1,-3.1763625016782537,1.0974971109578635,0
4.458,3193,6910968,1967,0,1,-8.170254348067774,1.469955600297579,0
4.46,3194,6912968,1963,0,1,-10.745172003111223,1.8456834857991036,0
4.462,3195,6914968,1971,0,1,-10.212013167444002,2.245978369101902,0
4.464,3196,6916968,1977,0,1,-7.033174341928958,2.657938884343226,0
4.466,3197,6918968,1992,0,1,-2.6110210905240416,3.0392825123695077,0
4.468,3198,6920968,2022,0,1,1.1991633711112173,3.332879167717348,0
4.47,3199,6922968,2015,0,1,2.847806496353172,3.488745307218731,0
4.472,3200,6924968,2008,0,1,1.7773885465748074,3.4838623099497026,0
4.474,3201,6926968,2008,1,1,-1.3939849883917117,3.3289460286537507,0
4.476,3202,6928968,1967,1,1,-5.163500594454998,3.0617954407484245,0
4.478,3203,6930968,1973,0,1,-7.796769877844158,2.730329023352963,0
4.48,3204,6932968,1967,0,1,-8.124694189174743,2.3718775062421447,0
4.482,3205,6934968,1976,0,1,-6.011399945686661,2.000623905525875,0
4.484,3206,6936968,1989,0,1,-2.3557321207076254,1.6076455280032382,0
4.486,3207,6938968,2004,0,1,1.2334061307967181,1.1709647759058117,0
4.488,3208,6940968,2008,0,1,2.9760892139457202,0.6719612147650205,0
4.490001,3209,6942969,2023,0,1,1.5136628394435974,0.11245077469734455,0
4.492,3210,6944968,2014,0,1,-3.536403937947969,-0.4721158585164693,0
4.494,3211,6946968,1997,1,1,-11.188018396810348,-1.0078511507199095,0
4.496,3212,6948968,1957,1,1,-19.202282023374117,-1.3932898759979087,0
4.498,3213,6950968,1940,0,1,-24.91903755254033,-1.5282882212372926,0
4.5,3214,6952968,1944,0,1,-26.416470769939156,-1.3497316826484127,0
4.502,3215,6954968,1950,0,1,-23.27883187933704,-0.8556778311993611,0
4.504,3216,6956968,1979,0,1,-16.64469410746018,-0.10842327821289932,0
4.506,3217,6958968,1995,0,1,-8.675880841506213,0.7814552987408043,0
4.508,3218,6960968,2008,0,1,-1.7496344743174261,1.6823634156959715,0
4.51,3219,6962968,2021,0,1,2.2877023640850895,2.470183129829666,0
4.512,3220,6964968,2019,0,1,2.6566900305659438,3.051258840774728,0
4.514,3221,6966968,2009,1,1,-0.05989067082239474,3.376259224620984,0
4.516,3222,6968968,1973,1,1,-4.062835391402984,3.4396444749461725,0
4.518,3223,6970968,1959,0,1,-7.115263208871694,3.2617847643693296,0
4.52,3224,6972968,1964,0,1,-7.651018499551363,2.8623849959429783,0
4.522,3225,6974968,1982,0,1,-5.467293061351859,2.2432203171405622,0
4.524,3226,6976968,1995,0,1,-1.6046436682044547,1.3903321659552117,0
4.526,3227,6978968,1997,0,1,2.246437785880434,0.2893154425731237,0
4.528,3228,6980968,2008,0,1,4.28286852347372,-1.0583322093011878,0
4.530001,3229,6982969,2020,0,1,2.9843763282795575,-2.622146913067728,0
4.532,3230,6984968,2013,0,1,-2.425740586364341,-4.331670219476498,0
4.534,3231,6986968,2007,1,1,-11.515193269361928,-6.0709420346918535,0
4.536,3232,6988968,1979,1,1,-22.45081918642517,-7.68502905658012,0
4.538,3233,6990968,1941,0,1,-32.31456653539855,-9.002302203209865,0
4.54,3234,6992968,1916,0,1,-38.06222340613587,-9.872004328757868,0
4.542,3235,6994968,1929,0,1,-37.792501663144954,-10.205820624070139,0
4.544,3236,6996968,1941,0,1,-31.548766648071837,-10.003311982999241,0
4.546,3237,6998968,1974,0,1,-21.249002693143076,-9.350238903098779,0
4.548,3238,7000968,2002,0,1,-9.945598892799065,-8.393792035248142,0
4.55,3239,7002968,2024,0,1,-0.7497461211017522,-7.304380626521004,0
4.552,3240,7004968,2031,0,1,4.23833889373919,-6.235602315719305,0
4.554,3241,7006968,2019,1,1,4.62342538399486,-5.294712360244448,0
4.556,3242,7008968,1992,1,1,1.7456768778092724,-4.532732928902369,0
4.558,3243,7010968,1965,0,1,-2.0511449521011422,-3.9569467618706193,0
4.56,3244,7012968,1967,0,1,-4.606980873476656,-3.557822122244925,0
4.562,3245,7014968,1977,0,1,-4.879123758998642,-3.3329098870454086,0
4.564,3246,7016968,1983,0,1,-3.1384480454435897,-3.2948816370109837,0
4.566,3247,7018968,2001,0,1,-0.5987175167774521,-3.465360776300688,0
4.568,3248,7020968,2013,0,1,1.1892490140632495,-3.8613727924002594,0
4.570001,3249,7022969,2013,0,1,1.0212503530592518,-4.4792892807853315,0
4.572,3250,7024968,2017,0,1,-1.3908674560290049,-5.282347665064057,0
4.574,3251,7026968,1981,1,1,-5.206537769935656,-6.19829233846999,0
4.576,3252,7028968,1967,1,1,-8.837734139398753,-7.1321664219103145,0
4.578,3253,7030968,1975,0,1,-10.789539667068626,-7.990267189199741,0
4.58,3254,7032968,1971,0,1,-10.295038460141535,-8.699767940480172,0
4.582,3255,7034968,1980,0,1,-7.431901007651077,-9.215568020638939,0
4.584,3256,7036968,1990,0,1,-2.9875475960712077,-9.51842763149893,0
4.586,3257,7038968,1995,0,1,1.761782550555485,-9.607808117736585,0
4.588,3258,7040968,2014,0,1,5.354574704322811,-9.490792141520348,0
4.59,3259,7042968,2021,0,1,6.563301811229091,-9.168499829478844,0
4.592,3260,7044968,2021,0,1,4.920130008248355,-8.622516643339663,0
4.594,3261,7046968,1997,1,1,1.0649098017261567,-7.808817101140036,0
4.596,3262,7048968,1981,1,1,-3.4434037046712493,-6.666885091859762,0
4.598,3263,7050968,1967,0,1,-6.827871753732641,-5.142451653758885,0
4.6,3264,7052968,1981,0,1,-7.8397304716617455,-3.2121094731243205,0
4.602,3265,7054968,1983,0,1,-6.061507525945618,-0.8972920848074537,0
4.604,3266,7056968,1993,0,1,-1.7368136044379272,1.7351134689302121,0
4.606,3267,7058968,2005,0,1,4.558688762247441,4.580171078521856,0
4.608,3268,7060968,2009,0,1,12.208996264930878,7.506172487345818,0
4.610001,3269,7062969,2023,0,1,20.76276364314978,10.367890463578894,0
4.612,3270,7064968,2022,0,1,30.012920578728156,13.019936452618206,0
4.614,3271,7066968,1991,1,1,39.75928951289842,15.325506124621649,0
4.616,3272,7068968,2035,1,1,49.10207540165085,17.1568903267421,0
4.618,3273,7070968,2077,0,1,56.01395150337074,18.401719101461754,0
4.62,3274,7072968,2091,0,1,58.136023725456454,18.991712948013024,0
4.622,3275,7074968,2074,0,1,54.22111441003857,18.93930227389768,0
4.624,3276,7076968,2053,0,1,44.90079845317419,18.352488231218942,0
4.626,3277,7078968,2013,0,1,32.38784166050449,17.418494750934393,0
4.628,3278,7080968,1998,0,1,19.52964095202205,16.365584495021032,0
4.63,3279,7082968,1994,0,1,8.837299938113695,15.419102757712805,0
4.632,3280,7084968,1992,0,1,2.0291708351711955,14.767194317716427,0
4.634,3281,7086968,1975,1,1,0.043128089141372894,14.539692155092375,0
4.636,3282,7088968,1966,1,1,2.9481332542428085,14.792157876645694,0
4.638,3283,7090968,2008,0,1,9.627630854552452,15.49438554501117,0
4.64,3284,7092968,2029,0,1,17.905912608776923,16.536805077509435,0
4.642,3285,7094968,2045,0,1,25.435631658180267,17.759323630200797,0
4.644,3286,7096968,2044,0,1,30.68923962093318,18.986282083484756,0
4.646,3287,7098968,2037,0,1,33.39955219538365,20.05086715170685,0
4.648,3288,7100968,2028,0,1,34.398359692795445,20.805327719911155,0
4.650001,3289,7102969,2015,0,1,35.075159495965764,21.120612368554696,0
4.652,3290,7104968,2019,0,1,36.70940973484206,20.881346064939994,0
4.654,3291,7106968,1998,1,1,39.849519665917924,19.981355497705117,0
4.656,3292,7108968,2027,0,1,43.80190187660932,18.32264968551746,0
4.658,3293,7110968,2069,0,1,46.599303404012666,15.825633143348984,0
4.66,3294,7112968,2073,0,1,45.92259474187793,12.458475714734575,0
4.662,3295,7114968,2055,0,1,40.439039571953515,8.271860382949933,0
4.664,3296,7116968,2021,0,1,30.379402271830507,3.412331706876179,0
4.666,3297,7118968,2004,0,1,17.05377356379605,-1.893737480578075,0
4.668,3298,7120968,1992,0,1,2.0071224769885085,-7.37140192897515,0
4.67,3299,7122968,1983,0,1,-13.46091193303105,-12.727185186406604,0
4.672,3300,7124968,1976,0,1,-28.2575674432233,-17.672133344072744,0
4.674,3301,7126968,1971,1,1,-41.15439182734936,-21.939629308876903,0
4.676,3302,7128968,1932,0,1,-50.482713296726956,-25.30251427240018,0
4.678,3303,7130968,1911,0,1,-54.36433269568209,-27.596925093559744,0
4.68,3304,7132968,1907,0,1,-51.61771405360017,-28.752701473152086,0
4.682,3305,7134968,1938,0,1,-42.674345406194675,-28.814305349280385,0
4.684,3306,7136968,1967,0,1,-29.715626519408367,-27.935039324114765,0
4.686,3307,7138968,1995,0,1,-15.958686939483693,-26.344083742534366,0
4.688,3308,7140968,2018,0,1,-4.600433357324057,-24.30009605538376,0
4.690001,3309,7142969,2025,0,1,2.123378023403788,-22.04577708469652,0
4.692,3310,7144968,2024,0,1,3.549372597198282,-19.773044091583152,0
4.694,3311,7146968,1998,1,1,0.7161556634426748,-17.605666994019565,0
4.696,3312,7148968,1974,0,1,-4.118395262222825,-15.603255108453226,0
4.698,3313,7150968,1960,0,1,-8.474656650476689,-13.78323806059734,0
4.7,3314,7152968,1967,0,1,-10.671028681721408,-12.147727913825571,0
4.702,3315,7154968,1976,0,1,-10.308911030031911,-10.700434214297584,0
4.704,3316,7156968,1984,0,1,-8.12240829540442,-9.448898763350336,0
4.706,3317,7158968,1995,0,1,-5.51332996731463,-8.397507915538442,0
4.708,3318,7160968,2006,0,1,-4.031931258849943,-7.537315161348395,0
4.71,3319,7162968,2007,0,1,-4.8540233317518755,-6.835642270072234,0
4.712,3320,7164968,2009,0,1,-8.316018151923066,-6.228873888943401,0
4.714,3321,7166968,1988,1,1,-13.648949560813156,-5.622836524323548,0
4.716,3322,7168968,1965,0,1,-19.115055442270922,-4.905070486117543,0
4.718,3323,7170968,1951,0,1,-22.65285836977911,-3.969672380557448,0
4.72,3324,7172968,1949,0,1,-22.75415747081731,-2.7464096317152364,0
4.722,3325,7174968,1967,0,1,-19.068839811205706,-1.2208881703567478,0
4.724,3326,7176968,1980,0,1,-12.439452075497647,0.5624989379066481,0
4.726,3327,7178968,1995,0,1,-4.47733126321837,2.513222889370585,0
4.728,3328,7180968,2013,0,1,3.0025610495713453,4.515303789369289,0
4.730001,3329,7182969,2019,0,1,8.517735396786927,6.450068526873238,0
4.732,3330,7184968,2025,0,1,11.359908522977438,8.216713810845748,0
4.734,3331,7186968,2005,1,1,11.785602726213563,9.74511600739547,0
4.736,3332,7188968,1999,0,1,10.784034938082943,10.996255027657998,0
4.738,3333,7190968,1992,0,1,9.50638106650543,11.952156136836914,0
4.74,3334,7192968,1994,0,1,8.719906583123077,12.603907844044084,0
4.742,3335,7194968,2002,0,1,8.56884919194541,12.945025054742112,0
4.744,3336,7196968,2003,0,1,8.664119242127171,12.97179464963521,0
4.746,3337,7198968,2011,0,1,8.360919370696315,12.688119276295541,0
4.748,3338,7200968,2009,0,1,7.06880665666604,12.111285745001467,0
4.75,3339,7202968,2009,0,1,4.511552444043071,11.276126058143337,0
4.752,3340,7204968,2007,0,1,0.9021565192984249,10.236066777598069,0
4.754,3341,7206968,1983,1,1,-3.0307373572368435,9.059476867509069,0
4.756,3342,7208968,1993,0,1,-6.250057425341047,7.820056097722668,0
4.758,3343,7210968,1967,0,1,-7.766400093491473,6.584100280948286,0
4.76,3344,7212968,1973,0,1,-7.0306687601839215,5.398464276687021,0
4.762,3345,7214968,1983,0,1,-4.29539505160392,4.2820620603027,0
4.764,3346,7216968,1993,0,1,-0.6850792862508397,3.226764075068531,0
4.766,3347,7218968,2014,0,1,2.163372597255062,2.2099143471568765,0
4.768,3348,7220968,2014,0,1,2.71766035321639,1.213234862111785,0
4.770001,3349,7222969,2013,0,1,0.15082483885069442,0.24012054934055804,0
4.772,3350,7224968,2013,0,1,-5.288443071479549,-0.6753045158441688,0
4.774,3351,7226968,1982,1,1,-12.184695801879618,-1.4696212587751218,0
4.776,3352,7228968,1957,0,1,-18.29165724610343,-2.0645054947120998,0
4.778,3353,7230968,1943,0,1,-21.4181061472909,-2.394196620999994,0
4.78,3354,7232968,1957,0,1,-20.424760244051157,-2.433879154110415,0
4.782,3355,7234968,1973,0,1,-15.658635895927269,-2.2123299435216714,0
4.784,3356,7236968,1977,0,1,-8.711585015270435,-1.8048157132142943,0
4.786,3357,7238968,2017,0,1,-1.8649442566814194,-1.3138816731307759,0
4.788,3358,7240968,2022,0,1,2.653680731433384,-0.8430472429836011,0
4.79,3359,7242968,2019,0,1,3.508129789861976,-0.4688850415342871,0
4.792,3360,7244968,2013,0,1,0.739706498033883,-0.2237674163330361,0
4.794,3361,7246968,1992,1,1,-4.303881378191354,-0.09544881405215677,0
4.796,3362,7248968,1966,0,1,-9.477029720321067,-0.041113134540565976,0
4.798,3363,7250968,1960,0,1,-12.6833230524207,-0.011834538299298147,0
4.8,3364,7252968,1959,0,1,-12.744706825477525,0.022132095948310226,0
4.802,3365,7254968,1982,0,1,-9.828272357249617,0.057646380272769804,0
4.804,3366,7256968,1989,0,1,-5.258649574207088,0.06182514190958083,0
4.806,3367,7258968,2009,0,1,-0.9271476648507553,-0.01231319976557732,0
4.808,3368,7260968,2015,0,1,1.3928609636983937,-0.20579855802243974,0
4.810001,3369,7262969,2019,0,1,0.658690214473518,-0.5354356367573497,0
4.812,3370,7264968,2009,0,1,-3.0174834571882023,-0.9823530462828689,0
4.814,3371,7266968,1977,1,1,-8.342555088975036,-1.4930885090525583,0
4.816,3372,7268968,1976,0,1,-13.346310520829167,-1.9955848232525824,0
4.818,3373,7270968,1956,0,1,-16.156821880381763,-2.4229902279805002,0
4.82,3374,7272968,1955,0,1,-15.681601011191084,-2.7349942212986726,0
4.822,3375,7274968,1974,0,1,-12.052412230974594,-2.930963983414583,0
4.824,3376,7276968,1988,0,1,-6.638860471856216,-3.049358336610216,0
4.826,3377,7278968,2015,0,1,-1.5146891076746285,-3.151378976962099,0
4.828,3378,7280968,2018,0,1,1.3891037450761883,-3.2956229186972053,0
4.83,3379,7282968,2011,0,1,1.0286654856050017,-3.5151645235168516,0
4.832,3380,7284968,2022,0,1,-2.391531149250933,-3.805633076297279,0
4.834,3381,7286968,1976,1,1,-7.425539704122621,-4.125672630200174,0
4.836,3382,7288968,1961,0,1,-11.876630021438505,-4.411759606513973,0
4.838,3383,7290968,1956,0,1,-13.815747463801161,-4.605982759301773,0
4.84,3384,7292968,1967,0,1,-12.494661200942321,-4.680970536543809,0
4.842,3385,7294968,1991,0,1,-8.53256959516627,-4.646796868247894,0
4.844,3386,7296968,1990,0,1,-3.4579161900462587,-4.540294708467942,0
4.846,3387,7298968,2013,0,1,0.9297617537912495,-4.406850816551079,0
4.848,3388,7300968,2009,0,1,3.0838075958665474,-4.282847552124746,0
4.850001,3389,7302969,2022,0,1,2.1284123952044602,-4.181424285211218,0
4.852,3390,7304968,2019,0,1,-1.7673336773281259,-4.082766656662072,0
4.854,3391,7306968,1971,1,1,-7.232352319124425,-3.9336590705631895,0
4.856,3392,7308968,1975,0,1,-12.149581617077882,-3.663728261043121,0
4.858,3393,7310968,1957,0,1,-14.580856871042428,-3.2133351311083813,0
4.86,3394,7312968,1963,0,1,-13.506089576275123,-2.5569172664423236,0
4.862,3395,7314968,1976,0,1,-9.13367929020414,-1.7139106217303883,0
4.864,3396,7316968,1997,0,1,-2.793997514222453,-0.7458288208257668,0
4.866,3397,7318968,2017,0,1,3.605216180251692,0.26060001765148977,0
4.868,3398,7320968,2019,0,1,8.340785719116614,1.217813899334021,0
4.87,3399,7322968,2023,0,1,10.471725050102972,2.058805280261289,0
4.872,3400,7324968,2013,0,1,10.058784341648181,2.7485534901945594,0
4.874,3401,7326968,1997,1,1,8.004383752411687,3.283907732012916,0
4.876,3402,7328968,1997,0,1,5.602497596551313,3.6836925315996334,0
4.878,3403,7330968,1983,0,1,4.014329743643104,3.974619364881293,0
4.88,3404,7332968,1992,0,1,3.875579795219588,4.179036914338425,0
4.882,3405,7334968,1996,0,1,5.124719807932969,4.308099667176554,0
4.884,3406,7336968,1997,0,1,7.075814027048889,4.36184551731915,0
4.886,3407,7338968,2023,0,1,8.679104719806581,4.335028311613738,0
4.888,3408,7340968,2012,0,1,8.949181910814222,4.227295174697769,0
4.890001,3409,7342969,2023,0,1,7.441833672693463,4.053800969072182,0
4.892,3410,7344968,2009,0,1,4.539224671561424,3.8500762836279536,0
4.894,3411,7346968,1975,1,1,1.3583513952057584,3.6668872251112035,0
4.896,3412,7348968,1990,0,1,-0.8162084280869834,3.553804118475033,0
4.898,3413,7350968,1979,0,1,-1.2038968880989729,3.5405359301762527,0
4.9,3414,7352968,1993,0,1,0.20882140561090434,3.6281068940854766,0
4.902,3415,7354968,2004,0,1,2.803483120428102,3.7909180688435455,0
4.904,3416,7356968,2003,0,1,5.666700390274899,3.9858875070410185,0
4.906,3417,7358968,2011,0,1,7.932788701938561,4.163843825865224,0
4.908,3418,7360968,2019,0,1,9.012091652201834,4.279368843644679,0
4.91,3419,7362968,2010,0,1,8.788467796753718,4.299312241480956,0
4.912,3420,7364968,2013,1,1,7.74177393447285,4.208120064683995,0
4.914,3421,7366968,1975,1,1,6.775615788983659,4.005414996281712,0
4.916,3422,7368968,1998,0,1,6.673287197074299,3.694987144326685,0
4.918,3423,7370968,1998,0,1,7.578548871071947,3.27428306888955,0
4.92,3424,7372968,2007,0,1,8.986813068814556,2.7350355978109966,0
4.922,3425,7374968,2009,0,1,10.085727712653377,2.0720505343229143,0
4.924,3426,7376968,2013,0,1,10.064418038062367,1.291872276848443,0
4.926,3427,7378968,2013,0,1,8.340332971338178,0.4190390160986377,0
4.928,3428,7380968,2005,0,1,4.722021368990757,-0.5009612268543897,0
4.930001,3429,7382969,2006,0,1,-0.522887794355838,-1.4034784321507692,0
4.932,3430,7384968,2007,1,1,-6.602878236174162,-2.209636370889089,0
4.934,3431,7386968,1967,1,1,-12.149155100675483,-2.8340290246708224,0
4.936,3432,7388968,1967,0,1,-15.527969241096876,-3.2007212751117784,0
4.938,3433,7390968,1959,0,1,-15.549236535135119,-3.265880105698994,0
4.94,3434,7392968,1971,0,1,-12.034601633461047,-3.0338977672286314,0
4.942,3435,7394968,1990,0,1,-5.911215606192368,-2.5585899862185357,0
4.944,3436,7396968,1999,0,1,1.1120448121697244,-1.930339353827395,0
4.946,3437,7398968,2025,0,1,7.106222991305669,-1.2542523537087304,0
4.948,3438,7400968,2019,0,1,10.53336283766252,-0.6258328536575399,0
4.95,3439,7402968,2025,0,1,10.714382002762319,-0.11111429181253829,0
4.952,3440,7404968,2011,1,1,7.991205835078484,0.2630228649980022,0
4.954,3441,7406968,1997,1,1,3.5670278268414,0.5068641398118096,0
4.956,3442,7408968,1982,0,1,-0.9329967638181111,0.6555146664568667,0
4.958,3443,7410968,1974,0,1,-4.075410351820905,0.7501402701702131,0
4.96,3444,7412968,1989,0,1,-5.115694142035773,0.8210775841194254,0
4.962,3445,7414968,1980,0,1,-4.117993004182843,0.880241443237416,0
4.964,3446,7416968,1992,0,1,-1.806530760295078,0.9219503839623462,0
4.966,3447,7418968,2008,0,1,0.6556907044619773,0.9283296977649738,0
4.968,3448,7420968,2015,0,1,2.0682457034917845,0.8803175565734432,0
4.970001,3449,7422969,2009,0,1,1.730172457887933,0.7716226186919514,0
4.972,3450,7424968,2002,1,1,-0.26440678354692293,0.6164097555021794,0
4.974,3451,7426968,1997,1,1,-3.11182714004352,0.44688638459847235,0
4.976,3452,7428968,1972,0,1,-5.632339073151138,0.3035391238240358,0
4.978,3453,7430968,1977,0,1,-6.790538326417314,0.2204721757656642,0
4.98,3454,7432968,1983,0,1,-6.19784711680083,0.21170269553212068,0
4.982,3455,7434968,1991,0,1,-4.231498355459347,0.26717849913247527,0
4.984,3456,7436968,1997,0,1,-1.7737154997533584,0.359052665926521,0
4.986,3457,7438968,2005,0,1,0.1461102915734771,0.45209221239101194,0
4.988,3458,7440968,2012,0,1,0.7000722871831255,0.5147563755223011,0
4.99,3459,7442968,2004,0,1,-0.41681492095141215,0.5289740852120326,0
4.992,3460,7444968,2003,1,1,-2.816904374667846,0.49488678121469837,0
4.994,3461,7446968,1981,1,1,-5.521047127972667,0.42774618592605107,0
4.996,3462,7448968,1975,0,1,-7.3596524803192045,0.3470032114026129,0
4.998,3463,7450968,1979,0,1,-7.5226213633661185,0.26207379010434884,0
5.0,3464,7452968,1983,0,1,-5.907475603854021,0.16346044889931366,0
5.002,3465,7454968,1993,0,1,-3.0977127951513856,0.0237620903956276,0
5.004,3466,7456968,1998,0,1,-0.11874937605796543,-0.19418115706347305,0
5.006,3467,7458968,2003,0,1,1.854536568499783,-0.5263647254637135,0
5.008,3468,7460968,2013,0,1,1.7818561483318986,-0.9966681133277844,0
5.010001,3469,7462969,2023,0,1,-0.8738046660101568,-1.6059145443190188,0
5.012,3470,7464968,1996,1,1,-5.71521458212943,-2.3230082651016914,0
5.014,3471,7466968,1981,1,1,-11.329129245732243,-3.08701102222595,0
5.016,3472,7468968,1960,0,1,-15.825893971385687,-3.8248139653984645,0
5.018,3473,7470968,1959,0,1,-17.67855761499014,-4.475850835825495,0
5.02,3474,7472968,1971,0,1,-16.339621941795354,-5.010649903263818,0
5.022,3475,7474968,1979,0,1,-12.346268539249788,-5.435171432181531,0
5.024,3476,7476968,1981,0,1,-7.052042817545496,-5.782801966855057,0
5.026,3477,7478968,2007,0,1,-2.2986878954453345,-6.101039482403001,0
5.028,3478,7480968,2019,0,1,0.025365666235707796,-6.434020503295059,0
5.03,3479,7482968,2023,0,1,-1.3222256398960552,-6.801149955054549,0
5.032,3480,7484968,2011,1,1,-6.287177643634131,-7.180576215349459,0
5.034,3481,7486968,1983,1,1,-13.342898602282862,-7.507928392898566,0
5.036,3482,7488968,1957,0,1,-19.981970288577724,-7.693963302245649,0
5.038,3483,7490968,1941,0,1,-23.73096617235132,-7.655854700107676,0
5.04,3484,7492968,1947,0,1,-23.21576052074297,-7.348869714014881,0
5.042,3485,7494968,1972,0,1,-18.713695178834676,-6.783460012380127,0
5.044,3486,7496968,1989,0,1,-11.916880127715514,-6.020171172348579,0
5.046,3487,7498968,2010,0,1,-5.137401157361806,-5.147298659966133,0
5.048,3488,7500968,2015,0,1,-0.4297815441519943,-4.253253446801459,0
5.050001,3489,7502969,2025,0,1,1.0787978104470892,-3.4029898348748886,0
5.052,3490,7504968,2009,1,1,-0.43387415845588206,-2.6234379865351163,0
5.054,3491,7506968,1978,1,1,-3.5685614575543747,-1.9030919426800286,0
5.056,3492,7508968,1973,0,1,-6.409084853007585,-1.2086669507003878,0
5.058,3493,7510968,1972,0,1,-7.476422263723794,-0.5094177444242503,0
5.06,3494,7512968,1983,0,1,-6.279707630304793,0.20662866995483764,0
5.062,3495,7514968,1991,0,1,-3.2898149028270107,0.9302624617253876,0
5.064,3496,7516968,2001,0,1,0.40921012817513436,1.638306849746026,0
5.066,3497,7518968,2008,0,1,3.5389655483337794,2.3048298476300775,0
5.068,3498,7520968,2015,0,1,5.007749489740968,2.912580409540241,0
5.07,3499,7522968,2022,0,1,4.267136675443318,3.4629467712679096,0
5.072,3500,7524968,2007,1,1,1.6215532034595568,3.9823266315404693,0
5.074,3501,7526968,1979,1,1,-1.782920509428398,4.518745752502915,0
5.076,3502,7528968,1977,0,1,-4.531800055091773,5.1245530225891605,0
5.078,3503,7530968,1988,0,1,-5.679036008108552,5.834863396392345,0
5.08,3504,7532968,1989,0,1,-4.99631547692563,6.656788887682603,0
5.082,3505,7534968,1991,0,1,-2.7610156533018637,7.5705221244611955,0
5.084,3506,7536968,1997,0,1,0.4653705786464797,8.533873316883867,0
5.086,3507,7538968,2009,0,1,3.9737835792215703,9.488020586891718,0
5.088,3508,7540968,2009,0,1,7.10890967971657,10.366527585309118,0
5.090001,3509,7542969,2019,0,1,9.511091071613619,11.106005655909039,0
5.092,3510,7544968,1997,1,1,11.221428987395587,11.653839350223937,0
5.094,3511,7546968,2008,1,1,12.50055085846517,11.969372264259523,0
5.096,3512,7548968,2005,0,1,13.493932486779306,12.02108795792283,0
5.098,3513,7550968,2013,0,1,14.074582875576812,11.786537605933914,0
5.1,3514,7552968,2015,0,1,13.938742663620644,11.256618163498276,0
5.102,3515,7554968,2011,0,1,12.790193965468013,10.44071483135076,0
5.104,3516,7556968,2009,0,1,10.456356540225668,9.369133071580228,0
5.106,3517,7558968,2008,0,1,6.90106549112107,8.091686474391139,0
5.108,3518,7560968,2006,0,1,2.2474692533578455,6.674452095305207,0
5.11,3519,7562968,2003,0,1,-3.113696020012323,5.196212320031603,0
5.112,3520,7564968,1991,1,1,-8.409212552052939,3.743365374179148,0
5.114,3521,7566968,1976,1,1,-12.536556878843307,2.400633956586816,0
5.116,3522,7568968,1964,0,1,-14.41570812652887,1.2363469319022888,0
5.118,3523,7570968,1973,0,1,-13.507110518861847,0.2866889870071887,0
5.12,3524,7572968,1980,0,1,-10.128361857031148,-0.45218628782288306,0
5.122,3525,7574968,1989,0,1,-5.385300301039782,-1.0197722825850146,0
5.124,3526,7576968,2007,0,1,-0.851703602841722,-1.4777688354435927,0
5.126,3527,7578968,2015,0,1,1.8921135505730593,-1.8916023001474533,0
5.128,3528,7580968,2014,0,1,1.7799543715478485,-2.311106410304194,0
5.130001,3529,7582969,2015,0,1,-1.3553657139124808,-2.7567646812217506,0
5.132,3530,7584968,2003,1,1,-6.619981863872045,-3.214968997762445,0
5.134,3531,7586968,1965,1,1,-12.206559310511413,-3.6442961668049643,0
5.136,3532,7588968,1959,0,1,-16.063703886938065,-3.995551518126618,0
5.138,3533,7590968,1959,0,1,-16.851042156312644,-4.238105023139154,0
5.14,3534,7592968,1971,0,1,-14.519693840303127,-4.376362089802799,0
5.142,3535,7594968,1990,0,1,-10.243006031276131,-4.448854582301906,0
5.144,3536,7596968,2005,0,1,-5.872310625746703,-4.5132723171314435,0
5.146,3537,7598968,2008,0,1,-3.2103789692072535,-4.624993297057822,0
5.148,3538,7600968,2013,0,1,-3.4164824750095666,-4.818151653243104,0
5.15,3539,7602968,2013,0,1,-6.648804727891902,-5.0941345211098366,0
5.152,3540,7604968,1989,1,1,-11.908939970526836,-5.418629181224443,0
5.154,3541,7606968,1965,1,1,-17.274095572244576,-5.731078290872911,0
5.156,3542,7608968,1951,0,1,-20.662404934919685,-5.967789601625249,0
5.158,3543,7610968,1955,0,1,-20.775194903445495,-6.088687177231658,0
5.16,3544,7612968,1975,0,1,-17.62422993185181,-6.092836438584089,0
5.162,3545,7614968,1981,0,1,-12.401347133388555,-6.015952816594705,0
5.164,3546,7616968,1996,0,1,-6.9708255114526025,-5.91540482569591,0
5.166,3547,7618968,2019,0,1,-3.29480857605923,-5.850677571301842,0
5.168,3548,7620968,2013,0,1,-2.7980921582265075,-5.86238397155666,0
5.170001,3549,7622969,2019,0,1,-5.781701806813123,-5.955073658455376,0
5.172,3550,7624968,1981,1,1,-11.208498668846865,-6.09241116346379,0
5.174,3551,7626968,1971,1,1,-17.076689554241845,-6.20940969685069,0
5.176,3552,7628968,1959,0,1,-21.23115057896589,-6.237125820364838,0
5.178,3553,7630968,1949,0,1,-22.160937164059085,-6.127796238754834,0
5.18,3554,7632968,1967,0,1,-19.502236835695374,-5.871494258779375,0
5.182,3555,7634968,1980,0,1,-14.130135670945855,-5.499619901924835,0
5.184,3556,7636968,1993,0,1,-7.797330407288733,-5.0738304678843535,0
5.186,3557,7638968,2013,0,1,-2.537472729261202,-4.6660631551792955,0
5.188,3558,7640968,2019,0,1,-0.02850739291769777,-4.336267009629367,0
5.19,3559,7642968,2019,0,1,-1.0043642495281855,-4.112823386891934,0
5.192,3560,7644968,2009,1,1,-4.898473471631609,-3.9819320809663292,0
5.194,3561,7646968,1971,1,1,-9.945855092715885,-3.891593841934552,0
5.196,3562,7648968,1959,0,1,-13.903694524135116,-3.77244770687574,0
5.198,3563,7650968,1962,0,1,-15.108050268774912,-3.567168460587042,0
5.2,3564,7652968,1977,0,1,-13.140438997208312,-3.2506881263627236,0
5.202,3565,7654968,1981,0,1,-8.784911037142322,-2.832361580980754,0
5.204,3566,7656968,2003,0,1,-3.596689252958454,-2.345674336101643,0
5.206,3567,7658968,2012,0,1,0.6373632941807719,-1.8321917071398186,0
5.208,3568,7660968,2019,0,1,2.4844477342947737,-1.3233977961160175,0
5.210001,3569,7662969,2020,0,1,1.3708016268622805,-0.8257029213979861,0
5.212,3570,7664968,2004,1,1,-2.15288381991833,-0.3139634507200837,0
5.214,3571,7666968,1979,0,1,-6.553015718682717,0.2623350340696744,0
5.216,3572,7668968,1962,0,1,-9.981722835469773,0.958798055258562,0
5.218,3573,7670968,1973,0,1,-11.181458729528028,1.809925077471183,0
5.22,3574,7672968,1989,0,1,-9.966548685294047,2.812881904773943,0
5.222,3575,7674968,1989,0,1,-7.0015160391627855,3.9288051226625367,0
5.224,3576,7676968,2005,0,1,-3.2804679770917273,5.094130625189119,0
5.226,3577,7678968,2004,0,1,0.2893684667884324,6.233096912122885,0
5.228,3578,7680968,2013,0,1,3.1641755790955273,7.26919190334873,0
5.23,3579,7682968,2018,0,1,5.359492810937132,8.135248642762058,0
5.232,3580,7684968,1976,1,1,7.440442583306762,8.778790309116241,0
5.234,3581,7686968,1993,0,1,9.99764368027374,9.156470005070435,0
5.236,3582,7688968,2011,0,1,12.920034435201107,9.224403992732963,0
5.238,3583,7690968,2027,0,1,15.341964975514056,8.942294942199755,0
5.24,3584,7692968,2025,0,1,16.294815065679813,8.291599914894515,0
5.242,3585,7694968,2014,0,1,15.273029743708394,7.290807917950933,0
5.244,3586,7696968,2009,0,1,12.280124893532747,5.997727400879714,0
5.246,3587,7698968,2006,0,1,7.562406743812369,4.502030801882761,0
5.248,3588,7700968,2003,0,1,1.4201739490404144,2.9157336476247493,0
5.250001,3589,7702969,2013,0,1,-5.7058265907156995,1.365980184733842,0
5.252,3590,7704968,1983,1,1,-12.953887577503618,-0.010808687557435803,0
5.254,3591,7706968,1971,0,1,-18.96998330117991,-1.0804052881500947,0
5.256,3592,7708968,1959,0,1,-22.327272318584868,-1.731796013861917,0
5.258,3593,7710968,1962,0,1,-22.12851506136041,-1.8994165634293454,0
5.26,3594,7712968,1967,0,1,-18.373112815943625,-1.5760519005455906,0
5.262,3595,7714968,1983,0,1,-11.995481468403941,-0.8131143038001172,0
5.264,3596,7716968,2011,0,1,-4.56893889619315,0.2917803516969091,0
5.266,3597,7718968,2009,0,1,2.2865761471517096,1.6176050749107658,0
5.268,3598,7720968,2013,0,1,7.446360377958081,3.0436622777883504,0
5.27,3599,7722968,2021,0,1,10.45579594984242,4.465329731784344,0
5.272,3600,7724968,2006,1,1,11.461672935162902,5.8022377156255605,0
5.274,3601,7726968,2003,0,1,11.002839844765582,6.999979939831939,0
5.276,3602,7728968,2009,0,1,9.672414548707366,8.025688824927421,0
5.278,3603,7730968,2005,0,1,7.91492408147803,8.863395964553241,0
5.28,3604,7732968,2001,0,1,6.047732200698448,9.511860848893699,0
5.282,3605,7734968,2003,0,1,4.291729577223911,9.981440588838936,0
5.284,3606,7736968,1996,0,1,2.747942219298171,10.289390512062155,0
5.286,3607,7738968,2002,0,1,1.3846293748454745,10.455371264814248,0
5.288,3608,7740968,2005,0,1,0.09452593697081335,10.49866841581463,0
5.290001,3609,7742969,2019,0,1,-1.0633064147652966,10.43947441820954,0
5.292,3610,7744968,1979,1,1,-1.5724356511761557,10.301535613386656,0
5.294,3611,7746968,1971,0,1,-0.6781135574989521,10.105394799332704,0
5.296,3612,7748968,1994,0,1,1.8308680911991964,9.852031575347894,0
5.298,3613,7750968,2010,0,1,5.199971766278203,9.516087474036825,0
5.3,3614,7752968,2018,0,1,8.144584460802347,9.058682628138998,0
5.302,3615,7754968,2019,0,1,9.561359568750248,8.447176057339865,0
5.304,3616,7756968,2007,0,1,8.906010023490657,7.667858153925006,0
5.306,3617,7758968,2015,0,1,6.181972073293864,6.728697750839464,0
5.308,3618,7760968,2003,0,1,1.8185612800766107,5.656716955140037,0
5.31,3619,7762968,2010,0,1,-3.334266575835164,4.49445294475508,0
5.312,3620,7764968,1975,1,1,-8.00057712129777,3.2941452851740314,0
5.314,3621,7766968,1971,0,1,-10.781527236069573,2.1047985794272366,0
5.316,3622,7768968,1979,0,1,-10.742455608104827,0.954645490268681,0
5.318,3623,7770968,1967,0,1,-7.835811493746664,-0.16001821362679358,0
5.32,3624,7772968,1997,0,1,-2.992618907364068,-1.2749127328239478,0
5.322,3625,7774968,2004,0,1,2.0692936657245973,-2.4477037523865386,0
5.324,3626,7776968,2011,0,1,5.323487155107387,-3.739278975301146,0
5.326,3627,7778968,2035,0,1,5.023715322377013,-5.192591579817066,0
5.328,3628,7780968,2023,0,1,0.3249041767376979,-6.813839300436175,0
5.330001,3629,7782969,2013,0,1,-8.162025082355358,-8.56064637423632,0
5.332,3630,7784968,1972,1,1,-18.294802535907504,-10.346597144878196,0
5.334,3631,7786968,1941,0,1,-27.085747660894043,-12.06656531514238,0
5.336,3632,7788968,1946,0,1,-31.884828890109592,-13.634178163058525,0
5.338,3633,7790968,1935,0,1,-31.364485789052388,-15.013008822799197,0
5.34,3634,7792968,1967,0,1,-25.86875925773724,-16.228708061820935,0
5.342,3635,7794968,1981,0,1,-17.1652359167249,-17.360746710336898,0
5.344,3636,7796968,1996,0,1,-7.806177676471738,-18.518442561137974,0
5.346,3637,7798968,2029,0,1,-0.377285165500572,-19.809676072909227,0
5.348,3638,7800968,2027,0,1,3.2694570621567554,-21.30844918137801,0
5.35,3639,7802968,2027,0,1,2.6956637138884236,-23.027677626754215,0
5.352,3640,7804968,1990,1,1,-0.941138212148612,-24.908473189057297,0
5.354,3641,7806968,1971,0,1,-5.486172583813592,-26.8324514845011,0
5.356,3642,7808968,1977,0,1,-8.854424741490648,-28.649390651530748,0
5.358,3643,7810968,1967,0,1,-9.845804199849297,-30.20296451956444,0
5.36,3644,7812968,1976,0,1,-8.42229813080501,-31.34578616195502,0
5.362,3645,7814968,1992,0,1,-5.65712226093639,-31.94599678334874,0
5.364,3646,7816968,2003,0,1,-3.3894408518790398,-31.885917276760917,0
5.366,3647,7818968,2015,0,1,-3.591449811430736,-31.054387171548804,0
5.368,3648,7820968,2010,0,1,-7.680222755790209,-29.3398958870606,0
5.370001,3649,7822969,2021,0,1,-15.934784434806724,-26.63027352423686,0
5.372,3650,7824968,1991,1,1,-27.038090203170327,-22.820947285047012,0
5.374,3651,7826968,1945,0,1,-38.038076548402564,-17.837227949567698,0
5.376,3652,7828968,1917,0,1,-45.202230954195656,-11.677023329122118,0
5.378,3653,7830968,1918,0,1,-45.50189064453862,-4.463354922441091,0
5.38,3654,7832968,1958,0,1,-37.667768722885604,3.5206445603967893,0
5.382,3655,7834968,1981,0,1,-22.101124655499824,11.833600393882016,0
5.384,3656,7836968,2007,0,1,0.0008254381772916375,19.90993749992215,0
5.386,3657,7838968,2037,0,1,27.453882843327627,27.10875463980603,0
5.388,3658,7840968,2037,0,1,59.36274681835843,32.76596996012909,0
5.39,3659,7842968,2039,0,1,94.62517097066092,36.24217180820821,0
5.392,3660,7844968,2052,1,1,130.56934129447228,36.96143517589883,0
5.394,3661,7846968,2173,0,1,161.63954089110382,34.455497634373316,0
5.396,3662,7848968,2291,0,1,180.11130542320652,28.445963901105806,0
5.398,3663,7850968,2275,0,1,179.47680847455604,18.966577314474627,0
5.4,3664,7852968,2201,0,1,157.9092013893681,6.461326395449254,0
5.402,3665,7854968,2107,0,1,118.82709740869167,-8.21102299312749,0
5.404,3666,7856968,2027,0,1,68.68230803457448,-23.866776436411747,0
5.406,3667,7858968,1977,0,1,14.118175701694852,-39.133830714965974,0
5.408,3668,7860968,1946,0,1,-39.80415447691441,-52.5904698898427,0
5.410001,3669,7862969,1937,0,1,-89.72693595331738,-62.882843306100966,0
5.412,3670,7864968,1933,1,1,-132.680944954897,-68.81516296766459,0
5.414,3671,7866968,1811,0,1,-164.44093176884172,-69.42644154164316,0
5.416,3672,7868968,1749,0,1,-179.52618362148317,-64.085145092499,0
5.418,3673,7870968,1757,0,1,-173.45672623739253,-52.60473698359539,0
5.42,3674,7872968,1836,0,1,-145.0584164741268,-35.326549938483204,0
5.422,3675,7874968,1912,0,1,-96.62837006712287,-13.119041157183227,0
5.424,3676,7876968,1995,0,1,-32.285016678557426,12.7023691864702,0
5.426,3677,7878968,2060,0,1,43.86855342007089,40.498794389584695,0
5.428,3678,7880968,2076,0,1,128.45177945514237,68.44093973064082,0
5.43,3679,7882968,2067,0,1,217.45555087237656,94.6247280982899,0
5.432,3680,7884968,2137,1,1,302.80481401777257,117.16071488152772,0
5.434,3681,7886968,2509,0,1,369.85937154995423,134.28707641180875,0
5.436,3682,7888968,2695,0,1,400.98698220236975,144.59107788344195,1
5.438,3683,7890968,2605,0,1,384.92416960565254,147.30835291707564,0
5.44,3684,7892968,2407,0,1,323.9336957809119,142.51496609337255,0
5.442,3685,7894968,2187,0,1,232.96696749061803,131.08131952918671,0
5.444,3686,7896968,1997,0,1,133.00424276349204,114.43498255233973,0
5.446,3687,7898968,1909,0,1,43.55285565786363,94.25526265450273,0
5.448,3688,7900968,1863,0,1,-22.41320828783949,72.19921915124831,0
5.450001,3689,7902969,1882,0,1,-60.03376524285185,49.71283507019101,0
5.452,3690,7904968,1897,1,1,-71.43168338873295,27.93533395305947,0
5.454,3691,7906968,1949,0,1,-63.33057623063857,7.677889925800514,0
5.456,3692,7908968,1995,0,1,-44.4620656329185,-10.545600646573007,0
5.458,3693,7910968,2015,0,1,-23.256135716941554,-26.455497497198962,0
5.46,3694,7912968,2037,0,1,-6.228804061179545,-39.933494486769824,0
5.462,3695,7914968,2023,0,1,2.686749102211362,-50.95912769605859,0
5.464,3696,7916968,2025,0,1,2.03771839524617,-59.56428893356278,0
5.466,3697,7918968,2029,0,1,-7.520551873141791,-65.8039128137886,0
5.468,3698,7920968,2010,0,1,-23.314559069559735,-69.73595085404781,0
5.47,3699,7922968,2010,0,1,-40.38439856210645,-71.4094307864897,0
5.472,3700,7924968,1700,1,1,-52.33904490960358,-70.8862920252885,0
5.474,3701,7926968,1959,0,1,-54.850245845869814,-68.31930962554249,0
5.476,3702,7928968,1976,0,1,-48.45631679456031,-64.01118155609524,0
5.478,3703,7930968,1973,0,1,-36.815874005947,-58.372532710901496,0
5.48,3704,7932968,1991,0,1,-23.536046886152853,-51.840618316861026,0
5.482,3705,7934968,1994,0,1,-11.19618962329119,-44.83511898805331,0
5.484,3706,7936968,2002,0,1,-1.5571944375484925,-37.73685243002497,0
5.486,3707,7938968,2025,0,1,4.290589970405907,-30.868951604430485,0
5.488,3708,7940968,2010,0,1,5.97983720397439,-24.48045204477223,0
5.490001,3709,7942969,2023,1,1,4.015945732161288,-18.73590849665959,0
5.492,3710,7944968,1996,1,1,-0.2133424069855394,-13.716072366695407,0
5.494,3711,7946968,1973,0,1,-4.741720981974863,-9.431944408059298,0
5.496,3712,7948968,1975,0,1,-7.718889327014821,-5.851169006046476,0
5.498,3713,7950968,1967,0,1,-8.154065328688215,-2.9265863525164093,0
5.5,3714,7952968,1995,0,1,-6.221201498043289,-0.6140942401121876,0
5.502,3715,7954968,1993,0,1,-3.029274794697754,1.1240131859443387,0
5.504,3716,7956968,2006,0,1,-0.11133172034813477,2.3253295323608185,0
5.506,3717,7958968,2026,0,1,1.1092864141793815,3.036717761496284,0
5.508,3718,7960968,2011,0,1,-0.13837427561945326,3.324306798168493,0
5.51,3719,7962968,2012,1,1,-3.561924371702794,3.279248742154749,0
5.512,3720,7964968,1982,1,1,-7.831237188649652,3.0121323346755737,0
5.514,3721,7966968,1961,0,1,-11.132601056649793,2.6347197911780285,0
5.516,3722,7968968,1971,0,1,-12.058953598921018,2.2348222054993414,0
5.518,3723,7970968,1976,0,1,-10.278243626280545,1.857992087607597,0
5.52,3724,7972968,1995,0,1,-6.549099507450805,1.506549768176674,0
5.522,3725,7974968,1998,0,1,-2.2774158425589537,1.1525367220904048,0
5.524,3726,7976968,2008,0,1,0.9845542067428141,0.7553887675569086,0
5.526,3727,7978968,2015,0,1,1.9279804220622445,0.2786564286177349,0
5.528,3728,7980968,2014,0,1,-0.18246212544272922,-0.29581254241420574,0
5.530001,3729,7982969,2024,1,1,-5.163103269425578,-0.9569435983206773,0
5.532,3730,7984968,1981,1,1,-11.66154521272238,-1.660189783134161,0
5.534,3731,7986968,1951,0,1,-17.461506982568316,-2.3387220409313727,0
5.536,3732,7988968,1955,0,1,-20.532256583204436,-2.931685334497333,0
5.538,3733,7990968,1964,0,1,-20.041574087828202,-3.41080053069944,0
5.54,3734,7992968,1973,0,1,-16.577613402023783,-3.7873999423375864,0
5.542,3735,7994968,1989,0,1,-11.77621443569652,-4.102466020303041,0
5.544,3736,7996968,2005,0,1,-7.75912644164368,-4.408569485770087,0
5.546,3737,7998968,2015,0,1,-6.469603951527997,-4.748010144557223,0
5.548,3738,8000968,2012,0,1,-9.001529317540236,-5.132393360062328,0
5.55,3739,8002968,2014,1,1,-15.10006817538697,-5.530169068347101,0
5.552,3740,8004968,1968,1,1,-23.006500757234296,-5.867197982940878,0
5.554,3741,8006968,1943,0,1,-29.95445407153889,-6.045893604945975,0
5.556,3742,8008968,1935,0,1,-33.33250158515655,-5.980393739698667,0
5.558,3743,8010968,1939,0,1,-31.824685498263488,-5.629885986005023,0
5.56,3744,8012968,1960,0,1,-25.89293752203004,-5.013496750011592,0
5.562,3745,8014968,1989,0,1,-17.5262720679197,-4.203185356257436,0
5.564,3746,8016968,2007,0,1,-9.439067509943683,-3.2989544491347855,0
5.566,3747,8018968,2018,0,1,-4.080113425201045,-2.396624884405318,0
5.568,3748,8020968,2020,0,1,-2.857178251206184,-1.5604200441073797,0
5.570001,3749,8022969,2026,1,1,-5.681456615102846,-0.806322238314122,0
5.572,3750,8024968,1967,1,1,-10.891542749953544,-0.09964695090313747,0
5.574,3751,8026968,1961,0,1,-15.911221784821478,0.6263435221612053,0
5.576,3752,8028968,1955,0,1,-18.49441553615769,1.4362679465875834,0
5.578,3753,8030968,1966,0,1,-17.643118180242446,2.3648506357857135,0
5.58,3754,8032968,1981,0,1,-13.729141902754332,3.408312403936038,0
5.582,3755,8034968,1991,0,1,-8.097413204754453,4.531146192397488,0
5.584,3756,8036968,2007,0,1,-2.5058975144077626,5.680823158944238,0
5.586,3757,8038968,2019,0,1,1.4348341833613159,6.805189042929744,0
5.588,3758,8040968,2019,0,1,2.7850974492181892,7.86910061317235,0
5.59,3759,8042968,2010,1,1,1.622881861815718,8.86506256690146,0
5.592,3760,8044968,1989,1,1,-1.0193758652493399,9.81184370339403,0
5.594,3761,8046968,1980,0,1,-3.6795559160967697,10.740213945740372,0
5.596,3762,8048968,1983,0,1,-5.159318645344893,11.673199092529641,0
5.598,3763,8050968,1989,0,1,-4.933278976902422,12.61208022362594,0
5.6,3764,8052968,1991,0,1,-3.1286673261019757,13.532951164347285,0
5.602,3765,8054968,2001,0,1,-0.29987759015462245,14.390368036839451,0
5.604,3766,8056968,2006,0,1,2.8235682085673752,15.124480386528523,0
5.606,3767,8058968,2013,0,1,5.599515845346212,15.67050484377381,0
5.608,3768,8060968,2013,0,1,7.7081980541193875,15.968654073842167,0
5.610001,3769,8062969,2009,1,1,9.26395962534001,15.97158154981279,0
5.612,3770,8064968,1988,1,1,10.65533966015839,15.645831047005267,0
5.614,3771,8066968,2011,0,1,12.105084093492792,14.96716505843057,0
5.616,3772,8068968,2011,0,1,13.363539565512083,13.918305614883018,0
5.618,3773,8070968,2019,0,1,13.863338102514716,12.495689008056896,0
5.62,3774,8072968,2011,0,1,13.053136598043086,10.719189782006254,0
5.622,3775,8074968,2011,0,1,10.550538466914105,8.636790017004419,0
5.624,3776,8076968,2009,0,1,6.139365217136206,6.323777868614807,0
5.626,3777,8078968,2003,0,1,-0.21149248218511385,3.8793694540463637,0
5.628,3778,8080968,2005,0,1,-8.228577151402114,1.422064561411263,0
5.63,3779,8082968,2011,1,1,-17.051424583905106,-0.9149358017815103,0
5.632,3780,8084968,1956,1,1,-24.9289587969506,-2.990410840638795,0
5.634,3781,8086968,1931,0,1,-29.568897972034613,-4.6755483955589,0
5.636,3782,8088968,1941,0,1,-29.342046427495106,-5.889174049882492,0
5.638,3783,8090968,1959,0,1,-24.30781905293091,-6.623907314106052,0
5.64,3784,8092968,1991,0,1,-16.189031256031626,-6.943656877694881,0
5.642,3785,8094968,2001,0,1,-7.55193103998905,-6.957653315582547,0
5.644,3786,8096968,2009,0,1,-0.9000423147188608,-6.787745247070961,0
5.646,3787,8098968,2029,0,1,1.9321995015652575,-6.540726423255682,0
5.648,3788,8100968,2028,0,1,0.24350484935920047,-6.286730264808989,0
5.650001,3789,8102969,2003,1,1,-5.1418205964083015,-6.045342989003783,0
5.652,3790,8104968,1979,1,1,-11.972491785728664,-5.7888392460258995,0
5.654,3791,8106968,1933,0,1,-17.45193973264506,-5.466998291031322,0
5.656,3792,8108968,1962,0,1,-19.5591109889626,-5.043218056929825,0
5.658,3793,8110968,1973,0,1,-17.88880563111745,-4.519488355718892,0
5.66,3794,8112968,1981,0,1,-13.457195978239197,-3.9361235595956217,0
5.662,3795,8114968,1996,0,1,-8.013207951381373,-3.3560963071145586,0
5.664,3796,8116968,2008,0,1,-3.456961594605192,-2.8472473949300774,0
5.666,3797,8118968,2012,0,1,-1.350740580306403,-2.4647827752564058,0
5.668,3798,8120968,2021,0,1,-2.4691468077966103,-2.235957385270005,0
5.67,3799,8122968,2005,1,1,-6.462303979919248,-2.1508153183269307,0
5.672,3800,8124968,1983,1,1,-11.814217913567303,-2.1637418615918182,0
5.674,3801,8126968,1957,0,1,-16.347085759807143,-2.2101524845716183,0
5.676,3802,8128968,1955,0,1,-18.171622684000845,-2.233949196900537,0
5.678,3803,8130968,1963,0,1,-16.542545446881412,-2.211716062420149,0
5.68,3804,8132968,1988,0,1,-12.104778777830195,-2.1606081608845846,0
5.682,3805,8134968,1990,0,1,-6.494228478687317,-2.128058881775821,0
5.684,3806,8136968,2011,0,1,-1.6960609520363517,-2.172220282586928,0
5.686,3807,8138968,2020,0,1,0.5522710565633191,-2.341362070897527,0
5.688,3808,8140968,2023,0,1,-0.6614867599671581,-2.6549025185133797,0
5.690001,3809,8142969,2007,1,1,-4.97153223727046,-3.09090187526189,0
5.692,3810,8144968,1975,1,1,-10.756621505283004,-3.588346096440731,0
5.694,3811,8146968,1963,0,1,-15.813136388415625,-4.0670854791836515,0
5.696,3812,8148968,1957,0,1,-18.33557870211566,-4.4561737139170186,0
5.698,3813,8150968,1965,0,1,-17.618774671590316,-4.7156786389344525,0
5.7,3814,8152968,1979,0,1,-14.211153832564527,-4.8438146256442405,0
5.702,3815,8154968,1991,0,1,-9.607760599782898,-4.870003375303081,0
5.704,3816,8156968,2011,0,1,-5.6745128297942165,-4.838458395045135,0
5.706,3817,8158968,2011,0,1,-3.978097656239136,-4.788047763327369,0
5.708,3818,8160968,2019,0,1,-5.192241577992568,-4.7347071855067195,0
5.71,3819,8162968,1995,1,1,-8.767282546480688,-4.66252782884078,0
5.712,3820,8164968,1973,1,1,-13.080243509873892,-4.5288334416888665,0
5.714,3821,8166968,1961,0,1,-16.14398394215212,-4.283923347640992,0
5.716,3822,8168968,1958,0,1,-16.526761881444767,-3.8961138258952897,0
5.718,3823,8170968,1975,0,1,-13.950745992745665,-3.368559827768171,0
5.72,3824,8172968,1992,0,1,-9.29131868589565,-2.7401647397942113,0
5.722,3825,8174968,2001,0,1,-4.069399114369109,-2.0719513014435114,0
5.724,3826,8176968,2007,0,1,0.17047588059287644,-1.427964491692367,0
5.726,3827,8178968,2021,0,1,2.3147356550519844,-0.8586294874064064,0
5.728,3828,8180968,2011,0,1,2.0077688956386073,-0.3882553601969896,0
5.730001,3829,8182969,1995,1,1,-0.2217952974585653,-0.00990399346216364,0
5.732,3830,8184968,1991,1,1,-3.2355638783426794,0.3078790943710574,0
5.734,3831,8186968,1979,0,1,-5.806244804505843,0.6063125032279841,0
5.736,3832,8188968,1981,0,1,-7.066354597879146,0.9216440628153153,0
5.738,3833,8190968,1990,0,1,-6.735534643285212,1.2753311625398336,0
5.74,3834,8192968,1991,0,1,-5.062258849269466,1.6718180714137971,0
5.742,3835,8194968,1992,0,1,-2.6078144682151714,2.1019159744428912,0
5.744,3836,8196968,2003,0,1,-0.08785563803487095,2.54724458858051,0
5.746,3837,8198968,2009,0,1,1.7827876086118892,2.985953722738171,0
5.748,3838,8200968,2011,0,1,2.5559461350524773,3.4008442984132237,0
5.75,3839,8202968,2003,1,1,2.28075964613928,3.7859143892003733,0
5.752,3840,8204968,1993,1,1,1.471660684821304,4.146166115058938,0
5.754,3841,8206968,1994,0,1,0.8037118852050276,4.490539506251951,0
5.756,3842,8208968,1995,0,1,0.7864365551775871,4.823677261994668,0
5.758,3843,8210968,1992,0,1,1.6166319663355357,5.1414898835827145,0
5.76,3844,8212968,1997,0,1,3.142310566095719,5.4299904957362655,0
5.762,3845,8214968,2005,0,1,4.877190826446422,5.666524210144835,0
5.764,3846,8216968,2012,0,1,6.161316029940013,5.8250259258139625,0
5.766,3847,8218968,2013,0,1,6.463696518193716,5.884471819987866,0
5.768,3848,8220968,2012,0,1,5.659422370219778,5.836222337147465,0
5.770001,3849,8222969,2005,1,1,4.143339528029995,5.686730727124598,0
5.772,3850,8224968,1983,1,1,2.6806386039562042,5.453471852980099,0
5.774,3851,8226968,1997,0,1,1.98342814869825,5.154494237917945,0
5.776,3852,8228968,1996,0,1,2.3396111114508003,4.7991625752177,0
5.778,3853,8230968,1999,0,1,3.5968432223602225,4.387102204704043,0
5.78,3854,8232968,1997,0,1,5.302668577982343,3.911878129193507,0
5.782,3855,8234968,2004,0,1,6.753929891082048,3.36430899174752,0
5.784,3856,8236968,2025,0,1,7.114373771852106,2.737782036664676,0
5.786,3857,8238968,2012,0,1,5.8014921429865245,2.0383744220075752,0
5.788,3858,8240968,2008,0,1,2.8842297664761705,1.2934109679238328,0
5.79,3859,8242968,1995,1,1,-0.8989900038460155,0.5499186879609743,0
5.792,3860,8244968,1978,1,1,-4.490851996653268,-0.1366709260252703,0
5.794,3861,8246968,1995,0,1,-6.962986894079698,-0.7170632516811724,0
5.796,3862,8248968,1977,0,1,-7.765159423778254,-1.1583947093636056,0
5.798,3863,8250968,1981,0,1,-6.780304447226338,-1.448872346275861,0
5.8,3864,8252968,1995,0,1,-4.38746698667572,-1.5998203076645305,0
5.802,3865,8254968,1993,0,1,-1.414263623316233,-1.6426355675760673,0
5.804,3866,8256968,2011,0,1,1.1219230831455727,-1.6192969004413271,0
5.806,3867,8258968,2013,0,1,2.3664563255784232,-1.5700599366748564,0
5.808,3868,8260968,2005,0,1,1.9684080151932508,-1.5220433381010676,0
5.810001,3869,8262969,2004,1,1,0.21651139503600447,-1.4838768179370154,0
5.812,3870,8264968,1990,0,1,-2.1115930669761136,-1.4485965456696652,0
5.814,3871,8266968,1993,0,1,-4.034645416264658,-1.401388126764731,0
5.816,3872,8268968,1975,0,1,-4.6778502591050275,-1.3288299926654163,0
5.818,3873,8270968,1983,0,1,-3.6088437239438074,-1.2281319163097837,0
5.82,3874,8272968,1991,0,1,-1.1020938632936665,-1.113103494607166,0
5.822,3875,8274968,2003,0,1,1.898322369626148,-1.011691419343123,0
5.824,3876,8276968,2012,0,1,4.146237285013084,-0.954968090110261,0
5.826,3877,8278968,2019,0,1,4.590092733264042,-0.9629910123178862,0
5.828,3878,8280968,2012,0,1,2.8116751751789955,-1.0331434211731476,0
5.83,3879,8282968,2005,1,1,-0.7575577464810905,-1.13579915118464,0
5.832,3880,8284968,1983,0,1,-4.964571418932671,-1.220311574770882,0
5.834,3881,8286968,1979,0,1,-8.38872460486462,-1.2302278628269927,0
5.836,3882,8288968,1971,0,1,-9.913868217323126,-1.1217869180305948,0
5.838,3883,8290968,1981,0,1,-9.132676580999988,-0.8778094283184038,0
5.84,3884,8292968,1989,0,1,-6.420481332892056,-0.5119834090019673,0
5.842,3885,8294968,1991,0,1,-2.730772361312797,-0.06388052300271513,0
5.844,3886,8296968,2014,0,1,0.7263801927586488,0.4115787523055312,0
5.846,3887,8298968,2014,0,1,2.897076492360555,0.8582042718854408,0
5.848,3888,8300968,2012,0,1,3.329137532853225,1.2330895183345605,0
5.850001,3889,8302969,2002,1,1,2.3626488922786772,1.5143103195795922,0
5.852,3890,8304968,1989,0,1,0.9140424795318879,1.6980352961865735,0
5.854,3891,8306968,1991,0,1,0.01370328909280305,1.7886400626369965,0
5.856,3892,8308968,1979,0,1,0.3454364118068043,1.7880508624455251,0
5.858,3893,8310968,1997,0,1,1.9464124505340306,1.6889744651389382,0
5.86,3894,8312968,2001,0,1,4.180068230331436,1.475233425990873,0
5.862,3895,8314968,2006,0,1,6.001290650057079,1.1296035900320551,0
5.864,3896,8316968,2023,0,1,6.354717504099969,0.645025747793648,0
5.866,3897,8318968,2010,0,1,4.592418176172775,0.03533136968663564,0
5.868,3898,8320968,2011,0,1,0.7887919274676014,-0.6585325232609306,0
5.87,3899,8322968,1992,1,1,-4.228540708265869,-1.371281121286942,0
5.872,3900,8324968,1982,0,1,-9.13815824191554,-2.0250004027096287,0
5.874,3901,8326968,1975,0,1,-12.552874574591497,-2.546016809661633,0
5.876,3902,8328968,1965,0,1,-13.470186065491516,-2.881905200190345,0
5.878,3903,8330968,1977,0,1,-11.622759689069934,-3.013991669445642,0
5.88,3904,8332968,1983,0,1,-7.610500602258936,-2.961417684534599,0
5.882,3905,8334968,1997,0,1,-2.735395875977459,-2.774797136988647,0
5.884,3906,8336968,2013,0,1,1.394210324514618,-2.5217334445477544,0
5.886,3907,8338968,2021,0,1,3.405506171060253,-2.2679371760297564,0
5.888,3908,8340968,2021,0,1,2.733156999960976,-2.0587987538064696,0
5.890001,3909,8342969,1999,1,1,-0.05951548882773339,-1.9091219758061575,0
5.892,3910,8344968,1976,0,1,-3.5202697461504306,-1.8080193953507804,0
5.894,3911,8346968,1981,0,1,-6.056661501657551,-1.7371021381365717,0
5.896,3912,8348968,1976,0,1,-6.647227671284429,-1.6890185161766285,0
5.898,3913,8350968,1983,0,1,-5.1191930127636915,-1.6761079203092022,0
5.9,3914,8352968,1993,0,1,-2.0964745961442577,-1.729596343059007,0
5.902,3915,8354968,1999,0,1,1.2286428428681448,-1.8920655392022838,0
5.904,3916,8356968,2026,0,1,3.5020147544069298,-2.2041489331628323,0
5.906,3917,8358968,2012,0,1,3.778246319060557,-2.687621812840233,0
5.908,3918,8360968,2010,0,1,1.9816297318776142,-3.3323969137023886,0
5.91,3919,8362968,1996,1,1,-1.0751988398182977,-4.0954553712471835,0
5.912,3920,8364968,1977,0,1,-4.086114624493281,-4.911321798733685,0
5.914,3921,8366968,1981,0,1,-5.840650946398364,-5.708572443503428,0
5.916,3922,8368968,1977,0,1,-5.737871619221979,-6.425103088037161,0
5.918,3923,8370968,1988,0,1,-3.989513398524571,-7.01569658614725,0
5.92,3924,8372968,1997,0,1,-1.509784966866004,-7.450925827830817,0
5.922,3925,8374968,2009,0,1,0.4308238348760436,-7.709250895513081,0
5.924,3926,8376968,2015,0,1,0.7088255954493932,-7.765280341588888,0
5.926,3927,8378968,2005,0,1,-1.181843489859075,-7.579866695447095,0
5.928,3928,8380968,2009,0,1,-4.890386908741791,-7.097602129514257,0
5.930001,3929,8382969,1973,1,1,-9.281024078903128,-6.253974126526936,0
5.932,3930,8384968,1971,0,1,-12.88114277240425,-4.992754479032669,0
5.934,3931,8386968,1978,0,1,-14.525859054134878,-3.2881416133297865,0
5.936,3932,8388968,1977,0,1,-13.687318266000421,-1.1591484282205937,0
5.938,3933,8390968,1982,0,1,-10.394244192576235,1.3276317335903594,0
5.94,3934,8392968,1995,0,1,-5.067610956017441,4.0615011004220625,0
5.942,3935,8394968,2002,0,1,1.6603391401618532,6.896113428513598,0
5.944,3936,8396968,2013,0,1,9.183683518055556,9.663043310848328,0
5.946,3937,8398968,2013,0,1,17.095784964018783,12.187017386354366,0
5.948,3938,8400968,2008,0,1,25.13245329054721,14.298431086433784,0
5.95,3939,8402968,2011,1,1,32.80375941715438,15.840644261996703,0
5.952,3940,8404968,2043,0,1,38.991007177799744,16.676736152368306,0
5.954,3941,8406968,2068,0,1,42.11392915622695,16.706472064540655,0
5.956,3942,8408968,2063,0,1,41.00386051347808,15.894114130037316,0
5.958,3943,8410968,2029,0,1,35.684484187609314,14.288800794305207,0
5.96,3944,8412968,2020,0,1,27.267641164895164,12.020085955964284,0
5.962,3945,8414968,2004,0,1,17.22203495977503,9.273749317601183,0
5.964,3946,8416968,2004,0,1,6.796493966866277,6.265055878580574,0
5.966,3947,8418968,1988,0,1,-3.1233678426665428,3.2174776434132015,0
5.968,3948,8420968,2003,0,1,-11.8704947831074,0.3463230779621558,0
5.970001,3949,8422969,1975,1,1,-18.70251897656345,-2.1536928434400595,0
5.972,3950,8424968,1959,0,1,-22.678816105776647,-4.121806570151138,0
5.974,3951,8426968,1961,0,1,-23.017556913531173,-5.450087258296649,0
5.976,3952,8428968,1967,0,1,-19.604579366786446,-6.099780322203034,0
5.978,3953,8430968,1983,0,1,-13.140143344606065,-6.103802517980615,0
5.98,3954,8432968,1993,0,1,-4.91204956199882,-5.555079426753771,0
5.982,3955,8434968,2005,0,1,3.5530859518410827,-4.586960290371993,0
5.984,3956,8436968,2018,0,1,10.80328871439687,-3.35109699036406,0
5.986,3957,8438968,2027,0,1,15.747466718420053,-1.9953579325738051,0
5.988,3958,8440968,2015,0,1,17.885967613229937,-0.6449395033474059,0
5.99,3959,8442968,2022,1,1,17.324907890327097,0.6081965112630727,0
5.992,3960,8444968,2018,0,1,14.635229708773378,1.7077685850835451,0
5.994,3961,8446968,2003,0,1,10.748968857433631,2.6313332796810287,0
5.996,3962,8448968,1994,0,1,6.777785014432336,3.382811704874242,0
5.998,3963,8450968,1993,0,1,3.6596769776160842,3.979107685869526,0
6.0,3964,8452968,1993,0,1,1.8767125857974976,4.437474167734273,0
6.002,3965,8454968,1993,0,1,1.4044288998464822,4.768446647108542,0
6.004,3966,8456968,2002,0,1,1.8142264580173848,4.9737782137184805,0
6.006,3967,8458968,2011,0,1,2.505153313126876,5.049070621130155,0
6.008,3968,8460968,2008,0,1,3.062142414041163,4.990521853719835,0
6.010001,3969,8462969,1991,1,1,3.4804839347821916,4.799856813113884,0
6.012,3970,8464968,2002,0,1,4.006628299304529,4.481943290575645,0
6.014,3971,8466968,1992,0,1,4.80824760008716,4.039230526184408,0
6.016,3972,8468968,2001,0,1,5.784544732507758,3.469419511278629,0
6.018,3973,8470968,2007,0,1,6.555519067387122,2.7673068639301484,0
6.02,3974,8472968,2011,0,1,6.633201814665074,1.9306140822716518,0
6.022,3975,8474968,2001,0,1,5.672930240628764,0.9671336942481288,0
6.024,3976,8476968,2005,0,1,3.5706471652554272,-0.10220120176878655,0
6.026,3977,8478968,2003,0,1,0.4326621978959819,-1.2443734596349518,0
6.028,3978,8480968,2006,0,1,-3.3603424785349327,-2.4152930309402736,0
6.03,3979,8482968,1982,1,1,-7.037833516064895,-3.5614163711219398,0
6.032,3980,8484968,1974,0,1,-9.594377113964828,-4.627648209640807,0
6.034,3981,8486968,1976,0,1,-10.266830857711572,-5.571315304332704,0
6.036,3982,8488968,1979,0,1,-8.934557893576738,-6.372836264284415,0
6.038,3983,8490968,1990,0,1,-6.166552976571973,-7.036523806483163,0
6.04,3984,8492968,1993,0,1,-3.0157191320176446,-7.5833478983067835,0
6.042,3985,8494968,2003,0,1,-0.7335085735821649,-8.040013239688534,0
6.044,3986,8496968,2013,0,1,-0.44728174799597653,-8.426899642553245,0
6.046,3987,8498968,2013,0,1,-2.753352777860993,-8.745955103090424,0
6.048,3988,8500968,2011,0,1,-7.2933756906846305,-8.971648835637039,0
6.050001,3989,8502969,1967,1,1,-12.626864741005587,-9.05201949348442,0
6.052,3990,8504968,1957,0,1,-16.770112714546023,-8.926445252651279,0
6.054,3991,8506968,1965,0,1,-18.184142512155823,-8.553553157900975,0
6.056,3992,8508968,1971,0,1,-16.393506853849015,-7.93008745077384,0
6.058,3993,8510968,1973,0,1,-11.955689234363895,-7.092781718502977,0
6.06,3994,8512968,1998,0,1,-6.179286074399157,-6.110234738599198,0
6.062,3995,8514968,2011,0,1,-0.7109221430269876,-5.068009818629983,0
6.064,3996,8516968,2008,0,1,3.0352234330434023,-4.04852890156363,0
6.066,3997,8518968,2019,0,1,4.317894556973226,-3.1140070181505646,0
6.068,3998,8520968,2009,0,1,3.2385658719439725,-2.2974538641596087,0
6.07,3999,8522968,1989,1,1,0.6815743025971013,-1.6021577064857855,0
6.072,4000,8524968,1988,0,1,-2.06560820408725,-1.0112808953877748,0
6.074,4001,8526968,1981,0,1,-3.8597499977016905,-0.5032016956595164,0
6.076,4002,8528968,1979,0,1,-4.09050349022746,-0.0641714571762515,0
6.078,4003,8530968,1992,0,1,-2.840436737072294,0.3049310268371048,0
6.08,4004,8532968,1995,0,1,-0.8082146567068136,0.5889355875265387,0
6.082,4005,8534968,2007,0,1,0.9987766281579139,0.765625407154424,0
6.084,4006,8536968,2007,0,1,1.6535664091702404,0.8159548160554815,0
6.086,4007,8538968,2010,0,1,0.6441629897974923,0.7330556510549524,0
6.088,4008,8540968,2004,1,1,-1.911661389781579,0.5273549982815453,0
6.090001,4009,8542969,1990,1,1,-5.237855852318538,0.22574294198780098,0
6.092,4010,8544968,1978,0,1,-8.144925827472635,-0.13669731882487834,0
6.094,4011,8546968,1973,0,1,-9.514047776666624,-0.5304992090001552,0
6.096,4012,8548968,1976,0,1,-8.776774785277686,-0.9445408232301902,0
6.098,4013,8550968,1983,0,1,-6.15041120696143,-1.3912819754596943,0
6.1,4014,8552968,1997,0,1,-2.561230147619963,-1.9023603489178922,0
6.102,4015,8554968,2008,0,1,0.7018606371281195,-2.5158211883053014,0
6.104,4016,8556968,2013,0,1,2.484025698478446,-3.2588913585751262,0
6.106,4017,8558968,2013,0,1,2.2149245111121223,-4.132310667210258,0
6.108,4018,8560968,2013,1,1,0.1793061487359207,-5.100804922165202,0
6.11,4019,8562968,1973,1,1,-2.514924406963018,-6.093165733112233,0
6.112,4020,8564968,1983,0,1,-4.448605122728974,-7.015125465608814,0
6.114,4021,8566968,1977,0,1,-4.624642496657346,-7.768394764749588,0
6.116,4022,8568968,1977,0,1,-2.8953120162260033,-8.2634707121655,0
6.118,4023,8570968,2005,0,1,0.010045924017819452,-8.422935895938675,0
6.12,4024,8572968,2007,0,1,2.8156292734138546,-8.175907308021731,0
6.122,4025,8574968,2007,0,1,4.264878080819265,-7.447224671432654,0
6.124,4026,8576968,2005,0,1,3.494729258554989,-6.151677565983216,0
6.126,4027,8578968,2012,0,1,0.12379814993226962,-4.196959394332849,0
6.128,4028,8580968,2007,1,1,-5.625831641619958,-1.4902105447719074,0
6.130001,4029,8582969,1991,1,1,-12.724943138806902,2.0525574874565087,0
6.132,4030,8584968,1965,0,1,-19.391787404763445,6.488331470269489,0
6.134,4031,8586968,1957,0,1,-23.613889313128997,11.818356282181945,0
6.136,4032,8588968,1962,0,1,-23.83614172747953,17.958080734944126,0
6.138,4033,8590968,1967,0,1,-19.341146587517173,24.718822278288,0
6.14,4034,8592968,1990,0,1,-10.20546778970198,31.806393268796405,0
6.142,4035,8594968,2003,0,1,3.012241973675864,38.835135574199754,0
6.144,4036,8596968,2021,0,1,19.653108062604982,45.35351108327667,0
6.146,4037,8598968,2024,0,1,39.14581297746662,50.87506840223196,0
6.148,4038,8600968,2029,1,1,60.75988054575176,54.90860411834716,0
6.15,4039,8602968,2018,1,1,82.8172531706326,56.983806405366025,0
6.152,4040,8604968,2127,0,1,101.8610264252987,56.680080921498316,0
6.154,4041,8606968,2169,0,1,113.14943202249967,53.68166596250752,0
6.156,4042,8608968,2157,0,1,112.78663797960283,47.858717461385474,0
6.158,4043,8610968,2119,0,1,99.5857252519491,39.32885603915085,0
6.16,4044,8612968,2069,0,1,75.15934229519506,28.46306179425659,0
6.162,4045,8614968,2012,0,1,42.69800583948882,15.842790838847359,0
6.164,4046,8616968,1984,0,1,5.47412979054437,2.191292722293891,0
6.166,4047,8618968,1989,0,1,-33.993700766763034,-11.697033255558637,0
6.168,4048,8620968,1968,1,1,-73.44312796791222,-25.01003852428481,0
6.17,4049,8622968,1941,1,1,-109.4020734662007,-36.95602169687137,0
6.172,4050,8624968,1802,0,1,-136.3172800617154,-46.812531011000104,0
6.174,4051,8626968,1737,0,1,-147.98292796692243,-54.012612988736514,1
6.176,4052,8628968,1771,0,1,-140.93682819980393,-58.25254443360907,0
6.178,4053,8630968,1849,0,1,-116.96826567556721,-59.55516904611326,0
6.18,4054,8632968,1937,0,1,-82.65753849327137,-58.24290835441945,0
6.182,4055,8634968,1997,0,1,-46.745847611067376,-54.83946232010929,0
6.184,4056,8636968,2040,0,1,-17.24063663364867,-49.94868995374007,0
6.186,4057,8638968,2068,0,1,0.654400592948122,-44.14676420029309,0
6.188,4058,8640968,2054,1,1,5.645857131187814,-37.90397196868427,0
6.19,4059,8642968,1995,1,1,0.403443524220259,-31.547060285008364,0
6.192,4060,8644968,1948,0,1,-9.760707474957558,-25.271143189423892,0
6.194,4061,8646968,1926,0,1,-19.220999172087915,-19.190254973644358,0
6.196,4062,8648968,1938,0,1,-24.123654990003292,-13.393811154004407,0
6.198,4063,8650968,1949,0,1,-23.25455462164654,-7.980873286453894,0
6.2,4064,8652968,1977,0,1,-17.73505186298311,-3.0665929988290337,0
6.202,4065,8654968,1996,0,1,-10.111817991717501,1.2305894760932112,0
6.204,4066,8656968,2024,0,1,-3.2561971348873575,4.811717765296848,0
6.206,4067,8658968,2023,0,1,0.6950450096838647,7.622084752650327,0
6.208,4068,8660968,2008,1,1,1.0257375131318138,9.667446203677937,0
6.21,4069,8662968,2009,1,1,-1.5155567272964663,11.01340896514728,0
6.212,4070,8664968,1967,0,1,-5.1983761793698005,11.769341427151728,0
6.214,4071,8666968,1974,0,1,-8.109142137166952,12.06226167220316,0
6.216,4072,8668968,1973,0,1,-8.96536814152616,12.009402530539077,0
6.218,4073,8670968,1975,0,1,-7.504163938207244,11.701150890896548,0
6.22,4074,8672968,1995,0,1,-4.404853028455143,11.197206236155578,0
6.222,4075,8674968,2003,0,1,-0.9308051385603733,10.532768686216123,0
6.224,4076,8676968,2011,0,1,1.6105165133365191,9.73173299667771,0
6.226,4077,8678968,2012,0,1,2.3684458449133197,8.820533723683562,0
6.228,4078,8680968,2014,1,1,1.256383163081611,7.837475958794947,0
6.23,4079,8682968,1988,1,1,-0.9788929012753917,6.8352237549079815,0
6.232,4080,8684968,1975,0,1,-3.099937482782263,5.872767350912381,0
6.234,4081,8686968,1980,0,1,-4.084694115082852,4.998853063448988,0
6.236,4082,8688968,1991,0,1,-3.645413820977608,4.239446974911285,0
6.238,4083,8690968,1992,0,1,-2.1891545204538314,3.5979805135302128,0
6.24,4084,8692968,1995,0,1,-0.49932379206164557,3.0632774739510342,0
6.242,4085,8694968,2009,0,1,0.5371925372323165,2.618114739108873,0
6.244,4086,8696968,2006,0,1,0.21279990837903018,2.2482329028318753,0
6.246,4087,8698968,2011,0,1,-1.6668341128426438,1.951199943285959,0
6.248,4088,8700968,1993,1,1,-4.575779531912761,1.7405387954873417,0
6.25,4089,8702968,1977,1,1,-7.39804873000811,1.6407182703262926,0
6.252,4090,8704968,1977,0,1,-8.923647467152264,1.6732965306162497,0
6.254,4091,8706968,1973,0,1,-8.403906956040077,1.841985632394203,0
6.256,4092,8708968,1983,0,1,-5.84657843455012,2.1248001588957983,0
6.258,4093,8710968,1997,0,1,-1.9919884355919146,2.475618747830583,0
6.26,4094,8712968,2007,0,1,2.0045242054253425,2.8346396632664947,0
6.262,4095,8714968,2006,0,1,5.025047604601114,3.1434350254198957,0
6.264,4096,8716968,2011,0,1,6.299069487847001,3.357336784774769,0
6.266,4097,8718968,2021,0,1,5.560528294200117,3.4531635024338563,0
6.268,4098,8720968,1993,1,1,3.1734739443364828,3.4334312553032675,0
6.27,4099,8722968,1995,1,1,0.0368588749768457,3.3229293529485,0
6.272,4100,8724968,1991,0,1,-2.7880957250648075,3.157153207143513,0
6.274,4101,8726968,1979,0,1,-4.404544742606276,2.9703708035876417,0
6.276,4102,8728968,1981,0,1,-4.304660961864297,2.786144222346756,0
6.278,4103,8730968,1990,0,1,-2.5697431294016644,2.6102603874396335,0
6.28,4104,8732968,1995,0,1,0.13118992611207592,2.4303720192675664,0
6.282,4105,8734968,2008,0,1,2.798884415467149,2.2233161508492367,0
6.284,4106,8736968,2012,0,1,4.48127060260948,1.9664056642422918,0
6.286,4107,8738968,2009,0,1,4.634482278556391,1.6484460165397778,0
6.288,4108,8740968,2011,1,1,3.3287893021296675,1.276245841945674,0
6.29,4109,8742968,1992,1,1,1.2354525490590555,0.8744830424867365,0
6.292,4110,8744968,1980,0,1,-0.6629090105118349,0.4778819426174912,0
6.294,4111,8746968,1995,0,1,-1.5625750654759711,0.11821318158745564,0
6.296,4112,8748968,1977,0,1,-1.1775706410013544,-0.1854800742947269,0
6.298,4113,8750968,2003,0,1,0.21211491722223474,-0.42945548006753276,0
6.3,4114,8752968,1999,0,1,1.9124076579000384,-0.6219657425160281,0
6.302,4115,8754968,2007,0,1,3.1293199733279082,-0.7752501090799733,0
6.304,4116,8756968,2011,0,1,3.296004410952067,-0.8968224027722482,0
6.306,4117,8758968,2004,0,1,2.293905902994278,-0.9836105332879108,0
6.308,4118,8760968,1995,1,1,0.5089446961483772,-1.0209766778853222,0
6.31,4119,8762968,1995,1,1,-1.3418564957102803,-0.9880459517146556,0
6.312,4120,8764968,1980,0,1,-2.5075550740092023,-0.8666485440147671,0
6.314,4121,8766968,1991,0,1,-2.4935855406944487,-0.6501690638242348,0
6.316,4122,8768968,1993,0,1,-1.2252348997275022,-0.34875597538328673,0
6.318,4123,8770968,1991,0,1,0.9974240458668886,0.01149611469553058,0
6.32,4124,8772968,1999,0,1,3.598321038657949,0.392488634515072,0
6.322,4125,8774968,2009,0,1,5.806876083167868,0.7493238964276696,0
6.324,4126,8776968,2021,0,1,6.908305619598808,1.0394931255260098,0
6.326,4127,8778968,2011,0,1,6.656815486703687,1.2347000215663377,0
6.328,4128,8780968,1991,1,1,5.460911228389582,1.3265323443876813,0
6.33,4129,8782968,1997,1,1,4.069257118650009,1.3202631226765356,0
6.332,4130,8784968,1991,0,1,3.0813339629512106,1.2237433824438662,0
6.334,4131,8786968,2009,0,1,2.765267455239151,1.041978648987372,0
6.336,4132,8788968,1989,0,1,3.192791736737763,0.7785111547579859,0
6.338,4133,8790968,1991,0,1,4.306141800720278,0.4364800054332454,0
6.34,4134,8792968,2002,0,1,5.748932277968868,0.01616948642890148,0
6.342,4135,8794968,2007,0,1,6.805206157056783,-0.48433710239225536,0
6.344,4136,8796968,2019,0,1,6.690542486133072,-1.0612054587041384,0
6.346,4137,8798968,2008,0,1,4.9825981007199935,-1.6948881400792288,0
6.348,4138,8800968,2008,1,1,1.8903455749546874,-2.3452600228033655,0
6.35,4139,8802968,1992,1,1,-1.7621510813776602,-2.9549234299925353,0
6.352,4140,8804968,1977,0,1,-4.825784664323013,-3.460095660544259,0
6.354,4141,8806968,1983,0,1,-6.299802684982186,-3.80597896774033,0
6.356,4142,8808968,1981,0,1,-5.718058152749936,-3.9594924921917714,0
6.358,4143,8810968,1982,0,1,-3.266299187888623,-3.91422698950036,0
6.36,4144,8812968,1997,0,1,0.2538522664545906,-3.6891494335835784,0
6.362,4145,8814968,2007,0,1,3.604269193375698,-3.3215554540137058,0
6.364,4146,8816968,2023,0,1,5.543272693700562,-2.8533909649558016,0
6.366,4147,8818968,2021,0,1,5.413650614450972,-2.3148307849861,0
6.368,4148,8820968,1992,1,1,3.5134240886813903,-1.7143558429006494,0
6.37,4149,8822968,1991,1,1,0.864958499443861,-1.043870023794728,0
6.372,4150,8824968,1989,0,1,-1.4130746024901581,-0.2943626145480569,0
6.374,4151,8826968,1993,0,1,-2.508222634819704,0.5317069298124795,0
6.376,4152,8828968,1983,0,1,-1.9616377314955158,1.4156510907908078,0
6.378,4153,8830968,1991,0,1,0.3132463213323633,2.320374012596903,0
6.38,4154,8832968,1997,0,1,3.9580311188772015,3.1899099733169294,0
6.382,4155,8834968,2002,0,1,8.20456689341968,3.9539934475986636,0
6.384,4156,8836968,2021,0,1,12.068773135517306,4.538069462017405,0
6.386,4157,8838968,2015,0,1,14.658487555259141,4.876609998080919,0
6.388,4158,8840968,2021,1,1,15.461190942330944,4.925488229897012,0
6.39,4159,8842968,2023,1,1,14.48875696901088,4.669519460087912,0
6.392,4160,8844968,1999,0,1,12.285786953465884,4.124404754212599,0
6.394,4161,8846968,2001,0,1,9.705909835331799,3.331157761283489,0
6.396,4162,8848968,1995,0,1,7.492053529192044,2.3445280666502706,0
6.398,4163,8850968,1995,0,1,5.976913898044071,1.2229204466742774,0
6.4,4164,8852968,1992,0,1,4.987544769759264,0.0226285986434972,0
6.402,4165,8854968,2003,0,1,3.858516890952634,-1.2049132686701896,0
6.404,4166,8856968,2025,0,1,1.699946156731703,-2.410191071902953,0
6.406,4167,8858968,2019,0,1,-1.9289914205597314,-3.534981951025932,0
6.408,4168,8860968,1983,1,1,-6.393809339950575,-4.504175884067768,0
6.41,4169,8862968,1967,0,1,-10.173332053826446,-5.235644340203321,0
6.412,4170,8864968,1960,0,1,-11.822376047875522,-5.6662806869903175,0
6.414,4171,8866968,1991,0,1,-10.787115169080575,-5.773761243325744,0
6.416,4172,8868968,1979,0,1,-7.445075950715337,-5.579468390711972,0
6.418,4173,8870968,1993,0,1,-2.712375874866986,-5.138432635407151,0
6.42,4174,8872968,2003,0,1,2.2342512910634786,-4.52765359288837,0
6.422,4175,8874968,2008,0,1,6.159980956666317,-3.8335560666436246,0
6.424,4176,8876968,2023,0,1,8.073892872864352,-3.1370997451605738,0
6.426,4177,8878968,2021,0,1,7.59928698305733,-2.499179009811248,0
6.428,4178,8880968,2007,1,1,5.267549109768525,-1.950783277584427,0
6.43,4179,8882968,1983,0,1,2.414257733972876,-1.4948540927023872,0
6.432,4180,8884968,1977,0,1,0.536444079610344,-1.1217984875854548,0
6.434,4181,8886968,1989,0,1,0.5330368229660756,-0.8283252814093276,0
6.436,4182,8888968,1991,0,1,2.3930889796460724,-0.6262177465763985,0
6.438,4183,8890968,1998,0,1,5.356726917023134,-0.5391380889817434,0
6.44,4184,8892968,2015,0,1,8.234171868928673,-0.5936257852132127,0
6.442,4185,8894968,2013,0,1,9.790920820220705,-0.8072755224690991,0
6.444,4186,8896968,2023,0,1,9.165280735185512,-1.1766121700349506,0
6.446,4187,8898968,2021,0,1,6.220203449019654,-1.6684995414425157,0
6.448,4188,8900968,1996,1,1,1.7385986309959098,-2.2181910106416454,0
6.45,4189,8902968,1977,0,1,-2.8006256735417763,-2.7393402877489677,0
6.452,4190,8904968,1971,0,1,-5.939908470721265,-3.1461413075434432,0
6.454,4191,8906968,1991,0,1,-6.914547515160432,-3.3746753536643332,0
6.456,4192,8908968,1989,0,1,-5.723420573485215,-3.390273665869322,0
6.458,4193,8910968,1983,0,1,-2.8061475811184087,-3.1837072887153184,0
6.46,4194,8912968,1995,0,1,1.1040533367316803,-2.767315603740806,0
6.462,4195,8914968,2009,0,1,4.978113214717915,-2.1712635529693816,0
6.464,4196,8916968,2023,0,1,7.757408283421112,-1.4329472248757837,0
6.466,4197,8918968,2012,0,1,8.849661096101798,-0.5819804908256508,0
6.468,4198,8920968,2003,1,1,8.379840966671669,0.3682366087083284,0
6.47,4199,8922968,2001,0,1,6.973034441586489,1.4170331277386023,0
6.472,4200,8924968,1993,0,1,5.346148262439945,2.566665414609864,0
6.474,4201,8926968,2003,0,1,4.035073231357584,3.813601380901601,0
6.476,4202,8928968,2005,0,1,3.3827924314719775,5.144542350917121,0
6.478,4203,8930968,1982,0,1,3.6551662051484612,6.535515923863673,0
6.48,4204,8932968,2005,0,1,4.969063978512924,7.9485299663966416,0
6.482,4205,8934968,2004,0,1,7.150060680192258,9.328605165051151,0
6.484,4206,8936968,2013,0,1,9.871704080642177,10.608328254240275,0
6.486,4207,8938968,2009,0,1,12.917186487133959,11.716574418671488,0
6.488,4208,8940968,1998,1,1,16.19920967438575,12.583743829126838,0
6.49,4209,8942968,2013,0,1,19.489791836705127,13.142158956636436,0
6.492,4210,8944968,2019,0,1,22.186119761729692,13.327761694286663,0
6.494,4211,8946968,2041,0,1,23.483117000769173,13.089882528084203,0
6.496,4212,8948968,2025,0,1,22.8777114083004,12.40655014202256,0
6.498,4213,8950968,2008,0,1,20.476176041062153,11.293641601201642,0
6.5,4214,8952968,2011,0,1,16.753968923930042,9.80016549923685,0
6.502,4215,8954968,2001,0,1,12.10881941793614,7.996489640611497,0
6.504,4216,8956968,2019,0,1,6.725997816447741,5.966442004680692,0
6.506,4217,8958968,2003,0,1,0.8384376480978118,3.805609148100788,0
6.508,4218,8960968,1996,1,1,-4.92984159369835,1.620142550280419,0
6.51,4219,8962968,1976,0,1,-9.541749112257353,-0.48135521714165463,0
6.512,4220,8964968,1965,0,1,-11.950224644694778,-2.4038104394684403,0
6.514,4221,8966968,1977,0,1,-11.647668401559521,-4.0823897428312845,0
6.516,4222,8968968,1979,0,1,-8.953703196532434,-5.490330513501562,0
6.518,4223,8970968,1983,0,1,-4.938298364622124,-6.635150925627519,0
6.52,4224,8972968,2005,0,1,-1.192730652914159,-7.5480067466265,0
6.522,4225,8974968,2014,0,1,0.5581357278688703,-8.267875825489302,0
6.524,4226,8976968,2028,0,1,-0.8902729003141301,-8.821082778324879,0
6.526,4227,8978968,2008,0,1,-5.534865567999024,-9.203502318481988,0
6.528,4228,8980968,1978,1,1,-11.938306698646548,-9.377037276139486,0
6.53,4229,8982968,1959,0,1,-17.785909097322115,-9.286671002904772,0
6.532,4230,8984968,1949,0,1,-20.933683040673493,-8.890082357829105,0
6.534,4231,8986968,1963,0,1,-20.271584886962774,-8.18291504692012,0
6.536,4232,8988968,1971,0,1,-15.986065714220736,-7.208148673392209,0
6.538,4233,8990968,1980,0,1,-9.32400003979691,-6.049791423768619,0
6.54,4234,8992968,2004,0,1,-2.1850683282175614,-4.817577645220487,0
6.542,4235,8994968,2019,0,1,3.393475595482281,-3.6259061045787098,0
6.544,4236,8996968,2023,0,1,5.89534226853126,-2.5693561816017003,0
6.546,4237,8998968,2015,0,1,4.861331389769058,-1.7032336979804379,0
6.548,4238,9000968,2007,1,1,1.025082448965863,-1.0370114480259556,0
6.55,4239,9002968,1983,0,1,-3.9521913129029445,-0.541425275718078,0
6.552,4240,9004968,1967,0,1,-8.077337906053081,-0.16668329168703266,0
6.554,4241,9006968,1962,0,1,-9.8279690169508,0.13327607469584102,0
6.556,4242,9008968,1979,0,1,-8.784351885562874,0.38106316904660886,0
6.558,4243,9010968,1990,0,1,-5.6935622432661654,0.5708818673285219,0
6.56,4244,9012968,1997,0,1,-2.023427960185087,0.6779511721693718,0
6.562,4245,9014968,2012,0,1,0.6076962829910804,0.6736510034721848,0
6.564,4246,9016968,2012,0,1,0.9329676328058305,0.5403813509356405,0
6.566,4247,9018968,2022,0,1,-1.5071960831791018,0.2840662259189668,0
6.568,4248,9020968,1999,1,1,-6.02047430786134,-0.05892193423570724,0
6.57,4249,9022968,1967,0,1,-10.83496550918423,-0.42710090258763245,0
6.572,4250,9024968,1959,0,1,-13.844259552493265,-0.7553871057894175,0
6.574,4251,9026968,1957,0,1,-13.651891716520527,-1.002702317797553,0
6.576,4252,9028968,1977,0,1,-10.20515316691806,-1.1685206460077169,0
6.578,4253,9030968,1990,0,1,-4.740272459087038,-1.2907802544624016,0
6.58,4254,9032968,2009,0,1,0.766144420042091,-1.4289626593014433,0
6.582,4255,9034968,2019,0,1,4.321931810680592,-1.6405772965738863,0
6.584,4256,9036968,2019,0,1,4.576452387890478,-1.9590125522162274,0
6.586,4257,9038968,2023,0,1,1.2768647534238031,-2.3785565073499533,0
6.588,4258,9040968,1995,1,1,-4.543972634531309,-2.850082161825071,0
6.59,4259,9042968,1965,0,1,-10.84115435572741,-3.2915946375283744,0
6.592,4260,9044968,1957,0,1,-15.418181746074486,-3.614452250528029,0
6.594,4261,9046968,1968,0,1,-16.882112033243178,-3.7523881595021655,0
6.596,4262,9048968,1967,0,1,-15.034452431867562,-3.6769459426045863,0
6.598,4263,9050968,1977,0,1,-10.742804125592388,-3.3979611392761306,0
6.6,4264,9052968,2003,0,1,-5.628405121231649,-2.9552803614495398,0
6.602,4265,9054968,2013,0,1,-1.5308938166812478,-2.4022986688280628,0
6.604,4266,9056968,2013,0,1,0.20456634099284554,-1.784733461491059,0
6.606,4267,9058968,2015,0,1,-0.7578551363146924,-1.1248689133732617,0
6.608,4268,9060968,1989,1,1,-3.6462429211275884,-0.4176654493947827,0
6.61,4269,9062968,1979,0,1,-6.930659740636477,0.3601141765651952,0
6.612,4270,9064968,1967,0,1,-9.024376044109815,1.2308788035112141,0
6.614,4271,9066968,1976,0,1,-8.9657532005466,2.1969685634335425,0
6.616,4272,9068968,1981,0,1,-6.722761053392576,3.230741364361239,0
6.618,4273,9070968,1999,0,1,-3.0585773421701448,4.276758128186299,0
6.62,4274,9072968,2005,0,1,0.8979561078807974,5.26335710172596,0
6.622,4275,9074968,2006,0,1,4.128320067868391,6.117589294129601,0
6.624,4276,9076968,2011,0,1,6.011761281404799,6.777157309687053,0
6.626,4277,9078968,2017,0,1,6.445191618817306,7.1981454804544525,0
6.628,4278,9080968,1995,1,1,5.8966014216832985,7.359486412095248,0
6.63,4279,9082968,1989,0,1,5.203303728828428,7.2602395070950125,0
6.632,4280,9084968,1993,0,1,5.064700446419213,6.909349718003391,0
6.634,4281,9086968,1993,0,1,5.637112495055506,6.317084476686033,0
6.636,4282,9088968,2006,0,1,6.498882410122329,5.494421407868228,0
6.638,4283,9090968,2008,0,1,6.894925393234206,4.458806204953126,0
6.64,4284,9092968,2005,0,1,6.07194347503648,3.2418992763642898,0
6.642,4285,9094968,2008,0,1,3.5127701658464288,1.8943887768984826,0
6.644,4286,9096968,2005,0,1,-0.9364930624583735,0.4866114660569738,0
6.646,4287,9098968,2008,0,1,-6.895137271152582,-0.8927862308990813,0
6.648,4288,9100968,1980,1,1,-13.27518624875194,-2.1411153896213677,0
6.65,4289,9102968,1965,0,1,-18.423719368395535,-3.1543018691906073,0
6.652,4290,9104968,1951,0,1,-20.735581719987614,-3.849146598989052,0
6.654,4291,9106968,1960,0,1,-19.398297072738146,-4.185894175430581,0
6.656,4292,9108968,1974,0,1,-14.778076219958777,-4.178946665843817,0
6.658,4293,9110968,1991,0,1,-8.260948281276466,-3.8908276846332743,0
6.66,4294,9112968,2003,0,1,-1.7293180347022246,-3.413570498729181,0
6.662,4295,9114968,2019,0,1,3.0442085594883816,-2.8453330114346853,0
6.664,4296,9116968,2019,0,1,4.943640438487675,-2.2681140928132915,0
6.666,4297,9118968,2013,1,1,3.883314669421712,-1.7317223824833077,0
6.668,4298,9120968,1992,1,1,0.8143107018063174,-1.2496734660433795,0
6.67,4299,9122968,1983,0,1,-2.7132307305948036,-0.8087451482785148,0
6.672,4300,9124968,1976,0,1,-5.211598050751178,-0.3864414899539096,0
6.674,4301,9126968,1979,0,1,-5.785421716174396,0.03300928103762907,0
6.676,4302,9128968,1983,0,1,-4.349017469264674,0.4500259925083268,0
6.678,4303,9130968,1996,0,1,-1.551369663217129,0.8494749742698144,0
6.68,4304,9132968,1999,0,1,1.5041513643757245,1.2073881258921921,0
6.682,4305,9134968,2009,0,1,3.6150467837328897,1.5010914524459666,0
6.684,4306,9136968,2014,0,1,3.822517473605845,1.7193631177332345,0
6.686,4307,9138968,2017,1,1,1.760111290078175,1.8711512744678387,0
6.688,4308,9140968,2001,1,1,-2.059673279228222,1.9900858592345483,0
6.69,4309,9142968,1981,0,1,-6.280874814076858,2.12919857416504,0
6.692,4310,9144968,1963,0,1,-9.241581047706756,2.3432184854312865,0
6.694,4311,9146968,1972,0,1,-9.774178165564699,2.665333193778328,0
6.696,4312,9148968,1981,0,1,-7.716831353817819,3.0918813257504754,0
6.698,4313,9150968,1993,0,1,-3.8446425123123045,3.58256487337438,0
6.7,4314,9152968,1999,0,1,0.5480611642312878,4.0719409966092375,0
6.702,4315,9154968,2019,0,1,4.113543186569105,4.4850966432559565,0
6.704,4316,9156968,2021,0,1,5.942177467492316,4.755000917697821,0
6.706,4317,9158968,2008,1,1,5.989792336948668,4.837591795979288,0
6.708,4318,9160968,1980,1,1,5.033489708396411,4.71510919381091,0
6.71,4319,9162968,1999,0,1,4.045871253800573,4.3853424573281465,0
6.712,4320,9164968,1996,0,1,3.6181475742002505,3.8502195677554454,0
6.714,4321,9166968,1991,0,1,3.8832397726618506,3.1139736789711323,0
6.716,4322,9168968,1996,0,1,4.599594813059629,2.185093532363568,0
6.718,4323,9170968,2003,0,1,5.161371561074825,1.077615801447414,0
6.72,4324,9172968,2003,0,1,4.722907640928049,-0.18498505963252398,0
6.722,4325,9174968,2008,0,1,2.455199084507403,-1.5639049403974248,0
6.724,4326,9176968,2010,0,1,-2.1613402607079486,-3.0002582256260695,0
6.726,4327,9178968,2021,1,1,-8.933837803617859,-4.4112222282815665,0
6.728,4328,9180968,1975,1,1,-16.53876852866015,-5.689625118834557,0
6.73,4329,9182968,1946,0,1,-22.687150933172678,-6.7182319199091065,0
6.732,4330,9184968,1944,0,1,-25.157976467061587,-7.402086090407023,0
6.734,4331,9186968,1949,0,1,-22.93254209899673,-7.700222902184019,0
6.736,4332,9188968,1973,0,1,-16.6122054667317,-7.637254286005989,0
6.738,4333,9190968,1991,0,1,-8.097657234262126,-7.292832710909771,0
6.74,4334,9192968,2009,0,1,0.11735372253272036,-6.77694093990895,0
6.742,4335,9194968,2029,0,1,5.736319725126193,-6.2000319359356295,0
6.744,4336,9196968,2023,0,1,7.3665069691650285,-5.6453759040142035,0
6.746,4337,9198968,2013,1,1,4.936037153639763,-5.151390222151699,0
6.748,4338,9200968,2009,1,1,-0.335923794162436,-4.7093298888407915,0
6.75,4339,9202968,1971,0,1,-6.319429230909398,-4.274631120696578,0
6.752,4340,9204968,1955,0,1,-10.70156713271655,-3.78993699581327,0
6.754,4341,9206968,1967,0,1,-11.955100929674185,-3.2143117597069986,0
6.756,4342,9208968,1982,0,1,-9.896025587113604,-2.542171749051109,0
6.758,4343,9210968,1983,0,1,-5.482001799129003,-1.802619563032526,0
6.76,4344,9212968,2006,0,1,-0.2918814595681667,-1.0473899718173745,0
6.762,4345,9214968,2015,0,1,3.991474229291926,-0.3351310363778861,0
6.764,4346,9216968,2024,0,1,6.146545568871634,0.28655066268982843,0
6.766,4347,9218968,2010,1,1,5.8815389913348595,0.7958159693185349,0
6.768,4348,9220968,1999,1,1,3.8951250114007236,1.200087494680162,0
6.77,4349,9222968,1981,0,1,1.4473808069053118,1.5262264244739954,0
6.772,4350,9224968,1993,0,1,-0.27739383711807797,1.8039812139316558,0
6.774,4351,9226968,1981,0,1,-0.5974576717846012,2.052868625841269,0
6.776,4352,9228968,1995,0,1,0.5640915759150453,2.276593268400351,0
6.778,4353,9230968,1992,0,1,2.742273283093348,2.4629907263941293,0
6.78,4354,9232968,2005,0,1,5.0765581471792585,2.588048886254951,0
6.782,4355,9234968,2024,0,1,6.605544590314261,2.6245812410497273,0
6.784,4356,9236968,2011,0,1,6.744896033903527,2.5549040064396973,0
6.786,4357,9238968,2007,1,1,5.653168712639989,2.3802356995403118,0
6.788,4358,9240968,1983,1,1,4.096559131205008,2.11828504948869,0
6.79,4359,9242968,1993,0,1,2.898674320595513,1.7909370244898135,0
6.792,4360,9244968,2003,0,1,2.500394574009568,1.4134769513537142,0
6.794,4361,9246968,1994,0,1,2.981816957420195,0.993490564147582,0
6.796,4362,9248968,1993,0,1,4.245226586369867,0.5342048158543797,0
6.798,4363,9250968,1999,0,1,5.979955544898788,0.03493633020712561,0
6.8,4364,9252968,2004,0,1,7.581436664733481,-0.5081891318167141,0
6.802,4365,9254968,2020,0,1,8.307316618209406,-1.0962524601807446,0
6.804,4366,9256968,2011,0,1,7.6498684660208776,-1.7176930887765047,0
6.806,4367,9258968,2009,1,1,5.656710184678765,-2.3410420473969076,0
6.808,4368,9260968,1995,1,1,2.9434074550085656,-2.9160716402833935,0
6.81,4369,9262968,1990,0,1,0.41478730386036133,-3.3829658219809975,0
6.812,4370,9264968,1991,0,1,-1.0904838679010633,-3.684343576173376,0
6.814,4371,9266968,1983,0,1,-1.0494503297252016,-3.775131893175955,0
6.816,4372,9268968,1991,0,1,0.606980723989988,-3.628850113471498,0
6.818,4373,9270968,1997,0,1,3.4433092335711004,-3.2399431487437873,0
6.82,4374,9272968,2005,0,1,6.631938927345604,-2.620567961788291,0
6.822,4375,9274968,2022,0,1,9.252403224860787,-1.792054421155406,0
6.824,4376,9276968,2012,0,1,10.69076600186632,-0.7740313201539359,0
6.826,4377,9278968,2006,1,1,10.881685077917536,0.42231133405866106,0
6.828,4378,9280968,2003,1,1,10.171937548201843,1.7915671485932765,0
6.83,4379,9282968,2007,0,1,9.017177286596532,3.3261646487243857,0
6.832,4380,9284968,2009,0,1,7.868484616130108,5.010737326323079,0
6.834,4381,9286968,1995,0,1,7.2280303143800975,6.8192541237716044,0
6.836,4382,9288968,2005,0,1,7.615764593560451,8.710723700800383,0
6.838,4383,9290968,1998,0,1,9.427945327712235,10.624034565265678,0
6.84,4384,9292968,2005,0,1,12.832260652885692,12.475701302883973,0
6.842,4385,9294968,2022,0,1,17.760413165831476,14.162399180124813,0
6.844,4386,9296968,2003,0,1,23.987475220123354,15.568327934657956,0
6.846,4387,9298968,2005,1,1,31.019613963710697,16.57176348420613,0
6.848,4388,9300968,2034,1,1,37.69922481253562,17.048517988224866,0
6.85,4389,9302968,2065,0,1,42.20634723201351,16.88461693662368,0
6.852,4390,9304968,2069,0,1,42.89794579959835,16.004815615087857,0
6.854,4391,9306968,2042,0,1,39.29020787707722,14.400349347911593,0
6.856,4392,9308968,2020,0,1,32.2285324246913,12.134551967391673,0
6.858,4393,9310968,2005,0,1,23.191232690749665,9.324499488589597,0
6.86,4394,9312968,2001,0,1,13.454724638267978,6.114305258265875,0
6.862,4395,9314968,2013,0,1,3.77160659270021,2.6552882244126197,0
6.864,4396,9316968,1997,0,1,-5.326908081417011,-0.902569479572394,0
6.866,4397,9318968,1982,1,1,-13.074103603068846,-4.415611826358093,0
6.868,4398,9320968,1967,1,1,-18.425593744516487,-7.757976800422867,0
6.87,4399,9322968,1963,0,1,-20.443158653156658,-10.838363683842903,0
6.872,4400,9324968,1959,0,1,-18.74915700278627,-13.613427561711262,0
6.874,4401,9326968,1967,0,1,-13.850150874376785,-16.092444297512685,0
6.876,4402,9328968,1993,0,1,-7.212479695712293,-18.33055293079008,0
6.878,4403,9330968,2003,0,1,-0.9339133708125105,-20.408630016957485,0
6.88,4404,9332968,2019,0,1,2.9016726733024214,-22.404169689081158,0
6.882,4405,9334968,2028,0,1,2.913145986281671,-24.362200805889337,0
6.884,4406,9336968,2011,0,1,-1.0233034395527176,-26.273364876312158,0
6.886,4407,9338968,1999,1,1,-7.571729964985952,-28.06591108392027,0
6.888,4408,9340968,1956,1,1,-14.317237132681276,-29.61658780585181,0
6.89,4409,9342968,1949,0,1,-18.71834859293657,-30.778307428673543,0
6.892,4410,9344968,1959,0,1,-19.17950856908294,-31.412111952766576,0
6.894,4411,9346968,1963,0,1,-15.581554215518779,-31.406608816871106,0
6.896,4412,9348968,1981,0,1,-9.161945061301752,-30.680325310768218,0
6.898,4413,9350968,1997,0,1,-2.0989298285114444,-29.1737503164634,0
6.9,4414,9352968,2019,0,1,3.0697138786612372,-26.83554202512824,0
6.902,4415,9354968,2031,0,1,4.21561371406017,-23.6057854281034,0
6.904,4416,9356968,2024,0,1,0.4248121734770264,-19.40303214350437,0
6.906,4417,9358968,1996,1,1,-7.542558681025184,-14.125560605071959,0
6.908,4418,9360968,1981,1,1,-17.443807219550173,-7.673743713490332,0
6.91,4419,9362968,1949,0,1,-26.265171115737537,0.010926997505691816,0
6.912,4420,9364968,1945,0,1,-31.108288237046796,8.901254647737943,0
6.914,4421,9366968,1957,0,1,-29.9083223528543,18.84653209419041,0
6.916,4422,9368968,1962,0,1,-21.677481235540974,29.55293033488121,0
6.918,4423,9370968,1995,0,1,-6.312362409463741,40.58530821791565,0
6.92,4424,9372968,2010,0,1,15.76807798173562,51.38725402875895,0
6.922,4425,9374968,2039,0,1,43.94167153091198,61.315463684032345,0
6.924,4426,9376968,2029,0,1,77.32729202214837,69.68094022785178,0
6.926,4427,9378968,2029,1,1,113.90486022646839,75.78643182152332,0
6.928,4428,9380968,2108,1,1,149.02836128310662,78.96179906805892,0
6.93,4429,9382968,2262,0,1,175.11793497425927,78.62768047062181,0
6.932,4430,9384968,2301,0,1,184.29219061271368,74.4131782624384,1
6.934,4431,9386968,2233,0,1,172.4667984324352,66.2855949168063,0
6.936,4432,9388968,2149,0,1,141.29141721290023,54.6079956021096,0
6.938,4433,9390968,2053,0,1,96.67589008420381,40.093280431830884,0
6.94,4434,9392968,1995,0,1,45.729073545298675,23.693050680889183,0
6.942,4435,9394968,1971,0,1,-5.707247354519168,6.47381758502971,0
6.944,4436,9396968,1949,0,1,-53.80985721517225,-10.485312547652327,0
6.946,4437,9398968,1949,1,1,-95.86520476247166,-26.16392074052397,0
6.948,4438,9400968,1891,1,1,-128.64196598576382,-39.65133819660476,0
6.95,4439,9402968,1767,0,1,-147.69424810027414,-50.20396641354746,0
6.952,4440,9404968,1762,0,1,-148.98561558550796,-57.32977615117941,0
6.954,4441,9406968,1799,0,1,-131.7584732069746,-60.87131570285852,0
6.956,4442,9408968,1891,0,1,-99.89603964416825,-61.027022439738424,0
6.958,4443,9410968,1960,0,1,-60.76242683786649,-58.29034090436429,0
6.96,4444,9412968,2024,0,1,-22.710652566678288,-53.337012467544504,0
6.962,4445,9414968,2071,0,1,7.333612013920468,-46.90094838119511,0
6.964,4446,9416968,2068,0,1,25.53446511541902,-39.6665093306774,0
6.966,4447,9418968,2037,1,1,31.66181804448016,-32.197129669108485,0
6.968,4448,9420968,2024,1,1,28.303723456954657,-24.91055509330036,0
6.97,4449,9422968,1996,0,1,19.396967592749185,-18.08972743150246,0
6.972,4450,9424968,1993,0,1,8.95439293723932,-11.908494562847139,0
6.974,4451,9426968,1961,0,1,0.25636236704499726,-6.460725367356101,0
6.976,4452,9428968,1963,0,1,-4.7165113533356955,-1.790507768790464,0
6.978,4453,9430968,1981,0,1,-5.647248276044309,2.081624452584064,0
6.98,4454,9432968,1995,0,1,-3.704880309315141,5.146938766932653,0
6.982,4455,9434968,2007,0,1,-0.8050088246690983,7.412925922313189,0
6.984,4456,9436968,2018,0,1,1.2417345382086444,8.914005734785249,0
6.986,4457,9438968,2021,1,1,1.414892327535313,9.720666440845545,0
6.988,4458,9440968,1998,0,1,-0.12272973699471912,9.942178990411982,0
6.99,4459,9442968,1979,0,1,-2.1952705845589144,9.716273910367706,0
6.992,4460,9444968,1973,0,1,-3.374889597124793,9.185652446517327,0
6.994,4461,9446968,1981,0,1,-2.809522538637347,8.47347113247802,0
6.996,4462,9448968,1989,0,1,-0.5738008367265208,7.670635880229867,0
6.998,4463,9450968,2001,0,1,2.4989974320088284,6.83698607706855,0
7.0,4464,9452968,2005,0,1,5.2260342062120335,6.010707642055652,0
7.002,4465,9454968,2011,0,1,6.477773959198857,5.21971568279975,0
7.004,4466,9456968,2025,0,1,5.535444620810458,4.492274363376845,0
7.006,4467,9458968,2009,1,1,2.4692668458925677,3.866274092537972,0
7.008,4468,9460968,1989,1,1,-1.687183168725694,3.3915604719040764,0
7.01,4469,9462968,1973,0,1,-5.315826421185129,3.1185286422480973,0
7.012,4470,9464968,1967,0,1,-6.999687249700781,3.0774180581598736,0
7.014,4471,9466968,1989,0,1,-6.145105696484622,3.261955226300053,0
7.016,4472,9468968,1983,0,1,-3.0535643820599434,3.6270941880111724,0
7.018,4473,9470968,1993,0,1,1.356831990260119,4.097825668077946,0
7.02,4474,9472968,2012,0,1,5.821815001727649,4.581510435685185,0
7.022,4475,9474968,2013,0,1,9.053695112466341,4.983392404468474,0
7.024,4476,9476968,2021,0,1,10.164258348309605,5.224152191551603,0
7.026,4477,9478968,2024,1,1,9.014986894262282,5.254005523197802,0
7.028,4478,9480968,1995,0,1,6.372743945551454,5.059466854865505,0
7.03,4479,9482968,1981,0,1,3.626507072134078,4.657690729212624,0
7.032,4480,9484968,1977,0,1,2.0194430440960254,4.078629923727911,0
7.034,4481,9486968,1991,0,1,1.9560903899503432,3.348081301378593,0
7.036,4482,9488968,1997,0,1,2.8971847774279844,2.4835630743063364,0
7.038,4483,9490968,2003,0,1,3.7340822524034127,1.5015470379237215,0
7.04,4484,9492968,2008,0,1,3.2586660301283534,0.42772140783639734,0
7.042,4485,9494968,2011,0,1,0.5625170136072861,-0.6946362914601596,0
7.044,4486,9496968,2011,0,1,-4.593967393298029,-1.79916779070245,0
7.046,4487,9498968,2001,1,1,-11.45301473052129,-2.7953176698202507,0
7.048,4488,9500968,1963,0,1,-18.20482520644011,-3.576382193093367,0
7.05,4489,9502968,1940,0,1,-22.57128418343046,-4.042512277693782,0
7.052,4490,9504968,1949,0,1,-22.906841437778972,-4.133331203656409,0
7.054,4491,9506968,1967,0,1,-18.99614761527748,-3.850465482162856,0
7.056,4492,9508968,1980,0,1,-12.004198917401872,-3.2567349094951794,0
7.058,4493,9510968,1995,0,1,-3.907553728152732,-2.4581159660030307,0
7.06,4494,9512968,2013,0,1,3.1101181887192677,-1.5798403940397912,0
7.062,4495,9514968,2031,0,1,7.252686005473205,-0.740745666884892,0
7.064,4496,9516968,2027,0,1,7.75536053282711,-0.02829889723170692,0
7.066,4497,9518968,1991,1,1,5.235142547897686,0.5160432631483597,0
7.068,4498,9520968,1993,0,1,1.3181277511357663,0.8914115493710857,0
7.07,4499,9522968,1975,0,1,-2.188294574443269,1.118156976356732,0
7.072,4500,9524968,1975,0,1,-3.9739463825616106,1.218864644419695,0
7.074,4501,9526968,1982,0,1,-3.584205751741152,1.2059292100323578,0
7.076,4502,9528968,1983,0,1,-1.4910270470748923,1.0771383538550756,0
7.078,4503,9530968,2005,0,1,1.1090285502598485,0.8197500560760073,0
7.08,4504,9532968,2007,0,1,2.7217472408214864,0.4214522729054888,0
7.082,4505,9534968,2020,0,1,2.1267572569004485,-0.1151724153711137,0
7.084,4506,9536968,2015,0,1,-1.0642593144452892,-0.7600342342376629,0
7.086,4507,9538968,1988,1,1,-6.099467734391519,-1.4512511772079124,0
7.088,4508,9540968,1973,0,1,-11.31723467919095,-2.105368734573769,0
7.09,4509,9542968,1965,0,1,-14.863506775923499,-2.6398368170804414,0
7.092,4510,9544968,1956,0,1,-15.434720335612472,-2.996069951558866,0
7.094,4511,9546968,1967,0,1,-12.760512595222693,-3.1545710151915314,0
7.096,4512,9548968,1988,0,1,-7.725638658777735,-3.138112806440355,0
7.098,4513,9550968,1993,0,1,-2.0488472115165464,-3.0009861765412698,0
7.1,4514,9552968,2021,0,1,2.323565801899427,-2.8088476011841355,0
7.102,4515,9554968,2021,0,1,3.9073767459284188,-2.6158913780208133,0
7.104,4516,9556968,2013,0,1,2.286884810113702,-2.4457337144150104,0
7.106,4517,9558968,1995,1,1,-1.694372719616577,-2.28490575432242,0
7.108,4518,9560968,1977,0,1,-6.316609522989763,-2.0927406007849783,0
7.11,4519,9562968,1967,0,1,-9.711516776666564,-1.821871877471796,0
7.112,4520,9564968,1961,0,1,-10.60389870128443,-1.4401642315219605,0
7.114,4521,9566968,1978,0,1,-8.79069706882936,-0.9457018477415334,0
7.116,4522,9568968,1997,0,1,-5.119585085080718,-0.3681408493286804,0
7.118,4523,9570968,1995,0,1,-0.9855711334401986,0.24357153100634132,0
7.12,4524,9572968,2008,0,1,2.235381621198984,0.8376207102792312,0
7.122,4525,9574968,2014,0,1,3.548933580990613,1.372504013255404,0
7.124,4526,9576968,2019,0,1,2.6613193305802563,1.82793615359637,0
7.126,4527,9578968,1990,1,1,0.2233571781228667,2.2112952619341995,0
7.128,4528,9580968,1977,0,1,-2.394784190311509,2.551423407805544,0
7.13,4529,9582968,1976,0,1,-3.8305747754850907,2.880151988675178,0
7.132,4530,9584968,1983,0,1,-3.3823079214197858,3.214943067812156,0
7.134,4531,9586968,1983,0,1,-1.188278895987275,3.5526055169147863,0
7.136,4532,9588968,1998,0,1,1.9150860887847752,3.872199868974188,0
7.138,4533,9590968,2008,0,1,4.686274920622809,4.143597986084094,0
7.14,4534,9592968,2011,0,1,5.907034222184263,4.340086785963601,0
7.142,4535,9594968,2021,0,1,4.839714111658396,4.451016836903208,0
7.144,4536,9596968,2015,0,1,1.6208861098063507,4.490804143554912,0
7.146,4537,9598968,1977,1,1,-2.5917935562831467,4.4995852296454375,0
7.148,4538,9600968,1967,0,1,-6.0965728580232215,4.5284163156218025,0
7.15,4539,9602968,1975,0,1,-7.572804394987486,4.61432098474335,0
7.152,4540,9604968,1981,0,1,-6.649243205515268,4.763643723578442,0
7.154,4541,9606968,1983,0,1,-3.8395704634182013,4.951215694207968,0
7.156,4542,9608968,2003,0,1,-0.2256969202139174,5.128500079597432,0
7.158,4543,9610968,2007,0,1,2.9333379166949967,5.236430587996069,0
7.16,4544,9612968,2007,0,1,4.6380202169657485,5.220656251216032,0
7.162,4545,9614968,2006,0,1,4.418264992935784,5.043028651404393,0
7.164,4546,9616968,2011,0,1,2.395515747152039,4.6869083353505285,0
7.166,4547,9618968,1993,1,1,-0.7075663225011031,4.158529960181089,0
7.168,4548,9620968,1978,0,1,-3.7168185744316533,3.48246901510577,0
7.17,4549,9622968,1979,0,1,-5.463165920606106,2.6894091751100344,0
7.172,4550,9624968,1973,0,1,-5.290322539679564,1.8029962051144244,0
7.174,4551,9626968,1981,0,1,-3.330534770827474,0.8330868337229154,0
7.176,4552,9628968,1993,0,1,-0.5214332799904728,-0.2231153712463514,0
7.178,4553,9630968,2005,0,1,1.6577942542287196,-1.3718876854580682,0
7.18,4554,9632968,2011,0,1,1.6942790470976705,-2.6080233081411164,0
7.182,4555,9634968,2019,0,1,-1.374829249886198,-3.899710666152009,0
7.184,4556,9636968,2012,0,1,-7.423031581329839,-5.177976107891759,0
7.186,4557,9638968,1961,1,1,-15.017063108969857,-6.3375850966736405,0
7.188,4558,9640968,1951,0,1,-21.979080757664157,-7.258062094509396,0
7.19,4559,9642968,1947,0,1,-26.5054446207465,-7.838093407893743,0
7.192,4560,9644968,1965,0,1,-27.895171371309928,-8.021235619589834,0
7.194,4561,9646968,1977,0,1,-26.410758910351962,-7.8006190716763335,0
7.196,4562,9648968,1997,0,1,-22.557937775800674,-7.2070467933639435,0
7.198,4563,9650968,1885,0,1,-16.715828019413276,-6.299071348497419,0
7.2,4564,9652968,2021,0,1,-9.889657362300722,-5.170931953583608,0
7.202,4565,9654968,2026,0,1,-4.175550633508726,-3.9514261331566662,0
7.204,4566,9656968,2025,1,1,-1.4413820362525605,-2.766157148543145,0
7.206,4567,9658968,2001,1,1,-1.8340272350553661,-1.6980430057371176,0
7.208,4568,9660968,1973,0,1,-3.844862383163389,-0.7830100242059808,0
7.21,4569,9662968,1963,0,1,-5.440354124061614,-0.031593329745844834,0
7.212,4570,9664968,1968,0,1,-5.253943624827697,0.5454577118150135,0
7.214,4571,9666968,1991,0,1,-3.171058596266321,0.9237510780623284,0
7.216,4572,9668968,1989,0,1,-0.13220261399781852,1.0695079439297874,0
7.218,4573,9670968,2005,0,1,2.4145511892941,0.9532265610334694,0
7.22,4574,9672968,2009,0,1,3.0090665447466103,0.5634268826960267,0
7.222,4575,9674968,2020,0,1,0.6459669325455046,-0.08128025255708016,0
7.224,4576,9676968,2007,0,1,-4.737163295234761,-0.9230154691095502,0
7.226,4577,9678968,1996,1,1,-11.956902289551726,-1.863846414661291,0
7.228,4578,9680968,1950,0,1,-18.775974716392984,-2.77942500738146,0
7.23,4579,9682968,1939,0,1,-22.770043656386818,-3.54858890826918,0
7.232,4580,9684968,1948,0,1,-22.50045297139164,-4.088104668032115,0
7.234,4581,9686968,1965,0,1,-18.170630130819337,-4.372610791059316,0
7.236,4582,9688968,1991,0,1,-11.39544869127807,-4.430241933818018,0
7.238,4583,9690968,1998,0,1,-4.4339003566415265,-4.321140834246186,0
7.24,4584,9692968,2011,0,1,0.5946829551327817,-4.111643791874344,0
7.242,4585,9694968,2017,0,1,2.2581068605837906,-3.852725344878177,0
7.244,4586,9696968,2021,1,1,0.20401036592621713,-3.564533971060465,0
7.246,4587,9698968,1992,1,1,-4.595784568496897,-3.229223935340416,0
7.248,4588,9700968,1966,0,1,-10.08634396535209,-2.799273341444715,0
7.25,4589,9702968,1956,0,1,-13.999366161138163,-2.2225648803182727,0
7.252,4590,9704968,1967,0,1,-14.814553800379326,-1.470466241056985,0
7.254,4591,9706968,1965,0,1,-12.190956276609551,-0.553133274773518,0
7.256,4592,9708968,1978,0,1,-6.907494997147953,0.4796548161194747,0
7.258,4593,9710968,2002,0,1,-0.5965464731265928,1.547171470825965,0
7.26,4594,9712968,2020,0,1,4.784900434266773,2.555822000422556,0
7.262,4595,9714968,2025,0,1,7.743466014725298,3.424005478940283,0
7.264,4596,9716968,2009,1,1,7.872209585491452,4.1023575739324984,0
7.266,4597,9718968,1996,1,1,5.876790483900582,4.578554628103654,0
7.268,4598,9720968,1996,0,1,3.083918791637431,4.867536381430051,0
7.27,4599,9722968,1975,0,1,0.8640075595222148,4.996660421923587,0
7.272,4600,9724968,1983,0,1,0.16177542924219712,4.9916405148865906,0
7.274,4601,9726968,1983,0,1,1.160573530279577,4.865925400470497,0
7.276,4602,9728968,1997,0,1,3.230769866562998,4.617957508971208,0
7.278,4603,9730968,2005,0,1,5.201773018887907,4.237409246176475,0
7.28,4604,9732968,2021,0,1,5.85525674258461,3.7174512682626646,0
7.282,4605,9734968,2014,0,1,4.513336138430444,3.06878965447173,0
7.284,4606,9736968,2002,1,1,1.4463996024955779,2.328213805749738,0
7.286,4607,9738968,1982,1,1,-2.2061104900637396,1.5546210645887621,0
7.288,4608,9740968,1976,0,1,-4.983277091027098,0.8133191570274356,0
7.29,4609,9742968,1972,0,1,-5.761988229680185,0.15736164790808926,0
7.292,4610,9744968,1975,0,1,-4.2037245961403045,-0.3854755806722887,0
7.294,4611,9746968,1993,0,1,-0.8739253140188844,-0.8161070566217297,0
7.296,4612,9748968,2002,0,1,2.9985402430736645,-1.1568304845766475,0
7.298,4613,9750968,2007,0,1,6.004252689510481,-1.436549852452007,0
7.3,4614,9752968,2013,0,1,7.0004704288504005,-1.675951193571083,0
7.302,4615,9754968,2019,0,1,5.434799877305245,-1.876606372429766,0
7.304,4616,9756968,2003,1,1,1.605677085461593,-2.0146393318715345,0
7.306,4617,9758968,1993,1,1,-3.2842920955729484,-2.0426246541641557,0
7.308,4618,9760968,1967,0,1,-7.472580639527449,-1.902933428811997,0
7.31,4619,9762968,1960,0,1,-9.335165155831202,-1.549727123905323,0
7.312,4620,9764968,1971,0,1,-8.12476901294944,-0.9706090605102775,0
7.314,4621,9766968,1989,0,1,-4.267575982690428,-0.1959009322477916,0
7.316,4622,9768968,1999,0,1,0.9636588548120972,0.7092404084561647,0
7.318,4623,9770968,2011,0,1,6.064110406915019,1.6626518177473903,0
7.32,4624,9772968,2013,0,1,9.81519263352164,2.583426078349296,0
7.322,4625,9774968,2013,0,1,11.572514487722984,3.405583541859194,0
7.324,4626,9776968,2019,1,1,11.36172388286957,4.085931151732472,0
7.326,4627,9778968,1997,1,1,9.853097102041637,4.606414741810364,0
7.328,4628,9780968,1988,0,1,8.10346245431723,4.968766198009856,0
7.33,4629,9782968,1991,0,1,7.029059485577485,5.181747401966414,0
7.332,4630,9784968,1996,0,1,6.991027084587222,5.250096149991158,0
7.334,4631,9786968,2003,0,1,7.797176536145379,5.1725564213963775,0
7.336,4632,9788968,1995,0,1,8.93194138494,4.94590829752032,0
7.338,4633,9790968,2005,0,1,9.704515079295462,4.568673921549076,0
7.34,4634,9792968,2011,0,1,9.33410284292581,4.044111964954199,0
7.342,4635,9794968,2028,0,1,7.247918650124889,3.386866111249646,0
7.344,4636,9796968,2005,1,1,3.596808946870796,2.632199073714963,0
7.346,4637,9798968,1979,1,1,-0.5394921465903636,1.8366490673477318,0
7.348,4638,9800968,1977,0,1,-3.6587151604406447,1.0625519908073096,0
7.35,4639,9802968,1975,0,1,-4.621388840508195,0.3566115941033363,0
7.352,4640,9804968,1981,0,1,-3.0758002337394594,-0.2626241672219103,0
7.354,4641,9806968,1981,0,1,0.4999239716238716,-0.8061837693197047,0
7.356,4642,9808968,2008,0,1,4.93670324538823,-1.3084550932931514,0
7.358,4643,9810968,2004,0,1,8.71124280168348,-1.813850217791273,0
7.36,4644,9812968,2018,0,1,10.406604532202724,-2.359737615898701,0
7.362,4645,9814968,2026,0,1,9.137553730279604,-2.9612345430678153,0
7.364,4646,9816968,2009,1,1,4.932301281737019,-3.6003191637747456,0
7.366,4647,9818968,2003,1,1,-1.0774956655592622,-4.2235827487458675,0
7.368,4648,9820968,1963,0,1,-6.92363787589896,-4.753758582595229,0
7.37,4649,9822968,1951,0,1,-10.59564056322192,-5.114591163271523,0
7.372,4650,9824968,1976,0,1,-10.995529524200379,-5.25872168120042,0
7.374,4651,9826968,1980,0,1,-8.2957640047642,-5.1805667387551075,0
7.376,4652,9828968,1982,0,1,-3.575443504547191,-4.90998194055196,0
7.378,4653,9830968,1995,0,1,1.5987152438709462,-4.499983518833361,0
7.38,4654,9832968,2019,0,1,5.464365727833314,-4.013782548987325,0
7.382,4655,9834968,2026,0,1,6.5974523839410555,-3.5063889871973792,0
7.384,4656,9836968,2025,1,1,4.648158347350167,-3.0043470409997193,0
7.386,4657,9838968,1982,1,1,0.7105616288096772,-2.496966783008377,0
7.388,4658,9840968,1971,0,1,-3.1607081452406787,-1.9491268224208906,0
7.39,4659,9842968,1963,0,1,-5.045096915713113,-1.329198669096228,0
7.392,4660,9844968,1982,0,1,-4.023107857227233,-0.6324499794045861,0
7.394,4661,9846968,1979,0,1,-0.34791013709367224,0.11225110441638808,0
7.396,4662,9848968,2002,0,1,4.836874887705901,0.8491644086724981,0
7.398,4663,9850968,2005,0,1,9.904309012509358,1.5090123913345082,0
7.4,4664,9852968,2021,0,1,13.18906647531341,2.0254187129074164,0
7.402,4665,9854968,2039,0,1,13.507548811206188,2.352624043029479,0
7.404,4666,9856968,2015,1,1,10.732169856382285,2.48144619921861,0
7.406,4667,9858968,1995,1,1,6.019659733287401,2.4438024943077226,0
7.408,4668,9860968,1977,0,1,1.3094082527780977,2.2981015530937308,0
7.41,4669,9862968,1965,0,1,-1.6122244487573247,2.103134148800726,0
7.412,4670,9864968,1988,0,1,-1.8559408630689007,1.8957820918091726,0
7.414,4671,9866968,1979,0,1,0.39048788300429965,1.6826708193398399,0
7.416,4672,9868968,1998,0,1,4.1138411731493445,1.4446031483772428,0
7.418,4673,9870968,2011,0,1,7.847423398811121,1.1474081524128394,0
7.42,4674,9872968,2015,0,1,10.139113120227123,0.7571314376348692,0
7.422,4675,9874968,2024,0,1,10.07146605631006,0.2563793501637025,0
7.424,4676,9876968,2008,1,1,7.626346135987984,-0.3445574925934963,0
7.426,4677,9878968,2005,1,1,3.7570616838335407,-1.005970857985251,0
7.428,4678,9880968,1970,0,1,0.0837659113140633,-1.6681203176928565,0
7.43,4679,9882968,1966,0,1,-1.8161250855743778,-2.2708397201766646,0
7.432,4680,9884968,1983,0,1,-1.2105856380059943,-2.7747630328429063,0
7.434,4681,9886968,1993,0,1,1.5141778702652262,-3.1695575592045806,0
7.436,4682,9888968,1994,0,1,5.210545256034208,-3.466103846686716,0
7.438,4683,9890968,2008,0,1,8.427057448675676,-3.6836014817773624,0
7.44,4684,9892968,2019,0,1,9.766693351897828,-3.8373380851248746,0
7.442,4685,9894968,2029,0,1,8.364574329840277,-3.9251303312705055,0
7.444,4686,9896968,1997,1,1,4.3785556240227645,-3.916690030696948,0
7.446,4687,9898968,1999,1,1,-0.957439332270845,-3.756018484180367,0
7.448,4688,9900968,1971,0,1,-5.787657267559231,-3.3778756129865664,0
7.45,4689,9902968,1955,0,1,-8.328176483697444,-2.7310389780293045,0
7.452,4690,9904968,1977,0,1,-7.59054745219556,-1.801220603634857,0
7.454,4691,9906968,1981,0,1,-3.72685179013701,-0.6227433111548131,0
7.456,4692,9908968,1993,0,1,2.2092023356776527,0.7266714595768513,0
7.458,4693,9910968,2008,0,1,8.710509161370396,2.1404888242473237,0
7.46,4694,9912968,2023,0,1,14.255993501609145,3.501396658298364,0
7.462,4695,9914968,2031,0,1,17.81617491662505,4.701837289430999,0
7.464,4696,9916968,2003,1,1,19.21843447384509,5.660519630370785,0
7.466,4697,9918968,2011,1,1,18.999995646486752,6.325912711731093,0
7.468,4698,9920968,2005,0,1,17.902217221703978,6.66934067840731,0
7.47,4699,9922968,2003,0,1,16.515544907982388,6.678389337385894,0
7.472,4700,9924968,2009,0,1,15.186326118216657,6.353910220321764,0
7.474,4701,9926968,1997,0,1,14.027705807302855,5.708448345469563,0
7.476,4702,9928968,2005,0,1,12.929188460660296,4.764595271525796,0
7.478,4703,9930968,2007,0,1,11.573415136722609,3.553662269301372,0
7.48,4704,9932968,2005,0,1,9.57343495947622,2.116781163469477,0
7.482,4705,9934968,2027,0,1,6.769712701498243,0.5087686592833935,0
7.484,4706,9936968,1992,1,1,3.6042927705208854,-1.1974252558655674,0
7.486,4707,9938968,1973,1,1,1.1507213246595027,-2.9141635234238255,0
7.488,4708,9940968,1977,0,1,0.4694844675004455,-4.556249401969534,0
7.49,4709,9942968,1983,0,1,1.8597311351913306,-6.05896279856067,0
7.492,4710,9944968,1998,0,1,4.694532993544017,-7.382012603757123,0
7.494,4711,9946968,2002,0,1,7.7577173917436735,-8.500664750215135,0
7.496,4712,9948968,2008,0,1,9.689215050956417,-9.392845420144464,0
7.498,4713,9950968,2011,0,1,9.327507873492975,-10.028361137946431,0
7.5,4714,9952968,2019,0,1,5.994233726800947,-10.361527208233749,0
7.502,4715,9954968,2020,0,1,-0.1253115921205752,-10.32598849447935,0
7.504,4716,9956968,1975,1,1,-7.667461686138141,-9.83585186589916,0
7.506,4717,9958968,1959,1,1,-14.385289251609727,-8.803294850521258,0
7.508,4718,9960968,1955,0,1,-18.092780714864077,-7.171043626219472,0
7.51,4719,9962968,1955,0,1,-17.516699406082758,-4.941447304452393,0
7.512,4720,9964968,1976,0,1,-12.56959842923614,-2.1889659557169328,0
7.514,4721,9966968,1983,0,1,-4.148104820023438,0.9440717510173053,0
7.516,4722,9968968,2006,0,1,6.294464300943416,4.263795630070717,0
7.518,4723,9970968,2014,0,1,17.1900767779388,7.547649114612268,0
7.52,4724,9972968,2025,0,1,27.18670453818951,10.568893974847725,0
7.522,4725,9974968,2036,0,1,35.32438518258179,13.119214651185095,0
7.524,4726,9976968,2019,1,1,41.03072603810402,15.026484617041787,0
7.526,4727,9978968,2042,1,1,43.91294922471421,16.165418032052045,0
7.528,4728,9980968,2053,0,1,43.63182503208638,16.465497966230892,0
7.53,4729,9982968,2036,0,1,40.17246100459559,15.921503932979647,0
7.532,4730,9984968,2026,0,1,34.12351807321208,14.598401475212935,0
7.534,4731,9986968,2013,0,1,26.517746357182364,12.621829144991883,0
7.536,4732,9988968,1997,0,1,18.42418140150285,10.15892983310668,0
7.538,4733,9990968,1997,0,1,10.58358088418802,7.397048466863907,0
7.54,4734,9992968,1996,0,1,3.255220481481799,4.525533281352001,0
7.542,4735,9994968,2007,0,1,-3.5654338081956265,1.7252311335156723,0
7.544,4736,9996968,1988,1,1,-9.650885824044162,-0.8354152205679393,0
7.546,4737,9998968,1970,1,1,-14.233502536132793,-3.006501962332255,0
7.548,4738,10000968,1959,0,1,-16.27147920185882,-4.6720129687062055,0
7.55,4739,10002968,1963,0,1,-15.068478024192501,-5.768752343029587,0
7.552,4740,10004968,1965,0,1,-10.74093257254599,-6.297324925981005,0
7.554,4741,10006968,1993,0,1,-4.298730206400189,-6.319586800930651,0
7.556,4742,10008968,2001,0,1,2.6802860672870885,-5.94255392260331,0
7.558,4743,10010968,2011,0,1,8.611772865020157,-5.293931691466485,0
7.56,4744,10012968,2013,0,1,12.35741171545412,-4.498757905317184,0
7.562,4745,10014968,2017,0,1,13.430258809718502,-3.662616799508792,0
7.564,4746,10016968,2011,1,1,12.059472392035417,-2.8613637440090534,0
7.566,4747,10018968,1998,0,1,9.131166000140999,-2.1379780314234065,0
7.568,4748,10020968,1989,0,1,5.9149876779463515,-1.508066038515535,0
7.57,4749,10022968,1983,0,1,3.6250964229369584,-0.9717216641928753,0
7.572,4750,10024968,1976,0,1,2.9902893641435755,-0.5263250427462204,0
7.574,4751,10026968,1991,0,1,3.9701960356910933,-0.17564042877893837,0
7.576,4752,10028968,1997,0,1,5.763276800594849,0.06886404162109167,0
7.578,4753,10030968,2007,0,1,7.1499838195904175,0.19535974095176906,0
7.58,4754,10032968,2015,0,1,6.9945647185997695,0.2030685579567055,0
7.582,4755,10034968,2008,0,1,4.7163777114614565,0.11225005190782594,0
7.584,4756,10036968,2003,1,1,0.5785374755201786,-0.03186619796457921,0
7.586,4757,10038968,1989,0,1,-4.312528336856653,-0.16406659447888716,0
7.588,4758,10040968,1963,0,1,-8.326217568517666,-0.21310406729197098,0
7.59,4759,10042968,1958,0,1,-9.962705884893815,-0.1231032934814745,0
7.592,4760,10044968,1974,0,1,-8.563733421557266,0.1256961497398723,0
7.594,4761,10046968,1979,0,1,-4.55810904875866,0.5094454094454522,0
7.596,4762,10048968,1997,0,1,0.8286634163206266,0.9688582168865147,0
7.598,4763,10050968,2005,0,1,6.0623808651433695,1.42572206936415,0
7.6,4764,10052968,2014,0,1,9.777115300461094,1.8016618020749517,0
7.602,4765,10054968,2017,0,1,11.168323207349406,2.0352114734615716,0
7.604,4766,10056968,2009,1,1,10.23022451212385,2.0935186977770757,0
7.606,4767,10058968,1996,0,1,7.7357791260391044,1.9753027743119647,0
7.608,4768,10060968,1983,0,1,4.886632510047108,1.7035267442945479,0
7.61,4769,10062968,1981,0,1,2.7624624171480288,1.311446293577731,0
7.612,4770,10064968,1989,0,1,1.8936874245712887,0.8302084881522009,0
7.614,4771,10066968,1981,0,1,2.16067676291498,0.28365289014724326,0
7.616,4772,10068968,1992,0,1,2.88240248351975,-0.31151065285440127,0
7.618,4773,10070968,2007,0,1,2.999786490531303,-0.9421355338177884,0
7.62,4774,10072968,2007,0,1,1.4969347590574356,-1.5898751245191713,0
7.622,4775,10074968,2019,0,1,-1.9920047608573004,-2.2198077497489996,0
7.624,4776,10076968,1981,1,1,-6.7332134537980775,-2.7746446035149885,0
7.626,4777,10078968,1965,0,1,-11.028507097170543,-3.1833623105224853,0
7.628,4778,10080968,1952,0,1,-13.035151860391192,-3.3849772143755015,0
7.63,4779,10082968,1959,0,1,-11.720176819648765,-3.353997137105552,0
7.632,4780,10084968,1980,0,1,-7.31217879249502,-3.1121969894837025,0
7.634,4781,10086968,1993,0,1,-1.0843565218022855,-2.721883144529653,0
7.636,4782,10088968,1995,0,1,5.216010751347298,-2.2672453673820776,0
7.638,4783,10090968,2019,0,1,9.864699211143252,-1.8342403334142225,0
7.64,4784,10092968,2021,0,1,11.577929293477801,-1.4919812815439792,0
7.642,4785,10094968,2020,0,1,9.973086390001438,-1.2760330946545646,0
7.644,4786,10096968,1999,1,1,5.824034042738024,-1.1805631189019343,0
7.646,4787,10098968,1979,0,1,0.8123959227730921,-1.1658237819052024,0
7.648,4788,10100968,1971,0,1,-3.1620543564060197,-1.1785127074303845,0
7.65,4789,10102968,1965,0,1,-4.735123463309031,-1.1749593708036015,0
7.652,4790,10104968,1973,0,1,-3.5553355489456226,-1.1374220447585346,0
7.654,4791,10106968,1991,0,1,-0.35116127814746,-1.0786626639214245,0
7.656,4792,10108968,1996,0,1,3.408043883880185,-1.0342371236406152,0
7.658,4793,10110968,2012,0,1,6.068039968626927,-1.047269811929238,0
7.66,4794,10112968,2011,0,1,6.329967547163898,-1.1524951296608572,0
7.662,4795,10114968,2015,0,1,3.686502466234312,-1.3638194899050307,0
7.664,4796,10116968,1995,1,1,-1.3284499219862163,-1.6689756314372048,0
7.666,4797,10118968,1982,0,1,-7.222945217230302,-2.03484338728016,0
7.668,4798,10120968,1962,0,1,-12.010816632689696,-2.423446427805011,0
7.67,4799,10122968,1949,0,1,-13.927706861973435,-2.8136974372052053,0
7.672,4800,10124968,1967,0,1,-12.123503010141048,-3.2203359484079357,0
7.674,4801,10126968,1967,0,1,-6.980249152229195,-3.700437493520125,0
7.676,4802,10128968,1995,0,1,0.05092501369567071,-4.34415583122001,0
7.678,4803,10130968,2014,0,1,6.959581029365495,-5.253077609764406,0
7.68,4804,10132968,2021,0,1,11.911578796296114,-6.511065532322924,0
7.682,4805,10134968,2021,0,1,13.923082826886844,-8.156663853101659,0
7.684,4806,10136968,2013,1,1,13.148008012501178,-10.166643828246954,0
7.686,4807,10138968,1992,0,1,10.715485217698191,-12.453846824489142,0
7.688,4808,10140968,1983,0,1,8.180360329834253,-14.878221380669288,0
7.69,4809,10142968,1971,0,1,6.767556871360064,-17.26608524534702,0
7.692,4810,10144968,1989,0,1,6.761468010348864,-19.42858724268278,0
7.694,4811,10146968,1995,0,1,7.377867913200695,-21.171044301186328,0
7.696,4812,10148968,1997,0,1,7.117811420512782,-22.292798882804703,0
7.698,4813,10150968,2012,0,1,4.2857395131186795,-22.584972009840627,0
7.7,4814,10152968,2011,0,1,-2.450426639150357,-21.830609792603497,0
7.702,4815,10154968,2022,0,1,-13.35485040988354,-19.80744822700737,0
7.704,4816,10156968,1977,1,1,-26.941351084735018,-16.298018430793057,0
7.706,4817,10158968,1933,1,1,-39.926393705636336,-11.118720315010156,0
7.708,4818,10160968,1902,0,1,-48.26647646137652,-4.173415877214168,0
7.71,4819,10162968,1909,0,1,-48.746198688904926,4.4849836684234266,0
7.712,4820,10164968,1940,0,1,-40.00440358394195,14.613927174016585,0
7.714,4821,10166968,1964,0,1,-22.473032497375172,25.77768907857706,0
7.716,4822,10168968,2003,0,1,2.375081318765129,37.37576246666831,0
7.718,4823,10170968,2028,0,1,32.8146296923927,48.689817542916224,0
7.72,4824,10172968,2045,0,1,67.27690115789919,58.93847069753368,0
7.722,4825,10174968,2053,0,1,104.08824205386554,67.33068550177893,0
7.724,4826,10176968,2039,1,1,140.34501715528012,73.11040864547951,0
7.726,4827,10178968,2185,0,1,170.57527274735043,75.60113295571337,0
7.728,4828,10180968,2287,0,1,187.27910780356163,74.28527915934305,1
7.73,4829,10182968,2275,0,1,184.31130544914657,68.9273272301634,0
7.732,4830,10184968,2199,0,1,160.40995416308579,59.675223741272376,0
7.734,4831,10186968,2101,0,1,119.77921748964671,47.069423621785134,0
7.736,4832,10188968,2005,0,1,69.81547461215673,31.959287417157874,0
7.738,4833,10190968,1960,0,1,17.968545246146537,15.37287761606754,0
7.74,4834,10192968,1949,0,1,-30.38322295849384,-1.610515637781294,0
7.742,4835,10194968,1935,0,1,-72.09393952880788,-17.953508477370626,0
7.744,4836,10196968,1929,1,1,-104.87163994166384,-32.717744943175674,0
7.746,4837,10198968,1832,0,1,-125.84576969997558,-45.107628766980845,0
7.748,4838,10200968,1783,0,1,-131.75893060675565,-54.528668532957916,0
7.75,4839,10202968,1803,0,1,-121.00399312849319,-60.65950921896028,0
7.752,4840,10204968,1855,0,1,-95.59072273428166,-63.494927782562684,0
7.754,4841,10206968,1941,0,1,-61.263054697630274,-63.322921615755,0
7.756,4842,10208968,2007,0,1,-25.814282445422272,-60.640882125723294,0
7.758,4843,10210968,2055,0,1,3.349477137804122,-56.04164574512755,0
7.76,4844,10212968,2069,0,1,21.316195543608202,-50.10415623763029,0
7.762,4845,10214968,2057,0,1,26.776479994514517,-43.31472485753482,0
7.764,4846,10216968,2014,1,1,21.933878730485155,-36.03156807652113,0
7.766,4847,10218968,1980,0,1,11.33180299976932,-28.493151777639895,0
7.768,4848,10220968,1952,0,1,0.09302148381085296,-20.857500016974264,0
7.77,4849,10222968,1947,0,1,-7.68975137276365,-13.250800204431473,0
7.772,4850,10224968,1957,0,1,-9.86650799233043,-5.806141899716357,0
7.774,4851,10226968,1975,0,1,-6.2995949950962356,1.3175921534622148,0
7.776,4852,10228968,1997,0,1,1.7098154098051657,7.936954012791784,0
7.778,4853,10230968,2007,0,1,12.237656850807616,13.858430247876079,0
7.78,4854,10232968,2028,0,1,23.428803880292662,18.897633624441276,0
7.782,4855,10234968,2026,0,1,33.90922529304029,22.89753652383996,0
7.784,4856,10236968,2013,1,1,42.799864346960995,25.740701147872592,0
7.786,4857,10238968,2042,0,1,49.31109737257421,27.35293786434627,0
7.788,4858,10240968,2057,0,1,52.466407919270885,27.70761294150083,0
7.79,4859,10242968,2069,0,1,51.50855422591415,26.84000148357296,0
7.792,4860,10244968,2035,0,1,46.5780338178078,24.861962693592016,0
7.794,4861,10246968,2012,0,1,38.77913606447112,21.958337945050477,0
7.796,4862,10248968,2009,0,1,29.48579702912258,18.36237446413641,0
7.798,4863,10250968,2006,0,1,19.65539853657556,14.326993386062474,0
7.8,4864,10252968,2019,0,1,9.810204588085526,10.107108696680278,0
7.802,4865,10254968,1997,0,1,0.5668196523303077,5.952363113616985,0
7.804,4866,10256968,1966,1,1,-6.973225155625055,2.09788421172289,0
7.806,4867,10258968,1962,0,1,-11.531198101809588,-1.256717773375807,0
7.808,4868,10260968,1959,0,1,-12.362401283112803,-3.9724928753497126,0
7.81,4869,10262968,1982,0,1,-9.642211742122893,-5.984156262729488,0
7.812,4870,10264968,1975,0,1,-4.32006982288782,-7.295829890860703,0
7.814,4871,10266968,1992,0,1,2.202043840382437,-7.96696052889241,0
7.816,4872,10268968,2005,0,1,8.310488081660429,-8.095181850998792,0
7.818,4873,10270968,2013,0,1,12.470682528795098,-7.796074574976953,0
7.82,4874,10272968,2032,0,1,13.6769439368408,-7.180519135357206,0
7.822,4875,10274968,2011,1,1,11.93236245545265,-6.334838487589565,0
7.824,4876,10276968,1990,1,1,8.392247445649074,-5.312681669515719,0
7.826,4877,10278968,1975,0,1,4.8481557923878675,-4.145084973035223,0
7.828,4878,10280968,1975,0,1,2.849177855855885,-2.8611463514416116,0
7.83,4879,10282968,1989,0,1,3.122037586103116,-1.5035511771937753,0
7.832,4880,10284968,1983,0,1,5.543169508598261,-0.1315075343202899,0
7.834,4881,10286968,1991,0,1,9.345197802143366,1.183926166865875,0
7.836,4882,10288968,2007,0,1,13.273135348444935,2.3664577177048938,0
7.838,4883,10290968,2020,0,1,15.865055735475867,3.3454303349543135,0
7.84,4884,10292968,2028,0,1,16.00909167675438,4.07203877391191,0
7.842,4885,10294968,2015,1,1,13.51891041584227,4.533647513783089,0
7.844,4886,10296968,1997,1,1,9.322742588178066,4.756634733962296,0
7.846,4887,10298968,1979,0,1,5.080666018641357,4.793931898303355,0
7.848,4888,10300968,1971,0,1,2.432994080686594,4.702765030601826,0
7.85,4889,10302968,1981,0,1,2.322394016781333,4.523928867727837,0
7.852,4890,10304968,1981,0,1,4.723512873299388,4.271742068567185,0
7.854,4891,10306968,1995,0,1,8.75099998655817,3.9356119740759823,0
7.856,4892,10308968,2002,0,1,12.933207062344596,3.4889993077451207,0
7.858,4893,10310968,2017,0,1,15.578190147164124,2.9029268297567565,0
7.86,4894,10312968,2035,0,1,15.299759928191365,2.163006713100737,0
7.862,4895,10314968,2021,1,1,11.6881512544626,1.2869884140638561,0
7.864,4896,10316968,1995,1,1,5.729974014601831,0.3328910213431404,0
7.866,4897,10318968,1967,0,1,-0.5281522192330552,-0.6128190030408893,0
7.868,4898,10320968,1956,0,1,-4.982166268292962,-1.4636843973145677,0
7.87,4899,10322968,1980,0,1,-6.410865065709361,-2.16086948632022,0
7.872,4900,10324968,1962,0,1,-4.755293320248306,-2.6848990628890412,0
7.874,4901,10326968,1988,0,1,-0.9197682493289907,-3.05316142136588,0
7.876,4902,10328968,1995,0,1,3.5228727687135404,-3.3105657936190123,0
7.878,4903,10330968,2012,0,1,6.780131034396045,-3.513657239052586,0
7.88,4904,10332968,2028,0,1,7.501106770757609,-3.7095544968074803,0
7.882,4905,10334968,2003,1,1,5.425716562680874,-3.9169649617721825,0
7.884,4906,10336968,1989,1,1,1.5841206674164123,-4.120017717550725,0
7.886,4907,10338968,1967,0,1,-2.2167001220590876,-4.280524240464997,0
7.888,4908,10340968,1959,0,1,-4.306214338820485,-4.3609793980424865,0
7.89,4909,10342968,1981,0,1,-3.8916861971271235,-4.3443224297298535,0
7.892,4910,10344968,1979,0,1,-1.2189846570618972,-4.2398766418333365,0
7.894,4911,10346968,1983,0,1,2.716109660235402,-4.076811312552293,0
7.896,4912,10348968,2001,0,1,6.457323350599292,-3.8943001258737167,0
7.898,4913,10350968,2011,0,1,8.389234412227859,-3.729723835390372,0
7.9,4914,10352968,2027,0,1,7.2968267237760225,-3.6023708565356767,0
7.902,4915,10354968,2013,1,1,3.0585901510476967,-3.497567545886742,0
7.904,4916,10356968,1981,1,1,-3.0042715600353453,-3.3624194926649422,0
7.906,4917,10358968,1959,0,1,-8.565818507073871,-3.121940288781723,0
7.908,4918,10360968,1945,0,1,-11.373864295647717,-2.710532782127123,0
7.91,4919,10362968,1964,0,1,-10.263622276636198,-2.101292021626349,0
7.912,4920,10364968,1971,0,1,-5.522471199853207,-1.3181087828043936,0
7.914,4921,10366968,1990,0,1,1.3917146739934534,-0.4287617293003856,0
7.916,4922,10368968,2008,0,1,8.419189781535037,0.4735138041383711,0
7.918,4923,10370968,2011,0,1,13.50758902935284,1.2928333993567889,0
7.92,4924,10372968,2042,0,1,15.205163627231437,1.9534439399926744,0
7.922,4925,10374968,2015,1,1,13.239099996043205,2.419199859507618,0
7.924,4926,10376968,1996,1,1,8.782466692950136,2.7015850835090194,0
7.926,4927,10378968,1971,0,1,3.9719924954267345,2.847237949337156,0
7.928,4928,10380968,1960,0,1,0.8638620364889054,2.910449618760139,0
7.93,4929,10382968,1983,0,1,0.5314415774172785,2.927749814509485,0
7.932,4930,10384968,1976,0,1,2.8105298441360826,2.907708881570381,0
7.934,4931,10386968,1995,0,1,6.575682186435067,2.835389357449962,0
7.936,4932,10388968,2007,0,1,10.163842246906254,2.6837151878214476,0
7.938,4933,10390968,2015,0,1,11.880845370707496,2.428759951788464,0
7.94,4934,10392968,2029,0,1,10.611319705147393,2.0667772752064,0
7.942,4935,10394968,2019,1,1,6.418412399438861,1.6281228229154272,0
7.944,4936,10396968,1971,1,1,0.7891427042029271,1.1796089595618993,0
7.946,4937,10398968,1961,0,1,-3.9704862503270064,0.8057227394866214,0
7.948,4938,10400968,1959,0,1,-5.932229791494409,0.5761162691402583,0
7.95,4939,10402968,1972,0,1,-4.37571598319713,0.5217378198461525,0
7.952,4940,10404968,1981,0,1,0.1478951075296342,0.6304423545791097,0
7.954,4941,10406968,1989,0,1,6.166221427330532,0.8562921583658244,0
7.956,4942,10408968,2011,0,1,11.704669658323986,1.134882621363491,0
7.958,4943,10410968,2023,0,1,14.790236542325069,1.4026424085898894,0
7.96,4944,10412968,2038,0,1,14.146950104716783,1.6190502431851204,0
7.962,4945,10414968,2009,1,1,9.868816552217183,1.7844533344150808,0
7.964,4946,10416968,1991,1,1,3.564910074587111,1.9415993904353115,0
7.966,4947,10418968,1956,0,1,-2.2908332065622945,2.155830025295233,0
7.968,4948,10420968,1955,0,1,-5.495190728820588,2.482584448171094,0
7.97,4949,10422968,1973,0,1,-5.050688928919386,2.9395941809211967,0
7.972,4950,10424968,1977,0,1,-1.3616088110832596,3.4978424599917624,0
7.974,4951,10426968,1995,0,1,4.17846633720913,4.09037406833663,0
7.976,4952,10428968,2009,0,1,9.751227688247404,4.629443795538082,0
7.978,4953,10430968,2014,0,1,13.66621597167525,5.026613187820002,0
7.98,4954,10432968,2035,0,1,14.897171618840385,5.212828628952209,0
7.982,4955,10434968,1999,1,1,13.4958113424217,5.153681251837909,0
7.984,4956,10436968,1993,1,1,10.549682733478273,4.851632674074066,0
7.986,4957,10438968,1979,0,1,7.547094521521063,4.332520464840732,0
7.988,4958,10440968,1979,0,1,5.619971354505667,3.6271771880635804,0
7.99,4959,10442968,1995,0,1,5.163984236809814,2.7602057436862926,0
7.992,4960,10444968,1981,0,1,5.8979661305521605,1.748863276932675,0
7.994,4961,10446968,1993,0,1,7.062820711194099,0.6067954253471668,0
7.996,4962,10448968,1998,0,1,7.54344998375737,-0.6520463321643195,0
7.998,4963,10450968,2013,0,1,6.118223523911526,-2.00646633812056,0
8.0,4964,10452968,2019,0,1,2.0170299932961306,-3.4162178562700776,0
8.002,4965,10454968,2005,1,1,-4.4077605480860225,-4.810994796710695,0
8.004,4966,10456968,1963,1,1,-11.415432128430822,-6.0914781865957774,0
8.006,4967,10458968,1940,0,1,-16.503236036687113,-7.151329106690066,0
8.008,4968,10460968,1944,0,1,-17.661666930204735,-7.912193685133892,0
8.01,4969,10462968,1955,0,1,-14.335126188857569,-8.34972229832253,0
8.012,4970,10464968,1971,0,1,-7.576639145985407,-8.497487591406948,0
8.014,4971,10466968,2002,0,1,0.4137335762305421,-8.431722351736656,0
8.016,4972,10468968,2007,0,1,7.065872719729125,-8.244540136987144,0
8.018,4973,10470968,2022,0,1,10.246901413413317,-8.0148012939666,0
8.02,4974,10472968,2023,0,1,8.869555391847712,-7.7852575003568045,0
8.022,4975,10474968,2019,1,1,3.3114321241091775,-7.549215229832812,0
8.024,4976,10476968,1976,1,1,-4.46269659787222,-7.250568449539807,0
8.026,4977,10478968,1946,0,1,-11.475550893867183,-6.804405079956722,0
8.028,4978,10480968,1941,0,1,-14.996961075927638,-6.134793153891147,0
8.03,4979,10482968,1946,0,1,-13.73140102386974,-5.210166297194975,0
8.032,4980,10484968,1972,0,1,-8.249685109642765,-4.058535072528611,0
8.034,4981,10486968,2004,0,1,-0.5701424683400518,-2.7585340114965087,0
8.036,4982,10488968,2006,0,1,6.808800020318861,-1.413037392169572,0
8.038,4983,10490968,2025,0,1,11.864281650892472,-0.11944030663515015,0
8.04,4984,10492968,2013,0,1,13.600214512663918,1.0517852115357025,0
8.042,4985,10494968,2011,1,1,12.186898109432235,2.066906450841971,0
8.044,4986,10496968,1997,1,1,8.772816853238393,2.9271497351049716,0
8.046,4987,10498968,1979,0,1,5.052263607189226,3.657193126227651,0
8.048,4988,10500968,1974,0,1,2.668536291088643,4.287286563464274,0
8.05,4989,10502968,1976,0,1,2.627275746632119,4.835093387543234,0
8.052,4990,10504968,1983,0,1,4.991861533655533,5.2951876495966665,0
8.054,4991,10506968,1995,0,1,8.94006214858047,5.639377501027673,0
8.056,4992,10508968,2010,0,1,13.088938015198725,5.826166962689371,0
8.058,4993,10510968,2015,0,1,15.983489031280955,5.816031019219427,0
8.06,4994,10512968,2021,0,1,16.591797107152352,5.587249220977829,0
8.062,4995,10514968,2019,1,1,14.670284306032372,5.147323295643972,0
8.064,4996,10516968,2003,1,1,10.927059960608936,4.536916328782482,0
8.066,4997,10518968,1979,0,1,6.823531169971625,3.822772668539881,0
8.068,4998,10520968,1973,0,1,3.9315934838573146,3.0790878446741723,0
8.07,4999,10522968,1981,0,1,3.202664191705645,2.366567203053399,0
8.072,5000,10524968,1982,0,1,4.641215539106138,1.7212547685727844,0
8.074,5001,10526968,1995,0,1,7.421394388307144,1.155366118382141,0
8.076,5002,10528968,2003,0,1,10.207013702783005,0.6654324989851028,0
8.078,5003,10530968,2018,0,1,11.591404709037052,0.24481679922365585,0
8.08,5004,10532968,2019,0,1,10.64277532164276,-0.101776802823073,0
8.082,5005,10534968,2009,1,1,7.384473990375999,-0.3473313803607607,0
8.084,5006,10536968,1983,1,1,2.8880935683110147,-0.4428175039620781,0
8.086,5007,10538968,1975,0,1,-1.190649645414144,-0.3320094168472125,0
8.088,5008,10540968,1967,0,1,-3.358090834347296,0.026304102371689453,0
8.09,5009,10542968,1973,0,1,-2.8558611664484115,0.6402774780908946,0
8.092,5010,10544968,1982,0,1,0.14601981330019154,1.4776000013125556,0
8.094,5011,10546968,1997,0,1,4.715682796961792,2.469565417359003,0
8.096,5012,10548968,2009,0,1,9.586478617962506,3.524443229388548,0
8.098,5013,10550968,2009,0,1,13.652262467445016,4.544923861343244,0
8.1,5014,10552968,2011,0,1,16.283553595141207,5.44277385555726,0
8.102,5015,10554968,2005,1,1,17.354493818871944,6.146744376594966,0
8.104,5016,10556968,2011,1,1,17.09880469443263,6.604972755131469,0
8.106,5017,10558968,2004,0,1,15.982091349199502,6.785259435984845,0
8.108,5018,10560968,1996,0,1,14.605596903578611,6.6738131972665125,0
8.11,5019,10562968,1999,0,1,13.533044523293022,6.271028501398423,0
8.112,5020,10564968,1983,0,1,13.05000366438824,5.58539644492644,0
8.114,5021,10566968,2003,0,1,12.952905588841693,4.628331562231092,0
8.116,5022,10568968,2008,0,1,12.559803367753048,3.4141368124637035,0
8.118,5023,10570968,2011,0,1,11.083086355649598,1.9675596278057537,0
8.12,5024,10572968,2008,0,1,8.112703112789822,0.33299886673664014,0
8.122,5025,10574968,1996,1,1,3.8699955585174495,-1.4224646349675787,0
8.124,5026,10576968,1995,1,1,-0.8140883305565829,-3.213709891408654,0
8.126,5027,10578968,1971,0,1,-4.707293989938779,-4.947762345117721,0
8.128,5028,10580968,1963,0,1,-6.587257765953929,-6.5385285374935584,0
8.13,5029,10582968,1965,0,1,-5.823401203627264,-7.923535346418888,0
8.132,5030,10584968,1972,0,1,-2.8178171112949473,-9.074714512470019,0
8.134,5031,10586968,1999,0,1,1.0061815501736362,-9.996228728503349,0
8.136,5032,10588968,2008,0,1,3.7225207954096247,-10.70897884883328,0
8.138,5033,10590968,2019,0,1,3.718487197409407,-11.228184323845193,0
8.14,5034,10592968,2007,0,1,0.41328824287296584,-11.54482002108779,0
8.142,5035,10594968,1995,1,1,-5.433759390684054,-11.61954853408912,0
8.144,5036,10596968,1973,0,1,-11.90807588996352,-11.391629415842493,0
8.146,5037,10598968,1942,0,1,-16.58116276942051,-10.80082375677663,0
8.148,5038,10600968,1948,0,1,-17.470971704834543,-9.816510847743823,0
8.15,5039,10602968,1955,0,1,-13.874497408620309,-8.461388502827159,0
8.152,5040,10604968,1975,0,1,-6.598162769252284,-6.817317641527133,0
8.154,5041,10606968,2005,0,1,2.435789771104896,-5.01176996967256,0
8.156,5042,10608968,2011,0,1,10.946258846188888,-3.1912839820255803,0
8.158,5043,10610968,2025,0,1,17.05367906650175,-1.4920758455692438,0
8.16,5044,10612968,2021,0,1,19.7402330151971,-0.017443993136216918,0
8.162,5045,10614968,2019,1,1,18.985158292362144,1.1744677074033687,0
8.164,5046,10616968,2010,0,1,15.672870931009896,2.072749430915212,0
8.166,5047,10618968,1989,0,1,11.308216772135545,2.7062163476347063,0
8.168,5048,10620968,1982,0,1,7.51833445669583,3.1272860212206943,0
8.17,5049,10622968,1977,0,1,5.453833001356042,3.3918553390456365,0
8.172,5050,10624968,1991,0,1,5.403887822939376,3.5439760385889687,0
8.174,5051,10626968,1995,0,1,6.838219839828716,3.611419663125409,0
8.176,5052,10628968,2005,0,1,8.772882506224953,3.610696119949513,0
8.178,5053,10630968,2007,0,1,10.198751826377848,3.5557005225212324,0
8.18,5054,10632968,2012,0,1,10.42072464006516,3.4655602857749064,0
8.182,5055,10634968,2003,1,1,9.268145203873058,3.369389429808844,0
8.184,5056,10636968,2004,0,1,7.138638414117331,3.3061601305853094,0
8.186,5057,10638968,1989,0,1,4.876356978945784,3.319463559342933,0
8.188,5058,10640968,1979,0,1,3.4804811834520697,3.447710154715605,0
8.19,5059,10642968,1981,0,1,3.6592667026381416,3.711395711427878,0
8.192,5060,10644968,1990,0,1,5.4676749754576335,4.103651183663111,0
8.194,5061,10646968,2003,0,1,8.31479058034411,4.590770703717432,0
8.196,5062,10648968,2011,0,1,11.328857766150836,5.12254122444479,0
8.198,5063,10650968,2005,0,1,13.789998495721926,5.645735196755494,0
8.2,5064,10652968,2011,0,1,15.33551843128623,6.113570485254965,0
8.202,5065,10654968,1999,1,1,15.897735616022423,6.489156706653105,0
8.204,5066,10656968,2015,0,1,15.552981372741275,6.7457842417199405,0
8.206,5067,10658968,2006,0,1,14.482040509264806,6.867805507780087,0
8.208,5068,10660968,1998,0,1,13.022390406737127,6.851801173297225,0
8.21,5069,10662968,1999,0,1,11.584404210301402,6.703844354034839,0
8.212,5070,10664968,1997,0,1,10.454219435133261,6.433842808531023,0
8.214,5071,10666968,1995,0,1,9.687059910178796,6.051614084442476,0
8.216,5072,10668968,1998,0,1,9.089386720766084,5.565157145297753,0
8.218,5073,10670968,2007,0,1,8.28295468359816,4.981126059453115,0
8.22,5074,10672968,2005,0,1,6.930393073687389,4.308814105815978,0
8.222,5075,10674968,1998,1,1,5.001353405946599,3.5647454818936963,0
8.224,5076,10676968,2001,0,1,2.867480788023339,2.7732502585386465,0
8.226,5077,10678968,1982,0,1,1.2115443153617047,1.9627075910794076,0
8.228,5078,10680968,1977,0,1,0.7509695490782686,1.1580368837314055,0
8.23,5079,10682968,1983,0,1,1.8051029221879178,0.37104402013509485,0
8.232,5080,10684968,1988,0,1,4.003238686134403,-0.40451385122208006,0
8.234,5081,10686968,2001,0,1,6.351624072766471,-1.1884628882097976,0
8.236,5082,10688968,2007,0,1,7.569877057138726,-2.002761965412265,0
8.238,5083,10690968,2015,0,1,6.549674335176059,-2.8575678225550023,0
8.24,5084,10692968,2015,0,1,2.834686708163571,-3.7388308232130933,0
8.242,5085,10694968,2004,1,1,-2.991548367603264,-4.601370621294286,0
8.244,5086,10696968,1971,0,1,-9.252153823478977,-5.372853750454278,0
8.246,5087,10698968,1947,0,1,-13.753288773062268,-5.973484377934209,0
8.248,5088,10700968,1951,0,1,-14.848447529709432,-6.345949917696551,0
8.25,5089,10702968,1971,0,1,-12.252645442199038,-6.477713890877297,0
8.252,5090,10704968,1981,0,1,-7.049228774633553,-6.402169207797818,0
8.254,5091,10706968,1995,0,1,-1.133618937717364,-6.183000859879499,0
8.256,5092,10708968,2013,0,1,3.4220573246351758,-5.892963724124376,0
8.258,5093,10710968,2019,0,1,4.981952090361002,-5.5920899926382805,0
8.26,5094,10712968,2028,0,1,2.967339178904438,-5.308038588806028,0
8.262,5095,10714968,1983,1,1,-1.7599053074211897,-5.025988353949141,0
8.264,5096,10716968,1973,0,1,-7.194720904385656,-4.69767111521133,0
8.266,5097,10718968,1956,0,1,-11.144565301429687,-4.267736082222536,0
8.268,5098,10720968,1962,0,1,-12.180048639243862,-3.701289279065525,0
8.27,5099,10722968,1975,0,1,-10.061128915954695,-2.998951508887127,0
8.272,5100,10724968,1981,0,1,-5.618947981420431,-2.1967395672684886,0
8.274,5101,10726968,1994,0,1,-0.36090777931228146,-1.3555749548761566,0
8.276,5102,10728968,2013,0,1,3.978899049687069,-0.546030263501978,0
8.278,5103,10730968,2021,0,1,5.98554208101564,0.17015126095056843,0
8.28,5104,10732968,2014,0,1,5.14665198099849,0.7578920071940782,0
8.282,5105,10734968,1995,1,1,2.1085467529677064,1.216609633015672,0
8.284,5106,10736968,1983,0,1,-1.627545446801526,1.572677412740613,0
8.286,5107,10738968,1971,0,1,-4.376024175408915,1.861302084767987,0
8.288,5108,10740968,1965,0,1,-4.961625546078069,2.1068818460869676,0
8.29,5109,10742968,1983,0,1,-3.1929783164706613,2.309304693461306,0
8.292,5110,10744968,1996,0,1,0.11681428072613687,2.442580169379784,0
8.294,5111,10746968,1999,0,1,3.58734794416308,2.466208847814016,0
8.296,5112,10748968,2013,0,1,5.8091951503513535,2.3410485010205693,0
8.298,5113,10750968,2011,0,1,5.757893375097524,2.0431058847758217,0
8.3,5114,10752968,2021,0,1,3.145104879702721,1.5742423659413363,0
8.302,5115,10754968,1995,1,1,-1.3197491511721702,0.9676615510931539,0
8.304,5116,10756968,1975,0,1,-6.033745364418098,0.2823194272937699,0
8.306,5117,10758968,1964,0,1,-9.143921066905435,-0.4160251206261876,0
8.308,5118,10760968,1960,0,1,-9.40349290588357,-1.0782384884104792,0
8.31,5119,10762968,1977,0,1,-6.732188623319233,-1.6868973086103545,0
8.312,5120,10764968,1989,0,1,-2.2413951430064154,-2.256443309874225,0
8.314,5121,10766968,2009,0,1,2.222464008461888,-2.8193940366407904,0
8.316,5122,10768968,2013,0,1,4.76464504315013,-3.405348603216206,0
8.318,5123,10770968,2017,0,1,4.071123380803958,-4.0213754351434225,0
8.32,5124,10772968,2019,0,1,-0.15415353761029627,-4.639414577551368,0
8.322,5125,10774968,1991,1,1,-6.971813989112245,-5.193306334109996,0
8.324,5126,10776968,1973,0,1,-14.380577439269743,-5.589216333562286,0
8.326,5127,10778968,1946,0,1,-20.013622828144637,-5.7304806922176175,0
8.328,5128,10780968,1949,0,1,-22.092103952232968,-5.548428670225657,0
8.33,5129,10782968,1963,0,1,-20.111344536707985,-5.025099033521027,0
8.332,5130,10784968,1974,0,1,-14.901812014349014,-4.197962595425917,0
8.334,5131,10786968,1997,0,1,-8.169200649810897,-3.1478366047149446,0
8.336,5132,10788968,2003,0,1,-1.84963776004388,-1.9778500491469568,0
8.338,5133,10790968,2017,0,1,2.4905857697499467,-0.7906571625006316,0
8.34,5134,10792968,2022,0,1,4.125862674147377,0.33132530204690847,0
8.342,5135,10794968,1995,1,1,3.4217062797404614,1.3383111901101001,0
8.344,5136,10796968,1992,0,1,1.625896899841217,2.212241255719885,0
8.346,5137,10798968,1975,0,1,0.20637511436633904,2.953163856589702,0
8.348,5138,10800968,1976,0,1,0.12350384124195513,3.5623508213027844,0
8.35,5139,10802968,2007,0,1,1.4374812512288093,4.032238642021107,0
8.352,5140,10804968,1989,0,1,3.4726259126409733,4.349015377061922,0
8.354,5141,10806968,2006,0,1,5.239586817673343,4.502113999748369,0
8.356,5142,10808968,2009,0,1,5.701190515706404,4.491496958754805,0
8.358,5143,10810968,2009,0,1,3.99645072127106,4.333491131257006,0
8.36,5144,10812968,2036,0,1,-0.16732598541693688,4.067754461847809,0
8.362,5145,10814968,1993,1,1,-6.010086053476635,3.7630498850464056,0
8.364,5146,10816968,1963,0,1,-11.599919859867121,3.5109730192869084,0
8.366,5147,10818968,1951,0,1,-14.722400274487914,3.398747875305387,0
8.368,5148,10820968,1957,0,1,-14.128609099767218,3.475354703419801,0
8.37,5149,10822968,1992,0,1,-10.116972208948624,3.7349523707039616,0
8.372,5150,10824968,1995,0,1,-4.1512683177586736,4.12538727698659,0
8.374,5151,10826968,2003,0,1,1.9288270145325814,4.570403008450958,0
8.376,5152,10828968,2015,0,1,6.446159802945462,4.990301322855709,0
8.378,5153,10830968,2021,0,1,8.167200451079658,5.317944235690561,0
8.38,5154,10832968,2031,0,1,6.632743796253175,5.513360747409105,0
8.382,5155,10834968,2002,1,1,2.4810190960827994,5.573809338532246,0
8.384,5156,10836968,1981,0,1,-2.6566804324148916,5.530295807520215,0
8.386,5157,10838968,1977,0,1,-6.852369343933054,5.428297670747107,0
8.388,5158,10840968,1973,0,1,-8.674359552359547,5.304935912323667,0
8.39,5159,10842968,1967,0,1,-7.637651663282638,5.17422461638753,0
8.392,5160,10844968,1990,0,1,-4.3688833276466905,5.021556985115781,0
8.394,5161,10846968,2008,0,1,-0.43216580821810346,4.809257762780522,0
8.396,5162,10848968,2015,0,1,2.2954775691756524,4.494404210026223,0
8.398,5163,10850968,2020,0,1,2.37503841876223,4.050136797995734,0
8.4,5164,10852968,2027,1,1,-0.6428382179065553,3.481153648227976,0
8.402,5165,10854968,1996,1,1,-5.911058843015235,2.830239214263533,0
8.404,5166,10856968,1967,0,1,-11.479647924305127,2.1701309250023058,0
8.406,5167,10858968,1963,0,1,-15.167964613123088,1.5785748223690934,0
8.408,5168,10860968,1955,0,1,-15.600255950227233,1.1097041831477106,0
8.41,5169,10862968,1989,0,1,-12.728558576198214,0.7783694572871518,0
8.412,5170,10864968,1982,0,1,-7.667234356381147,0.5629856363330306,0
8.414,5171,10866968,1998,0,1,-2.1989393285558974,0.41989041675606176,0
8.416,5172,10868968,2021,0,1,1.6756843030870625,0.3001328646741781,0
8.418,5173,10870968,2021,0,1,2.2576903861566127,0.1680589839558917,0
8.42,5174,10872968,2040,1,1,-1.157384723375431,0.020560091103118516,0
8.422,5175,10874968,1999,1,1,-7.707272391761735,-0.10141512369069527,0
8.424,5176,10876968,1965,0,1,-15.037288097467762,-0.12043299451657585,0
8.426,5177,10878968,1945,0,1,-20.325049303382052,0.046265766665297026,0
8.428,5178,10880968,1943,0,1,-21.70654116432135,0.44656674828658516,0
8.43,5179,10882968,1991,0,1,-19.078180483604115,1.0688514022111664,0
8.432,5180,10884968,1981,0,1,-13.789971007911046,1.845466223940684,0
8.434,5181,10886968,1995,0,1,-7.805011403414097,2.6733129150736272,0
8.436,5182,10888968,2015,0,1,-3.120986211186576,3.4339705251823442,0
8.438,5183,10890968,2020,0,1,-1.3550672750271602,4.012253030187033,0
8.44,5184,10892968,2039,1,1,-3.1457129785383833,4.316877976483719,0
8.442,5185,10894968,1989,1,1,-7.63320753244235,4.295601646714295,0
8.444,5186,10896968,1966,0,1,-12.674211620257715,3.9309992734935113,0
8.446,5187,10898968,1961,0,1,-15.95205720777319,3.215059118856993,0
8.448,5188,10900968,1963,0,1,-16.144868992384286,2.122299843318602,0
8.45,5189,10902968,1983,0,1,-13.371634863285438,0.6002359235656503,0
8.452,5190,10904968,1993,0,1,-8.941714431363266,-1.4213256129628582,0
8.454,5191,10906968,2007,0,1,-4.760489878880494,-4.009380975034579,0
8.456,5192,10908968,2019,0,1,-2.681284219267564,-7.203127651141683,0
8.458,5193,10910968,2017,0,1,-3.925506596495957,-10.991256973056096,0
8.46,5194,10912968,2031,1,1,-8.582405160462681,-15.294524979073303,0
8.462,5195,10914968,1979,1,1,-15.311655598249146,-19.958215610154177,0
8.464,5196,10916968,1955,0,1,-21.7000474259372,-24.763766578849904,0
8.466,5197,10918968,1945,0,1,-25.434474564836343,-29.46093856166492,0
8.468,5198,10920968,1949,0,1,-25.533907060531046,-33.80224412687214,0
8.47,5199,10922968,1971,0,1,-22.85731404675524,-37.56097357457547,0
8.472,5200,10924968,1981,0,1,-19.830286313848962,-40.53036462514508,0
8.474,5201,10926968,2007,0,1,-19.683118004154892,-42.51107664428154,0
8.476,5202,10928968,2015,0,1,-25.428820214930234,-43.29514850425264,0
8.478,5203,10930968,2024,0,1,-38.68225283502903,-42.653156834434576,0
8.48,5204,10932968,2021,1,1,-58.418471009684396,-40.33064494020286,0
8.482,5205,10934968,1908,1,1,-80.2122019343033,-36.066162296150914,0
8.484,5206,10936968,1837,0,1,-97.19411098128556,-29.65250142656322,0
8.486,5207,10938968,1827,0,1,-102.94657309559366,-21.037487858387024,0
8.488,5208,10940968,1860,0,1,-94.33804906227405,-10.413399886836421,0
8.49,5209,10942968,1940,0,1,-72.30522445313056,1.7548589660313887,0
8.492,5210,10944968,1989,0,1,-40.51493806343395,14.769685395492196,0
8.494,5211,10946968,2027,0,1,-3.2237429091341596,27.781767336110697,0
8.496,5212,10948968,2063,0,1,36.24354476263382,39.87831653467371,0
8.498,5213,10950968,2063,0,1,75.84286270388964,50.16023209976635,0
8.5,5214,10952968,2056,1,1,113.98076132564483,57.80154527711767,0
8.502,5215,10954968,2093,1,1,147.75550608618207,62.091191302082656,0
8.504,5216,10956968,2236,0,1,171.7400476244274,62.48157864779924,0
8.506,5217,10958968,2292,0,1,179.37266228599523,58.678089823036466,0
8.508,5218,10960968,2253,0,1,166.52995598471762,50.75128818948248,0
8.51,5219,10962968,2167,0,1,134.08844267099997,39.19817813686602,0
8.512,5220,10964968,2067,0,1,87.43988423492003,24.905918928146598,0
8.514,5221,10966968,1993,0,1,33.89000379025593,9.037817632165908,0
8.516,5222,10968968,1951,0,1,-20.044617007084153,-7.109647624129899,0
8.518,5223,10970968,1931,0,1,-70.01605849152924,-22.237999357915058,0
8.52,5224,10972968,1949,1,1,-113.42465493581476,-35.14473633380322,0
8.522,5225,10974968,1898,1,1,-147.66400113791877,-44.78832528149896,0
8.524,5226,10976968,1779,0,1,-168.78155579332454,-50.34830460331068,0
8.526,5227,10978968,1755,0,1,-172.51646046117324,-51.312965714197176,0
8.528,5228,10980968,1791,0,1,-157.06056219476955,-47.57429360041685,0
8.53,5229,10982968,1894,0,1,-124.64941820090402,-39.46619484476916,0
8.532,5230,10984968,1955,0,1,-80.54281870473702,-27.714951498103037,0
8.534,5231,10986968,2015,0,1,-30.649645546470964,-13.330538826049668,0
8.536,5232,10988968,2055,0,1,20.321196348470615,2.514950362089488,0
8.538,5233,10990968,2067,0,1,69.39137686710869,18.595320594506944,0
8.54,5234,10992968,2057,1,1,114.46164450561952,33.714081018629564,0
8.542,5235,10994968,2099,1,1,152.37463381160512,46.763056948604316,0
8.544,5236,10996968,2265,0,1,177.56828890603052,56.78332612965233,0
8.546,5237,10998968,2319,0,1,183.6918115915401,63.0683143700748,1
8.548,5238,11000968,2264,0,1,167.62599047058737,65.28840423968585,0
8.55,5239,11002968,2167,0,1,132.13770172348444,63.55306485713507,0
8.552,5240,11004968,2056,0,1,84.9608036874986,58.36280365026403,0
8.554,5241,11006968,1983,0,1,35.56799223987185,50.480975434952654,0
8.556,5242,11008968,1955,0,1,-8.041642823844029,40.78448673997037,0
8.558,5243,11010968,1940,0,1,-41.01554881832688,30.139769602744096,0
8.56,5244,11012968,1938,1,1,-61.61475938611186,19.321602648269867,0
8.562,5245,11014968,1931,1,1,-70.32961579544505,8.967319486530727,0
8.564,5246,11016968,1937,0,1,-69.01764154580869,-0.44664246342832925,0
8.566,5247,11018968,1950,0,1,-60.374621918548584,-8.611880970404663,0
8.568,5248,11020968,1973,0,1,-47.57928212422237,-15.378382483943984,0
8.57,5249,11022968,1996,0,1,-33.86835761479172,-20.727838837039084,0
8.572,5250,11024968,2003,0,1,-22.033107313514513,-24.73545381517181,0
8.574,5251,11026968,2013,0,1,-14.053972908799402,-27.53054848671504,0
8.576,5252,11028968,2025,0,1,-10.94469302411067,-29.262839288059887,0
8.578,5253,11030968,2013,0,1,-12.641671604598198,-30.075341014787377,0
8.58,5254,11032968,1993,1,1,-18.01661517297714,-30.087897320104048,0
8.582,5255,11034968,1997,1,1,-25.20085370331357,-29.39557411357946,0
8.584,5256,11036968,1963,0,1,-32.04664326398845,-28.07713519726814,0
8.586,5257,11038968,1960,0,1,-36.617825502560756,-26.20873383098076,0
8.588,5258,11040968,1961,0,1,-37.74243835385882,-23.880070280053218,0
8.59,5259,11042968,1961,0,1,-35.38028580704086,-21.205013571144967,0
8.592,5260,11044968,1983,0,1,-30.63987401137947,-18.321403855404547,0
8.594,5261,11046968,2007,0,1,-25.434262990464767,-15.37953319134083,0
8.596,5262,11048968,2021,0,1,-21.722759495794776,-12.519782781729388,0
8.598,5263,11050968,2007,0,1,-20.65385835435921,-9.84837903986119,0
8.6,5264,11052968,1996,1,1,-22.21789790944139,-7.426046811233803,0
8.602,5265,11054968,2003,1,1,-25.501718226613153,-5.2729882199304186,0
8.604,5266,11056968,1977,0,1,-29.078458868137766,-3.3808791301747867,0
8.606,5267,11058968,1966,0,1,-31.410469154138468,-1.7279032198512372,0
8.608,5268,11060968,1971,0,1,-31.431116905002035,-0.2976739727411353,0
8.61,5269,11062968,1974,0,1,-29.030959020045096,0.9058630854249756,0
8.612,5270,11064968,1993,0,1,-25.114273161268514,1.8558564846063224,0
8.614,5271,11066968,2012,0,1,-21.230565607264335,2.512459282172051,0
8.616,5272,11068968,2009,0,1,-18.939655121663378,2.840737391897825,0
8.618,5273,11070968,2015,0,1,-19.244013004622964,2.827626377287693,0
8.62,5274,11072968,2023,1,1,-22.262227008898513,2.4920728056347228,0
8.622,5275,11074968,1991,1,1,-27.043294674410838,1.8887041651833165,0
8.624,5276,11076968,1967,0,1,-31.768844507438125,1.0999529179575847,0
8.626,5277,11078968,1963,0,1,-34.581401758356115,0.21340142595376488,0
8.628,5278,11080968,1961,0,1,-34.53316501488247,-0.7030048933352893,0
8.63,5279,11082968,1983,0,1,-32.02772567292654,-1.6127888187329713,0
8.632,5280,11084968,2003,0,1,-28.591540119518157,-2.50524160069706,0
8.634,5281,11086968,2002,0,1,-26.168502917216667,-3.3767128097170738,0
8.636,5282,11088968,2009,0,1,-26.415672462011557,-4.21071681577808,0
8.638,5283,11090968,2023,0,1,-30.237135504138283,-4.964587617640381,0
8.64,5284,11092968,2007,1,1,-37.34101160838408,-5.561089373802679,0
8.642,5285,11094968,1973,1,1,-45.96518673821947,-5.889214032957791,0
8.644,5286,11096968,1941,0,1,-53.33329162121602,-5.824613735307721,0
8.646,5287,11098968,1933,0,1,-56.833312982793075,-5.266662045555931,0
8.648,5288,11100968,1940,0,1,-55.1851429522849,-4.173346561200791,0
8.65,5289,11102968,1964,0,1,-48.93520484471042,-2.5768707013555074,0
8.652,5290,11104968,1994,0,1,-40.130296899298756,-0.5750171609370609,0
8.654,5291,11106968,2007,0,1,-31.43299301273685,1.6957431931843834,0
8.656,5292,11108968,2021,0,1,-25.163471165706678,4.0926729199549,0
8.658,5293,11110968,2020,0,1,-22.645685258556636,6.493101079727774,0
8.66,5294,11112968,2011,1,1,-23.948714251935293,8.809199302427384,0
8.662,5295,11114968,2008,1,1,-27.96856456895948,10.99016537713079,0
8.664,5296,11116968,1973,0,1,-32.78464845651407,13.013003378225465,0
8.666,5297,11118968,1967,0,1,-36.32672544046192,14.8629975850251,0
8.668,5298,11120968,1963,0,1,-37.23459266500377,16.50931272169297,0
8.67,5299,11122968,1989,0,1,-35.399585813530464,17.889107648369666,0
8.672,5300,11124968,1991,0,1,-31.833708093481874,18.909379802835005,0
8.674,5301,11126968,2013,0,1,-28.08896472436808,19.462500797701182,0
8.676,5302,11128968,2015,0,1,-25.609883643729646,19.446464129747923,0
8.678,5303,11130968,2018,0,1,-25.20546515192646,18.783803524730544,0
8.68,5304,11132968,2009,1,1,-26.7627048154891,17.43449337431885,0
8.682,5305,11134968,1993,1,1,-29.3135257068203,15.399265264107605,0
8.684,5306,11136968,1978,0,1,-31.484135108927617,12.712766974514503,0
8.686,5307,11138968,1977,0,1,-32.18924131634273,9.430527738347866,0
8.688,5308,11140968,1981,0,1,-31.227290657345534,5.618316069385973,0
8.69,5309,11142968,1991,0,1,-29.492356304737797,1.3508378443495817,0
8.692,5310,11144968,2004,0,1,-28.77750452476595,-3.27972246829356,0
8.694,5311,11146968,2007,0,1,-31.29230750603619,-8.149372595580559,0
8.696,5312,11148968,2013,0,1,-39.05324357379028,-13.088258746329853,0
8.698,5313,11150968,2019,0,1,-53.193788836656246,-17.871259573581288,0
8.7,5314,11152968,1995,1,1,-73.17112982806367,-22.2157498442701,0
8.702,5315,11154968,1989,1,1,-96.0406464947917,-25.791304412279818,0
8.704,5316,11156968,1864,0,1,-116.37627078432791,-28.251339582445205,0
8.706,5317,11158968,1811,0,1,-127.82254837524135,-29.30085462379401,0
8.708,5318,11160968,1832,0,1,-126.12903045662082,-28.788393522613738,0
8.71,5319,11162968,1892,0,1,-111.40419110296847,-26.767715662045724,0
8.712,5320,11164968,1951,0,1,-87.88038048346593,-23.488995465349742,0
8.714,5321,11166968,2007,0,1,-61.90390775775756,-19.33378406689945,0
8.716,5322,11168968,2042,0,1,-39.6229064836473,-14.729478563542187,0
8.718,5323,11170968,2059,0,1,-25.19472966003452,-10.069788018809342,0
8.720001,5324,11172969,2034,1,1,-19.880373875103764,-5.6585648093122565,0
8.722,5325,11174968,2017,0,1,-22.21278097869211,-1.6877070343017966,0
8.724,5326,11176968,1990,0,1,-29.016970391034913,1.7527880892862893,0
8.726,5327,11178968,1965,0,1,-36.72816754900027,4.645469241858137,0
8.728,5328,11180968,1967,0,1,-42.57744974989201,7.0101024385540445,0
8.73,5329,11182968,1971,0,1,-45.311831472198655,8.87460817901733,0
8.732,5330,11184968,1982,0,1,-45.24891590783294,10.26081487565263,0
8.734,5331,11186968,2005,0,1,-43.799414813710904,11.184793702173174,0
8.736,5332,11188968,2015,0,1,-42.6638096183231,11.667678636990951,0
8.738,5333,11190968,2010,0,1,-42.963307488938035,11.750072848856885,0
8.74,5334,11192968,1990,1,1,-44.77917438787947,11.498435129151591,0
8.742,5335,11194968,1995,0,1,-47.322912330019435,10.997574006523228,0
8.744,5336,11196968,1975,0,1,-49.40793056584393,10.335695242423611,0
8.746,5337,11198968,1966,0,1,-49.949109285505216,9.588638328065784,0
8.748,5338,11200968,1983,0,1,-48.46744045751546,8.805592181159435,0
8.75,5339,11202968,1983,0,1,-45.34825396233919,8.002833130761493,0
8.752,5340,11204968,2003,0,1,-41.67149750231288,7.169674287162778,0
8.754,5341,11206968,2011,0,1,-38.78539789631817,6.282541945770953,0
8.756,5342,11208968,2015,0,1,-37.7978338510716,5.321931471839434,0
8.758,5343,11210968,2012,0,1,-39.15818611438871,4.286607378525302,0
8.760001,5344,11212969,1998,1,1,-42.51821122460928,3.1994976792403773,0
8.762,5345,11214968,1995,0,1,-46.89802225305498,2.1039657080944014,0
8.764,5346,11216968,1978,0,1,-51.02875570957123,1.0534435661829773,0
8.766,5347,11218968,1973,0,1,-53.76054632614654,0.09809868771403929,0
8.768,5348,11220968,1975,0,1,-54.46509459336094,-0.7281124503218028,0
8.77,5349,11222968,1979,0,1,-53.27239506679348,-1.4150692249295864,0
8.772,5350,11224968,1993,0,1,-51.02017751417663,-1.975430098869713,0
8.774,5351,11226968,2006,0,1,-48.92214160809975,-2.435218007365861,0
8.776,5352,11228968,1999,0,1,-48.07932137745647,-2.8197986516419165,0
8.778,5353,11230968,2014,0,1,-49.076882551970606,-3.1418962636565597,0
8.78,5354,11232968,1994,1,1,-51.77252875112424,-3.395450042014243,0
8.782,5355,11234968,1993,0,1,-55.28466001116448,-3.5563822720194525,0
8.784,5356,11236968,1967,0,1,-58.276427611138885,-3.5919185115235943,0
8.786,5357,11238968,1967,0,1,-59.52729927436461,-3.4768902074122767,0
8.788,5358,11240968,1974,0,1,-58.5253929914435,-3.209680245343742,0
8.79,5359,11242968,1989,0,1,-55.6861393408703,-2.818160110562464,0
8.792,5360,11244968,1993,0,1,-52.09363426388831,-2.352770914972298,0
8.794,5361,11246968,2005,0,1,-49.06129957286532,-1.8731849129568516,0
8.796,5362,11248968,2019,0,1,-47.70292985726185,-1.433976187350678,0
8.798,5363,11250968,2013,0,1,-48.47608987848758,-1.070616326256812,0
8.800001,5364,11252969,1995,1,1,-50.88777667751471,-0.7912559086557268,0
8.802,5365,11254968,1983,0,1,-53.702998914540544,-0.5816706375968297,0
8.804,5366,11256968,1979,0,1,-55.56417506969251,-0.4208030598910226,0
8.806,5367,11258968,1975,0,1,-55.58966287605666,-0.2965291589563529,0
8.808,5368,11260968,1992,0,1,-53.6807028403301,-0.21423653700379586,0
8.81,5369,11262968,1991,0,1,-50.486278172515355,-0.19586518331139974,0
8.812,5370,11264968,2004,0,1,-47.14898435595239,-0.27169372456713275,0
8.814,5371,11266968,2011,0,1,-45.006179676334476,-0.46932738284053893,0
8.816,5372,11268968,2019,0,1,-45.250632611954494,-0.8017840364800961,0
8.818,5373,11270968,2031,0,1,-48.47821318030479,-1.2553609464304802,0
8.82,5374,11272968,2005,1,1,-54.212693973908536,-1.7808914427915181,0
8.822,5375,11274968,1981,0,1,-60.80908437955793,-2.2971255547762603,0
8.824,5376,11276968,1963,0,1,-66.05461046129913,-2.711655751749777,0
8.826,5377,11278968,1952,0,1,-68.17023890218766,-2.9509219399230733,0
8.828,5378,11280968,1979,0,1,-66.58560029188494,-2.983494556478415,0
8.83,5379,11282968,1980,0,1,-62.06787179543386,-2.8256042893323374,0
8.832,5380,11284968,2003,0,1,-56.293739269431455,-2.529764829577627,0
8.834,5381,11286968,2018,0,1,-51.23190587284608,-2.164912612835404,0
8.836,5382,11288968,2013,0,1,-48.53745990909435,-1.7946961823043717,0
8.838,5383,11290968,2030,0,1,-49.09449084150455,-1.4597442223735055,0
8.840001,5384,11292969,2019,1,1,-52.72577519727894,-1.166947903616392,0
8.842,5385,11294968,1989,0,1,-58.09446736656874,-0.8876903168809827,0
8.844,5386,11296968,1967,0,1,-63.14659946065779,-0.5715866577511254,0
8.846,5387,11298968,1967,0,1,-66.08817151494002,-0.17350166927475508,0
8.848,5388,11300968,1981,0,1,-66.18232862938774,0.32338840088214,0
8.85,5389,11302968,1988,0,1,-63.84037406556442,0.9016511863658415,0
8.852,5390,11304968,1995,0,1,-60.22341095072399,1.5177473049625179,0
8.854,5391,11306968,2012,0,1,-56.78109132883746,2.115332973440888,0
8.856,5392,11308968,2015,0,1,-54.81181581437552,2.640266093053871,0
8.858,5393,11310968,2023,0,1,-55.0102039235656,3.0557079149954482,0
8.86,5394,11312968,2005,1,1,-57.15067313462088,3.352347214846023,0
8.862,5395,11314968,1991,0,1,-60.146952590646976,3.5479208172925745,0
8.864,5396,11316968,1976,0,1,-62.57767868036151,3.6745657351430525,0
8.866,5397,11318968,1975,0,1,-63.438019031662705,3.760347817763949,0
8.868,5398,11320968,2005,0,1,-62.61792916615652,3.8169145658544297,0
8.87,5399,11322968,1998,0,1,-60.74058934096433,3.8419664633190975,0
8.872,5400,11324968,1996,0,1,-58.675442776001994,3.8305284592750253,0
8.874,5401,11326968,2009,0,1,-57.31080882530636,3.7825719146854464,0
8.876,5402,11328968,2011,0,1,-57.49410142864288,3.7073924824691504,0
8.878,5403,11330968,2025,0,1,-59.75951589510653,3.6307722054383946,0
8.880001,5404,11332969,2011,1,1,-63.890242661105006,3.6026870918248464,0
8.882,5405,11334968,1984,0,1,-68.71487126657456,3.6969338368410694,0
8.884,5406,11336968,1968,0,1,-72.53116512118366,3.9953765295159753,0
8.886,5407,11338968,1965,0,1,-74.00543640401604,4.561686854530097,0
8.888,5408,11340968,1993,0,1,-72.83807616908898,5.421195464284975,0
8.89,5409,11342968,1989,0,1,-69.7104388488375,6.558498209557195,0
8.892,5410,11344968,1999,0,1,-65.80626639080263,7.927620636263134,0
8.894,5411,11346968,2011,0,1,-62.4268131889535,9.46358065099475,0
8.896,5412,11348968,2013,0,1,-60.71332605140438,11.093281526791948,0
8.898,5413,11350968,2029,0,1,-61.30130358644921,12.747191935732406,0
8.9,5414,11352968,2005,1,1,-63.9786919758955,14.368688102265311,0
8.902,5415,11354968,1993,0,1,-67.6503873997055,15.914238412404984,0
8.904,5416,11356968,1980,0,1,-70.80942255188373,17.340953366528577,0
8.906,5417,11358968,1973,0,1,-72.2573165853003,18.58837493866801,0
8.908,5418,11360968,1991,0,1,-71.63464118024719,19.56557822059328,0
8.91,5419,11362968,1999,0,1,-69.47551290105373,20.151174974211628,0
8.912,5420,11364968,2003,0,1,-66.82769542923747,20.206044987734973,0
8.914,5421,11366968,2011,0,1,-64.81069355392147,19.590710206153936,0
8.916,5422,11368968,2013,0,1,-64.32185148444583,18.18157894145192,0
8.918,5423,11370968,2026,0,1,-65.77275773091515,15.886515254699429,0
8.920001,5424,11372969,2003,1,1,-68.81308862787986,12.658999375769682,0
8.922,5425,11374968,1988,0,1,-72.33134640708522,8.504330905329722,0
8.924,5426,11376968,1975,0,1,-74.97726922166743,3.4733179207336606,0
8.926,5427,11378968,1970,0,1,-75.94712980993694,-2.35013643973347,0
8.928,5428,11380968,1997,0,1,-75.50577710659988,-8.855591685878686,0
8.93,5429,11382968,1979,0,1,-74.96641171132397,-15.900535803208285,0
8.932,5430,11384968,1976,0,1,-76.46478911073717,-23.300210897260843,0
8.934,5431,11386968,2012,0,1,-82.84605542065977,-30.821423412432388,0
8.936,5432,11388968,2015,0,1,-97.11822739385893,-38.17316929038761,0
8.938,5433,11390968,2036,1,1,-121.02267935490798,-44.98963104350093,0
8.94,5434,11392968,2003,1,1,-153.18050589801766,-50.81883353312083,0
8.942,5435,11394968,1913,0,1,-187.8075395785076,-55.138475131174516,0
8.944,5436,11396968,1752,0,1,-215.48627050748672,-57.425107256498265,0
8.946,5437,11398968,1711,0,1,-226.83264708584375,-57.283187922589775,0
8.948,5438,11400968,1772,0,1,-217.13582976730044,-54.5810064664397,0
8.95,5439,11402968,1854,0,1,-188.54026549974424,-49.51128892067523,0
8.952,5440,11404968,1951,0,1,-148.6988648647052,-42.54806706901482,0
8.954,5441,11406968,2035,0,1,-107.53855977990777,-34.33551968121068,0
8.956,5442,11408968,2072,0,1,-73.9347001412242,-25.556476989502777,0
8.958,5443,11410968,2092,0,1,-53.349853370202375,-16.817556827101505,0
8.960001,5444,11412969,2070,1,1,-46.89342162365081,-8.574612529533695,0
8.962,5445,11414968,2024,0,1,-51.75682287324834,-1.1069614537211656,0
8.964,5446,11416968,1981,0,1,-62.78764327435347,5.461901161471477,0
8.966,5447,11418968,1959,0,1,-74.64202618298577,11.112186224402215,0
8.968,5448,11420968,1977,0,1,-83.52376267104711,15.871820341304243,0
8.97,5449,11422968,1973,0,1,-87.76358268683246,19.779930745901865,0
8.972,5450,11424968,1983,0,1,-87.45774912983174,22.872072811223966,0
8.974,5451,11426968,1996,0,1,-83.88775413132537,25.176404004094657,0
8.976,5452,11428968,2012,0,1,-78.97539420363064,26.716356690667894,0
8.978,5453,11430968,2028,0,1,-74.66044965465844,27.52056772295474,0
8.98,5454,11432968,2025,1,1,-72.2631736864783,27.636231646584616,0
8.982,5455,11434968,2014,0,1,-72.11918552120748,27.137430617749555,0
8.984,5456,11436968,2005,0,1,-73.71231011631761,26.122029948604403,0
8.986,5457,11438968,2002,0,1,-76.14990626241462,24.699616575784056,0
8.988,5458,11440968,2002,0,1,-78.59043802331578,22.978821128829,0
8.99,5459,11442968,1995,0,1,-80.44479629701814,21.058784912019192,0
8.992,5460,11444968,1984,0,1,-81.51661763463062,19.022729070916526,0
8.994,5461,11446968,2009,0,1,-82.17964332054123,16.932516301100875,0
8.996,5462,11448968,2008,0,1,-83.29712677088733,14.830183469245856,0
8.998,5463,11450968,2026,1,1,-85.70222160936638,12.749323455233746,0
9.000001,5464,11452969,2013,1,1,-89.53075853650203,10.729199112431735,0
9.002,5465,11454968,1983,0,1,-93.89135303176035,8.820727580402945,0
9.004,5466,11456968,1967,0,1,-97.26913580069692,7.07629094742339,0
9.006,5467,11458968,1967,0,1,-98.47740547425781,5.528304219050495,0
9.008,5468,11460968,1989,0,1,-97.36733585910227,4.174238870608699,0
9.01,5469,11462968,1983,0,1,-94.83210494996504,2.9788934236212246,0
9.012,5470,11464968,2003,0,1,-92.40663150923993,1.8881256665998922,0
9.014,5471,11466968,2018,0,1,-91.78797398918927,0.8461790003437457,0
9.016,5472,11468968,2013,0,1,-94.23431480091978,-0.185057478783051,0
9.018,5473,11470968,2028,1,1,-99.92264975625505,-1.2091114192834382,0
9.02,5474,11472968,1979,1,1,-107.55675697986959,-2.187982768362305,0
9.022,5475,11474968,1949,0,1,-114.65883095136849,-3.0539174835787186,0
9.024,5476,11476968,1939,0,1,-118.72348613978554,-3.7413164913607524,0
9.026,5477,11478968,1949,0,1,-118.49834920191188,-4.220471399332769,0
9.028,5478,11480968,1965,0,1,-114.51185466079993,-4.511982939485881,0
9.03,5479,11482968,1993,0,1,-108.75454037677783,-4.678062381255708,0
9.032,5480,11484968,1999,0,1,-103.87558764825009,-4.798635500517857,0
9.034,5481,11486968,2022,0,1,-102.2809027841482,-4.942943041140725,0
9.036,5482,11488968,2024,0,1,-105.31183494617986,-5.144298563731422,0
9.038,5483,11490968,2010,1,1,-112.56041425429905,-5.382858303005069,0
9.040001,5484,11492969,1965,1,1,-121.67897101273803,-5.585475350046539,0
9.042,5485,11494968,1919,0,1,-129.18374265998304,-5.651723253631981,0
9.044,5486,11496968,1927,0,1,-132.0949942012051,-5.499278350466218,0
9.046,5487,11498968,1943,0,1,-129.3398819454615,-5.102166891709083,0
9.048,5488,11500968,1965,0,1,-122.0273248845786,-4.499782357874228,0
9.05,5489,11502968,1991,0,1,-112.80073101734186,-3.7790463226902267,0
9.052,5490,11504968,2009,0,1,-104.88642554320975,-3.043603979096292,0
9.054,5491,11506968,2029,0,1,-101.13451672038039,-2.3800941389475287,0
9.056,5492,11508968,2027,0,1,-103.1548806686689,-1.828641790324839,0
9.058,5493,11510968,2019,1,1,-110.68777145895541,-1.3648180554865155,0
9.06,5494,11512968,1980,1,1,-121.44816092187838,-0.9002663510588564,0
9.062,5495,11514968,1931,0,1,-131.75137723313043,-0.3075394570676644,0
9.064,5496,11516968,1919,0,1,-137.95549620040129,0.5338641702683229,0
9.066,5497,11518968,1927,0,1,-138.02215480477847,1.6898513752541853,0
9.068,5498,11520968,1956,0,1,-132.23871480039597,3.147049541299087,0
9.07,5499,11522968,1979,0,1,-122.85786352178228,4.81917431261115,0
9.072,5500,11524968,2008,0,1,-113.10808112598701,6.575200707987692,0
9.074,5501,11526968,2029,0,1,-106.05109679894599,8.276497820851962,0
9.076,5502,11528968,2023,0,1,-103.57795667460184,9.812110151574785,0
9.078,5503,11530968,2023,1,1,-105.82353211369383,11.121825905403837,0
9.080001,5504,11532969,1989,1,1,-111.17289847466505,12.20057008409307,0
9.082,5505,11534968,1955,0,1,-116.92434441477525,13.082546901183218,0
9.084,5506,11536968,1957,0,1,-120.50011979437966,13.80972963645829,0
9.086,5507,11538968,1955,0,1,-120.58394627823502,14.40104795226999,0
9.088,5508,11540968,1989,0,1,-117.51433277964686,14.839437096105666,0
9.09,5509,11542968,1989,0,1,-112.88730208076893,15.079744369415572,0
9.092,5510,11544968,2009,0,1,-108.81617188020587,15.06823918241269,0
9.094,5511,11546968,2015,0,1,-107.26185152315537,14.763172369161197,0
9.096,5512,11548968,2023,0,1,-109.47310729728228,14.152336057783806,0
9.098,5513,11550968,2019,1,1,-115.46625584078251,13.265972253340149,0
9.1,5514,11552968,1988,1,1,-123.72001834469016,12.179685137405833,0
9.102,5515,11554968,1941,0,1,-131.52141161269424,10.998864356216377,0
9.104,5516,11556968,1940,0,1,-136.14548918868167,9.823492641992663,0
9.106,5517,11558968,1945,0,1,-136.17208405843746,8.711267681525616,0
9.108,5518,11560968,1968,0,1,-132.0195669896211,7.661322988077886,0
9.11,5519,11562968,1981,0,1,-125.60446615149928,6.622547782969419,0
9.112,5520,11564968,2006,0,1,-119.59137978204338,5.516720301806176,0
9.114,5521,11566968,2023,0,1,-116.51923546761374,4.267776467968176,0
9.116,5522,11568968,2021,0,1,-117.9108721024104,2.8308530947228263,0
9.118,5523,11570968,2011,1,1,-123.62158155391833,1.2120393802503813,0
9.120001,5524,11572969,1979,1,1,-131.7422637266526,-0.5298003743864337,0
9.122,5525,11574968,1943,0,1,-139.21898335769697,-2.302132498030842,0
9.124,5526,11576968,1925,0,1,-143.10958377456808,-4.01428721511794,0
9.126,5527,11578968,1940,0,1,-141.9390544933758,-5.614140478425174,0
9.128,5528,11580968,1963,0,1,-136.3611800356893,-7.1058759293678095,0
9.13,5529,11582968,1993,0,1,-128.80309415771012,-8.540240110603396,0
9.132,5530,11584968,2007,0,1,-122.45613201557026,-9.985475937233371,0
9.134,5531,11586968,2027,0,1,-120.16066230977725,-11.493495387685625,0
9.136,5532,11588968,2023,0,1,-123.47360674315946,-13.071956933623863,0
9.138,5533,11590968,2021,1,1,-132.00031875732788,-14.668269365835924,0
9.14,5534,11592968,1965,1,1,-143.19410948019657,-16.171860915337287,0
9.142,5535,11594968,1916,0,1,-153.0897568380114,-17.44308472379078,0
9.144,5536,11596968,1908,0,1,-158.03926590866715,-18.36592928237295,0
9.146,5537,11598968,1931,0,1,-156.42393971254793,-18.89806789100406,0
9.148,5538,11600968,1957,0,1,-149.1738318505887,-19.089493122998725,0
9.15,5539,11602968,1981,0,1,-139.09516811660566,-19.067059943049436,0
9.152,5540,11604968,2009,0,1,-129.74738915227246,-19.000794305109345,0
9.154,5541,11606968,2025,0,1,-124.32794681828678,-19.065267131951323,0
9.156,5542,11608968,2031,0,1,-124.68561226259614,-19.403942571601394,0
9.158,5543,11610968,2015,1,1,-130.62973760886166,-20.10476509074124,0
9.160001,5544,11612969,1979,1,1,-139.82326907040627,-21.19549314080841,0
9.162,5545,11614968,1931,0,1,-148.53977681819683,-22.6639385469551,0
9.164,5546,11616968,1917,0,1,-153.2229147911034,-24.498217090498102,0
9.166,5547,11618968,1939,0,1,-152.07755962749877,-26.72609085195151,0
9.168,5548,11620968,1967,0,1,-145.6710455454191,-29.427902226719354,0
9.17,5549,11622968,1991,0,1,-136.33117827253878,-32.71625485874625,0
9.172,5550,11624968,2007,0,1,-127.02938720800178,-36.697048092966384,0
9.174,5551,11626968,2028,0,1,-120.39028953742172,-41.42844251849637,0
9.176,5552,11628968,2023,0,1,-117.9772902074906,-46.88585149257159,0
9.178,5553,11630968,2027,1,1,-119.8661909399676,-52.937913953591234,0
9.18,5554,11632968,1995,1,1,-124.60005890496012,-59.33839684051886,0
9.182,5555,11634968,1963,0,1,-129.70723867655377,-65.73839973307715,0
9.184,5556,11636968,1957,0,1,-132.8176965377534,-71.71793256455584,0
9.186,5557,11638968,1964,0,1,-132.82393379382884,-76.82276062018178,0
9.188,5558,11640968,1991,0,1,-130.32685575509615,-80.58843607190299,0
9.19,5559,11642968,1989,0,1,-127.25067947202785,-82.54784426110919,0
9.192,5560,11644968,2013,0,1,-126.11831075798021,-82.23293707618959,0
9.194,5561,11646968,2023,0,1,-129.30032193322455,-79.17964527262228,0
9.196,5562,11648968,2019,0,1,-138.18394229367908,-72.93839761913489,0
9.198,5563,11650968,2008,1,1,-152.39874259709865,-63.0957692250481,0
9.200001,5564,11652969,1971,1,1,-169.43741314747095,-49.31478258375008,0
9.202,5565,11654968,1915,0,1,-184.9884850086046,-31.397822696535535,0
9.204,5566,11656968,1914,0,1,-194.0649862121232,-9.367896089821258,0
9.206,5567,11658968,1931,0,1,-192.20823288620437,16.454782306108704,0
9.208,5568,11660968,1961,0,1,-175.8076844162378,45.40957139843407,0
9.21,5569,11662968,1996,0,1,-141.59783476774996,76.49316277365338,0
9.212,5570,11664968,2013,0,1,-86.24559177780543,108.38726603619591,0
9.214,5571,11666968,2028,0,1,-7.005120451135355,139.50240318899208,0
9.216,5572,11668968,2030,0,1,95.86951144825426,168.0285141751403,0
9.218,5573,11670968,2026,1,1,214.71515254909525,191.98984309529112,0
9.22,5574,11672968,2447,1,1,330.05442128324233,209.3398420466131,0
9.222,5575,11674968,2923,0,1,412.51809439288337,218.2043326264618,0
9.224,5576,11676968,2984,0,1,434.97001420103425,217.31486595558636,1
9.226,5577,11678968,2767,0,1,387.04557624795365,206.4313517647839,0
9.228,5578,11680968,2431,0,1,280.2383136753921,186.477902677693,0
9.23,5579,11682968,2130,0,1,141.36365494881105,159.33295841000933,0
9.232,5580,11684968,1930,0,1,0.9817643726720746,127.42153382218898,0
9.234,5581,11686968,1831,0,1,-116.40161492216683,93.28727857936357,0
9.236,5582,11688968,1807,0,1,-197.2161399366919,59.2567628452956,0
9.238,5583,11690968,1829,1,1,-239.00793240253407,27.23358592949785,0
9.240001,5584,11692969,1899,1,1,-247.6427839801845,-1.3868012620326056,0
9.242,5585,11694968,1931,0,1,-233.28273483469428,-25.709350658734422,0
9.244,5586,11696968,1967,0,1,-206.70823842121422,-45.27716837400229,0
9.246,5587,11698968,2007,0,1,-177.00103251487917,-59.9903014434727,0
9.248,5588,11700968,2019,0,1,-150.48558941907464,-70.02144115950922,0
9.25,5589,11702968,2026,0,1,-130.4746542926825,-75.73579930522612,0
9.252,5590,11704968,2021,0,1,-117.6814748726868,-77.62481656878684,0
9.254,5591,11706968,2027,0,1,-111.04146591680528,-76.256425356457,0
9.256,5592,11708968,2009,0,1,-108.5508341696652,-72.23765597895863,0
9.258,5593,11710968,2011,1,1,-108.001905843263,-66.1874634890836,0
9.26,5594,11712968,1999,1,1,-107.64352895246037,-58.71853412364535,0
9.262,5595,11714968,2013,0,1,-106.67212247123945,-50.423546064092285,0
9.264,5596,11716968,2037,0,1,-105.31345085805438,-41.85872452444673,0
9.266,5597,11718968,2037,0,1,-104.33889449940355,-33.52025292766191,0
9.268,5598,11720968,2035,0,1,-104.3684463769981,-25.820367288841133,0
9.27,5599,11722968,2025,0,1,-105.54115065666495,-19.075098997049523,0
9.272,5600,11724968,2031,0,1,-107.6094000319561,-13.505054393914696,0
9.274,5601,11726968,2013,0,1,-110.13972706775982,-9.242536866265038,0
9.276,5602,11728968,2011,0,1,-112.73684574758202,-6.342311789520762,0
9.278,5603,11730968,2013,1,1,-115.31742588712082,-4.795223502515997,0
9.280001,5604,11732969,2029,1,1,-118.17603243690989,-4.53845621724458,0
9.282,5605,11734968,2018,0,1,-121.65267168774511,-5.458117592015272,0
9.284,5606,11736968,2009,0,1,-125.73862918338186,-7.390820387662604,0
9.286,5607,11738968,1990,0,1,-130.08442797960817,-10.133597787231711,0
9.288,5608,11740968,1993,0,1,-134.39368615848764,-13.461653258981098,0
9.29,5609,11742968,1992,0,1,-138.7766372693723,-17.144975245766524,0
9.292,5610,11744968,1991,0,1,-143.76684805637066,-20.957521656160168,0
9.294,5611,11746968,1998,0,1,-150.05882575109035,-24.68026403034424,0
9.296,5612,11748968,1995,0,1,-158.08304194219005,-28.101193212610518,0
9.298,5613,11750968,1997,1,1,-167.4701413078318,-31.014362372400612,0
9.3,5614,11752968,1961,0,1,-176.62638045562176,-33.222959470943785,0
9.302,5615,11754968,1911,0,1,-182.96502482829902,-34.55647924155277,0
9.304,5616,11756968,1916,0,1,-184.09739886410878,-34.90547621657235,0
9.306,5617,11758968,1929,0,1,-179.21220950311852,-34.25487649079114,0
9.308,5618,11760968,1955,0,1,-169.57086650719359,-32.69133121985036,0
9.31,5619,11762968,1991,0,1,-158.00578177431686,-30.38138429881213,0
9.312,5620,11764968,2005,0,1,-147.9078192882317,-27.53223535475494,0
9.314,5621,11766968,2031,0,1,-142.1337259060094,-24.348260758914204,0
9.316,5622,11768968,2029,0,1,-142.08345260970205,-20.993749119042597,0
9.318,5623,11770968,2007,1,1,-147.12607726100325,-17.570008975794874,0
9.320001,5624,11772969,1971,0,1,-154.7109556829314,-14.115719853586068,0
9.322,5625,11774968,1939,0,1,-161.34836277816413,-10.633138754038367,0
9.324,5626,11776968,1933,0,1,-164.08153066117467,-7.128681477378333,0
9.326,5627,11778968,1952,0,1,-161.68007938496345,-3.647197254368109,0
9.328,5628,11780968,1974,0,1,-154.93910909849822,-0.28307918998828896,0
9.33,5629,11782968,1999,0,1,-146.1019245519264,2.833541851805382,0
9.332,5630,11784968,2019,0,1,-137.8815112600595,5.565120347604303,0
9.334,5631,11786968,2024,0,1,-132.51592985717485,7.7975917863359,0
9.336,5632,11788968,2021,0,1,-131.14536152163785,9.463992076780812,0
9.338,5633,11790968,2020,1,1,-133.613839044758,10.555269521614399,0
9.34,5634,11792968,1995,0,1,-138.59687478535494,11.118403207334538,0
9.342,5635,11794968,1975,0,1,-144.04708796592104,11.242201204953211,0
9.344,5636,11796968,1961,0,1,-147.99172294468252,11.0321912973087,0
9.346,5637,11798968,1972,0,1,-149.3572633329664,10.58418996732781,0
9.348,5638,11800968,1981,0,1,-148.317712085406,9.969532802009535,0
9.35,5639,11802968,1991,0,1,-146.04873731317215,9.236012615534346,0
9.352,5640,11804968,2001,0,1,-144.19137868530365,8.418377822824027,0
9.354,5641,11806968,2013,0,1,-144.27229367698374,7.551779886211978,0
9.356,5642,11808968,2019,0,1,-147.085343886888,6.685559225194918,0
9.358,5643,11810968,1988,1,1,-152.17592410296376,5.892262037371015,0
9.360001,5644,11812969,1975,0,1,-157.8511368158272,5.262415520149481,0
9.362,5645,11814968,1950,0,1,-161.85202225310354,4.883140422102954,0
9.364,5646,11816968,1939,0,1,-162.34135211499097,4.810039978805764,0
9.366,5647,11818968,1961,0,1,-158.76831345443364,5.04447589413786,0
9.368,5648,11820968,1979,0,1,-152.15751081563468,5.527921376825959,0
9.37,5649,11822968,2007,0,1,-144.6235339930831,6.158067903077377,0
9.372,5650,11824968,2011,0,1,-138.46835391505294,6.8179982441221885,0
9.374,5651,11826968,2022,0,1,-135.37973971471473,7.4048691823408275,0
9.376,5652,11828968,2025,0,1,-135.92804151886546,7.850524529869886,0
9.378,5653,11830968,2001,1,1,-139.33492732312064,8.131804840310538,0
9.38,5654,11832968,1975,0,1,-143.6965760723494,8.266008844009813,0
9.382,5655,11834968,1963,0,1,-146.81320171942562,8.289703332513927,0
9.384,5656,11836968,1963,0,1,-147.2152847375471,8.231847882589562,0
9.386,5657,11838968,1977,0,1,-144.78202143702384,8.09650424465894,0
9.388,5658,11840968,2010,0,1,-140.65076106274282,7.863343300031616,0
9.39,5659,11842968,1996,0,1,-136.5362895375174,7.503834024533435,0
9.392,5660,11844968,2011,0,1,-134.0405011780053,7.0000057820343695,0
9.394,5661,11846968,2013,0,1,-134.33118557008126,6.355728135835575,0
9.396,5662,11848968,2019,0,1,-137.91032997460138,5.603516931490247,0
9.398,5663,11850968,2017,1,1,-144.2332261046715,4.809783076687718,0
9.400001,5664,11852969,1971,0,1,-151.4666747083128,4.072201064641984,0
9.402,5665,11854968,1939,0,1,-156.97526567176183,3.498654453831713,0
9.404,5666,11856968,1945,0,1,-158.59711862875022,3.1695632698900305,0
9.406,5667,11858968,1967,0,1,-155.73169184601983,3.1069487965593465,0
9.408,5668,11860968,1981,0,1,-149.3957712035094,3.2702003290994224,0
9.41,5669,11862968,1997,0,1,-141.5474148022111,3.5736478864014547,0
9.412,5670,11864968,2009,0,1,-134.35646208976027,3.911038936502731,0
9.414,5671,11866968,2023,0,1,-129.6382769499155,4.179521448218465,0
9.416,5672,11868968,2025,0,1,-128.3749528252589,4.301091132994211,0
9.418,5673,11870968,2012,1,1,-130.37841084975827,4.237456980595064,0
9.42,5674,11872968,1997,0,1,-134.31313538224188,3.9923961588158186,0
9.422,5675,11874968,1971,0,1,-138.1925462730502,3.599554022704563,0
9.424,5676,11876968,1966,0,1,-140.21703085848753,3.1002889648849346,0
9.426,5677,11878968,1971,0,1,-139.58602795773749,2.5218271941218866,0
9.428,5678,11880968,1996,0,1,-136.8109868618218,1.8677896335091964,0
9.43,5679,11882968,1997,0,1,-133.3663139683575,1.1255372528524488,0
9.432,5680,11884968,2013,0,1,-131.02612596918712,0.282755535877655,0
9.434,5681,11886968,2019,0,1,-131.24725405705232,-0.6560429688145595,0
9.436,5682,11888968,2018,0,1,-134.62910295058825,-1.6564256781507343,0
9.438,5683,11890968,2005,1,1,-140.50653849233086,-2.647671273377746,0
9.440001,5684,11892969,1967,0,1,-146.96710150658188,-3.529684542949373,0
9.442,5685,11894968,1951,0,1,-151.53263347651756,-4.19676955530288,0
9.444,5686,11896968,1940,0,1,-152.28782527462184,-4.5709405106969365,0
9.446,5687,11898968,1961,0,1,-148.8114427949462,-4.6282348614366775,0
9.448,5688,11900968,1993,0,1,-142.3365457761594,-4.40378274698381,0
9.45,5689,11902968,2003,0,1,-135.06151483527717,-3.973456438368687,0
9.452,5690,11904968,2013,0,1,-129.157761938811,-3.424753098811968,0
9.454,5691,11906968,2011,0,1,-126.11000307570826,-2.8328576238795247,0
9.456,5692,11908968,2021,0,1,-126.46122894767932,-2.2467738284750345,0
9.458,5693,11910968,2015,1,1,-129.66692210894334,-1.6821403296694344,0
9.46,5694,11912968,1977,0,1,-134.07053395429134,-1.1218635665308374,0
9.462,5695,11914968,1961,0,1,-137.42319711313522,-0.5319995958537356,0
9.464,5696,11916968,1957,0,1,-137.94252256729115,0.10982877244322764,0
9.466,5697,11918968,1976,0,1,-135.17631164783188,0.7913978378488213,0
9.468,5698,11920968,1999,0,1,-130.0713077028984,1.4628041492638304,0
9.47,5699,11922968,2003,0,1,-124.35161384115409,2.052043333667899,0
9.472,5700,11924968,2014,0,1,-119.772510582401,2.486721492198585,0
9.474,5701,11926968,2019,0,1,-117.63033971985813,2.71175812462098,0
9.476,5702,11928968,2021,0,1,-118.4518274474052,2.7018203833681964,0
9.478,5703,11930968,2011,1,1,-121.76713635305963,2.4683177283271993,0
9.480001,5704,11932969,1983,0,1,-126.14771270258002,2.056583302821591,0
9.482,5705,11934968,1971,0,1,-129.7229061017799,1.5297961022179853,0
9.484,5706,11936968,1965,0,1,-131.01161619874097,0.9450978026297805,0
9.486,5707,11938968,1975,0,1,-129.57492607535178,0.3345162948204445,0
9.488,5708,11940968,1992,0,1,-126.1425155853604,-0.3001742091573145,0
9.49,5709,11942968,2003,0,1,-122.21540754816313,-0.9780109763694456,0
9.492,5710,11944968,2009,0,1,-119.42321851512504,-1.7214073363940554,0
9.494,5711,11946968,2011,0,1,-118.97313662006496,-2.5396816214168534,0
9.496,5712,11948968,2013,0,1,-121.30164268403294,-3.418284806238116,0
9.498,5713,11950968,2005,1,1,-125.85316651648229,-4.314140460438743,0
9.5,5714,11952968,1982,0,1,-131.0327906680435,-5.158701950503658,0
9.502,5715,11954968,1945,0,1,-134.62632470585658,-5.873589319328266,0
9.504,5716,11956968,1951,0,1,-134.79398377807422,-6.3983839580668285,0
9.506,5717,11958968,1959,0,1,-131.06847072740968,-6.715997510997504,0
9.508,5718,11960968,1996,0,1,-124.59505326166357,-6.857864978167423,0
9.51,5719,11962968,1996,0,1,-117.53072432243599,-6.886674354477743,0
9.512,5720,11964968,2019,0,1,-112.16649471549421,-6.869540331276209,0
9.514,5721,11966968,2021,0,1,-110.21726671158402,-6.853778379439067,0
9.516,5722,11968968,2018,0,1,-112.31300596695911,-6.849594070596107,0
9.518,5723,11970968,2012,1,1,-117.70023257580026,-6.82257801171783,0
9.520001,5724,11972969,1973,0,1,-124.29852239124347,-6.699809876848967,0
9.522,5725,11974968,1948,0,1,-129.32737107909617,-6.392548861741865,0
9.524,5726,11976968,1940,0,1,-130.4678628475145,-5.8314672796146585,0
9.526,5727,11978968,1952,0,1,-126.9538037967576,-4.998130985913731,0
9.528,5728,11980968,1996,0,1,-119.87359966136033,-3.9349421469205255,0
9.53,5729,11982968,1999,0,1,-111.50591541692758,-2.7288142839134633,0
9.532,5730,11984968,2020,0,1,-104.24748681992922,-1.4811707597533763,0
9.534,5731,11986968,2021,0,1,-99.80840153567314,-0.28104449787710806,0
9.536,5732,11988968,2020,0,1,-98.80039399397198,0.8124787243906209,0
9.538,5733,11990968,2005,1,1,-100.64502291123858,1.777184274459617,0
9.54,5734,11992968,1993,0,1,-103.83139843752342,2.6224497200517667,0
9.542,5735,11994968,1972,0,1,-106.47579865667728,3.3735862353490473,0
9.544,5736,11996968,1971,0,1,-107.0393079063362,4.050995452493576,0
9.546,5737,11998968,1980,0,1,-104.92495595420158,4.652579641331969,0
9.548,5738,12000968,1999,0,1,-100.6052758734009,5.148688048739366,0
9.55,5739,12002968,1999,0,1,-95.25210778024058,5.491118939553616,0
9.552,5740,12004968,2013,0,1,-90.24052681054172,5.628173943320323,0
9.554,5741,12006968,2019,0,1,-86.77639421088865,5.519024208289139,0
9.556,5742,12008968,2019,1,1,-85.59053376403598,5.146292255900338,0
9.558,5743,12010968,2025,1,1,-86.67115492696178,4.525440973913932,0
9.560001,5744,12012969,1993,0,1,-89.15884604617429,3.7073084986584703,0
9.562,5745,12014968,1983,0,1,-91.64790518375052,2.768961417692324,0
9.564,5746,12016968,1983,0,1,-92.87926270979145,1.7944388039737131,0
9.566,5747,12018968,1977,0,1,-92.34367563919207,0.8569563325029645,0
9.568,5748,12020968,2003,0,1,-90.44796307330124,0.011314267048462945,0
9.57,5749,12022968,2003,0,1,-88.22910657264909,-0.7023941407253007,0
9.572,5750,12024968,2003,0,1,-86.82428902002124,-1.248458532068525,0
9.574,5751,12026968,2012,0,1,-87.05946053767643,-1.587272370579206,0
9.576,5752,12028968,2006,1,1,-89.20721228468544,-1.6717908152500018,0
9.578,5753,12030968,2003,1,1,-92.78034286856922,-1.4472959849153493,0
9.58,5754,12032968,1977,0,1,-96.50046429187579,-0.8574831220989707,0
9.582,5755,12034968,1959,0,1,-98.68867800607799,0.13922012655519245,0
9.584,5756,12036968,1965,0,1,-98.01312529112127,1.5465401381285422,0
9.586,5757,12038968,1975,0,1,-94.0782816342227,3.3132994357679904,0
9.588,5758,12040968,1993,0,1,-87.4320498374214,5.33290051596743,0
9.59,5759,12042968,1997,0,1,-79.14365012376581,7.457030647495341,0
9.592,5760,12044968,2007,0,1,-70.37909685010361,9.51435888642309,0
9.594,5761,12046968,2019,0,1,-62.1697446477416,11.328621400062104,0
9.596,5762,12048968,2018,1,1,-55.28725184129089,12.735781651466212,0
9.598,5763,12050968,2015,1,1,-50.22444011176494,13.59842867240155,0
9.600001,5764,12052969,2035,0,1,-47.30198453254327,13.815562753572806,0
9.602,5765,12054968,2028,0,1,-46.650083904397675,13.331653149993146,0
9.604,5766,12056968,2015,0,1,-48.044853407683206,12.14465405290814,0
9.606,5767,12058968,2013,0,1,-50.959751996882034,10.3055890300748,0
9.608,5768,12060968,1996,0,1,-54.873163003846415,7.909181363280974,0
9.61,5769,12062968,2004,0,1,-59.557004720567704,5.081749876471159,0
9.612,5770,12064968,1997,0,1,-65.14982090453157,1.9711358344846337,0
9.614,5771,12066968,2004,0,1,-71.93565612937593,-1.2592578553269016,0
9.616,5772,12068968,2009,1,1,-79.854344198113,-4.432785603113187,0
9.618,5773,12070968,1977,1,1,-87.93170923775816,-7.362092163439126,0
9.62,5774,12072968,1945,0,1,-94.16481337345246,-9.861964260418208,0
9.622,5775,12074968,1919,0,1,-96.30528676538214,-11.779421742415044,0
9.624,5776,12076968,1941,0,1,-93.09456894503836,-13.029061522911578,0
9.626,5777,12078968,1952,0,1,-84.98291726654439,-13.611189212811412,0
9.628,5778,12080968,1977,0,1,-73.96319827178124,-13.603648687694333,0
9.63,5779,12082968,2006,0,1,-62.86705608408017,-13.135041024123995,0
9.632,5780,12084968,2018,0,1,-54.45576324219884,-12.349205393071419,0
9.634,5781,12086968,2023,0,1,-50.542991934130065,-11.37030230228483,0
9.636,5782,12088968,2015,1,1,-51.44740945221898,-10.27888291359138,0
9.638,5783,12090968,2002,1,1,-55.88616349318288,-9.104134280052225,0
9.640001,5784,12092969,1963,0,1,-61.31780210600441,-7.8330672721348,0
9.642,5785,12094968,1945,0,1,-64.81564877690184,-6.436235535590788,0
9.644,5786,12096968,1943,0,1,-64.2580024975609,-4.901769312626281,0
9.646,5787,12098968,1959,0,1,-59.201170813457736,-3.2606404065917394,0
9.648,5788,12100968,1987,0,1,-50.964129339527126,-1.5904996076186344,0
9.65,5789,12102968,2008,0,1,-41.9665439978302,0.001903378226159269,0
9.652,5790,12104968,2021,0,1,-34.71540569386393,1.4100043947415726,0
9.654,5791,12106968,2025,0,1,-30.906503355696557,2.5555582913870056,0
9.656,5792,12108968,2010,1,1,-30.935802366132926,3.4059539742891456,0
9.658,5793,12110968,2013,1,1,-33.86293744432633,3.9772478143901253,0
9.66,5794,12112968,1974,0,1,-37.70798248576391,4.324633131312727,0
9.662,5795,12114968,1955,0,1,-40.11745966263819,4.521138902945835,0
9.664,5796,12116968,1958,0,1,-39.38437869901441,4.627994433694222,0
9.666,5797,12118968,1975,0,1,-35.23642042672137,4.671840042523774,0
9.668,5798,12120968,1989,0,1,-28.8483769610005,4.642124184096632,0
9.67,5799,12122968,2007,0,1,-22.256353607078214,4.5056656465814,0
9.672,5800,12124968,2021,0,1,-17.583197772293317,4.228538505249503,0
9.674,5801,12126968,2021,0,1,-16.28874967289715,3.797907439726856,0
9.676,5802,12128968,2019,1,1,-18.60649467586518,3.2373258696104026,0
9.678,5803,12130968,1994,1,1,-23.334537965312606,2.609929316293098,0
9.680001,5804,12132969,1960,0,1,-28.164007447426243,2.005589040949774,0
9.682,5805,12134968,1948,0,1,-30.613030047640628,1.5126005095288457,0
9.684,5806,12136968,1957,0,1,-29.12102774050178,1.1862539142657882,0
9.686,5807,12138968,1959,0,1,-23.64036145908121,1.0311482753620562,0
9.688,5808,12140968,1989,0,1,-15.575045532771504,1.0026240437572496,0
9.69,5809,12142968,2011,0,1,-7.224415562445522,1.0242604950691725,0
9.692,5810,12144968,2017,0,1,-0.8907011080078604,1.0160546202403729,0
9.694,5811,12146968,2019,0,1,1.9506998524209203,0.921793060352628,0
9.696,5812,12148968,2009,1,1,1.0512513907951815,0.7247481555596267,0
9.698,5813,12150968,2007,1,1,-2.594476291683158,0.45021184863625063,0
9.7,5814,12152968,1965,0,1,-7.00217538120871,0.15666866384661227,0
9.702,5815,12154968,1958,0,1,-9.844429438115068,-0.08525351126703717,0
9.704,5816,12156968,1949,0,1,-9.398537059220121,-0.22111654832099698,0
9.706,5817,12158968,1961,0,1,-5.276939967946127,-0.23445609226670003,0
9.708,5818,12160968,1981,0,1,1.4274713796502372,-0.152070637328652,0
9.71,5819,12162968,2007,0,1,8.607504880244264,-0.03164410815250813,0
9.712,5820,12164968,2013,0,1,14.035759677490393,0.06303002306184408,0
9.714,5821,12166968,2020,0,1,16.275154337350152,0.08789798288117956,0
9.716,5822,12168968,2011,1,1,15.25903109019455,0.035308714257132445,0
9.718,5823,12170968,1977,1,1,12.374759613126715,-0.06400497085584189,0
9.720001,5824,12172969,1962,0,1,9.903561846996,-0.15660798318650448,0
9.722,5825,12174968,1951,0,1,9.997323527981102,-0.19400053746386497,0
9.724,5826,12176968,1955,0,1,13.754426523432613,-0.1576599071194873,0
9.726,5827,12178968,1974,0,1,20.792236332760456,-0.07036012439234873,0
9.728,5828,12180968,1995,0,1,29.415497366451227,0.00985583428621939,0
9.73,5829,12182968,2011,0,1,37.27490608733112,0.010332779267243075,0
9.732,5830,12184968,2024,0,1,42.215332990376865,-0.12949701575393413,0
9.734,5831,12186968,2020,0,1,43.018767635543156,-0.43486147075619563,0
9.736,5832,12188968,2012,1,1,39.85409289364291,-0.8829105598298024,0
9.738,5833,12190968,1996,1,1,34.34950994069945,-1.4040293516521174,0
9.74,5834,12192968,1947,0,1,29.203384934603402,-1.8985351749389587,0
9.742,5835,12194968,1939,0,1,27.194934007995922,-2.26883721749642,0
9.744,5836,12196968,1944,0,1,29.934774161669043,-2.4560917975140093,0
9.746,5837,12198968,1965,0,1,37.178333446725915,-2.4608326884741563,0
9.748,5838,12200968,1991,0,1,47.05468158905714,-2.3381134158013333,0
9.75,5839,12202968,2007,0,1,56.89197260847602,-2.173775162874869,0
9.752,5840,12204968,2021,0,1,64.1745179241333,-2.0539023525371842,0
9.754,5841,12206968,2030,0,1,67.3445902301013,-2.037324840134342,0
9.756,5842,12208968,2009,1,1,66.33137129468169,-2.1374776486297256,0
9.758,5843,12210968,1992,1,1,62.610171059160734,-2.3199649409603813,0
9.760001,5844,12212969,1963,0,1,58.65424102646881,-2.5186611122700926,0
9.762,5845,12214968,1952,0,1,56.9823637362303,-2.6640646832550345,0
9.764,5846,12216968,1950,0,1,59.20054088149051,-2.712214019683811,0
9.766,5847,12218968,1961,0,1,65.40052276402511,-2.663085674208535,0
9.768,5848,12220968,1993,0,1,74.1409480888436,-2.5615107956480756,0
9.77,5849,12222968,2007,0,1,83.05110157429885,-2.4796712299406733,0
9.772,5850,12224968,2019,0,1,89.77542109153498,-2.4889551529383924,0
9.774,5851,12226968,2027,0,1,92.81298968351871,-2.633628395300598,0
9.776,5852,12228968,2007,1,1,92.02360690220516,-2.914511800276152,0
9.778,5853,12230968,1999,1,1,88.69944041061828,-3.287015978931276,0
9.78,5854,12232968,1964,0,1,85.14660643197031,-3.6748503147120704,0
9.782,5855,12234968,1943,0,1,83.82170182479916,-3.996492125720398,0
9.784,5856,12236968,1960,0,1,86.28069151243898,-4.195743192242556,0
9.786,5857,12238968,1965,0,1,92.54942267270972,-4.260587768624528,0
9.788,5858,12240968,1982,0,1,101.22413618249594,-4.221870698880129,0
9.79,5859,12242968,2011,0,1,110.02052700075217,-4.137256666370824,0
9.792,5860,12244968,2023,0,1,116.58807616095413,-4.066275952065333,0
9.794,5861,12246968,2021,0,1,119.42752845310777,-4.043237556157317,0
9.796,5862,12248968,2009,1,1,118.47387158846003,-4.06027117708104,0
9.798,5863,12250968,1995,1,1,115.11288119000535,-4.067391655034713,0
9.800001,5864,12252969,1961,0,1,111.72100012495946,-3.9879233586694935,0
9.802,5865,12254968,1945,0,1,110.79396491430803,-3.745798522271923,0
9.804,5866,12256968,1951,0,1,113.89267742404024,-3.2964871287731223,0
9.806,5867,12258968,1965,0,1,120.97208801140843,-2.646536660387185,0
9.808,5868,12260968,1992,0,1,130.4605342504425,-1.8520529888417205,0
9.81,5869,12262968,2011,0,1,139.96156431888738,-0.998678043958164,0
9.812,5870,12264968,2026,0,1,147.23064856150242,-0.1723360196050001,0
9.814,5871,12266968,2013,0,1,151.0140902396764,0.5673943818971938,0
9.816,5872,12268968,2015,1,1,151.4158886573941,1.2011886863260168,0
9.818,5873,12270968,1993,1,1,149.79254192159195,1.74915846708978,0
9.82,5874,12272968,1963,0,1,148.28053901523472,2.257482141932347,0
9.822,5875,12274968,1958,0,1,148.934094338194,2.774157211023903,0
9.824,5876,12276968,1963,0,1,152.78269834889966,3.3232759276757955,0
9.826,5877,12278968,1988,0,1,159.42693441564182,3.89314431405024,0
9.828,5878,12280968,1992,0,1,167.35741625210446,4.443484852689716,0
9.83,5879,12282968,2014,0,1,174.63071448654594,4.92394670439311,0
9.832,5880,12284968,2014,0,1,179.5394425972595,5.2944657131872646,0
9.834,5881,12286968,2020,0,1,181.1601506976822,5.54215766469387,0
9.836,5882,12288968,2019,1,1,179.75951303833835,5.691697809869452,0
9.838,5883,12290968,1973,1,1,176.92439336045837,5.8051246021029055,0
9.840001,5884,12292969,1961,0,1,175.06786699712802,5.964704550151264,0
9.842,5885,12294968,1948,0,1,176.34850600382063,6.242097332000534,0
9.844,5886,12296968,1951,0,1,181.65748208301332,6.67041419422063,0
9.846,5887,12298968,1997,0,1,190.24722414334155,7.233769896348402,0
9.848,5888,12300968,1990,0,1,200.17765390013832,7.879133360175306,0
9.85,5889,12302968,2009,0,1,209.1570257314676,8.540977145664801,0
9.852,5890,12304968,2025,0,1,215.1930269993206,9.164197441231247,0
9.854,5891,12306968,2023,0,1,217.11762464339444,9.722895292527014,0
9.856,5892,12308968,2015,1,1,215.08450151775568,10.2338026034501,0
9.858,5893,12310968,1993,1,1,210.7358811688897,10.756611450562515,0
9.86,5894,12312968,1951,0,1,206.79513624394167,11.376738959860178,0
9.862,5895,12314968,1937,0,1,206.03275154154454,12.172172775782526,0
9.864,5896,12316968,1947,0,1,210.01588398987252,13.176807101699819,0
9.866,5897,12318968,1975,0,1,218.47745214330314,14.361065356174022,0
9.868,5898,12320968,1993,0,1,229.6822706004511,15.639720053006718,0
9.87,5899,12322968,2005,0,1,241.33109950064522,16.897530983070506,0
9.872,5900,12324968,2015,0,1,251.35261803429967,18.017225512375923,0
9.874,5901,12326968,2021,0,1,258.3698098199131,18.901940486633094,0
9.876,5902,12328968,2025,1,1,261.9803259820553,19.491470133142105,0
9.878,5903,12330968,2007,1,1,262.9121583768045,19.77120622144394,0
9.880001,5904,12332969,1983,0,1,262.84399123663025,19.76887295289329,0
9.882,5905,12334968,1967,0,1,263.7027158976627,19.536412547606545,0
9.884,5906,12336968,1967,0,1,266.69656687115497,19.124633248434055,0
9.886,5907,12338968,1997,0,1,271.7159253575455,18.56597490946466,0
9.888,5908,12340968,1999,0,1,277.53431778522605,17.875763280032604,0
9.89,5909,12342968,2011,0,1,282.5447984745392,17.06666492441269,0
9.892,5910,12344968,2011,0,1,285.44627954118533,16.163074501303598,0
9.894,5911,12346968,2012,0,1,285.68719341840847,15.209284249404314,0
9.896,5912,12348968,2008,1,1,283.764646856533,14.271479140614849,0
9.898,5913,12350968,1973,0,1,281.31132595354035,13.43154575757835,0
9.9,5914,12352968,1947,0,1,280.6460086646072,12.767312864013507,0
9.902,5915,12354968,1949,0,1,283.7501268163293,12.321210499346847,0
9.904,5916,12356968,1960,0,1,291.33262315306246,12.074054828604018,0
9.906,5917,12358968,1989,0,1,302.63886052913153,11.93995413413934,0
9.908,5918,12360968,1996,0,1,315.95747669790705,11.782538392587835,0
9.91,5919,12362968,2013,0,1,329.31366031378377,11.441234682194214,0
9.912,5920,12364968,2023,0,1,340.9697602510081,10.757323310089157,0
9.914,5921,12366968,2021,0,1,349.708820965692,9.595977387790592,0
9.916,5922,12368968,2041,1,1,355.00237745132415,7.863297062108911,0
9.918,5923,12370968,2019,0,1,357.1595266189093,5.518086811705081,0
9.920001,5924,12372969,2005,0,1,357.32505577561216,2.5747606627025315,0
9.922,5925,12374968,1989,0,1,357.0476542874578,-0.9077269465744395,0
9.924,5926,12376968,1987,0,1,357.58441897629365,-4.845938289668035,0
9.926,5927,12378968,1999,0,1,359.44653950691736,-9.148685389455476,0
9.928,5928,12380968,1983,0,1,362.3870857705079,-13.724466576668771,0
9.93,5929,12382968,2002,0,1,365.5883867163489,-18.483423770023517,0
9.932,5930,12384968,2010,0,1,367.93347611167434,-23.336306044892623,0
9.934,5931,12386968,2013,0,1,368.5344030481333,-28.18815701225998,0
9.936,5932,12388968,2011,1,1,367.3942442556177,-32.93068318750238,0
9.938,5933,12390968,1973,0,1,365.75457493472,-37.44326596296009,0
9.94,5934,12392968,1947,0,1,365.70984772910504,-41.61062598844285,0
9.942,5935,12394968,1946,0,1,369.12731581642146,-45.35429887978154,0
9.944,5936,12396968,1959,0,1,376.62601089314416,-48.65981467164384,0
9.946,5937,12398968,1983,0,1,387.3271420437476,-51.582686690243314,0
9.948,5938,12400968,1993,0,1,399.3342886961636,-54.23306418176608,0
9.95,5939,12402968,2013,0,1,410.4658879205914,-56.74981625653646,0
9.952,5940,12404968,2023,0,1,418.93291020414927,-59.27310585800839,0
9.954,5941,12406968,2020,0,1,423.90175414819316,-61.92013921299724,0
9.956,5942,12408968,2009,1,1,425.8043220840195,-64.76968613889953,0
9.958,5943,12410968,1983,0,1,426.18541749494096,-67.86086540863928,0
9.960001,5944,12412969,1973,0,1,427.07013969129633,-71.20592901913705,0
9.962,5945,12414968,1959,0,1,430.10302413244096,-74.80976043293678,0
9.964,5946,12416968,1975,0,1,435.8455784091448,-78.68540578007827,0
9.966,5947,12418968,1996,0,1,443.5996941393983,-82.85594125443758,0
9.968,5948,12420968,1995,0,1,451.8430672752736,-87.34020882917558,0
9.97,5949,12422968,2009,0,1,458.8714262801128,-92.13156475151419,0
9.972,5950,12424968,2014,0,1,463.2912324827549,-97.17915411930166,0
9.974,5951,12426968,2015,0,1,464.44421815399494,-102.37298070279314,0
9.976,5952,12428968,2015,1,1,462.8360190470337,-107.5337514817479,0
9.978,5953,12430968,1967,0,1,460.3297719853784,-112.4134343111798,0
9.98,5954,12432968,1940,0,1,459.6313554958773,-116.71523997808957,0
9.982,5955,12434968,1939,0,1,463.0329668912878,-120.13102345358062,0
9.984,5956,12436968,1944,0,1,471.234954422143,-122.37611390788557,0
9.986,5957,12438968,1981,0,1,482.9908906674871,-123.20369711622881,0
9.988,5958,12440968,1999,0,1,495.63639577254594,-122.39673222086158,0
9.99,5959,12442968,2011,0,1,506.1077705616671,-119.74726475704941,0
9.992,5960,12444968,2021,0,1,511.8973930558456,-115.03820619778952,0
9.994,5961,12446968,2025,0,1,511.7423207561172,-108.03625828346173,0
9.996,5962,12448968,2024,1,1,506.22063138053085,-98.49617106964364,0
9.998,5963,12450968,1957,0,1,498.09776104689263,-86.18081939783876,0
10.000001,5964,12452969,1919,0,1,491.73242992990083,-70.90885715035665,0
10.002,5965,12454968,1909,0,1,491.44080677471396,-52.62654456122242,0
10.004,5966,12456968,1931,0,1,499.9499313024611,-31.473613087161468,0
10.006,5967,12458968,1963,0,1,517.9879958310013,-7.814696962444309,0
10.008,5968,12460968,1989,0,1,544.8960236957233,17.766801619630634,0
10.01,5969,12462968,2019,0,1,579.4828245539203,44.499198536977445,0
10.012,5970,12464968,2029,0,1,620.4539729470347,71.46372268601819,0
10.014,5971,12466968,2031,0,1,666.0217966187378,97.63689759621639,0
10.016,5972,12468968,2063,1,1,712.6596973582252,121.9309685812268,0
10.018,5973,12470968,2194,0,1,754.0254237157542,143.24888436135564,0
10.02,5974,12472968,2294,0,1,781.9689767198399,160.58484751928586,0
10.022,5975,12474968,2295,0,1,789.9551579462757,173.16601212013316,1
10.024,5976,12476968,2215,0,1,776.3234534616629,180.57137906018778,0
10.026,5977,12478968,2131,0,1,744.7502423489284,182.76560204593827,0
10.028,5978,12480968,2031,0,1,702.0096366831572,180.04678616780296,0
10.03,5979,12482968,1967,0,1,654.8237025019737,172.9492204873018,0
10.032,5980,12484968,1944,0,1,607.4183623186092,162.14377112955796,0
10.034,5981,12486968,1945,0,1,560.8673123244376,148.36840103321785,0
10.036,5982,12488968,1939,1,1,514.4975670381309,132.40171125872732,0
10.038,5983,12490968,1800,0,1,468.0718677640832,115.05701732113697,0
10.040001,5984,12492969,1718,0,1,422.3803308263497,97.15049184002706,0
10.042,5985,12494968,1723,0,1,377.79047591748366,79.43489666030783,0
