time_s,sample_index,timestamp_us,slot0_raw,slot1_raw,finger_contact,fifo_ok,fifo_overflow_count,slot0_dc,slot0_ac,slot1_dc,slot1_ac,slot0_peak,slot1_peak
0.0,1726,69598374,35077,52061,-1,1,0,35240.66845834693,31.897012216325265,51771.98904277744,10.5412444733538,0,0
0.04,1727,69638374,34861,51448,-1,1,0,35096.61337127073,-75.3466593334997,51255.68375106858,-62.31526910197135,0,0
0.08,1728,69678374,34709,51072,-1,1,0,34958.644012176046,-122.52874470668564,50747.4622905892,70.14364583717474,0,0
0.12,1729,69718374,34596,50769,-1,1,0,34827.87232269877,-140.88194066428503,50250.88939851445,268.31617777150905,0,0
0.16,1730,69758374,34431,50364,-1,1,0,34705.35061561075,-200.01293487923004,49769.618684805224,369.6958671935306,0,0
0.2,1731,69798374,34248,49961,-1,1,0,34592.067484472056,-308.5365738262825,49307.42330827055,452.9689337709283,0,1
0.24,1732,69838374,34036,49394,-1,1,0,34488.938629323806,-413.74909329687364,48868.21905714378,347.857700480806,0,0
0.28,1733,69878374,33679,48255,-1,1,0,34396.78694644881,-677.3667542027517,48456.05832960934,-476.37979093870604,0,0
0.32,1734,69918374,33119,46503,-1,1,0,34316.30314767317,-1320.1191422172362,48075.05599263509,-1714.7801539768648,0,0
0.36,1735,69958374,32392,44662,-1,1,0,34247.97257573953,-1721.2698986025543,47729.20462489956,-2980.769634266074,0,0
0.4,1736,69998374,33419,42691,-1,1,0,34191.98751086161,-921.8205040681713,47422.07830779702,-5444.960989034145,0,0
0.44,1737,70038374,34281,38504,-1,1,0,34148.23311303821,323.0519869334413,47156.42904573303,-8252.760435669072,1,0
0.48,1738,70078374,34695,39327,-1,1,0,34116.404187211265,133.11530346396432,46933.68579661235,-7877.424364367779,0,0
0.52,1739,70118374,32660,42324,-1,1,0,34096.14425637142,-1008.9626362090484,46753.57345225298,-4562.707821600559,0,0
0.56,1740,70158374,33322,44993,-1,1,0,34087.045453681196,-1053.9463925676066,46614.18243505354,-1639.452714750923,0,0
0.6,1741,70198374,33803,46475,-1,1,0,34088.550826304614,-273.65195684024695,46512.47228522487,42.10763942708127,0,0
0.64,1742,70238374,34189,47700,-1,1,0,34099.93406218184,93.98691556678637,46444.87067126521,1202.8716324854713,0,0
0.68,1743,70278374,34361,48275,-1,1,0,34120.3809099186,198.6081077055468,46407.73865230399,1966.4246744841735,0,0
0.72,1744,70318374,34510,48761,-1,1,0,34149.07634329979,344.4912945792033,46397.68158065015,2455.3715075688315,0,0
0.76,1745,70358374,34659,49204,-1,1,0,34185.25910580335,445.80811005509713,46411.750277227744,2860.667656461214,0,0
0.8,1746,70398374,34775,49527,-1,1,0,34228.25660163389,533.8491327041078,46447.57766046148,3209.1404634361506,0,0
0.84,1747,70438374,34919,49917,-1,1,0,34277.5114750238,632.2979545769058,46503.48297987435,3529.464348483841,1,0
0.88,1748,70478374,34996,50044,-1,1,0,34332.60370928139,610.5103910134983,46578.55521765982,3554.019923648018,0,1
0.92,1749,70518374,34918,49637,-1,1,0,34393.265076683485,516.6426415112252,46672.70461613481,2992.232192811166,0,0
0.96,1750,70558374,34708,48874,-1,1,0,34459.37526342388,321.2855254637419,46786.647849388544,2242.4518852460587,0,0
1.0,1751,70598374,34418,47917,-1,1,0,34530.928723062316,-401.051163943644,46921.7973301734,1076.03868268922,0,0
1.04,1752,70638374,33355,45543,-1,1,0,34607.95985276216,-1003.5386971235303,47080.0400564515,-1820.9377724132303,0,0
1.08,1753,70678374,34262,41017,-1,1,0,34690.4309996694,-533.3437222748008,47263.33964823838,-5824.796534808944,0,0
1.12,1754,70718374,34409,38983,-1,1,0,34778.15090828289,-499.8165379143032,47473.085822058565,-8812.511044268525,0,0
1.16,1755,70758374,33024,38314,-1,1,0,34870.7556842631,-1916.3055333339216,47709.32107389823,-9509.963740370065,0,0
1.2,1756,70798374,32360,40972,-1,1,0,34967.643654952204,-2351.8977883245307,47970.17576601624,-6566.5049551306465,0,0
1.24,1757,70838374,34646,47526,-1,1,0,35067.83965928866,-737.1383292549394,48251.81713212646,-1234.4571654116448,0,0
1.28,1758,70878374,35748,50533,-1,1,0,35169.98449718794,648.8426349051431,48549.018290912114,2149.0191747778417,0,0
1.32,1759,70918374,36067,51448,-1,1,0,35272.53562661756,819.0648913760133,48856.0632901402,2648.3378895784685,1,1
1.36,1760,70958374,36177,51744,-1,1,0,35373.99992093028,755.1645260692649,49167.470359618215,2530.103684480061,0,0
1.4,1761,70998374,36266,52007,-1,1,0,35473.05130274324,795.7631400043786,49478.31544799707,2560.3859358705595,0,0
1.44,1762,71038374,36345,52243,-1,1,0,35568.55988838106,774.2949179759784,49784.30723706139,2494.178200632094,0,0
1.48,1763,71078374,36393,52466,-1,1,0,35659.593260345784,736.9159249347492,50081.78565032283,2426.4094658126573,0,0
1.52,1764,71118374,36455,52709,-1,1,0,35745.411349075825,708.5020136814455,50367.706693296175,2378.5455104837047,0,0
1.56,1765,71158374,36466,52814,-1,1,0,35825.45862090063,646.1101282005147,50639.62501078544,2211.3882262863535,0,0
1.6,1766,71198374,36443,52771,-1,1,0,35899.35303798464,546.3151900091564,50895.66894143649,1912.6304647658178,0,0
1.64,1767,71238374,36411,52721,-1,1,0,35966.86976878523,446.8387323571052,51134.49770274048,1623.676359995221,0,0
1.68,1768,71278374,36402,52762,-1,1,0,36027.92004451913,377.8443803070884,51355.24122804648,1420.8248051409905,0,0
1.72,1769,71318374,36418,52802,-1,1,0,36082.52965456227,332.753566207504,51557.437852060146,1266.7199475560192,0,0
1.76,1770,71358374,36425,52873,-1,1,0,36130.821539644814,293.9952995362781,51740.982698785265,1136.368192544903,0,0
1.8,1771,71398374,36436,52930,-1,1,0,36173.0031365949,262.7648302483982,51906.08789683015,1026.6363071961462,0,0
1.84,1772,71438374,36450,52974,-1,1,0,36209.356674966504,231.3492228495191,52053.250626798224,908.7205364860955,0,0
1.88,1773,71478374,36429,52970,-1,1,0,36240.230839348274,186.20038425494477,52183.2247996931,768.6501978939186,0,0
1.92,1774,71518374,36414,52955,-1,1,0,36266.03217656248,138.70161510605243,52296.99240670705,638.5965388534271,0,0
1.96,1775,71558374,36381,52912,-1,1,0,36287.21492368696,87.2850950662338,52395.73247488841,488.34702284296463,0,0
2.0,1776,71598374,36324,52733,-1,1,0,36304.2690152537,3.896519142073771,52480.78592933138,198.60418477579287,0,0
2.04,1777,71638374,36228,52400,-1,1,0,36317.70526420912,-96.05108025707727,52553.609192683274,-182.51611793803136,0,0
2.08,1778,71678374,36185,52229,-1,1,0,36328.03667129134,-155.68577611568247,52615.70937626117,-427.84845030834117,0,0
2.12,1779,71718374,36180,52230,-1,1,0,36335.7591056375,-169.26598710889266,52668.57193943029,-501.9644245472273,0,0
2.16,1780,71758374,36186,52235,-1,1,0,36341.33748179167,-170.02755073551975,52713.60532856119,-525.7645972119365,0,0
2.2,1781,71798374,36192,52290,-1,1,0,36345.19956666673,-158.45554952717328,52752.112884056114,-498.5374981935814,0,0
2.24,1782,71838374,36214,52385,-1,1,0,36347.73482522034,-150.75398111267197,52785.28417681116,-463.1461167958074,0,0
2.28,1783,71878374,36172,52306,-1,1,0,36349.29498591088,-189.50166498537962,52814.19542125253,-557.5206094453223,0,0
2.32,1784,71918374,36114,52172,-1,1,0,36350.19235834891,-240.31591047779284,52839.80643034389,-700.4778754070978,0,0
2.36,1785,71958374,36128,52213,-1,1,0,36350.693512055084,-233.92737370414383,52862.94488132746,-692.0309524541595,0,0
2.4,1786,71998374,36177,52381,-1,1,0,36351.01292342126,-182.42742365130601,52884.288934193355,-546.3329078780052,0,0
2.44,1787,72038374,36225,52539,-1,1,0,36351.31366924562,-129.5559759504421,52904.36856905305,-385.7536355078996,0,0
2.48,1788,72078374,36269,52693,-1,1,0,36351.71559868341,-87.34113085101772,52923.58874676358,-259.4286825359161,0,0
2.52,1789,72118374,36292,52778,-1,1,0,36352.306163109264,-63.43428499408563,52942.26133132337,-185.09190262953018,0,0
2.56,1790,72158374,36301,52835,-1,1,0,36353.149798929255,-53.91768147306543,52960.63346350894,-137.25911146523887,0,0
2.6,1791,72198374,36326,52952,-1,1,0,36354.29439883081,-26.454254527342037,52978.908371465404,-39.882357604886785,0,0
2.64,1792,72238374,36387,53122,-1,1,0,36355.77659360317,30.985446813706737,52997.2638336499,122.5767552396371,0,0
2.68,1793,72278374,36425,53238,-1,1,0,36357.629153379195,70.85771924601598,53015.87594929803,221.51963806700945,1,1
2.72,1794,72318374,36397,53144,-1,1,0,36359.88999682685,35.31603270372303,53034.94451833163,92.48567387250657,0,0
2.76,1795,72358374,36297,52828,-1,1,0,36362.6061872445,-59.23494059992937,53054.70090031822,-205.93721535538742,0,0
2.8,1796,72398374,36221,52634,-1,1,0,36365.826607202536,-140.48556184208505,53075.38145880578,-444.83923151026687,0,0
2.84,1797,72438374,36204,52581,-1,1,0,36369.585682317826,-169.14618408589553,53097.175811547524,-520.605575495543,0,0
2.88,1798,72478374,36221,52655,-1,1,0,36373.88792049194,-139.9896491007193,53120.179946863136,-442.127723981062,0,0
2.92,1799,72518374,36310,52888,-1,1,0,36378.701501047355,-72.19854413917646,53144.37694508259,-263.40010822889656,0,0
2.96,1800,72558374,36356,53037,-1,1,0,36383.962840542394,-21.265862373131938,53169.648745952705,-116.54249329675804,0,0
3.0,1801,72598374,36373,53111,-1,1,0,36389.58770875583,-12.73383675977962,53195.806305400765,-77.46808807496552,0,0
3.04,1802,72638374,36372,53124,-1,1,0,36395.48113828697,-18.77280983243415,53222.61789367402,-87.78559968796122,0,0
3.08,1803,72678374,36384,53171,-1,1,0,36401.54202708114,-13.792962214138527,53249.82406305588,-60.4374615480136,0,0
3.12,1804,72718374,36408,53286,-1,1,0,36407.66449389039,6.2840545943903265,53277.1439006271,14.58649646923925,0,0
3.16,1805,72758374,36443,53380,-1,1,0,36413.73975638584,31.970187665672576,53304.283315588975,93.12963692576986,0,0
3.2,1806,72798374,36467,53479,-1,1,0,36419.66017198528,53.5004788091761,53330.949629430084,164.2334309857879,0,0
3.24,1807,72838374,36490,53566,-1,1,0,36425.3245751094,68.84501684318063,53356.869156641915,220.9100152372355,0,0
3.28,1808,72878374,36505,53617,-1,1,0,36430.64330775744,77.00233357236368,53381.803804923424,245.2765454699406,0,0
3.32,1809,72918374,36516,53661,-1,1,0,36435.54213775237,85.68166510896486,53405.56434860032,275.5674398607509,0,0
3.36,1810,72958374,36529,53716,-1,1,0,36439.96505530486,94.82792100422645,53428.01961856844,302.4529093275061,1,1
3.4,1811,72998374,36514,53650,-1,1,0,36443.87596615422,67.30607350181316,53449.101670712065,193.93800968485374,0,0
3.44,1812,73038374,36439,53405,-1,1,0,36447.257618687654,-3.07077477556912,53468.80091736055,-40.22344869877921,0,0
3.48,1813,73078374,36394,53288,-1,1,0,36450.104797388165,-50.58895787730681,53487.141588221086,-189.59794709119757,0,0
3.52,1814,73118374,36413,53328,-1,1,0,36452.413166532075,-44.21996255459888,53504.143777615216,-183.99656980362494,0,0
3.56,1815,73158374,36431,53390,-1,1,0,36454.17086423777,-17.6985113565336,53519.79493564311,-113.010008883432,0,0
3.6,1816,73198374,36463,53514,-1,1,0,36455.35734559006,7.389781029887988,53534.04402521533,-20.313084192779613,0,0
3.64,1817,73238374,36484,53603,-1,1,0,36455.947456846014,27.00450258549418,53546.81327254746,58.53095020202059,0,0
3.68,1818,73278374,36490,53638,-1,1,0,36455.91698515222,38.40070007544257,53558.016899846865,84.87835891968825,0,0
3.72,1819,73318374,36501,53655,-1,1,0,36455.24732358496,41.53628134040713,53567.57750381845,87.65867369302842,0,0
3.76,1820,73358374,36490,53678,-1,1,0,36453.92837961598,39.47561931027908,53575.43549318265,109.97198348210897,0,0
3.8,1821,73398374,36494,53724,-1,1,0,36451.95985664399,41.73269537478319,53581.5540475626,137.72364314610496,0,0
3.84,1822,73438374,36497,53722,-1,1,0,36449.35163166821,45.695652794788245,53585.92377962275,141.37295799997958,1,0
3.88,1823,73478374,36486,53722,-1,1,0,36446.12412218065,42.16331786215052,53588.56710910502,134.85727554503248,0,0
3.92,1824,73518374,36481,53728,-1,1,0,36442.30853008242,36.003523997558005,53589.5403137869,136.50161333387302,0,0
3.96,1825,73558374,36474,53742,-1,1,0,36437.946440446445,36.59318780600391,53588.934050529206,151.37166019286423,0,0
4.0,1826,73598374,36479,53768,-1,1,0,36433.08930005153,45.36168030312463,53586.87491738412,187.02113738280397,0,1
4.04,1827,73638374,36474,53769,-1,1,0,36427.79859570804,44.41419939815813,53583.52892689182,178.02356736997956,0,0
4.08,1828,73678374,36437,53626,-1,1,0,36422.14612408984,12.33901771941597,53579.10323919292,36.226672935485084,0,0
4.12,1829,73718374,36380,53410,-1,1,0,36416.21183081853,-36.11228305357099,53573.836571591404,-153.86525222056534,0,0
4.16,1830,73758374,36348,53340,-1,1,0,36410.07743064087,-65.06013349508109,53567.97267186253,-240.80283084889987,0,0
4.2,1831,73798374,36338,53337,-1,1,0,36403.81796724624,-66.77541350885912,53561.72792274202,-232.8831975848291,0,0
4.24,1832,73838374,36342,53352,-1,1,0,36397.49561753879,-59.9191527913667,53555.2704741938,-202.02472294516843,0,0
4.28,1833,73878374,36336,53395,-1,1,0,36391.15757109855,-54.031961605481484,53548.715348412785,-166.59325149322012,0,0
4.32,1834,73918374,36343,53405,-1,1,0,36384.83659076727,-46.603291282526584,53542.12902099786,-135.9900361725934,0,0
4.36,1835,73958374,36340,53433,-1,1,0,36378.552519029734,-37.95304996130418,53535.53705653079,-113.03747162656911,0,0
4.4,1836,73998374,36349,53450,-1,1,0,36372.31415775734,-26.826560611723433,53528.931647431724,-77.98572136152609,0,0
4.44,1837,74038374,36353,53504,-1,1,0,36366.12153177177,-11.365593371544335,53522.279111408105,-21.820513094215656,0,0
4.48,1838,74078374,36364,53550,-1,1,0,36359.96864341135,0.05201225637972229,53515.52916594903,29.52591313034479,0,0
4.52,1839,74118374,36361,53575,-1,1,0,36353.84656107307,7.547667923301923,53508.6264571723,67.50961770682588,0,0
4.56,1840,74158374,36370,53618,-1,1,0,36347.746341485654,25.699831185382134,53501.52247407922,119.66719728805928,0,0
4.6,1841,74198374,36398,53685,-1,1,0,36341.66203826676,48.281858080919896,53494.18710855797,181.59033807539618,0,0
4.64,1842,74238374,36393,53716,-1,1,0,36335.594738681655,65.40538755277416,53486.62145426904,238.28206480592837,0,0
4.68,1843,74278374,36405,53733,-1,1,0,36329.55711255919,73.01461840749792,53478.87123932188,258.50710602502227,1,1
4.72,1844,74318374,36367,53630,-1,1,0,36323.576514079825,39.15581533271431,53471.03595550981,140.8132835986566,0,0
4.76,1845,74358374,36281,53356,-1,1,0,36317.694016391695,-31.297322570822942,53463.264631325335,-91.92637372654218,0,0
4.8,1846,74398374,36236,53211,-1,1,0,36311.95691251482,-76.9365125743346,53455.73020256443,-243.62041875196962,0,0
4.84,1847,74438374,36229,53205,-1,1,0,36306.40697630545,-80.70307972328976,53448.5903114788,-257.96172817196407,0,0
4.88,1848,74478374,36233,53213,-1,1,0,36301.071304143945,-64.19568299662797,53441.956508931486,-218.1116713219889,0,0
4.92,1849,74518374,36259,53293,-1,1,0,36295.959535234426,-37.89607561720609,53435.883840901406,-145.7024682658892,0,0
4.96,1850,74558374,36276,53363,-1,1,0,36291.06631600921,-16.951583210697375,53430.376719117994,-69.47481663076273,0,0
5.0,1851,74598374,36276,53384,-1,1,0,36286.37623275811,-5.022633295436986,53425.40308651331,-38.466796928543204,0,0
5.04,1852,74638374,36291,53393,-1,1,0,36281.86856539228,6.71609421134761,53420.90897817003,-25.487787906255782,0,0
5.08,1853,74678374,36293,53436,-1,1,0,36277.520909890496,17.038736380001694,53416.82862703889,21.983997764771203,0,0
5.12,1854,74718374,36305,53508,-1,1,0,36273.31230086986,35.92911666967251,53413.09268049602,100.26811763907688,0,0
5.16,1855,74758374,36335,53577,-1,1,0,36269.22665421765,66.06717370467425,53409.63976048749,167.95902817404712,0,0
5.2,1856,74798374,36345,53599,-1,1,0,36265.25734932062,80.18711496991911,53406.43168088087,203.8265989837278,0,0
5.24,1857,74838374,36330,53622,-1,1,0,36261.41224931002,73.44414640839243,53403.46772924593,216.8485597850893,0,0
5.28,1858,74878374,36333,53637,-1,1,0,36257.71681022186,74.13999225631201,53400.794667993294,242.3661887453046,0,0
5.32,1859,74918374,36334,53674,-1,1,0,36254.21493202552,85.92905091083055,53398.51361319426,292.3214696920842,1,1
5.36,1860,74958374,36318,53646,-1,1,0,36250.96919012467,64.34572361028154,53396.78576827453,236.52195503081404,0,0
5.4,1861,74998374,36231,53371,-1,1,0,36248.05938657114,-17.515118071605983,53395.83169088687,-23.089479576778103,0,0
5.44,1862,75038374,36141,53089,-1,1,0,36245.57509691362,-98.24105756148734,53395.9099675257,-286.4394584523749,0,0
5.48,1863,75078374,36132,53059,-1,1,0,36243.60144156849,-113.85082129787146,53397.27225076671,-352.2477822811835,0,0
5.52,1864,75118374,36154,53104,-1,1,0,36242.20531511242,-91.51203992635942,53400.117850573966,-297.3783580198547,0,0
5.56,1865,75158374,36169,53177,-1,1,0,36241.42963697403,-66.46570891654778,53404.57252999212,-215.93355812863302,0,0
5.6,1866,75198374,36204,53291,-1,1,0,36241.29527845781,-40.295069031981186,53410.6920689524,-127.53826686192005,0,0
5.64,1867,75238374,36215,53331,-1,1,0,36241.80626818836,-28.29055834709503,53418.47812419259,-88.96088899216981,0,0
5.68,1868,75278374,36205,53324,-1,1,0,36242.95493290457,-32.47154641004248,53427.895088691366,-93.81444418752768,0,0
5.72,1869,75318374,36216,53365,-1,1,0,36244.72477849383,-34.19839329826821,53438.88039633428,-79.87746390617158,0,0
5.76,1870,75358374,36222,53419,-1,1,0,36247.09128517163,-21.07828765241682,53451.34921949811,-31.022812364314902,0,0
5.8,1871,75398374,36255,53493,-1,1,0,36250.022939637645,8.364495823583766,53465.200311691144,44.238979326400454,0,0
5.84,1872,75438374,36283,53586,-1,1,0,36253.48424932242,22.984331187404415,53480.32652531066,87.91820307473456,0,0
5.88,1873,75478374,36260,53550,-1,1,0,36257.44005687487,9.701774247758038,53496.62760011115,70.90248008893062,0,0
5.92,1874,75518374,36272,53590,-1,1,0,36261.8582177496,10.855027125095283,53514.01898062422,80.87178355421165,0,0
5.96,1875,75558374,36307,53694,-1,1,0,36266.71002267016,37.302257410378296,53532.435480157714,150.79863612021245,0,0
6.0,1876,75598374,36327,53750,-1,1,0,36271.97172582679,59.6362753939502,53551.83728552775,217.80803440052705,1,1
6.04,1877,75638374,36333,53771,-1,1,0,36277.62836087953,56.52697096933183,53572.22090325621,194.06610303651686,0,0
6.08,1878,75678374,36295,53606,-1,1,0,36283.67646605226,5.856872394631971,53593.6254359726,-1.1024206944294193,0,0
6.12,1879,75718374,36214,53338,-1,1,0,36290.12138181947,-69.89263210975534,53616.12004132062,-253.79052212405935,0,0
6.16,1880,75758374,36189,53288,-1,1,0,36296.96738329518,-108.40192603071381,53639.767661199105,-365.6969639342502,0,0
6.2,1881,75798374,36207,53325,-1,1,0,36304.204877457945,-103.254524478327,53664.581616139476,-347.08147670522163,0,0
6.24,1882,75838374,36227,53413,-1,1,0,36311.802107826414,-77.60260934513026,53690.4992921661,-263.8362819772135,0,0
6.28,1883,75878374,36286,53591,-1,1,0,36319.70437819766,-38.425335556832565,53717.38037784763,-137.13837439037627,0,0
6.32,1884,75918374,36321,53699,-1,1,0,36327.839017406804,-7.245818550759239,53745.02304008687,-50.10134310264897,0,0
6.36,1885,75958374,36338,53738,-1,1,0,36336.12294902127,5.617928802114733,53773.18741786794,-25.12788951591625,0,0
6.4,1886,75998374,36358,53810,-1,1,0,36344.4693423742,9.795885129766674,53801.614981637314,0.11456898650976655,0,0
6.44,1887,76038374,36361,53863,-1,1,0,36352.79156316192,10.04081458332736,53830.04007147863,37.472417259035126,0,0
6.48,1888,76078374,36377,53935,-1,1,0,36361.00502457602,18.49618968881189,53858.1981583599,78.22075791314671,0,0
6.52,1889,76118374,36410,54011,-1,1,0,36369.02843320435,37.74809342904287,53885.83456021777,127.11832459136829,0,0
6.56,1890,76158374,36424,54077,-1,1,0,36376.786033170545,52.193753621266175,53912.71443014072,167.353661741425,0,0
6.6,1891,76198374,36444,54124,-1,1,0,36384.210946947234,56.377750364807554,53938.633217528164,185.4055964898612,0,0
6.64,1892,76238374,36451,54173,-1,1,0,36391.24823700361,62.69968106368481,53963.42576401382,212.48171271489215,0,0
6.68,1893,76278374,36477,54254,-1,1,0,36397.85717197216,80.817981748439,53986.97391194689,274.4441700531996,0,0
6.72,1894,76318374,36490,54294,-1,1,0,36404.013431529245,83.39289508447688,54009.21459298707,281.24651323918476,1,1
6.76,1895,76358374,36445,54155,-1,1,0,36409.7107585623,36.04835636026284,54030.14568359973,118.07099438748972,0,0
6.8,1896,76398374,36384,53925,-1,1,0,36414.95860198694,-31.820092556045985,54049.81771952956,-115.4316873654816,0,0
6.84,1897,76438374,36357,53858,-1,1,0,36419.77343328201,-60.49424655931996,54068.30388773398,-212.53156856340212,0,0
6.88,1898,76478374,36383,53925,-1,1,0,36424.16779335523,-46.460050315791406,54085.66223098,-170.13287382667184,0,0
6.92,1899,76518374,36399,53989,-1,1,0,36428.14389803054,-27.513258452030136,54101.913317792,-113.79358530306229,0,0
6.96,1900,76558374,36418,54045,-1,1,0,36431.693632917246,-16.50299712500163,54117.039272661685,-71.39048816390846,0,0
7.0,1901,76598374,36426,54106,-1,1,0,36434.80158425235,-7.720753790789509,54130.99333521559,-32.74969349982655,0,0
7.04,1902,76638374,36434,54116,-1,1,0,36437.44797386247,-8.07018780628057,54143.71037875599,-29.75957149243226,0,0
7.08,1903,76678374,36422,54109,-1,1,0,36439.61038934599,-16.37573234388848,54155.114184010534,-51.04327441839795,0,0
7.12,1904,76718374,36432,54132,-1,1,0,36441.264079203545,-11.059888151911863,54165.11982274571,-31.0061196850356,0,0
7.16,1905,76758374,36453,54218,-1,1,0,36442.38186822338,10.63286809750326,54173.63452290553,38.74636082004913,0,0
7.2,1906,76798374,36473,54285,-1,1,0,36442.935689114405,25.920006833931858,54180.563491483386,100.02221884708436,0,0
7.24,1907,76838374,36471,54315,-1,1,0,36442.89994068533,31.787779085961652,54185.821877051465,134.2781786516274,0,0
7.28,1908,76878374,36485,54357,-1,1,0,36442.254799080205,39.251801569857875,54189.347629917465,160.27667868431033,0,0
7.32,1909,76918374,36492,54387,-1,1,0,36440.98861069064,48.472999861852685,54191.11166036574,191.88535425610576,0,0
7.36,1910,76958374,36497,54418,-1,1,0,36439.100076453644,63.771292990398564,54191.126202314044,239.45833257521866,0,1
7.4,1911,76998374,36509,54425,-1,1,0,36436.600574868455,64.91080072620656,54189.45234434966,216.9105807835054,1,0
7.44,1912,77038374,36454,54222,-1,1,0,36433.51565237948,19.713802296517223,54186.20272891162,32.904563146491085,0,0
7.48,1913,77078374,36391,53994,-1,1,0,36429.882763923546,-34.46868386236728,54181.52873437206,-176.60171923485868,0,0
7.52,1914,77118374,36381,53947,-1,1,0,36425.74359676161,-50.99306049702048,54175.5880868284,-245.89204229868463,0,0
7.56,1915,77158374,36373,53954,-1,1,0,36421.1350427281,-49.22364354105727,54168.50913062473,-216.7098954756576,0,0
7.6,1916,77198374,36369,53998,-1,1,0,36416.08391719734,-45.21527181279884,54160.37154197993,-162.9889382207751,0,0
7.64,1917,77238374,36385,54060,-1,1,0,36410.605745199246,-31.137653325878695,54151.20596277287,-99.41266430458836,0,0
7.68,1918,77278374,36387,54088,-1,1,0,36404.706025692765,-14.462797714549716,54141.00419942601,-55.306607901989146,0,0
7.72,1919,77318374,36398,54094,-1,1,0,36398.38302989448,-6.017006758575377,54129.73206582005,-39.53111994780237,0,0
7.76,1920,77358374,36387,54101,-1,1,0,36391.630925532416,-1.4707686871027832,54117.3396377255,-18.64617381559146,0,0
7.8,1921,77398374,36397,54134,-1,1,0,36384.44224001196,9.541582153677082,54103.76833066924,29.68273489088559,0,0
7.84,1922,77438374,36401,54181,-1,1,0,36376.80992999525,24.767621204293356,54088.958291057716,88.67646262375231,0,0
7.88,1923,77478374,36406,54204,-1,1,0,36368.72993639023,36.01973432439065,54072.85874646315,132.13975310329943,0,0
7.92,1924,77518374,36403,54217,-1,1,0,36360.20419485953,43.99456241680877,54055.43996570362,160.59294739554298,0,0
7.96,1925,77558374,36408,54236,-1,1,0,36351.24342878533,53.56793666842567,54036.7040354559,197.2180964956588,0,0
8.0,1926,77598374,36408,54274,-1,1,0,36341.8696925196,69.65561655771789,54016.69441250075,260.172273939619,0,0
8.04,1927,77638374,36413,54288,-1,1,0,36332.11905360153,78.12283103907,53995.506176987736,294.35444072439265,1,1
8.08,1928,77678374,36369,54160,-1,1,0,36322.04382837825,45.24860925339217,53973.29487509019,173.96030681621886,0,0
8.12,1929,77718374,36287,53862,-1,1,0,36311.71152588245,-24.132065033650548,53950.273115504766,-85.47240306712337,0,0
8.16,1930,77758374,36221,53639,-1,1,0,36301.19736914418,-80.86642572430205,53926.68338125534,-280.8458665586495,0,0
8.2,1931,77798374,36193,53599,-1,1,0,36290.57191336989,-100.3044972910235,53902.75335226585,-323.43492077189154,0,0
8.24,1932,77838374,36189,53585,-1,1,0,36279.889822689176,-91.7864573388565,53878.6574198393,-289.3056845777245,0,0
8.28,1933,77878374,36203,53643,-1,1,0,36269.18444244862,-65.58472916062675,53854.50029034732,-211.64476298936833,0,0
8.32,1934,77918374,36225,53721,-1,1,0,36258.46853005059,-37.28197615734299,53830.32055268625,-119.62812643243353,0,0
8.36,1935,77958374,36225,53735,-1,1,0,36247.73894243099,-20.781064451189227,53806.10578500314,-69.40037594549835,0,0
8.4,1936,77998374,36229,53740,-1,1,0,36236.98226822243,-9.544744556051008,53781.81032129725,-39.623845114145674,0,0
8.44,1937,78038374,36231,53773,-1,1,0,36226.17939923994,5.896752989768558,53757.369270759984,11.05013007468888,0,0
8.48,1938,78078374,36241,53803,-1,1,0,36215.309232088504,25.313459939787414,53732.70972392884,76.66843901973203,0,0
8.52,1939,78118374,36251,53855,-1,1,0,36204.3526009464,48.583857657291915,53707.76321841018,147.27279272163656,0,0
8.56,1940,78158374,36264,53891,-1,1,0,36193.29696335039,72.00206439163306,53682.48071862127,214.89538715178992,0,0
8.6,1941,78198374,36264,53912,-1,1,0,36182.14156118429,82.41330206080923,53656.84874609253,258.9922849131445,0,0
8.64,1942,78238374,36252,53913,-1,1,0,36170.90200964292,81.66662800284587,53630.90416379422,281.12736767003946,0,0
8.68,1943,78278374,36251,53924,-1,1,0,36159.61329539627,95.87881217970795,53604.74587691628,332.49713576513125,0,0
8.72,1944,78318374,36264,53953,-1,1,0,36148.331806365226,115.89538352368257,53578.54444211647,381.5599312418574,1,1
8.76,1945,78358374,36221,53827,-1,1,0,36137.13744947668,81.69896022999656,53552.54987258957,255.7448489286542,0,0
8.8,1946,78398374,36111,53457,-1,1,0,36126.13302184009,-12.776113566413414,53527.087912684365,-47.3659405972312,0,0
8.84,1947,78438374,36021,53214,-1,1,0,36115.43545709442,-91.33934947113968,53502.52966335606,-292.4911224030912,0,0
8.88,1948,78478374,35992,53103,-1,1,0,36105.15964296031,-116.96488731196385,53479.238726506665,-383.7445066381121,0,0
8.92,1949,78518374,35978,53065,-1,1,0,36095.40302383878,-118.01825610677487,53457.52175859194,-389.377161843355,0,0
8.96,1950,78558374,35982,53113,-1,1,0,36086.23725993734,-100.7406282098637,53437.60118092743,-323.3392007251736,0,0
9.0,1951,78598374,36016,53207,-1,1,0,36077.70690387402,-64.47680479228492,53419.61074095086,-215.92888290695947,0,0
9.04,1952,78638374,36028,53247,-1,1,0,36069.83305584865,-42.2847785063423,53403.60739854653,-158.30031581533973,0,0
9.08,1953,78678374,36017,53231,-1,1,0,36062.61930660546,-43.41105534925069,53389.58933418034,-156.0954274119354,0,0
9.12,1954,78718374,36018,53249,-1,1,0,36056.05635861861,-37.91629132384689,53377.50964339574,-122.88443654866929,0,0
9.16,1955,78758374,36037,53337,-1,1,0,36050.12444663883,-11.876975775797838,53367.28483902775,-30.869031298885176,0,0
9.2,1956,78798374,36065,53421,-1,1,0,36044.79620744294,22.24137474989253,53358.80603693275,68.5558510226756,0,0
9.24,1957,78838374,36088,53486,-1,1,0,36040.0419618237,49.4843726778964,53351.95696532336,142.65049343499152,0,0
9.28,1958,78878374,36096,53539,-1,1,0,36035.83645929754,63.34919361455487,53346.63470218353,194.88693464968551,0,0
9.32,1959,78918374,36096,53556,-1,1,0,36032.16478899632,65.7140137620975,53342.76774634266,229.40509119878172,0,0
9.36,1960,78958374,36093,53591,-1,1,0,36029.02602091842,66.0783918442096,53340.329346293984,245.78350104820197,0,0
9.4,1961,78998374,36107,53610,-1,1,0,36026.43501951177,82.8787440597549,53339.346902055106,284.920325305702,0,0
9.44,1962,79038374,36127,53675,-1,1,0,36024.4242626968,109.18370995743858,53339.90996807219,354.8567711282449,1,1
9.48,1963,79078374,36116,53647,-1,1,0,36023.04669643256,85.74131456227141,53342.17836904761,280.05494977665023,0,0
9.52,1964,79118374,36010,53305,-1,1,0,36022.37659249179,-5.68369833360989,53346.38277513204,-21.20037768605637,0,0
9.56,1965,79158374,35931,53044,-1,1,0,36022.50244239932,-89.52312005103798,53352.800321042334,-300.20990562716975,0,0
9.6,1966,79198374,35905,52976,-1,1,0,36023.51141544755,-122.6378710001272,53361.70320889121,-401.00674015164867,0,0
9.64,1967,79238374,35888,52939,-1,1,0,36025.47317865628,-136.02872483350052,53373.305816791595,-432.26742803631464,0,0
9.68,1968,79278374,35889,52953,-1,1,0,36028.42952954733,-140.1224823360343,53387.732233187664,-432.4576797076663,0,0
9.72,1969,79318374,35909,53038,-1,1,0,36032.38980990167,-123.37035829848845,53405.003712882855,-372.2308023327623,0,0
9.76,1970,79358374,35944,53126,-1,1,0,36037.33058651216,-96.33036635336359,53425.039695544314,-307.12883805918716,0,0
9.8,1971,79398374,35970,53184,-1,1,0,36043.19893859342,-70.89708209230193,53447.668197994804,-258.6057590019143,0,0
9.84,1972,79438374,36008,53298,-1,1,0,36049.91800990278,-44.85361980943054,53472.64005287532,-178.85637653825572,0,0
9.88,1973,79478374,36033,53425,-1,1,0,36057.39327138835,-20.91018722047339,53499.644700542995,-75.09034704160547,0,0
9.92,1974,79518374,36064,53534,-1,1,0,36065.51865113121,-6.1451351198648325,53528.329365118516,7.114504276636126,0,0
9.96,1975,79558374,36075,53622,-1,1,0,36074.18192780817,7.91848930916737,53558.3205307328,66.94424210652096,0,0
10.0,1976,79598374,36116,53711,-1,1,0,36083.26911590604,29.19974844335097,53589.24369881968,125.93483380618602,0,0
10.04,1977,79638374,36134,53795,-1,1,0,36092.668528306305,45.17478064465624,53620.73990385478,179.2863371518552,0,0
10.08,1978,79678374,36153,53859,-1,1,0,36102.27496732829,51.6661700619602,53652.479862727116,209.88850386043134,0,0
10.12,1979,79718374,36173,53915,-1,1,0,36111.993319661706,63.21376898475508,53684.17586162309,237.45233586239988,0,0
10.16,1980,79758374,36211,54019,-1,1,0,36121.74156544115,89.96991788943019,53715.591649488386,308.96258863455245,0,0
10.2,1981,79798374,36241,54113,-1,1,0,36131.45455666955,116.11481625056231,53746.55310376891,380.63451384467214,1,1
10.24,1982,79838374,36242,54088,-1,1,0,36141.08860074529,94.35510437833132,53776.96016500854,295.3017290427912,0,0
10.28,1983,79878374,36165,53840,-1,1,0,36150.62340232341,20.3231575747832,53806.78986722099,48.85451201118788,0,0
10.32,1984,79918374,36123,53697,-1,1,0,36160.05673662869,-34.11239797190794,53836.076105937114,-131.14748218678213,0,0
10.36,1985,79958374,36134,53724,-1,1,0,36169.39289403347,-39.417019790602275,53864.87021011354,-153.0983946704361,0,0
10.4,1986,79998374,36144,53760,-1,1,0,36178.63240265789,-33.75486733646723,53893.206473694336,-130.8007691797702,0,0
10.44,1987,80038374,36158,53815,-1,1,0,36187.767729467305,-26.45423126705672,53921.087741787276,-100.22744166112093,0,0
10.48,1988,80078374,36189,53903,-1,1,0,36196.783299514,-12.65061194409228,53948.485968381625,-54.6685017938841,0,0
10.52,1989,80118374,36195,53930,-1,1,0,36205.65735973785,-8.332106544163583,53975.349018004454,-47.813380394408455,0,0
10.56,1990,80158374,36201,53924,-1,1,0,36214.36413991034,-14.759199133101896,54001.6076854908,-74.6112760680469,0,0
10.6,1991,80198374,36204,53957,-1,1,0,36222.874780485,-20.22406192889987,54027.17802644954,-78.64265162160922,0,0
10.64,1992,80238374,36215,54002,-1,1,0,36231.15693969301,-16.1626434707458,54051.96006520636,-48.6853976673803,0,0
10.68,1993,80278374,36239,54081,-1,1,0,36239.17448157877,-0.03382654273930985,54075.83860441373,1.248268261620641,0,0
10.72,1994,80318374,36267,54156,-1,1,0,36246.888663200494,16.335947566840375,54098.68935746641,55.870342243217564,0,0
10.76,1995,80358374,36275,54216,-1,1,0,36254.26100224869,24.45061731579712,54120.38938210644,94.79696216596085,0,0
10.8,1996,80398374,36292,54254,-1,1,0,36261.25642435655,26.07014557296446,54140.82842954246,109.1618558080363,0,0
10.84,1997,80438374,36292,54277,-1,1,0,36267.84536761353,24.995028194013717,54159.91783862375,117.82286535995352,0,0
10.88,1998,80478374,36311,54348,-1,1,0,36274.00486847854,36.289662687812395,54177.596484562804,163.25095158513287,0,0
10.92,1999,80518374,36339,54418,-1,1,0,36279.71973309489,59.18962300236248,54193.83703119966,236.63456217910823,1,1
10.96,2000,80558374,36342,54435,-1,1,0,36284.98484934188,53.378038113926515,54208.65486714548,204.18685688024934,0,0
11.0,2001,80598374,36287,54210,-1,1,0,36289.80690404518,-2.8669389506343705,54222.112963160944,-8.713073505381317,0,0
11.04,2002,80638374,36228,54001,-1,1,0,36294.201025495815,-67.94773649643358,54234.307871812634,-229.4434677105474,0,0
11.08,2003,80678374,36206,53962,-1,1,0,36298.1809869463,-91.99426358567236,54245.33364353106,-295.6829715676445,0,0
11.12,2004,80718374,36232,54009,-1,1,0,36301.74818581033,-75.18945430837917,54255.24356850002,-254.0343459720123,0,0
11.16,2005,80758374,36263,54100,-1,1,0,36304.88613353678,-40.026652492022166,54264.03148780904,-159.85539073052723,0,0
11.2,2006,80798374,36307,54241,-1,1,0,36307.56233660328,-2.7444533221773044,54271.635921700945,-38.172467316396165,0,0
11.24,2007,80838374,36327,54308,-1,1,0,36309.73478370484,13.991414973077829,54277.95864947446,20.35887047107113,0,0
11.28,2008,80878374,36313,54268,-1,1,0,36311.35880056639,3.589960932788643,54282.886081807796,-9.045687191498715,0,0
11.32,2009,80918374,36305,54250,-1,1,0,36312.39063151488,-10.247209847680617,54286.30146177816,-42.27677077239382,0,0
11.36,2010,80958374,36307,54266,-1,1,0,36312.78719452939,-5.587046165958595,54288.08541471622,-25.917284446087606,0,0
11.4,2011,80998374,36332,54327,-1,1,0,36312.50502893655,20.663241480088978,54288.1139162659,45.14351008964848,0,0
11.44,2012,81038374,36365,54437,-1,1,0,36311.501752533666,50.863104775629346,54286.26315635573,144.96384069552698,0,0
11.48,2013,81078374,36376,54496,-1,1,0,36309.740728223565,68.00592387978531,54282.42382070129,216.02063862656317,0,0
11.52,2014,81118374,36383,54514,-1,1,0,36307.19681941522,76.91479983378147,54276.519962148384,240.01423532784762,0,0
11.56,2015,81158374,36392,54528,-1,1,0,36303.86090818949,84.51639589001267,54268.524715794505,254.13080500100708,0,0
11.6,2016,81198374,36385,54530,-1,1,0,36299.74285294653,90.92202185226321,54258.469804119595,283.0682454268782,1,1
11.64,2017,81238374,36378,54505,-1,1,0,36294.873232135855,79.06427397148055,54246.45063943634,251.2630507193943,0,0
11.68,2018,81278374,36312,54296,-1,1,0,36289.30291565913,21.428434133466965,54232.62533864143,54.14870478419911,0,0
11.72,2019,81318374,36227,54003,-1,1,0,36283.09785552235,-54.4097275407552,54217.198022271245,-203.35498920852694,0,0
11.76,2020,81358374,36191,53895,-1,1,0,36276.32783023517,-85.97356244154662,54200.38101768736,-309.79230104746705,0,0
11.8,2021,81398374,36201,53931,-1,1,0,36269.05365575416,-71.57973115582584,54182.35146215986,-265.2502596300628,0,0
11.84,2022,81438374,36211,53972,-1,1,0,36261.31991314155,-50.46521796805587,54163.2266054186,-184.062948202386,0,0
11.88,2023,81478374,36219,54047,-1,1,0,36253.15487069978,-34.47682308829573,54143.064084381804,-103.62764316834222,0,0
11.92,2024,81518374,36225,54070,-1,1,0,36244.57401721695,-22.072861300820485,54121.87618902488,-55.60936316571729,0,0
11.96,2025,81558374,36217,54042,-1,1,0,36235.58389294314,-18.62080690629199,54099.6461018172,-60.36831253373024,0,0
12.0,2026,81598374,36209,54013,-1,1,0,36226.18483519092,-18.82367281486593,54076.338506853666,-62.18715901847802,0,0
12.04,2027,81638374,36209,54043,-1,1,0,36216.372479901314,-7.056478399147654,54051.903803857764,-12.574839938429577,0,0
12.08,2028,81678374,36223,54090,-1,1,0,36206.1391783002,17.175602504939093,54026.28245307742,65.2119574548779,0,0
12.12,2029,81718374,36235,54130,-1,1,0,36195.4768963156,36.081232016943524,53999.4152442853,128.8663648104432,0,0
12.16,2030,81758374,36226,54133,-1,1,0,36184.38158264241,46.09497436813235,53971.25812477825,165.84759479697925,0,0
12.2,2031,81798374,36229,54126,-1,1,0,36172.85733049412,53.59124250992308,53941.796194059,182.24114287722108,0,0
12.24,2032,81838374,36221,54121,-1,1,0,36160.91934648059,57.27141799047966,53911.05377231618,207.33337643775167,0,0
12.28,2033,81878374,36211,54141,-1,1,0,36148.59608556704,69.68558189064645,53879.101939587075,275.1367234910232,0,0
12.32,2034,81918374,36214,54140,-1,1,0,36135.930955390715,72.79146351237485,53846.06660939934,285.20751083337143,1,1
12.36,2035,81958374,36140,53903,-1,1,0,36122.98303422446,12.50504590925108,53812.134203898924,78.55577517366856,0,0
12.4,2036,81998374,36022,53526,-1,1,0,36109.8232820871,-79.38671105080769,53777.54023337131,-232.65409909917253,0,0
12.44,2037,82038374,35981,53364,-1,1,0,36096.522815141725,-122.54276062040189,53742.529579566704,-391.50172434225516,0,0
12.48,2038,82078374,35969,53342,-1,1,0,36083.1377549825,-115.18935804623224,53707.30433132251,-372.32094506860756,0,0
12.52,2039,82118374,35988,53405,-1,1,0,36069.699692719594,-80.06964081900604,53671.98957533187,-265.0694935170238,0,0
12.56,2040,82158374,36034,53529,-1,1,0,36056.21540552573,-23.76165233202018,53636.62997440429,-107.20411028474973,0,0
12.6,2041,82198374,36059,53617,-1,1,0,36042.673890653095,14.864332445953968,53601.209769881716,4.6317555820454,0,0
12.64,2042,82238374,36039,53556,-1,1,0,36029.05632742901,8.49676936802819,53565.68146701917,-7.782047339924219,0,0
12.68,2043,82278374,36007,53479,-1,1,0,36015.34325008762,-5.050864569359992,53529.986721432906,-50.11722908731038,0,0
12.72,2044,82318374,36012,53482,-1,1,0,36001.51644411785,9.323080491472822,53494.06219750074,-10.394374608002263,0,0
12.76,2045,82358374,36018,53526,-1,1,0,35987.55892362307,28.89695001004038,53457.8397191247,64.61809836565062,0,0
12.8,2046,82398374,36005,53520,-1,1,0,35973.456723135925,34.67598941452014,53421.252448034174,98.13052749419714,0,0
12.84,2047,82438374,36002,53501,-1,1,0,35959.20191255515,43.363537801180634,53384.24641657374,129.68461712786055,0,0
12.88,2048,82478374,36002,53548,-1,1,0,35944.79517756828,57.181265184120235,53346.79149228755,193.1803435810505,0,0
12.92,2049,82518374,36000,53563,-1,1,0,35930.24835891308,68.92569319668391,53308.89236615364,255.14794291365237,0,0
12.96,2050,82558374,36000,53573,-1,1,0,35915.58754535416,90.28128801288128,53270.602171456136,318.1203923747337,0,1
13.0,2051,82598374,35999,53556,-1,1,0,35900.85646633813,95.52965010467717,53232.036395949,315.4058435699391,1,0
13.04,2052,82638374,35925,53319,-1,1,0,35886.11881428628,33.51884384524308,53193.380303870705,115.67824910574154,0,0
13.08,2053,82678374,35807,52969,-1,1,0,35871.45531770576,-54.03122872516215,53154.87750757521,-166.43534390353878,0,0
13.12,2054,82718374,35776,52830,-1,1,0,35856.95252568455,-88.55596801652031,53116.79232702813,-296.76994908265254,0,0
13.16,2055,82758374,35755,52795,-1,1,0,35842.688455227115,-86.62196031847071,53079.36212805625,-292.83092981866764,0,0
13.2,2056,82798374,35745,52774,-1,1,0,35828.723275656856,-85.85444495694517,53042.76560284818,-264.21181311254685,0,0
13.24,2057,82838374,35742,52807,-1,1,0,35815.096437441855,-70.02572922253782,53007.11384656408,-202.2127065410204,0,0
13.28,2058,82878374,35767,52853,-1,1,0,35801.827629908825,-39.090576575431065,52972.45596091977,-124.35197398321424,0,0
13.32,2059,82918374,35763,52848,-1,1,0,35788.92046110795,-25.08432182820313,52938.7920274626,-92.96938271001919,0,0
13.36,2060,82958374,35748,52811,-1,1,0,35776.36730334514,-28.272611487790204,52906.08696591049,-89.48520726061477,0,0
13.4,2061,82998374,35745,52825,-1,1,0,35764.152686390895,-18.626708791822576,52874.279807824816,-55.74156633923058,0,0
13.44,2062,83038374,35763,52856,-1,1,0,35752.2552711874,11.623254600951292,52843.29019501616,22.9732814180569,0,0
13.48,2063,83078374,35781,52928,-1,1,0,35740.65103983152,40.628200267523034,52813.0283528327,113.34642501081021,0,0
13.52,2064,83118374,35780,52950,-1,1,0,35729.31866250294,52.27037525153627,52783.41093869166,170.30696902928796,0,0
13.56,2065,83158374,35771,52944,-1,1,0,35718.24497857035,55.0409835965162,52754.37885381956,200.4444705139407,0,0
13.6,2066,83198374,35773,52975,-1,1,0,35707.42862242558,65.51344793357839,52725.91185090529,246.47156144879673,0,0
13.64,2067,83238374,35787,53023,-1,1,0,35696.88251759724,93.07868768025861,52698.040452011366,335.06231844883985,0,0
13.68,2068,83278374,35802,53069,-1,1,0,35686.637307288795,119.23434357411773,52670.85969257664,413.5761835935373,1,1
13.72,2069,83318374,35771,52979,-1,1,0,35676.74574900652,89.41679065579743,52644.54393009464,313.4668753789445,0,0
13.76,2070,83358374,35660,52609,-1,1,0,35667.28391314674,-3.028727310809721,52619.35001674798,10.99521368039916,0,0
13.8,2071,83398374,35576,52346,-1,1,0,35658.343625857735,-79.10496209720316,52595.591729942076,-247.47741777630768,0,0
13.84,2072,83438374,35555,52248,-1,1,0,35650.017093774,-98.4847468744691,52573.58832938521,-331.4182662125924,0,0
13.88,2073,83478374,35545,52218,-1,1,0,35642.38232234557,-97.69723422487388,52553.614539697206,-338.41049995613685,0,0
13.92,2074,83518374,35544,52227,-1,1,0,35635.49557349166,-88.26900274406634,52535.87280094959,-301.0195845488773,0,0
13.96,2075,83558374,35572,52322,-1,1,0,35629.39007625997,-59.5430009310389,52520.48722038587,-202.5646968303873,0,0
14.0,2076,83598374,35591,52387,-1,1,0,35624.078751758956,-33.36155455304314,52507.512406955095,-125.6747646040595,0,0
14.04,2077,83638374,35589,52364,-1,1,0,35619.559314267324,-28.633677793560935,52496.95005904433,-126.5689284910599,0,0
14.08,2078,83678374,35584,52351,-1,1,0,35615.81892448524,-33.665951562708955,52488.76277672223,-142.5905531500975,0,0
14.12,2079,83718374,35581,52369,-1,1,0,35612.836405139344,-28.551134214834917,52482.87958136275,-105.86413777545555,0,0
14.16,2080,83758374,35603,52454,-1,1,0,35610.58304027257,-7.957275495764669,52479.198791646864,-28.753028341033996,0,0
14.2,2081,83798374,35620,52505,-1,1,0,35609.02434489336,12.338046036980728,52477.59615414745,34.634209850477816,0,0
14.24,2082,83838374,35629,52546,-1,1,0,35608.12364234068,22.15920617169438,52477.938534983565,68.90643369536662,0,0
14.28,2083,83878374,35632,52570,-1,1,0,35607.84600047981,28.44891601893447,52480.09768700168,100.8979727200294,0,0
14.32,2084,83918374,35650,52636,-1,1,0,35608.16118802146,37.46157322376909,52483.961100297405,146.92427045080728,0,0
14.36,2085,83958374,35664,52709,-1,1,0,35609.04620771417,64.08600829506457,52489.442379667686,231.00918218501062,0,0
14.4,2086,83998374,35713,52808,-1,1,0,35610.48888641971,101.41492745404719,52496.49476376367,326.85497281734223,1,1
14.44,2087,84038374,35700,52787,-1,1,0,35612.49301308028,85.90029374767293,52505.127006862705,259.7237043212714,0,0
14.48,2088,84078374,35615,52477,-1,1,0,35615.08159579368,2.5106251949251543,52515.41035236219,-19.233067528659895,0,0
14.52,2089,84118374,35546,52269,-1,1,0,35618.29201662515,-67.14815664284586,52527.459047282,-252.4942246192195,0,0
14.56,2090,84158374,35545,52260,-1,1,0,35622.16300065773,-82.98722109499005,52541.38566709673,-290.3299152719086,0,0
14.6,2091,84198374,35544,52309,-1,1,0,35626.72171100726,-80.10600140252603,52557.2589750711,-250.11743829576136,0,0
14.64,2092,84238374,35561,52364,-1,1,0,35631.97722872778,-70.23767964475473,52575.08561668187,-201.23004409158216,0,0
14.68,2093,84278374,35590,52462,-1,1,0,35637.91969090866,-49.21317312391412,52594.81190530862,-143.2050042975591,0,0
14.72,2094,84318374,35606,52494,-1,1,0,35644.522562320875,-38.790875584675746,52616.334103324036,-121.30647696069207,0,0
14.76,2095,84358374,35605,52501,-1,1,0,35651.74591201492,-47.511835042443444,52639.509032297465,-135.46084878417642,0,0
14.8,2096,84398374,35605,52535,-1,1,0,35659.53828831022,-52.758694452298506,52664.15967868807,-135.1993469270294,0,0
14.84,2097,84438374,35632,52596,-1,1,0,35667.83670058973,-38.47642856620906,52690.07669193186,-90.6248342878192,0,0
14.88,2098,84478374,35662,52709,-1,1,0,35676.56702392833,-11.529706733316246,52717.02196078426,-3.55600814974224,0,0
14.92,2099,84518374,35698,52820,-1,1,0,35685.64689474253,10.699878576928882,52744.73894187446,68.86379167608828,0,0
14.96,2100,84558374,35715,52858,-1,1,0,35694.99056731638,20.15837326784513,52772.9684671259,91.47437532939392,0,0
15.0,2101,84598374,35730,52913,-1,1,0,35704.513636123855,29.99327504632781,52801.46354334039,119.43939431645964,0,0
15.04,2102,84638374,35771,53037,-1,1,0,35714.13661079304,51.313187078816654,52829.99999521344,195.0332945935544,0,0
15.08,2103,84678374,35804,53158,-1,1,0,35723.788664828615,86.53472599261175,52858.38830799196,318.4237438420772,0,0
15.12,2104,84718374,35850,53290,-1,1,0,35733.41308163339,117.9585552335957,52886.49184777179,406.0849180932688,1,1
15.16,2105,84758374,35834,53197,-1,1,0,35742.97338084336,84.53317807263912,52914.24658505143,262.11251006266184,0,0
15.2,2106,84798374,35730,52840,-1,1,0,35752.45531282394,-17.49677301946791,52941.66457066357,-80.30748454039016,0,0
15.24,2107,84838374,35672,52673,-1,1,0,35761.85893323251,-87.2190558276803,52968.80341270918,-295.9339373669221,0,0
15.28,2108,84878374,35698,52736,-1,1,0,35771.18294000071,-78.44784790337049,52995.71259723679,-271.1822510708946,0,0
15.32,2109,84918374,35734,52851,-1,1,0,35780.41228896654,-44.64864970608705,53022.39289964137,-167.56475748716792,0,0
15.36,2110,84958374,35771,52973,-1,1,0,35789.51587407949,-18.649250311060463,53048.78862056549,-75.65751616210004,0,0
15.4,2111,84998374,35799,53070,-1,1,0,35798.45108006282,0.8148259019386934,53074.80221249976,-6.943658007882696,0,0
15.44,2112,85038374,35814,53106,-1,1,0,35807.1696371157,4.32625561841316,53100.313980912935,3.2863608794420998,0,0
15.48,2113,85078374,35811,53098,-1,1,0,35815.621795104045,-2.8641844281070856,53125.19627497089,-27.99632534779297,0,0
15.52,2114,85118374,35826,53126,-1,1,0,35823.75793576741,2.8126081884534706,53149.318420193864,-18.349138532163845,0,0
15.56,2115,85158374,35855,53231,-1,1,0,35831.52895128471,20.843187536271238,53172.54692101724,54.218976130885764,0,0
15.6,2116,85198374,35874,53325,-1,1,0,35838.887783055514,37.699437986572704,53194.75017850155,130.86566673615502,0,0
15.64,2117,85238374,35900,53390,-1,1,0,35845.79269684609,53.75791261587941,53215.811093251185,180.10740106541223,0,0
15.68,2118,85278374,35918,53453,-1,1,0,35852.21119329088,65.16392666725167,53235.64243033073,211.59487200863433,0,0
15.72,2119,85318374,35933,53504,-1,1,0,35858.12373334172,73.48660376176022,53254.199944327396,251.7904299676837,0,0
15.76,2120,85358374,35951,53577,-1,1,0,35863.52697299392,92.76201044849853,53271.49322211232,315.0461698660383,1,1
15.8,2121,85398374,35962,53578,-1,1,0,35868.43652744939,88.30760794963925,53287.595381096115,280.07374544687286,0,0
15.84,2122,85438374,35887,53333,-1,1,0,35872.888043140614,10.007925170552255,53302.64599471288,18.8661845457751,0,0
15.88,2123,85478374,35783,53006,-1,1,0,35876.93202997985,-86.61068615233243,53316.83202892325,-293.0951321298406,0,0
15.92,2124,85518374,35773,52949,-1,1,0,35880.61998574189,-114.68305585951796,53330.340834807255,-396.69881875227765,0,0
15.96,2125,85558374,35798,53033,-1,1,0,35883.98883638303,-88.26831085028596,53343.30823455671,-320.77958107267534,0,0
16.0,2126,85598374,35835,53148,-1,1,0,35887.05352055204,-51.071906045632964,53355.79249412738,-201.68899049451463,0,0
16.04,2127,85638374,35875,53288,-1,1,0,35889.80918271489,-17.66635164858574,53367.7796667393,-93.56770255713732,0,0
16.08,2128,85678374,35888,53329,-1,1,0,35892.23800426326,-8.343290222433433,53379.20506310044,-50.79847946375815,0,0
16.12,2129,85718374,35872,53315,-1,1,0,35894.31554968223,-20.909074369691172,53389.974288569145,-85.36382795015915,0,0
16.16,2130,85758374,35876,53288,-1,1,0,35896.01352927558,-23.317913773950256,53399.97352025842,-109.09988193910728,0,0
16.2,2131,85798374,35890,53361,-1,1,0,35897.29968926724,-8.205386555283347,53409.0697201611,-55.04648422391914,0,0
16.24,2132,85838374,35911,53467,-1,1,0,35898.13817357041,10.05758900457165,53417.11160773738,43.14389666970753,0,0
16.28,2133,85878374,35926,53552,-1,1,0,35898.4920730262,28.83533332592831,53423.94032435571,133.3518463246304,0,0
16.32,2134,85918374,35950,53632,-1,1,0,35898.32745007379,47.51286378426056,53429.40813407893,191.3586241835809,0,0
16.36,2135,85958374,35960,53658,-1,1,0,35897.6178605452,62.423952009773146,53433.3979285361,223.40639541973692,0,0
16.4,2136,85998374,35974,53697,-1,1,0,35896.3487694913,76.82462186927035,53435.838619527116,266.8235589444249,1,1
16.44,2137,86038374,35966,53691,-1,1,0,35894.521162075194,71.35492828186113,53436.71528738963,247.04109926787888,0,0
16.48,2138,86078374,35907,53479,-1,1,0,35892.15275463509,7.670469576714197,53436.071422527355,23.21200247120268,0,0
16.52,2139,86118374,35805,53150,-1,1,0,35889.27343699673,-81.77305516803527,53433.992546961636,-267.93854732562886,0,0
16.56,2140,86158374,35777,53099,-1,1,0,35885.913203068565,-108.26680256974007,53430.56525339156,-340.1280103669427,0,0
16.6,2141,86198374,35820,53228,-1,1,0,35882.08837639703,-69.54508529204445,53425.83223260574,-215.10178148008814,0,0
16.64,2142,86238374,35845,53324,-1,1,0,35877.7955880836,-32.597461172515516,53419.77398155366,-90.85736679644332,0,0
16.68,2143,86278374,35863,53405,-1,1,0,35873.015274158555,-9.05955908715887,53412.32105355016,-15.156604192609013,0,0
16.72,2144,86318374,35887,53438,-1,1,0,35867.71886449262,15.293848666098233,53403.37748888702,30.39475176252473,0,0
16.76,2145,86358374,35890,53437,-1,1,0,35861.87546834911,27.64139736470664,53392.84039948554,39.48204557215628,0,0
16.8,2146,86398374,35883,53423,-1,1,0,35855.457060178,28.548137143892326,53380.61162429507,40.926394883959894,0,0
16.84,2147,86438374,35887,53443,-1,1,0,35848.44164004923,35.64884641307331,53366.60306219016,74.98134765930354,0,0
16.88,2148,86478374,35890,53488,-1,1,0,35840.81504905888,52.847432662956734,53350.740845258224,134.09766661096597,0,0
16.92,2149,86518374,35906,53517,-1,1,0,35832.57315275746,69.37653376819446,53332.973121304305,185.2690502038783,0,0
16.96,2150,86558374,35895,53526,-1,1,0,35823.72500691,75.89677831682296,53313.28125943691,212.67479242375785,0,0
17.0,2151,86598374,35901,53538,-1,1,0,35814.296081842804,81.73922962441634,53291.69091812946,239.39568660117834,0,0
17.04,2152,86638374,35899,53554,-1,1,0,35804.33083766327,102.55204383177573,53268.28134961646,303.32686315506317,0,1
17.08,2153,86678374,35901,53543,-1,1,0,35793.89511367132,104.09366004389592,53243.19377907314,293.8402844224637,1,0
17.12,2154,86718374,35826,53297,-1,1,0,35783.077584143204,35.4863414651939,53216.63510878691,53.75987149552083,0,0
17.16,2155,86758374,35708,52936,-1,1,0,35771.985970894675,-48.283432508126396,53188.863265026506,-205.8651741539765,0,0
17.2,2156,86798374,35704,52992,-1,1,0,35760.73532738756,-68.5327973268919,53160.14851293224,-193.43952886603907,0,0
17.24,2157,86838374,35688,53076,-1,1,0,35749.43454185514,-57.87798354982227,53130.73568501286,-59.352978664533225,0,0
17.28,2158,86878374,35685,53079,-1,1,0,35738.17914808202,-52.16445428424275,53100.835446137535,-4.760752591259774,0,0
17.32,2159,86918374,35692,53102,-1,1,0,35727.05046444619,-34.18647609016587,53070.63793870861,26.927424535688004,0,0
17.36,2160,86958374,35706,53102,-1,1,0,35716.11771586409,-11.937147216111413,53040.32811934523,61.75224066918673,0,0
17.4,2161,86998374,35701,53066,-1,1,0,35705.44183324956,-0.9000025546689017,53010.09640780415,66.09980910018379,0,0
17.44,2162,87038374,35703,53040,-1,1,0,35695.07961225129,8.068638973110298,52980.145086131924,58.24593346475354,0,0
17.48,2163,87078374,35705,53005,-1,1,0,35685.08705607533,21.027211866641803,52950.6906501923,62.45272090503964,0,0
17.52,2164,87118374,35710,53009,-1,1,0,35675.522263757106,37.10661701901697,52921.964459699615,92.1525874965684,0,0
17.56,2165,87158374,35719,53029,-1,1,0,35666.44861719139,54.15601072720321,52894.215173269375,139.0377254478301,0,0
17.6,2166,87198374,35717,53030,-1,1,0,35657.93833029419,60.407756622183996,52867.71496263118,168.41931489893256,1,0
17.64,2167,87238374,35704,53016,-1,1,0,35650.0755762537,54.381797284846655,52842.76786046967,173.04634397384262,0,0
17.68,2168,87278374,35696,53008,-1,1,0,35642.95812465039,57.40500992904068,52819.71677276272,196.26613279314816,0,0
17.72,2169,87318374,35695,52991,-1,1,0,35636.697576813356,59.2827098862692,52798.94798179518,204.0304105366705,0,1
17.76,2170,87358374,35639,52829,-1,1,0,35631.41859789805,3.5753284529680016,52780.89165891276,22.275505423428754,0,0
17.8,2171,87398374,35517,52404,-1,1,0,35627.25425064545,-106.32249807611736,52766.00788687168,-342.8274479141978,0,0
17.84,2172,87438374,35437,52147,-1,1,0,35624.3329505751,-185.52079201910453,52754.74404758465,-605.7975562420665,0,0
17.88,2173,87478374,35419,52081,-1,1,0,35622.75920434647,-206.05545511734957,52747.47098568961,-677.4753868566775,0,0
17.92,2174,87518374,35421,52072,-1,1,0,35622.597188684624,-206.45813913844364,52744.42817614983,-688.9091389564229,0,0
17.96,2175,87558374,35445,52142,-1,1,0,35623.86302105835,-169.4125344719892,52745.697080868806,-570.5449890338992,0,0
18.0,2176,87598374,35551,52492,-1,1,0,35626.525769661625,-79.72704807101687,52751.20276296796,-284.22249756855217,0,0
18.04,2177,87638374,35623,52684,-1,1,0,35630.51701052113,-10.894306033923641,52760.743503090715,-78.0926351392161,0,0
18.08,2178,87678374,35628,52716,-1,1,0,35635.74625913659,1.1671960678833955,52774.03912628749,-41.36539193455138,0,0
18.12,2179,87718374,35651,52786,-1,1,0,35642.11444243474,5.348610796953821,52790.772827916815,-6.207253507303506,0,0
18.16,2180,87758374,35668,52881,-1,1,0,35649.52095111455,23.71667689258412,52810.61428020328,73.02844630297437,0,0
18.2,2181,87798374,35697,52952,-1,1,0,35657.867179163,39.37665563636932,52833.23413886601,131.15351380833795,0,0
18.24,2182,87838374,35710,53014,-1,1,0,35667.05981849911,46.92404119111595,52858.31835026997,159.36919537665403,0,0
18.28,2183,87878374,35723,53041,-1,1,0,35677.01394871968,49.755864065658926,52885.580553767344,168.94385541742028,0,0
18.32,2184,87918374,35731,53074,-1,1,0,35687.65498922979,43.50315356933186,52914.769804909665,161.65537480333413,0,0
18.36,2185,87958374,35734,53111,-1,1,0,35698.91925278585,38.22785769734712,52945.67395669558,174.7109403639992,0,0
18.4,2186,87998374,35753,53175,-1,1,0,35710.75354210105,51.01450367035688,52978.12145615452,220.22566496178763,1,1
18.44,2187,88038374,35771,53185,-1,1,0,35723.11479258412,40.43571101102146,53011.983755675,155.53602571741678,0,0
18.48,2188,88078374,35711,52964,-1,1,0,35735.9693985707,-20.987151674772193,53047.173211492256,-73.288763432472,0,0
18.52,2189,88118374,35680,52839,-1,1,0,35749.2888027359,-58.24264045343056,53083.6243281444,-213.13887882033177,0,0
18.56,2190,88158374,35733,52988,-1,1,0,35763.040950309296,-41.99896187779183,53121.26030032593,-161.4148811795855,0,0
18.6,2191,88198374,35738,53040,-1,1,0,35777.18396167575,-31.739241988279815,53159.96859340632,-109.26061093936475,0,0
18.64,2192,88238374,35764,53104,-1,1,0,35791.66551038467,-26.96761165338784,53199.59849498084,-79.73809752710052,0,0
18.68,2193,88278374,35805,53250,-1,1,0,35806.424861973734,-2.403457852931332,53239.96999637606,-4.519179847276519,0,0
18.72,2194,88318374,35832,53303,-1,1,0,35821.39583170424,10.499496987394934,53280.885470633235,29.510268557769365,0,0
18.76,2195,88358374,35831,53314,-1,1,0,35836.510331376514,-5.848589165128217,53322.14162115393,-9.423416434734094,0,0
18.8,2196,88398374,35831,53324,-1,1,0,35851.70007723576,-19.519347623374074,53363.535231354756,-36.43829499436063,0,0
18.84,2197,88438374,35857,53390,-1,1,0,35866.89545743254,-9.982772538656373,53404.86115181659,-17.79858537396113,0,0
18.88,2198,88478374,35886,53461,-1,1,0,35882.02417710902,1.1143210358791293,53445.90965785111,15.766610548849897,0,0
18.92,2199,88518374,35895,53535,-1,1,0,35897.01184518398,-0.22196351604348763,53486.46872854918,48.19555153999492,0,0
18.96,2200,88558374,35913,53598,-1,1,0,35911.78339282315,1.5045125311410175,53526.33037521479,75.38932225420739,0,0
19.0,2201,88598374,35940,53656,-1,1,0,35926.26394765444,10.078762624965904,53565.2977970247,80.25247421965841,0,0
19.04,2202,88638374,35963,53699,-1,1,0,35940.37990314364,24.57180232695631,53603.19139404328,102.12464058090066,0,0
19.08,2203,88678374,36009,53840,-1,1,0,35954.06126715823,54.67439227153741,53639.85448521732,202.64554946169972,0,0
19.12,2204,88718374,36046,53955,-1,1,0,35967.24573090035,77.16345815031895,53675.16313123262,273.0203397464909,1,1
19.16,2205,88758374,36037,53873,-1,1,0,35979.88361352993,54.016734240443725,53709.03973992455,150.58991681978307,0,0
19.2,2206,88798374,35996,53663,-1,1,0,35991.94007827592,6.678727487979742,53741.45611647237,-60.94562439064326,0,0
19.24,2207,88838374,35989,53640,-1,1,0,36003.39148303654,-16.719138436839074,53772.41316139811,-150.4357761692466,0,0
19.28,2208,88878374,36003,53686,-1,1,0,36014.2183031274,-15.211001728690096,53801.908945302384,-118.40438588752085,0,0
19.32,2209,88918374,36014,53768,-1,1,0,36024.39994428737,-7.844219443061341,53829.91850874771,-64.12388564508262,0,0
19.36,2210,88958374,36037,53830,-1,1,0,36033.91331592392,-1.999573642271823,53856.39217434949,-34.095685826932325,0,0
19.4,2211,88998374,36036,53835,-1,1,0,36042.73350918027,-6.500500425963402,53881.26272633851,-51.34429943152273,0,0
19.44,2212,89038374,36035,53817,-1,1,0,36050.834407739494,-18.47836112788677,53904.45050187033,-92.27059308587783,0,0
19.48,2213,89078374,36037,53834,-1,1,0,36058.18796846257,-21.66346121673191,53925.86194504397,-94.3812963847562,0,0
19.52,2214,89118374,36057,53911,-1,1,0,36064.762836534006,-10.360855917794566,53945.38567033918,-40.72127091442325,0,0
19.56,2215,89158374,36079,53997,-1,1,0,36070.52421375844,8.332602402090831,53962.89383051783,31.95189512304419,0,0
19.6,2216,89198374,36103,54078,-1,1,0,36075.43595927215,25.44195823575603,53978.25191891342,96.38599808710015,0,0
19.64,2217,89238374,36118,54140,-1,1,0,36079.46424175774,38.07765777435879,53991.33362140488,149.4335635629988,0,0
19.68,2218,89278374,36131,54189,-1,1,0,36082.581404355566,48.46322711103902,54002.03584599163,182.01428685277486,0,0
19.72,2219,89318374,36148,54221,-1,1,0,36084.76929822639,59.329039137840255,54010.29128060092,207.28024901766645,0,0
19.76,2220,89358374,36155,54265,-1,1,0,36086.02221662083,73.88704391654888,54016.078174378556,260.03674950186183,0,0
19.8,2221,89398374,36166,54296,-1,1,0,36086.34960598033,74.36839996754583,54019.42856451131,264.3006287195354,1,1
19.84,2222,89438374,36119,54133,-1,1,0,36085.77763077552,32.91963785955805,54020.4331199002,105.62944951140375,0,0
19.88,2223,89478374,36064,53902,-1,1,0,36084.34702004134,-20.35835024852345,54019.232628491016,-103.32841412167176,0,0
19.92,2224,89518374,36048,53852,-1,1,0,36082.10588891399,-31.377092234395633,54015.98977691403,-175.02757835820012,0,0
19.96,2225,89558374,36069,53876,-1,1,0,36079.10147407954,-18.512600842809107,54010.85522879293,-140.7815405181501,0,0
20.0,2226,89598374,36051,53900,-1,1,0,36075.37603640212,-19.61178750521382,54003.94856800755,-100.27034111901077,0,0
20.04,2227,89638374,36054,53940,-1,1,0,36070.966637388075,-19.058609858725298,53995.35720503849,-61.56768391223946,0,0
20.08,2228,89678374,36060,53954,-1,1,0,36065.905723749886,-7.766737169984026,53985.14380036168,-31.76445421198038,0,0
20.12,2229,89718374,36055,53948,-1,1,0,36060.2220093447,-5.4651765063310975,53973.35483397432,-29.952992740695038,0,0
20.16,2230,89758374,36043,53926,-1,1,0,36053.9417089133,-11.442077150927673,53960.02663806577,-32.746570765002474,0,0
20.2,2231,89798374,36040,53940,-1,1,0,36047.089113544316,-8.094548118548204,53945.1881283837,-7.5497368646486365,0,0
20.24,2232,89838374,36050,53977,-1,1,0,36039.686783235855,10.628999779095011,53928.863374020984,45.046015032174,0,0
20.28,2233,89878374,36065,54012,-1,1,0,36031.757011200134,32.32447487539641,53911.078024610426,105.62743563396197,0,0
20.32,2234,89918374,36063,54043,-1,1,0,36023.32514943888,38.65718194800622,53891.870089449265,143.92167860171486,0,0
20.36,2235,89958374,36049,54028,-1,1,0,36014.42323849776,33.87205847024776,53871.301927264576,155.45570492653744,0,0
20.4,2236,89998374,36043,54021,-1,1,0,36005.092054484725,39.44029713083589,53849.46969104651,180.18297450596992,0,1
20.44,2237,90038374,36040,54004,-1,1,0,35995.38170607172,42.525405089383874,53826.50884805746,167.0099753766513,1,0
20.48,2238,90078374,35991,53811,-1,1,0,35985.35153889251,2.5170216161294263,53802.5944341482,0.1952052985529349,0,0
20.52,2239,90118374,35908,53539,-1,1,0,35975.06731367473,-66.30838049416596,53777.92815895264,-232.54098912996028,0,0
20.56,2240,90158374,35864,53429,-1,1,0,35964.592933098655,-100.36673189920754,53752.70628769636,-327.10205136014736,0,0
20.6,2241,90198374,35874,53462,-1,1,0,35953.97949075674,-85.15496107905965,53727.081492151185,-281.1392575691709,0,0
20.64,2242,90238374,35883,53486,-1,1,0,35943.258552620144,-58.90825656933622,53701.14118757523,-208.89313740534223,0,0
20.68,2243,90278374,35893,53538,-1,1,0,35932.442416533115,-43.17122485933224,53674.908211076756,-146.5208564821171,0,0
20.72,2244,90318374,35885,53543,-1,1,0,35921.52808294149,-35.24706755841943,53648.35325948158,-108.28086507428344,0,0
20.76,2245,90358374,35882,53523,-1,1,0,35910.501079059955,-32.431352854482626,53621.40837849036,-102.975534209611,0,0
20.8,2246,90398374,35869,53506,-1,1,0,35899.3378206772,-29.196856606752437,53593.97621315239,-87.96121647050015,0,0
20.84,2247,90438374,35875,53543,-1,1,0,35888.007031959925,-14.352206874514309,53565.93553689242,-26.591272120612842,0,0
20.88,2248,90478374,35889,53602,-1,1,0,35876.4716077333,12.181644085102903,53537.148613444246,64.99524040592422,0,0
20.92,2249,90518374,35903,53659,-1,1,0,35864.69225758567,38.15966639632949,53507.474933408805,151.0259308693065,0,0
20.96,2250,90558374,35906,53682,-1,1,0,35852.63281530192,54.11245342146621,53476.78997949949,207.04335464529413,0,0
21.0,2251,90598374,35904,53682,-1,1,0,35840.265640387785,61.47261276388182,53445.00375771707,233.34754312675452,0,0
21.04,2252,90638374,35903,53684,-1,1,0,35827.57588233873,78.2446041258442,53412.07519079304,275.17925618450533,0,0
21.08,2253,90678374,35916,53705,-1,1,0,35814.56494306601,103.07916030753697,53378.02288035071,336.8029502850104,1,1
21.12,2254,90718374,35890,53632,-1,1,0,35801.25389281077,83.02172508338215,53342.934079834806,271.5532786030185,0,0
21.16,2255,90758374,35785,53307,-1,1,0,35787.68458264065,0.7628307832784884,53306.965652408195,4.091356835930668,0,0
21.2,2256,90798374,35699,53008,-1,1,0,35773.91340315986,-73.33917421947903,53270.32228000311,-253.27553060325198,0,0
21.24,2257,90838374,35671,52923,-1,1,0,35759.9975543833,-92.78057444318407,53233.210586529574,-320.60408932061455,0,0
21.28,2258,90878374,35666,52929,-1,1,0,35745.98158545953,-79.14539821340486,53195.79344570371,-275.132435096101,0,0
21.32,2259,90918374,35683,52956,-1,1,0,35731.89116364604,-48.04480498031256,53158.16824208692,-189.87303896017377,0,0
21.36,2260,90958374,35714,53059,-1,1,0,35717.73456351151,-4.4583688974391205,53120.37009695682,-71.24594745321599,0,0
21.4,2261,90998374,35733,53097,-1,1,0,35703.509284600026,30.038046749096008,53082.389928629804,13.031825542499625,0,0
21.44,2262,91038374,35730,53078,-1,1,0,35689.2106454779,41.780963503040184,53044.19748128457,42.05979538437835,0,0
21.48,2263,91078374,35718,53091,-1,1,0,35674.83896952424,43.35377948679809,53005.76031284153,80.34983696433576,0,0
21.52,2264,91118374,35713,53114,-1,1,0,35660.40373331383,56.03271289824269,52967.0567573248,156.43818934974686,0,0
21.56,2265,91158374,35722,53164,-1,1,0,35645.925977397244,76.62600167324388,52928.088414524114,237.39044717830035,0,0
21.6,2266,91198374,35713,53162,-1,1,0,35631.44107625068,81.43506767875222,52888.895633348606,276.69607237702223,1,0
21.64,2267,91238374,35683,53109,-1,1,0,35617.001673763494,71.67375924155911,52849.57266501232,269.97373802103596,0,0
21.68,2268,91278374,35672,53072,-1,1,0,35602.67889492289,67.35756257715275,52810.276880725665,259.59705845778797,0,0
21.72,2269,91318374,35660,53047,-1,1,0,35588.56183601475,74.30394633843667,52771.231574751895,288.0067909939559,0,0
21.76,2270,91358374,35646,53030,-1,1,0,35574.75711734188,76.55800574629461,52732.72712296205,307.28971134861126,0,1
21.8,2271,91398374,35602,52878,-1,1,0,35561.38855451867,33.048484794617515,52695.121788176126,165.44319496705612,0,0
21.84,2272,91438374,35490,52519,-1,1,0,35548.59385081802,-52.277530801413036,52658.83243252562,-120.5130756180265,0,0
21.88,2273,91478374,35429,52310,-1,1,0,35536.51475475031,-104.63079409043632,52624.30237315236,-309.9603156947843,0,0
21.92,2274,91518374,35423,52268,-1,1,0,35525.28282737661,-108.20523724864326,52591.953127488174,-335.856807298955,0,0
21.96,2275,91558374,35407,52234,-1,1,0,35515.00838436346,-106.53527167104482,52562.1453244474,-323.88239024196594,0,0
22.0,2276,91598374,35410,52246,-1,1,0,35505.77620038692,-90.71249992348638,52535.162154849844,-284.1878866878563,0,0
22.04,2277,91638374,35449,52317,-1,1,0,35497.64603733072,-54.72086905117053,52511.20956976119,-196.17894780815442,0,0
22.08,2278,91678374,35450,52349,-1,1,0,35490.65659621709,-37.373845681392694,52490.426309020644,-146.7951448355606,0,0
22.12,2279,91718374,35439,52299,-1,1,0,35484.831044291925,-44.55841509865159,52472.898004086324,-164.023673201972,0,0
22.16,2280,91758374,35429,52292,-1,1,0,35480.18050333543,-52.28172558860281,52458.666779842,-168.6210798404921,0,0
22.2,2281,91798374,35426,52320,-1,1,0,35476.70447456362,-47.66524538895946,52447.73406090233,-122.83963387886885,0,0
22.24,2282,91838374,35446,52381,-1,1,0,35474.39051607509,-26.928214689362278,52440.06355922771,-54.99109766982377,0,0
22.28,2283,91878374,35472,52438,-1,1,0,35473.215695482584,-0.7092903458776902,52435.59014530172,7.6987251404533765,0,0
22.32,2284,91918374,35488,52489,-1,1,0,35473.150588375676,18.631258393737,52434.23352979575,60.64172424349525,0,0
22.36,2285,91958374,35506,52535,-1,1,0,35474.164511788695,33.06605643642767,52435.91293178528,108.27518961854324,0,0
22.4,2286,91998374,35523,52608,-1,1,0,35476.23038563748,48.44328171992035,52440.56077769632,163.13965804285777,0,0
22.44,2287,92038374,35547,52677,-1,1,0,35479.32902552923,70.74220454907612,52448.13635823245,251.91237600800704,0,0
22.48,2288,92078374,35557,52745,-1,1,0,35483.45326488437,78.85069198622338,52458.64060224047,285.9028422244695,1,1
22.52,2289,92118374,35518,52567,-1,1,0,35488.610798267466,21.04791489336452,52472.12743228149,80.26069803805109,0,0
22.56,2290,92158374,35404,52192,-1,1,0,35494.8216268045,-80.40285562871101,52488.695954373434,-268.9754186593185,0,0
22.6,2291,92198374,35370,52060,-1,1,0,35502.10642220574,-132.10932026507578,52508.45010495504,-452.4490824490155,0,0
22.64,2292,92238374,35387,52097,-1,1,0,35510.4700987448,-127.24698770765794,52531.44144982786,-442.836564114939,0,0
22.68,2293,92278374,35401,52163,-1,1,0,35519.89031961339,-117.07879913452824,52557.62887973972,-389.2156115185236,0,0
22.72,2294,92318374,35435,52292,-1,1,0,35530.314494391896,-90.57149425515226,52586.86833980077,-288.6753203430381,0,0
22.76,2295,92358374,35505,52479,-1,1,0,35541.66250045702,-41.32862146319586,52618.923752164774,-144.05768868561196,0,0
22.8,2296,92398374,35538,52588,-1,1,0,35553.83332373418,-12.350958531684057,52653.489985539854,-66.62159551026156,0,0
22.84,2297,92438374,35555,52612,-1,1,0,35566.713491594484,-12.68350229768997,52690.21876231905,-71.07664711597857,0,0
22.88,2298,92478374,35569,52676,-1,1,0,35580.183342606404,-7.42925389500067,52728.736530958144,-51.39704107781267,0,0
22.92,2299,92518374,35611,52802,-1,1,0,35594.12011107652,16.04654043020659,52768.6533076069,38.20798148191312,0,0
22.96,2300,92558374,35645,52949,-1,1,0,35608.400629144126,38.29112016718116,52809.572497080466,142.17487476062362,0,0
23.0,2301,92598374,35673,53054,-1,1,0,35622.905509968165,51.66977390479667,52851.108025382244,207.82052079238613,0,0
23.04,2302,92638374,35699,53122,-1,1,0,35637.52379263272,64.64183056738989,52892.90449413847,237.89575031151855,0,0
23.08,2303,92678374,35725,53181,-1,1,0,35652.15677771114,71.04166345150314,52934.653056120595,246.6041943363279,0,0
23.12,2304,92718374,35734,53228,-1,1,0,35666.72087714572,69.79468339772038,52976.10068615607,255.22492110813062,0,0
23.16,2305,92758374,35759,53306,-1,1,0,35681.14942449003,80.66121495259323,53017.05536782375,301.1079842191184,0,0
23.2,2306,92798374,35779,53363,-1,1,0,35695.39379525928,83.49482882023568,53057.39068990358,305.4630326137884,1,1
23.24,2307,92838374,35744,53230,-1,1,0,35709.42382262527,28.90190844202142,53097.04828638256,116.67761602606578,0,0
23.28,2308,92878374,35666,52954,-1,1,0,35723.22440275242,-49.66452674736163,53136.026056059265,-160.1417704219469,0,0
23.32,2309,92918374,35667,52918,-1,1,0,35736.785461938074,-73.81694809067525,53174.342651990315,-265.03298307248883,0,0
23.36,2310,92958374,35702,53022,-1,1,0,35750.08989685739,-51.135798138748115,53211.993693950826,-201.93346313819836,0,0
23.4,2311,92998374,35732,53120,-1,1,0,35763.10749806278,-30.334768108007644,53248.92745193461,-124.47902213536032,0,0
23.44,2312,93038374,35761,53226,-1,1,0,35775.796083855,-17.065380271499226,53285.0464128638,-65.59957825712314,0,0
23.48,2313,93078374,35783,53300,-1,1,0,35788.10543371044,-6.862475482465662,53320.22100284673,-27.05326208346454,0,0
23.52,2314,93118374,35796,53326,-1,1,0,35799.98085083524,-6.111999439474795,53354.30332969765,-31.66079726671991,0,0
23.56,2315,93158374,35803,53344,-1,1,0,35811.36536326622,-9.81477474720526,53387.13543016836,-50.21231732109525,0,0
23.6,2316,93198374,35817,53385,-1,1,0,35822.20046728156,-6.422291702343359,53418.55125888726,-33.37072729806451,0,0
23.64,2317,93238374,35839,53473,-1,1,0,35832.42632035968,3.9356802520726637,53448.37690793604,14.984751514362653,0,0
23.68,2318,93278374,35860,53543,-1,1,0,35841.98269873335,16.981893288142675,53476.434754642956,64.46467621853157,0,0
23.72,2319,93318374,35883,53615,-1,1,0,35850.811173111906,32.32175028179017,53502.55264606077,113.5307282987388,0,0
23.76,2320,93358374,35907,53694,-1,1,0,35858.85811003947,43.54322138692376,53526.57537468271,156.50377205866826,0,0
23.8,2321,93398374,35920,53747,-1,1,0,35866.07799613146,54.93412863586431,53548.3764660007,198.07905913563673,0,0
23.84,2322,93438374,35947,53817,-1,1,0,35872.43669086133,76.09811789189936,53567.86962596432,257.80904839771483,1,1
23.88,2323,93478374,35957,53844,-1,1,0,35877.914556229174,72.52491493198576,53585.01915790339,239.6211482913743,0,0
23.92,2324,93518374,35902,53657,-1,1,0,35882.50835908296,19.61040882308007,53599.84498232966,56.342408431583095,0,0
23.96,2325,93558374,35856,53472,-1,1,0,35886.22856658806,-26.64679896528895,53612.41147300182,-131.29828545061108,0,0
24.0,2326,93598374,35870,53480,-1,1,0,35889.09140929305,-25.89580695987498,53622.797473512735,-157.14347892807055,0,0
24.04,2327,93638374,35880,53545,-1,1,0,35891.11136614454,-10.180456169259664,53631.06596971687,-89.81070934136892,0,0
24.08,2328,93678374,35896,53613,-1,1,0,35892.29889392673,2.3576080250990756,53637.252845451854,-22.971442104735246,0,0
24.12,2329,93718374,35911,53677,-1,1,0,35892.6622540501,18.818433176352194,53641.3737827893,30.35683680160666,0,0
24.16,2330,93758374,35922,53696,-1,1,0,35892.21067635206,25.080112875328524,53643.43760896972,46.299391744095715,0,0
24.2,2331,93798374,35904,53671,-1,1,0,35890.9572436853,15.625341193695625,53643.45735759782,29.332547230037733,0,0
24.24,2332,93838374,35903,53671,-1,1,0,35888.92008454005,11.604583338994885,53641.4550452761,25.70884537059871,0,0
24.28,2333,93878374,35905,53684,-1,1,0,35886.12188593861,18.762084263083963,53637.461710897296,42.705529335769796,0,0
24.32,2334,93918374,35908,53700,-1,1,0,35882.58952388585,23.48789791828306,53631.517710016844,67.51619671950539,0,0
24.36,2335,93958374,35903,53727,-1,1,0,35878.35471445217,25.273804928459583,53623.67596697214,104.34129929395608,0,0
24.4,2336,93998374,35907,53756,-1,1,0,35873.45503630086,32.18836669400367,53614.007923543795,134.62445700528497,0,0
24.44,2337,94038374,35914,53761,-1,1,0,35867.93509723545,43.96342106427399,53602.61113608865,155.11283829795383,0,0
24.48,2338,94078374,35916,53775,-1,1,0,35861.84833656203,55.917058923364735,53589.61688852662,195.98545235427042,1,1
24.52,2339,94118374,35901,53757,-1,1,0,35855.2591228398,44.00401200144829,53575.19633869045,165.87063742479063,0,0
24.56,2340,94158374,35836,53514,-1,1,0,35848.24300257547,-18.976744987883166,53559.56090278674,-56.01274356496708,0,0
24.6,2341,94198374,35745,53222,-1,1,0,35840.8816681705,-89.4309520115194,53542.945303704684,-306.8450928591059,0,0
24.64,2342,94238374,35738,53188,-1,1,0,35833.25187477197,-100.37789573847616,53525.56887672326,-350.551225074828,0,0
24.68,2343,94278374,35756,53268,-1,1,0,35825.41425627041,-72.34087469426714,53507.59586945177,-251.25608046699023,0,0
24.72,2344,94318374,35767,53326,-1,1,0,35817.40915133587,-51.066583387203565,53489.12039642993,-159.95597904792447,0,0
24.76,2345,94358374,35776,53386,-1,1,0,35809.259221137785,-31.61458534511946,53470.17632245018,-87.86392312993665,0,0
24.8,2346,94398374,35793,53416,-1,1,0,35800.974336056795,-14.298856465560178,53450.7560532126,-44.32781117780399,0,0
24.84,2347,94438374,35777,53385,-1,1,0,35792.55624962401,-12.220964056169272,53430.827208187344,-44.546406005432,0,0
24.88,2348,94478374,35776,53378,-1,1,0,35784.00199123487,-10.937550946126095,53410.34292959508,-32.304354516150354,0,0
24.92,2349,94518374,35775,53409,-1,1,0,35775.30560075184,1.4703258841387878,53389.24683705315,16.331118016371377,0,0
24.96,2350,94558374,35782,53434,-1,1,0,35766.45949026138,12.489861002471507,53367.47837333244,63.895681554027306,0,0
25.0,2351,94598374,35773,53444,-1,1,0,35757.45651536902,18.290380068697843,53344.98181353652,107.99129499737367,0,0
25.04,2352,94638374,35777,53484,-1,1,0,35748.292271981125,28.4225832075364,53321.71716565507,154.662843009068,0,0
25.08,2353,94678374,35788,53500,-1,1,0,35738.96735372845,46.264499624839715,53297.671565015655,202.83347170890795,0,0
25.12,2354,94718374,35794,53529,-1,1,0,35729.49035422939,71.59155868661318,53272.87134357388,273.0864361210065,0,1
25.16,2355,94758374,35803,53530,-1,1,0,35719.881864348616,77.72306586249928,53247.394055047356,267.92016716163204,1,0
25.2,2356,94798374,35733,53281,-1,1,0,35710.17762869346,24.015420864466083,53221.37519915923,56.635658280902135,0,0
25.24,2357,94838374,35646,52978,-1,1,0,35700.42659421998,-53.93962029429827,53194.99640130372,-200.0783974090582,0,0
25.28,2358,94878374,35609,52911,-1,1,0,35690.68138242891,-77.10444710677577,53168.44898314497,-263.769698747522,0,0
25.32,2359,94918374,35637,52956,-1,1,0,35680.98642270164,-51.28043864324142,53141.892984639286,-195.17085607683998,0,0
25.36,2360,94958374,35634,52974,-1,1,0,35671.372070203564,-31.954190023419685,53115.43771244537,-130.70502713115945,0,0
25.4,2361,94998374,35641,53026,-1,1,0,35661.85590435525,-22.584406244393428,53089.145610143896,-65.0518009385185,0,0
25.44,2362,95038374,35642,53056,-1,1,0,35652.44648416946,-7.744487227233582,53063.04607363623,-8.711580127744355,0,0
25.48,2363,95078374,35647,53032,-1,1,0,35643.146782422074,1.1571923787070464,53037.150263839445,-1.7076657811251508,0,0
25.52,2364,95118374,35634,53006,-1,1,0,35633.95713940554,4.1085708571164865,53011.46209751729,-3.1191936740436788,0,0
25.56,2365,95158374,35643,53020,-1,1,0,35624.87756280624,18.98751079270872,52985.98376697994,40.9849427599789,0,0
25.6,2366,95198374,35655,53075,-1,1,0,35615.90989036133,39.31923704896192,52960.72044023824,110.73172254815404,0,0
25.64,2367,95238374,35656,53093,-1,1,0,35607.06094308463,50.38483418531705,52935.68968678292,170.2498309782052,0,0
25.68,2368,95278374,35656,53128,-1,1,0,35598.346323520076,62.19277790124403,52910.93512515047,215.63648288785598,0,0
25.72,2369,95318374,35676,53151,-1,1,0,35589.79393245163,82.35036533024578,52886.540604289,266.23016603241524,0,0
25.76,2370,95358374,35673,53178,-1,1,0,35581.447607073824,99.87915779620306,52862.64354293613,335.1640277541174,1,1
25.8,2371,95398374,35660,53153,-1,1,0,35573.3707634999,83.53422559637417,52839.44696562666,302.6366025863092,0,0
25.84,2372,95438374,35572,52855,-1,1,0,35565.647259007266,5.087318586456313,52817.223760014196,32.752900325611336,0,0
25.88,2373,95478374,35462,52479,-1,1,0,35558.37507110386,-89.70822083006713,52796.29759321417,-294.2286509572772,0,0
25.92,2374,95518374,35429,52377,-1,1,0,35551.65167645844,-126.08322603382372,52776.99412280159,-410.9670182501567,0,0
25.96,2375,95558374,35441,52409,-1,1,0,35545.55792234624,-104.12557540252986,52759.58589741649,-357.0320839867073,0,0
26.0,2376,95598374,35474,52469,-1,1,0,35540.14959637716,-64.38108497093853,52744.26228566491,-263.4764056859076,0,0
26.04,2377,95638374,35505,52577,-1,1,0,35535.45883741668,-31.9373159424644,52731.129993408686,-160.35698222041913,0,0
26.08,2378,95678374,35510,52623,-1,1,0,35531.500845618895,-19.860003118464796,52720.23042847824,-98.22692821448734,0,0
26.12,2379,95718374,35504,52604,-1,1,0,35528.28044603753,-24.60674693893793,52711.55998677486,-102.92538317264439,0,0
26.16,2380,95758374,35495,52594,-1,1,0,35525.795493014215,-29.480639972723452,52705.08347029459,-112.18264281752691,0,0
26.2,2381,95798374,35500,52619,-1,1,0,35524.03742705866,-23.2512967766313,52700.73881886081,-75.94441395835662,0,0
26.24,2382,95838374,35515,52694,-1,1,0,35522.99130348454,-7.380377282654422,52698.44007318113,-5.308905995102407,0,0
26.28,2383,95878374,35531,52759,-1,1,0,35522.63723771834,10.490588260439466,52698.08561913977,69.11492730248656,0,0
26.32,2384,95918374,35544,52817,-1,1,0,35522.95345885678,21.900677809928467,52699.572219534246,120.68294722870681,0,0
26.36,2385,95958374,35551,52854,-1,1,0,35523.91984801175,26.83558857025126,52702.81053272927,148.8904112404216,0,0
26.4,2386,95998374,35566,52900,-1,1,0,35525.52099506955,44.45156591173071,52707.73849162548,208.86602658982932,0,0
26.44,2387,96038374,35593,52976,-1,1,0,35527.74904487271,68.10702748783956,52714.33270467019,267.11405623128087,1,1
26.48,2388,96078374,35575,52881,-1,1,0,35530.60675935432,38.36883470429993,52722.618049715515,139.8468999458499,0,0
26.52,2389,96118374,35483,52564,-1,1,0,35534.10797705299,-45.75618556501619,52732.665704507854,-145.30292670604632,0,0
26.56,2390,96158374,35441,52439,-1,1,0,35538.27070632635,-93.21878467853915,52744.56578904883,-302.51947837184946,0,0
26.6,2391,96198374,35469,52498,-1,1,0,35543.10469842941,-79.94743765022676,52758.38336356876,-272.70489457955296,0,0
26.64,2392,96238374,35486,52552,-1,1,0,35548.60242799883,-61.56944186404387,52774.126875325805,-215.91787125873148,0,0
26.68,2393,96278374,35505,52625,-1,1,0,35554.73780387024,-44.01441056482074,52791.74196759678,-160.27572966153338,0,0
26.72,2394,96318374,35546,52723,-1,1,0,35561.46932209321,-21.429665142341285,52811.12046561713,-94.10948490836671,0,0
26.76,2395,96358374,35543,52746,-1,1,0,35568.74434577074,-23.226201666489743,52832.11364736211,-85.03645663812196,0,0
26.8,2396,96398374,35536,52732,-1,1,0,35576.50243780827,-39.470812091997054,52854.54325992383,-119.88476646713153,0,0
26.84,2397,96438374,35552,52775,-1,1,0,35584.67594191493,-32.72521765533725,52878.20552311792,-99.56061200915647,0,0
26.88,2398,96478374,35588,52898,-1,1,0,35593.18940935613,-4.611206899239562,52902.871815039274,-5.262119222267245,0,0
26.92,2399,96518374,35625,53024,-1,1,0,35601.96141368588,23.026125308003188,52928.29597678253,97.08815075529259,0,0
26.96,2400,96558374,35653,53114,-1,1,0,35610.909461516814,44.36351220719491,52954.231504568445,167.6324711436149,0,0
27.0,2401,96598374,35677,53182,-1,1,0,35619.95591967401,57.404491235835664,52980.45213979685,199.59605109125823,0,0
27.04,2402,96638374,35688,53214,-1,1,0,35629.03297322402,57.318805102445175,53006.768442822635,208.38926061538476,0,0
27.08,2403,96678374,35697,53273,-1,1,0,35638.085787171774,62.43300884452722,53033.03818030525,249.71053891005369,0,0
27.12,2404,96718374,35719,53327,-1,1,0,35647.0741234419,75.51544576703613,53059.17296945235,273.28828382542997,1,1
27.16,2405,96758374,35708,53220,-1,1,0,35655.973194397455,41.395102618796244,53085.14202869197,109.16633191232566,0,0
27.2,2406,96798374,35614,52909,-1,1,0,35664.7720551141,-40.61649944490039,53110.96332691665,-171.89580851254178,0,0
27.24,2407,96838374,35592,52850,-1,1,0,35673.46562393992,-84.21963614986078,53136.67090649911,-297.9525447690753,0,0
27.28,2408,96878374,35620,52930,-1,1,0,35682.04235619751,-66.08243798793713,53162.270866699924,-243.7530569264622,0,0
27.32,2409,96918374,35652,53027,-1,1,0,35690.47619099413,-34.07392086624644,53187.71473871909,-148.4034956346199,0,0
27.36,2410,96958374,35692,53162,-1,1,0,35698.72681726857,-12.008091707419432,53212.90021875494,-62.07158666378679,0,0
27.4,2411,96998374,35703,53222,-1,1,0,35706.744662040284,0.030842955954380358,53237.68741080102,-15.477852781633047,0,0
27.44,2412,97038374,35726,53251,-1,1,0,35714.476082421614,7.220296099927566,53261.91676835281,-12.219838421780551,0,0
27.48,2413,97078374,35738,53293,-1,1,0,35721.867034072435,18.812792131798755,53285.42099674482,5.873759719672989,0,0
27.52,2414,97118374,35765,53366,-1,1,0,35728.86579311606,34.78060558064333,53308.03137764516,59.80831874850128,0,0
27.56,2415,97158374,35783,53452,-1,1,0,35735.425825783364,45.12461800332104,53329.58452618493,113.37670573951671,0,0
27.6,2416,97198374,35790,53494,-1,1,0,35741.50892806441,52.47220765127394,53349.93274001051,154.57753703288427,0,0
27.64,2417,97238374,35811,53565,-1,1,0,35747.08792593238,60.326830501367006,53368.95567679059,187.90120095218512,1,1
27.68,2418,97278374,35804,53565,-1,1,0,35752.14856935728,52.198836264888925,53386.570199562266,180.78862113801077,0,0
27.72,2419,97318374,35789,53557,-1,1,0,35756.690156658005,30.919522655645107,53402.73614705638,145.7620215044978,0,0
27.76,2420,97358374,35785,53553,-1,1,0,35760.72403097177,25.784139625548676,53417.45646669807,152.28784359451512,0,0
27.8,2421,97398374,35792,53584,-1,1,0,35764.270779585175,26.40908129002554,53430.77375711383,134.00549472068658,0,0
27.84,2422,97438374,35764,53415,-1,1,0,35767.35779439344,-10.099936164703124,53442.76499027148,-33.43747113149132,0,0
27.88,2423,97478374,35698,53214,-1,1,0,35770.01576288671,-65.38689161821424,53453.526961154515,-226.2364195049244,0,0
27.92,2424,97518374,35699,53227,-1,1,0,35772.271513760024,-80.2968651744485,53463.146869854936,-251.47991622861218,0,0
27.96,2425,97558374,35720,53318,-1,1,0,35774.13988950038,-53.287942489834286,53471.67285266748,-159.43795910305573,0,0
28.0,2426,97598374,35759,53410,-1,1,0,35775.62062524423,-19.91015062604083,53479.10468648129,-67.13841231171602,0,0
28.04,2427,97638374,35779,53492,-1,1,0,35776.70164065467,2.972407803160264,53485.40492191546,-1.4605283745100692,0,0
28.08,2428,97678374,35791,53514,-1,1,0,35777.365109602746,10.068509021100093,53490.51706377971,19.93234818141466,0,0
28.12,2429,97718374,35780,53502,-1,1,0,35777.59242437051,3.192764997849306,53494.38008937202,4.504929247418694,0,0
28.16,2430,97758374,35777,53499,-1,1,0,35777.36628779023,-3.106123997697569,53496.93502404976,1.011606502157676,0,0
28.2,2431,97798374,35780,53531,-1,1,0,35776.67054875627,4.6747098258045465,53498.12582900562,26.907402603697943,0,0
28.24,2432,97838374,35803,53562,-1,1,0,35775.49002592442,24.192968903652158,53497.90056958598,64.29030384492793,0,0
28.28,2433,97878374,35814,53597,-1,1,0,35773.81221944192,42.55352009123812,53496.21624657419,98.7648191903631,0,0
28.32,2434,97918374,35826,53622,-1,1,0,35771.63078895908,50.29708750539464,53493.04631579737,123.40072998224348,0,0
28.36,2435,97958374,35821,53647,-1,1,0,35768.94917119574,53.81429418045764,53488.38880644271,158.7528873311877,0,0
28.4,2436,97998374,35821,53676,-1,1,0,35765.782990790125,56.71815963237404,53482.27416633778,200.56696705295886,1,1
28.44,2437,98038374,35800,53626,-1,1,0,35762.16085591044,30.85665354646769,53474.771924988185,131.84872379627603,0,0
28.48,2438,98078374,35725,53381,-1,1,0,35758.1225318901,-28.7786111192188,53465.98993022373,-81.98851607422137,0,0
28.52,2439,98118374,35686,53209,-1,1,0,35753.712480498754,-69.6193508009949,53456.05567520249,-238.4054392937258,0,0
28.56,2440,98158374,35686,53246,-1,1,0,35748.97005609655,-64.94163918415927,53445.08257390523,-216.3881109612444,0,0
28.6,2441,98198374,35705,53305,-1,1,0,35743.922208414486,-39.50346676123017,53433.143373958745,-127.87672354795912,0,0
28.64,2442,98238374,35725,53363,-1,1,0,35738.58255289263,-13.654987686273977,53420.26636489754,-54.37090159204993,0,0
28.68,2443,98278374,35739,53415,-1,1,0,35732.95528218548,4.4236678963086735,53406.44798741387,0.10579286483714156,0,0
28.72,2444,98318374,35736,53409,-1,1,0,35727.040405402215,9.11371064369003,53391.6689562061,17.645495691961514,0,0
28.76,2445,98358374,35727,53394,-1,1,0,35720.8376968948,5.630480979591969,53375.9065628882,19.35725199825032,0,0
28.8,2446,98398374,35723,53407,-1,1,0,35714.3484610471,7.8391631257050385,53359.14125081287,44.90629341891405,0,0
28.84,2447,98438374,35728,53427,-1,1,0,35707.57609995533,22.956607148399193,53341.360725525,87.8667711933872,0,0
28.88,2448,98478374,35741,53450,-1,1,0,35700.527269701204,37.13244868266432,53322.56596080892,126.39028984733326,0,0
28.92,2449,98518374,35727,53447,-1,1,0,35693.21425092169,36.32101201463965,53302.77951001458,148.82372947946337,0,0
28.96,2450,98558374,35724,53459,-1,1,0,35685.657262638946,36.97161628765139,53282.05383391618,167.31393314094623,0,0
29.0,2451,98598374,35735,53471,-1,1,0,35677.88585426717,59.311990926723304,53260.47866701796,227.61711077594015,0,0
29.04,2452,98638374,35748,53519,-1,1,0,35669.940733629344,77.97687692056795,53238.189006322275,274.85691300618464,1,1
29.08,2453,98678374,35706,53364,-1,1,0,35661.87649337353,40.905713427488124,53215.37291568681,136.00728168204768,0,0
29.12,2454,98718374,35613,53038,-1,1,0,35653.76137102745,-39.77261112215604,53192.267720650074,-142.5643545593836,0,0
29.16,2455,98758374,35557,52876,-1,1,0,35645.66959512233,-84.60258250193999,53169.13135498954,-289.00149334469165,0,0
29.2,2456,98798374,35574,52910,-1,1,0,35637.66899605633,-70.8516319179057,53146.19889300654,-253.73146389509617,0,0
29.24,2457,98838374,35581,52931,-1,1,0,35629.81245045474,-45.66446681998774,53123.65269191502,-187.70467804008666,0,0
29.28,2458,98878374,35591,52970,-1,1,0,35622.13710698311,-31.537330606798538,53101.617980810675,-126.83851224291594,0,0
29.32,2459,98918374,35590,53013,-1,1,0,35614.66780825615,-26.88652647605839,53080.17318146529,-78.20846589934102,0,0
29.36,2460,98958374,35573,52965,-1,1,0,35607.420327857275,-32.329606493706095,53059.362879921806,-91.75968850200735,0,0
29.4,2461,98998374,35566,52919,-1,1,0,35600.402708073794,-36.17876513544323,53039.206283207335,-116.57946225524601,0,0
29.44,2462,99038374,35567,52950,-1,1,0,35593.6151485845,-24.31697827448621,53019.69883013123,-70.8631223089648,0,0
29.48,2463,99078374,35592,53027,-1,1,0,35587.05048087774,4.022628981853622,53000.813735196374,27.495876834464326,0,0
29.52,2464,99118374,35617,53105,-1,1,0,35580.697218068155,38.7415226586898,52982.51220906092,127.8729784757771,0,0
29.56,2465,99158374,35641,53171,-1,1,0,35574.545447874865,66.56404635343758,52964.76258032953,208.0547219067514,0,0
29.6,2466,99198374,35653,53219,-1,1,0,35568.59405115071,84.74479874405498,52947.56241933861,271.9074241261562,0,0
29.64,2467,99238374,35657,53244,-1,1,0,35562.85727343255,99.39905505920498,52930.95868682418,328.623480691257,1,1
29.68,2468,99278374,35649,53214,-1,1,0,35557.369364231236,89.09469412595271,52915.06300706119,293.24119524695254,0,0
29.72,2469,99318374,35576,52972,-1,1,0,35552.18586982997,24.12336232395741,52900.05653681357,67.19564831078178,0,0
29.76,2470,99358374,35484,52655,-1,1,0,35547.37867234857,-59.07627588822372,52886.173293217034,-211.06237625165738,0,0
29.8,2471,99398374,35448,52558,-1,1,0,35543.02364937564,-96.4986628072935,52873.6582624024,-324.73661555335565,0,0
29.84,2472,99438374,35452,52569,-1,1,0,35539.18632732974,-86.25246932769672,52862.71950652084,-292.5694543083961,0,0
29.88,2473,99478374,35471,52622,-1,1,0,35535.91321975635,-64.88811075957548,52853.50001819893,-229.61034818595598,0,0
29.92,2474,99518374,35486,52678,-1,1,0,35533.23088766785,-46.94069900269507,52846.07463209291,-163.14486172909324,0,0
29.96,2475,99558374,35499,52735,-1,1,0,35531.149373198234,-29.029260366882284,52840.46088113296,-110.37071884780997,0,0
30.0,2476,99598374,35515,52738,-1,1,0,35529.66659962766,-18.141015050798217,52836.63323308272,-91.17441074999873,0,0
30.04,2477,99638374,35507,52762,-1,1,0,35528.77223062414,-17.03343673035925,52834.534763236894,-73.13773045012513,0,0
30.08,2478,99678374,35521,52809,-1,1,0,35528.450315035065,-8.341668698887858,52834.08509312876,-18.21143381469639,0,0
30.12,2479,99718374,35543,52901,-1,1,0,35528.68118951423,16.352500137591534,52835.188650747805,66.38401684873034,0,0
30.16,2480,99758374,35569,52975,-1,1,0,35529.4444131768,41.84105500055627,52837.74768962779,145.98026037278458,0,0
30.2,2481,99798374,35581,53028,-1,1,0,35530.72334987741,49.14899608423369,52841.679462429754,187.47760769419287,0,0
30.24,2482,99838374,35577,53049,-1,1,0,35532.50971056701,47.19538856710302,52846.93269876575,203.51015183077453,0,0
30.28,2483,99878374,35593,53085,-1,1,0,35534.80633590009,62.08939800783223,52853.49956739381,247.85078097716425,0,0
30.32,2484,99918374,35608,53117,-1,1,0,35537.62876918525,68.47812873051986,52861.42357282838,253.02146047478868,1,1
30.36,2485,99958374,35556,52951,-1,1,0,35541.006245471486,14.226051250607949,52870.80283897574,67.26007980156055,0,0
30.4,2486,99998374,35474,52650,-1,1,0,35544.97878689888,-68.03636975628734,52881.778584576,-207.0089261641645,0,0
30.44,2487,100038374,35444,52571,-1,1,0,35549.587044495514,-102.31646647078296,52894.49961745525,-330.9528082168838,0,0
30.48,2488,100078374,35465,52591,-1,1,0,35554.85901389173,-97.4306420037667,52909.07672941267,-328.9051313134979,0,0
30.52,2489,100118374,35462,52604,-1,1,0,35560.801371858484,-93.82665539096973,52925.552059554684,-311.9152176267196,0,0
30.56,2490,100158374,35490,52688,-1,1,0,35567.39721383747,-76.61988124686452,52943.88977883153,-254.69855947313715,0,0
30.6,2491,100198374,35532,52796,-1,1,0,35574.6075432584,-45.77749317285212,52963.9801586052,-179.74008454543298,0,0
30.64,2492,100238374,35551,52839,-1,1,0,35582.375325961555,-30.40641265789867,52985.65145407619,-138.1199950156692,0,0
30.68,2493,100278374,35568,52927,-1,1,0,35590.63080291959,-19.49691689742977,53008.684583638584,-80.41619372242062,0,0
30.72,2494,100318374,35607,53053,-1,1,0,35599.296085112604,5.2340505498473675,53032.82733952561,16.35418712036801,0,0
30.76,2495,100358374,35636,53156,-1,1,0,35608.289439156215,30.526275782159153,53057.8108150309,105.97610243596398,0,0
30.8,2496,100398374,35663,53252,-1,1,0,35617.530395066125,46.183493158152636,53083.36937854065,168.65818244446174,0,0
30.84,2497,100438374,35682,53308,-1,1,0,35626.944928298464,55.75896481030361,53109.26029539536,205.07030818755064,0,0
30.88,2498,100478374,35694,53349,-1,1,0,35636.469497853,60.79995402682963,53135.278956814866,214.4041318709605,0,0
30.92,2499,100518374,35713,53386,-1,1,0,35646.05367647389,63.4763452209407,53161.26845875339,227.4527706324154,0,0
30.96,2500,100558374,35721,53451,-1,1,0,35655.66182723791,73.11120990980842,53187.12530420491,275.09303306800535,1,1
31.0,2501,100598374,35740,53478,-1,1,0,35665.27434032246,71.70198089241444,53212.80432274717,263.0435340862369,0,0
31.04,2502,100638374,35698,53315,-1,1,0,35674.887890367856,19.7446060166818,53238.32040418378,63.91215607624761,0,0
31.08,2503,100678374,35622,53046,-1,1,0,35684.51178948758,-53.97434468119599,53263.73482104161,-194.68714872956488,0,0
31.12,2504,100718374,35615,53012,-1,1,0,35694.15807141855,-85.66638175510636,53289.118821164215,-288.605301977133,0,0
31.16,2505,100758374,35627,53079,-1,1,0,35703.82934794526,-75.6666162356901,53314.51108719702,-243.72779822854955,0,0
31.2,2506,100798374,35664,53160,-1,1,0,35713.51164317175,-48.67772942221203,53339.894228172714,-170.53756731782784,0,0
31.24,2507,100838374,35705,53281,-1,1,0,35723.17443067526,-19.935177849012295,53365.19534139424,-90.7167573810247,0,0
31.28,2508,100878374,35725,53353,-1,1,0,35732.77521355887,-9.52106358656533,53390.299650291396,-44.622989661354545,0,0
31.32,2509,100918374,35729,53370,-1,1,0,35742.26478459893,-11.376533329953853,53415.066455549604,-38.42556356653928,0,0
31.36,2510,100958374,35749,53428,-1,1,0,35751.59041899406,-4.136507517502885,53439.340454228375,-16.028859029845805,0,0
31.4,2511,100998374,35771,53491,-1,1,0,35760.69737200435,8.80908166743249,53462.958178705696,24.006769036601227,0,0
31.44,2512,101038374,35786,53545,-1,1,0,35769.53060594991,18.501748884098998,53485.75437217233,63.80790117395594,0,0
31.48,2513,101078374,35807,53621,-1,1,0,35778.03716743193,26.568084096861313,53507.5704873081,111.8278278219263,0,0
31.52,2514,101118374,35820,53679,-1,1,0,35786.16860157341,34.78219281579279,53528.26459645976,148.7633289941421,0,0
31.56,2515,101158374,35836,53699,-1,1,0,35793.88314990324,43.04566569761106,53547.72140441451,155.30908857762677,0,0
31.6,2516,101198374,35851,53730,-1,1,0,35801.147728087395,46.12163953892823,53565.85987561875,158.3656189426123,0,0
31.64,2517,101238374,35853,53771,-1,1,0,35807.93961538953,48.16408695668685,53582.6376577413,194.8061899881465,0,0
31.68,2518,101278374,35864,53810,-1,1,0,35814.24755059214,50.460513509649815,53598.054796811826,214.08393030310936,1,1
31.72,2519,101318374,35848,53719,-1,1,0,35820.071848248044,20.858986477596957,53612.15666008061,87.66844787007793,0,0
31.76,2520,101358374,35785,53469,-1,1,0,35825.42222199719,-36.208858031159046,53625.02716705903,-141.37830512691463,0,0
31.8,2521,101398374,35765,53379,-1,1,0,35830.31127836262,-63.26203199830634,53636.7626983469,-260.2536339891009,0,0
31.84,2522,101438374,35786,53427,-1,1,0,35834.745496840624,-59.579042573556826,53647.43537563225,-235.27747819757155,0,0
31.88,2523,101478374,35775,53475,-1,1,0,35838.71906822178,-54.50242653154079,53657.06831723297,-177.6303354091288,0,0
31.92,2524,101518374,35819,53573,-1,1,0,35842.21251739813,-31.69251132625261,53665.63245840424,-95.39447521257065,0,0
31.96,2525,101558374,35852,53687,-1,1,0,35845.194952887614,12.119054607374611,53673.05817830546,10.360060921698913,0,0
32.0,2526,101598374,35893,53743,-1,1,0,35847.62968132741,39.47320593729523,53679.25415636567,58.90330027795125,0,0
32.04,2527,101638374,35877,53712,-1,1,0,35849.481470547245,29.40834803554897,53684.126156395694,28.191250778424475,0,0
32.08,2528,101678374,35858,53681,-1,1,0,35850.72125494218,7.057611125043422,53687.587000829844,-6.985909115719387,0,0
32.12,2529,101718374,35855,53700,-1,1,0,35851.32601959388,3.016234656705194,53689.556096711094,8.386907711633654,0,0
32.16,2530,101758374,35872,53755,-1,1,0,35851.27642425004,18.991785907918427,53689.95665111852,63.405520941724426,0,0
32.2,2531,101798374,35895,53820,-1,1,0,35850.55635646253,47.416745171734036,53688.71901005808,133.50980547041195,0,0
32.24,2532,101838374,35923,53883,-1,1,0,35849.15593853958,70.77618651509258,53685.79150272474,194.55439390935788,0,0
32.28,2533,101878374,35920,53912,-1,1,0,35847.07659756343,71.04094418319475,53681.15501569298,227.30192850707192,1,0
32.32,2534,101918374,35904,53914,-1,1,0,35844.33531748657,64.48253077472087,53674.83643555675,243.8129489461207,0,1
32.36,2535,101958374,35899,53875,-1,1,0,35840.965910295396,52.88957813029123,53666.917014905455,207.0908342881272,0,0
32.4,2536,101998374,35840,53695,-1,1,0,35837.017207819204,0.4088474620140232,53657.53167429219,18.684855706604935,0,0
32.44,2537,102038374,35758,53393,-1,1,0,35832.54739822565,-73.06765721645922,53646.851871836894,-243.71359470629812,0,0
32.48,2538,102078374,35727,53287,-1,1,0,35827.61327360324,-102.17007896359013,53635.04801356704,-351.28841219270396,0,0
32.52,2539,102118374,35746,53362,-1,1,0,35822.258213939174,-81.99909750372166,53622.24636006187,-279.4370119378,0,0
32.56,2540,102158374,35764,53430,-1,1,0,35816.50591382004,-50.24657695453595,53608.5060241794,-173.34987029149806,0,0
32.6,2541,102198374,35789,53503,-1,1,0,35810.36180020932,-26.849882226954154,53593.82325383407,-99.15164274006906,0,0
32.64,2542,102238374,35786,53519,-1,1,0,35803.81839064249,-17.705722516630118,53578.149134364685,-69.40621287744855,0,0
32.68,2543,102278374,35780,53488,-1,1,0,35796.860328236595,-19.19465495104214,53561.406091399345,-70.42806200433864,0,0
32.72,2544,102318374,35772,53503,-1,1,0,35789.467089313934,-19.87766521675615,53543.4972664133,-51.091823009680866,0,0
32.76,2545,102358374,35771,53527,-1,1,0,35781.61385284376,-9.973462352082786,53524.311274389845,4.178913212655036,0,0
32.8,2546,102398374,35787,53575,-1,1,0,35773.27236984022,10.483149915020041,53503.7286812871,66.19117830495077,0,0
32.84,2547,102438374,35795,53598,-1,1,0,35764.41337424857,31.438695526805297,53481.63290757021,113.31630510897251,0,0
32.88,2548,102478374,35802,53606,-1,1,0,35755.0106047691,45.5592330685257,53457.923220583456,153.40263283118765,0,0
32.92,2549,102518374,35797,53628,-1,1,0,35745.045128377744,51.71215572086815,53432.526678515205,187.07320726147861,0,0
32.96,2550,102558374,35793,53629,-1,1,0,35734.50873384909,57.177568119994405,53405.408423008455,222.57235772723175,0,0
33.0,2551,102598374,35798,53663,-1,1,0,35723.40635259987,75.87066461002065,53376.58157514797,298.1697911449854,0,0
33.04,2552,102638374,35800,53683,-1,1,0,35711.758464327846,89.57739104144696,53346.11807406259,326.19370165075026,1,1
33.08,2553,102678374,35760,53475,-1,1,0,35699.60351724354,51.78867732610817,53314.15749233015,148.98166375262247,0,0
33.12,2554,102718374,35658,53143,-1,1,0,35686.99717694681,-19.77064873378623,53280.90044463453,-119.88938458649687,0,0
33.16,2555,102758374,35622,53016,-1,1,0,35674.004853540326,-57.83113168731359,53246.576011258614,-240.99345466394803,0,0
33.2,2556,102798374,35602,52993,-1,1,0,35660.69022011412,-58.954215599767664,53211.397795023455,-230.01436439785763,0,0
33.24,2557,102838374,35599,52981,-1,1,0,35647.10675803637,-49.93466453041242,53175.53486555509,-187.1857358575005,0,0
33.28,2558,102878374,35604,53039,-1,1,0,35633.29524397843,-24.737571910802714,53139.10539041236,-103.44431216073423,0,0
33.32,2559,102918374,35631,53092,-1,1,0,35619.28578683887,3.9943446811696077,53102.18551641262,-17.6441466154046,0,0
33.36,2560,102958374,35610,53063,-1,1,0,35605.10261798967,10.757756053982234,53064.825699319954,2.198583419244251,0,0
33.4,2561,102998374,35597,53016,-1,1,0,35590.76888487704,4.25158598699981,53027.06582794621,-11.897314394782356,0,0
33.44,2562,103038374,35577,52985,-1,1,0,35576.30887182503,0.24220529758344256,52988.94265742671,-1.3928313532565397,0,0
33.48,2563,103078374,35563,52991,-1,1,0,35561.74800231447,5.680048949898998,52950.49201621111,41.97851255455368,0,0
33.52,2564,103118374,35575,53014,-1,1,0,35547.11274743471,24.82090426036713,52911.75278066913,108.14770756160291,0,0
33.56,2565,103158374,35578,53052,-1,1,0,35532.4322985838,51.91301624587147,52872.77643071146,184.81240564748444,0,0
33.6,2566,103198374,35591,53067,-1,1,0,35517.74256160301,72.16615194260334,52833.64142344052,240.04272108016494,0,0
33.64,2567,103238374,35578,53052,-1,1,0,35503.09125812681,76.27039178691874,52794.46876659023,258.737766307334,0,0
33.68,2568,103278374,35572,53052,-1,1,0,35488.542291405895,87.63439806945772,52755.43502559331,307.4975978028552,0,0
33.72,2569,103318374,35588,53102,-1,1,0,35474.178925401866,118.11554505912304,52716.783029994454,404.275389738271,1,1
33.76,2570,103358374,35571,53056,-1,1,0,35460.106982804115,106.21329438158918,52678.833335779025,356.33875270399415,0,0
33.8,2571,103398374,35462,52696,-1,1,0,35446.456583613995,19.129521861941072,52641.98981660861,70.59604064815835,0,0
33.84,2572,103438374,35365,52399,-1,1,0,35433.376616228576,-63.21842283831232,52606.72072120302,-194.35928199361857,0,0
33.88,2573,103478374,35342,52323,-1,1,0,35421.02064002754,-83.06365526425512,52573.51210549947,-263.3449982349889,0,0
33.92,2574,103518374,35329,52274,-1,1,0,35409.532284025016,-80.3387787406605,52542.81988084735,-267.7296589750304,0,0
33.96,2575,103558374,35310,52217,-1,1,0,35399.03726498785,-86.73564877339655,52515.04271998343,-292.9110894627605,0,0
34.0,2576,103598374,35299,52193,-1,1,0,35389.64070527753,-93.39024285719927,52490.5117303402,-303.02480633289247,0,0
34.04,2577,103638374,35281,52160,-1,1,0,35381.42581801964,-99.25278651098087,52469.48573475901,-312.300422745501,0,0
34.08,2578,103678374,35271,52115,-1,1,0,35374.45253900255,-105.5966732425863,52452.14801930441,-338.3261739768876,0,0
34.12,2579,103718374,35264,52092,-1,1,0,35368.75616295449,-103.09055784686552,52438.60290128392,-346.19119315167006,0,0
34.16,2580,103758374,35273,52117,-1,1,0,35364.34654904427,-91.92153877028717,52428.872338305235,-316.44961584152117,0,0
34.2,2581,103798374,35283,52164,-1,1,0,35361.20870156961,-80.66192514929666,52422.89612484472,-255.21471793316903,0,0
34.24,2582,103838374,35298,52264,-1,1,0,35359.304989636825,-55.86899544211205,52420.53905498692,-157.6916105570839,0,0
34.28,2583,103878374,35353,52385,-1,1,0,35358.57913465328,-7.383569385503748,52421.60622492749,-29.55616909315512,0,0
34.32,2584,103918374,35392,52511,-1,1,0,35358.962930286,34.26973205025092,52425.86594318368,85.02418032641526,0,0
34.36,2585,103958374,35401,52571,-1,1,0,35360.385285128556,44.066926667307186,52433.07670663272,144.89774508737878,0,0
34.4,2586,103998374,35410,52629,-1,1,0,35362.780188517136,44.56541677191994,52443.0118263835,185.8889103979297,0,0
34.44,2587,104038374,35429,52714,-1,1,0,35366.09137586027,72.35428987107339,52455.47804772812,276.94338603880374,0,0
34.48,2588,104078374,35468,52787,-1,1,0,35370.27555821492,96.12793697799233,52470.330741139835,319.23758917717964,1,1
34.52,2589,104118374,35417,52623,-1,1,0,35375.305733892324,36.567844657536696,52487.48536617287,117.95824422555478,0,0
34.56,2590,104158374,35300,52270,-1,1,0,35381.17011161381,-69.67279530736366,52506.91104829157,-201.4897307685818,0,0
34.6,2591,104198374,35280,52211,-1,1,0,35387.86115281378,-108.47282685571936,52528.59372525984,-324.5792324545745,0,0
34.64,2592,104238374,35317,52296,-1,1,0,35395.359845037296,-83.64889147935234,52552.48659543719,-262.3149700180574,0,0
34.68,2593,104278374,35340,52385,-1,1,0,35403.62669459987,-55.133903743417605,52578.481171240055,-182.22747187318043,0,0
34.72,2594,104318374,35392,52513,-1,1,0,35412.60249957493,-23.474188332955947,52606.407648613334,-87.19264599020474,0,0
34.76,2595,104358374,35428,52649,-1,1,0,35422.214275320446,8.605850950542603,52636.051333587835,8.123515389072907,0,0
34.8,2596,104398374,35449,52686,-1,1,0,35432.382508095565,17.171859019454914,52667.17371345942,26.704311117354933,0,0
34.84,2597,104438374,35446,52688,-1,1,0,35443.02702800189,3.9203468310928002,52699.5296066215,-8.029029448626972,0,0
34.88,2598,104478374,35447,52721,-1,1,0,35454.06934265785,-4.1677054745255475,52732.874040667986,-9.152502640223304,0,0
34.92,2599,104518374,35478,52812,-1,1,0,35465.43212511489,12.833853969435445,52766.96230355545,54.448899304339534,0,0
34.96,2600,104558374,35514,52938,-1,1,0,35477.0391972746,41.194234796698616,52801.553099778146,135.47644810514694,0,0
35.0,2601,104598374,35544,53004,-1,1,0,35488.818346989334,51.8918588457294,52836.419619769535,176.6948455359355,0,0
35.04,2602,104638374,35541,53051,-1,1,0,35500.705603178285,48.20991961901959,52871.36383436624,184.35762314176895,0,0
35.08,2603,104678374,35567,53091,-1,1,0,35512.64807236313,52.31846677994442,52906.2268779988,191.0429632610284,0,0
35.12,2604,104718374,35583,53143,-1,1,0,35524.60500761805,60.62287272595803,52940.89415887124,203.5185129815914,0,0
35.16,2605,104758374,35606,53214,-1,1,0,35536.54890915906,70.10765212201275,52975.29874484232,242.03650790727485,0,0
35.2,2606,104798374,35634,53305,-1,1,0,35548.46749702886,89.96678749017309,53009.42668817948,309.64334365226705,1,1
35.24,2607,104838374,35648,53323,-1,1,0,35560.36626484029,85.47575011990276,53043.324947665606,268.6206959386117,0,0
35.28,2608,104878374,35587,53083,-1,1,0,35572.269737231836,12.188300781248607,53077.10401412211,1.6046948746927683,0,0
35.32,2609,104918374,35498,52800,-1,1,0,35584.21669790344,-80.97741503805403,53110.918431644604,-296.64670406755005,0,0
35.36,2610,104958374,35488,52784,-1,1,0,35596.24704821933,-110.25152063160441,53144.920316689844,-369.0730611538778,0,0
35.4,2611,104998374,35531,52919,-1,1,0,35608.386884337146,-81.62415086723776,53179.21061247935,-271.95060665869755,0,0
35.44,2612,105038374,35571,53041,-1,1,0,35620.64132626296,-45.95223961182392,53213.817924695664,-167.78720740952394,0,0
35.48,2613,105078374,35616,53165,-1,1,0,35632.99670694606,-22.376411611576426,53248.70676458908,-89.28902525441832,0,0
35.52,2614,105118374,35631,53239,-1,1,0,35645.42685556199,-12.33078677743146,53283.79748697063,-52.53379557948941,0,0
35.56,2615,105158374,35646,53249,-1,1,0,35657.898589349985,-14.62084416122594,53318.98376603257,-71.67446062044344,0,0
35.6,2616,105198374,35652,53268,-1,1,0,35670.37449276954,-21.128223442054363,53354.14137542287,-88.83946234269129,0,0
35.64,2617,105238374,35662,53334,-1,1,0,35682.81338363454,-16.960199681521893,53389.12912850669,-59.02414909909049,0,0
35.68,2618,105278374,35698,53417,-1,1,0,35695.17012063758,-4.356488870247574,53423.78909156627,-10.289947256056692,0,0
35.72,2619,105318374,35703,53485,-1,1,0,35707.39637636878,-0.8135644273565639,53457.95165161431,24.893157187652278,0,0
35.76,2620,105358374,35721,53546,-1,1,0,35719.442246040395,-1.9598048933639163,53491.444302711134,54.215578918980825,0,0
35.8,2621,105398374,35735,53613,-1,1,0,35731.25741909212,4.79250319035684,53524.10060433641,86.27133475267365,0,0
35.84,2622,105438374,35763,53681,-1,1,0,35742.792051380624,16.86434304274577,53555.76836688142,119.61275403838059,0,0
35.88,2623,105478374,35790,53759,-1,1,0,35753.99850985385,35.98847633143352,53586.3181546845,176.57296290282645,0,0
35.92,2624,105518374,35814,53828,-1,1,0,35764.834346672375,52.876645798200656,53615.652880069305,215.54734813594408,1,1
35.96,2625,105558374,35811,53763,-1,1,0,35775.26546462033,23.623526586949865,53643.71610682911,94.89459995111716,0,0
36.0,2626,105598374,35730,53500,-1,1,0,35785.266334874665,-46.670456726754196,53670.488949556195,-153.60213650791292,0,0
36.04,2627,105638374,35718,53414,-1,1,0,35794.81376612387,-81.08886967272187,53695.96464740936,-288.9218868659077,0,0
36.08,2628,105678374,35744,53488,-1,1,0,35803.876629350394,-62.35126089697626,53720.109907413964,-242.62174344608684,0,0
36.12,2629,105718374,35781,53607,-1,1,0,35812.40942615089,-33.855586632168766,53742.839439306925,-137.96674179314897,0,0
36.16,2630,105758374,35812,53728,-1,1,0,35820.353250067856,-4.118360129291477,53764.01671319017,-33.16993016298544,0,0
36.2,2631,105798374,35858,53839,-1,1,0,35827.641238055396,22.313641949975594,53783.472077782964,43.36060379811907,0,0
36.24,2632,105838374,35857,53854,-1,1,0,35834.20509497121,27.071501338311375,53801.02465613539,53.92017187913764,0,0
36.28,2633,105878374,35868,53858,-1,1,0,35839.980231567,24.102379907774807,53816.49837604705,40.80759098452155,0,0
36.32,2634,105918374,35876,53894,-1,1,0,35844.90821638019,33.792355780847515,53829.7286689952,59.87145322269088,0,0
36.36,2635,105958374,35899,53941,-1,1,0,35848.93788915178,45.4470235596724,53840.56465947029,99.1640860221226,0,0
36.4,2636,105998374,35896,53985,-1,1,0,35852.026952045664,47.01656446121639,53848.87337206009,135.58244987394374,0,0
36.44,2637,106038374,35902,54015,-1,1,0,35854.14370660877,45.53624285238357,53854.54699629925,160.34155716848903,0,0
36.48,2638,106078374,35902,54033,-1,1,0,35855.267944135136,46.902228213336215,53857.51062522897,168.71076939527336,0,0
36.52,2639,106118374,35916,54058,-1,1,0,35855.391373289436,57.81839591225285,53857.728676288076,202.31154933168395,0,0
36.56,2640,106158374,35926,54114,-1,1,0,35854.51870239758,78.21806451847871,53855.210858555685,268.39410342493943,1,1
36.6,2641,106198374,35929,54088,-1,1,0,35852.66969169813,64.63979777048965,53850.01916726608,212.3543571374234,0,0
36.64,2642,106238374,35843,53802,-1,1,0,35849.88002766392,-1.5754524014407707,53842.26950992893,-31.29635425323164,0,0
36.68,2643,106278374,35793,53598,-1,1,0,35846.19673709239,-52.761477853236,53832.11333049517,-230.95220526481077,0,0
36.72,2644,106318374,35797,53606,-1,1,0,35841.6680699234,-50.81517279477029,53819.69923615127,-226.91100129367476,0,0
36.76,2645,106358374,35803,53676,-1,1,0,35836.334718313985,-31.96762122164997,53805.13961464859,-133.82115018028833,0,0
36.8,2646,106398374,35817,53734,-1,1,0,35830.22743725821,-14.815971460936481,53788.50251423124,-52.58191192204487,0,0
36.84,2647,106438374,35828,53789,-1,1,0,35823.36945876055,3.1443186688442495,53769.82366705592,13.33417074325989,0,0
36.88,2648,106478374,35828,53788,-1,1,0,35815.78046403738,11.294558941921252,53749.124051058985,34.31752616376325,0,0
36.92,2649,106518374,35816,53739,-1,1,0,35807.48011764718,6.795372221879248,53726.42364125801,10.07351346019206,0,0
36.96,2650,106558374,35804,53712,-1,1,0,35798.48993610475,5.978828215750454,53701.74736395058,13.812807677545806,0,0
37.0,2651,106598374,35809,53754,-1,1,0,35788.8337364963,19.323219928395545,53675.12594287341,72.04525248044038,0,0
37.04,2652,106638374,35817,53783,-1,1,0,35778.538445745,36.36608938444321,53646.59954307497,136.96766211049572,0,0
37.08,2653,106678374,35811,53790,-1,1,0,35767.63645518808,45.956934080609486,53616.227854879704,178.4095546846768,0,0
37.12,2654,106718374,35807,53794,-1,1,0,35756.168636038106,46.79457488173888,53584.10267405899,198.4091696182362,0,0
37.16,2655,106758374,35795,53778,-1,1,0,35744.18664415451,51.294497758002805,53550.358637427635,236.16277013546815,0,0
37.2,2656,106798374,35795,53800,-1,1,0,35731.7544095858,68.25669117330769,53515.18187016343,291.1904759594613,1,1
37.24,2657,106838374,35782,53702,-1,1,0,35718.949455783135,52.86265750403069,53478.817121048996,200.34798312427455,0,0
37.28,2658,106878374,35676,53333,-1,1,0,35705.86271622061,-25.79316118876922,53441.56575499435,-99.65751164518821,0,0
37.32,2659,106918374,35593,53045,-1,1,0,35692.59237943031,-98.8129676972182,53403.75910921119,-356.03792969425575,0,0
37.36,2660,106958374,35574,52990,-1,1,0,35679.23087871349,-109.35654992034105,53365.70839423514,-386.2700628586322,0,0
37.4,2661,106998374,35579,53034,-1,1,0,35665.852445626275,-87.87060965714325,53327.6596406086,-300.9397099283268,0,0
37.44,2662,107038374,35589,53074,-1,1,0,35652.50827168911,-62.9879074605391,53289.77759019296,-211.54442515794574,0,0
37.48,2663,107078374,35607,53132,-1,1,0,35639.22874328923,-33.85057580430302,53252.15480624957,-126.01010160433934,0,0
37.52,2664,107118374,35612,53145,-1,1,0,35626.028945118625,-13.354948686580292,53214.83065266376,-74.01028976258168,0,0
37.56,2665,107158374,35604,53112,-1,1,0,35612.914572348025,-12.71425975883476,53177.80966647982,-64.37270947788333,0,0
37.6,2666,107198374,35583,53098,-1,1,0,35599.886163231844,-10.512064575701004,53141.074109953166,-41.462470706893676,0,0
37.64,2667,107238374,35600,53125,-1,1,0,35586.94118015947,8.352722078318891,53104.591420115954,18.911041465807386,0,0
37.68,2668,107278374,35601,53159,-1,1,0,35574.07595986989,29.050245146675934,53068.32246603137,93.61072780473586,0,0
37.72,2669,107318374,35603,53189,-1,1,0,35561.289209648145,45.900773975753566,53032.234443744426,164.51481865390076,0,0
37.76,2670,107358374,35614,53223,-1,1,0,35548.586360611844,60.42278365182961,52996.31705404628,218.99529393788637,0,0
37.8,2671,107398374,35607,53230,-1,1,0,35535.983869149015,77.14113774499029,52960.5991647581,283.03033238983244,0,0
37.84,2672,107438374,35616,53261,-1,1,0,35523.51327659598,95.39473436586658,52925.164344271165,346.57492085414015,1,1
37.88,2673,107478374,35586,53153,-1,1,0,35511.22452115997,67.82378532793285,52890.16331438466,242.77973540466365,0,0
37.92,2674,107518374,35471,52774,-1,1,0,35499.18595562309,-21.037948683239975,52855.81399341266,-65.96054187303758,0,0
37.96,2675,107558374,35391,52502,-1,1,0,35487.47659305788,-96.10776220617218,52822.37412927101,-310.0094822820206,0,0
38.0,2676,107598374,35366,52455,-1,1,0,35476.171159758276,-112.45525542392268,52790.090184553585,-348.86071154940794,0,0
38.04,2677,107638374,35368,52453,-1,1,0,35465.3262882512,-95.29137829074284,52759.1516980243,-304.14160126690706,0,0
38.08,2678,107678374,35393,52499,-1,1,0,35454.97469576938,-61.89528692409725,52729.67254665931,-219.0450363032913,0,0
38.12,2679,107718374,35420,52613,-1,1,0,35445.127256380794,-22.805328064809476,52701.69596090121,-95.45991635254788,0,0
38.16,2680,107758374,35437,52640,-1,1,0,35435.77963679482,-2.19546847389865,52675.21293904125,-35.65735327080159,0,0
38.2,2681,107798374,35419,52592,-1,1,0,35426.91968507533,-1.342470837472355,52650.18376967802,-50.40230586230555,0,0
38.24,2682,107838374,35424,52595,-1,1,0,35418.532407577804,1.9605728341540996,52626.552117557265,-28.188966867686617,0,0
38.28,2683,107878374,35422,52651,-1,1,0,35410.60227018471,16.506310910308045,52604.2513362962,49.94840979773336,0,0
38.32,2684,107918374,35437,52690,-1,1,0,35403.1150207649,33.81646796649116,52583.21221816933,107.95740154933952,0,0
38.36,2685,107958374,35438,52684,-1,1,0,35396.06047793645,43.23791243344787,52563.375643550055,132.64374121738746,0,0
38.4,2686,107998374,35432,52706,-1,1,0,35389.43574099217,46.625783974794956,52544.70505382123,162.95583130957556,0,0
38.44,2687,108038374,35443,52742,-1,1,0,35383.24775774503,57.56347685795314,52527.19612886458,215.73611078791288,0,0
38.48,2688,108078374,35452,52790,-1,1,0,35377.51554838205,81.27027717892214,52510.886779253684,296.338962244578,0,0
38.52,2689,108118374,35459,52810,-1,1,0,35372.27310169632,85.55936334543316,52495.869521096094,312.88885518792915,1,1
38.56,2690,108158374,35397,52610,-1,1,0,35367.571716498125,25.785410824443428,52482.30078583393,115.71569043631787,0,0
38.6,2691,108198374,35292,52255,-1,1,0,35363.47717313439,-63.2767060961456,52470.392021467815,-191.09895706205208,0,0
38.64,2692,108238374,35255,52120,-1,1,0,35360.05849509838,-108.15859108664789,52460.37190884557,-348.96827486341056,0,0
38.68,2693,108278374,35250,52110,-1,1,0,35357.37292324007,-110.61312823453413,52452.43510860768,-346.28509960815325,0,0
38.72,2694,108318374,35252,52141,-1,1,0,35355.4554536241,-97.90104088832537,52446.70653550662,-305.08193652612704,0,0
38.76,2695,108358374,35287,52206,-1,1,0,35354.31574615458,-72.2192502514273,52443.23133101659,-231.67527448498566,0,0
38.8,2696,108398374,35303,52308,-1,1,0,35353.94034313383,-48.71668919255012,52441.982137710205,-141.69548794682987,0,0
38.84,2697,108438374,35316,52335,-1,1,0,35354.29750023834,-39.59741917383022,52442.87468567405,-108.24803037810761,0,0
38.88,2698,108478374,35322,52327,-1,1,0,35355.341922195694,-32.753259352924886,52445.783830762244,-113.59766235253423,0,0
38.92,2699,108518374,35340,52370,-1,1,0,35357.01811012081,-15.92354834904961,52450.55346776843,-83.33385856188528,0,0
38.96,2700,108558374,35365,52441,-1,1,0,35359.263255831334,5.245335142241672,52457.00216607936,-12.229361832917903,0,0
39.0,2701,108598374,35382,52522,-1,1,0,35362.01093442771,20.729537432732947,52464.9316792995,59.01499449772848,0,0
39.04,2702,108638374,35397,52585,-1,1,0,35365.19542240918,34.82564159824036,52474.1406607221,112.66559755709181,0,0
39.08,2703,108678374,35419,52633,-1,1,0,35368.75574871892,49.06138559861764,52484.44013876257,157.68681706742288,0,0
39.12,2704,108718374,35430,52705,-1,1,0,35372.63932234289,58.86413290327957,52495.66747936985,203.04535667930014,0,0
39.16,2705,108758374,35451,52772,-1,1,0,35376.80533930275,76.21477328334178,52507.6991160503,274.67350539487734,0,0
39.2,2706,108798374,35475,52859,-1,1,0,35381.22815414207,96.21865454830521,52520.464076455355,350.78889540344585,1,1
39.24,2707,108838374,35460,52817,-1,1,0,35385.90051603936,70.02024244266663,52533.95733209048,261.6024143292981,0,0
39.28,2708,108878374,35374,52491,-1,1,0,35390.83391808406,-13.854560876215551,52548.2423646718,-43.378449178462574,0,0
39.32,2709,108918374,35307,52249,-1,1,0,35396.05140822997,-87.58164082529784,52563.4261074635,-307.2045049248844,0,0
39.36,2710,108958374,35301,52235,-1,1,0,35401.57340830998,-103.27018816096398,52579.60805059045,-360.0413604163076,0,0
39.4,2711,108998374,35326,52298,-1,1,0,35407.40449622226,-81.31210045174947,52596.83269419362,-294.6665543683814,0,0
39.44,2712,109038374,35361,52415,-1,1,0,35413.52802587527,-51.676033607234906,52615.06967780475,-199.66484457360616,0,0
39.48,2713,109078374,35392,52524,-1,1,0,35419.9082710675,-30.412628212136802,52634.2197598408,-116.24634977246723,0,0
39.52,2714,109118374,35403,52567,-1,1,0,35426.495772965136,-22.165928616987976,52654.132490623466,-88.12523004544646,0,0
39.56,2715,109158374,35416,52586,-1,1,0,35433.23213925364,-16.98397394820703,52674.62298921677,-85.95776844784781,0,0
39.6,2716,109198374,35434,52645,-1,1,0,35440.05302202173,-7.7555276594683065,52695.48179635685,-52.24442002921279,0,0
39.64,2717,109238374,35452,52735,-1,1,0,35446.890244362396,8.2916474229718,52716.48106043068,18.040459252528848,0,0
39.68,2718,109278374,35489,52841,-1,1,0,35453.67448596614,33.99770531935976,52737.38404895597,111.00781357152522,0,0
39.72,2719,109318374,35521,52962,-1,1,0,35460.33942184277,62.86779686904545,52757.96090864796,202.40498516793434,0,0
39.76,2720,109358374,35553,53035,-1,1,0,35466.827425035415,86.67459832244417,52778.00871032917,260.88417112842467,0,0
39.8,2721,109398374,35570,53083,-1,1,0,35473.09578384574,99.23690847408893,52797.37107085749,294.01396976202625,1,0
39.84,2722,109438374,35577,53129,-1,1,0,35479.12184914794,95.8005172678571,52815.9529822371,311.04060251223336,0,0
39.88,2723,109478374,35569,53152,-1,1,0,35484.905884117645,88.35664612074943,52833.73019588423,316.59414461708553,0,0
39.92,2724,109518374,35575,53150,-1,1,0,35490.471371015716,83.81751117960368,52850.754453758775,322.7477854665109,0,1
39.96,2725,109558374,35545,53110,-1,1,0,35495.86341729145,48.516020985307904,52867.15407042352,215.9852857114169,0,0
40.0,2726,109598374,35470,52793,-1,1,0,35501.14447194168,-34.576989029943576,52883.12415000276,-85.68495259965044,0,0
40.04,2727,109638374,35395,52533,-1,1,0,35506.38452119771,-106.21242224767414,52898.894985463914,-350.5640371735593,0,0
40.08,2728,109678374,35402,52558,-1,1,0,35511.6463288133,-115.38200240611373,52914.67978600714,-379.7082811503217,0,0
40.12,2729,109718374,35428,52637,-1,1,0,35516.97273998492,-90.76830528784794,52930.628566883446,-293.85490332509573,0,0
40.16,2730,109758374,35454,52731,-1,1,0,35522.38217643759,-68.17337249783772,52946.811686618516,-216.91479834487666,0,0
40.2,2731,109798374,35481,52816,-1,1,0,35527.87105909733,-49.90668943092986,52963.22798248683,-155.99602443129993,0,0
40.24,2732,109838374,35494,52853,-1,1,0,35533.41853150428,-40.90873498834371,52979.82079964885,-132.19466872442183,0,0
40.28,2733,109878374,35495,52857,-1,1,0,35538.99049177156,-45.194843632418035,52996.49138364677,-141.22346074292582,0,0
40.32,2734,109918374,35500,52889,-1,1,0,35544.541668742,-47.116669558413996,53013.10576323255,-130.6312877216914,0,0
40.36,2735,109958374,35519,52958,-1,1,0,35550.016173654825,-28.409745873546747,53029.49770123042,-69.76462052601735,0,0
40.4,2736,109998374,35564,53072,-1,1,0,35555.348747724915,3.607591423679473,53045.47449935769,21.341814927859318,0,0
40.44,2737,110038374,35589,53167,-1,1,0,35560.46872493354,31.31724473496608,53060.83010052743,106.95185174878611,0,0
40.48,2738,110078374,35620,53247,-1,1,0,35565.30625586686,54.7137805111799,53075.36385886989,175.43216914407787,0,0
40.52,2739,110118374,35640,53307,-1,1,0,35569.798757088945,69.31104106665411,53088.899825150984,215.35831527153033,0,0
40.56,2740,110158374,35647,53341,-1,1,0,35573.896255342326,71.9692714408237,53101.302678583976,236.54520870978257,0,0
40.6,2741,110198374,35657,53390,-1,1,0,35577.56507756339,85.09584897228302,53112.48939142426,294.89056014585015,0,0
40.64,2742,110238374,35679,53450,-1,1,0,35580.79019646058,95.0328788335079,53122.43835090204,318.16802926548587,1,1
40.68,2743,110278374,35633,53275,-1,1,0,35583.5766628262,46.79719930601105,53131.1952531237,133.71581094998933,0,0
40.72,2744,110318374,35541,52957,-1,1,0,35585.94727667712,-39.67662185469449,53138.86389762551,-162.67391727188166,0,0
40.76,2745,110358374,35506,52855,-1,1,0,35587.932783043114,-84.10165953520968,53145.57052897973,-298.626202330321,0,0
40.8,2746,110398374,35519,52912,-1,1,0,35589.558097445115,-71.61280560982993,53151.416478391904,-245.93195218145803,0,0
40.84,2747,110438374,35552,53014,-1,1,0,35590.83336024026,-39.12479170159179,53156.44938060069,-137.74798635747072,0,0
40.88,2748,110478374,35586,53125,-1,1,0,35591.75371592653,-4.36057004944519,53160.66381755891,-37.58011186704364,0,0
40.92,2749,110518374,35610,53180,-1,1,0,35592.3048693951,16.603003298297384,53164.01943820843,12.018529342223527,0,0
40.96,2750,110558374,35604,53161,-1,1,0,35592.469735056846,8.300301213599653,53166.46077622329,-5.243062877036866,0,0
41.0,2751,110598374,35582,53143,-1,1,0,35592.232484053486,-3.6696327725880593,53167.92866778901,-23.048742223231024,0,0
41.04,2752,110638374,35607,53181,-1,1,0,35591.57899060671,8.997393992867954,53168.36251418184,11.805278813957319,0,0
41.08,2753,110678374,35617,53240,-1,1,0,35590.49654857706,31.194943075249235,53167.70120613051,70.50669073567703,0,0
41.12,2754,110718374,35635,53279,-1,1,0,35588.975822974244,43.059254012370495,53165.88947774525,116.76205227964793,0,0
41.16,2755,110758374,35630,53315,-1,1,0,35587.01433432011,45.48427051650388,53162.88873314921,151.45221117278305,0,0
41.2,2756,110798374,35633,53338,-1,1,0,35584.61928431216,46.54280188092839,53158.68808107072,179.2803722976666,0,0
41.24,2757,110838374,35638,53375,-1,1,0,35581.809127688364,56.549239663246354,53153.31386225942,218.11046278432264,0,0
41.28,2758,110878374,35648,53398,-1,1,0,35578.61489101355,71.66107178784736,53146.8384076365,265.5180414179139,1,1
41.32,2759,110918374,35632,53353,-1,1,0,35575.08182896233,52.3523454156,53139.387596454726,193.16196269667304,0,0
41.36,2760,110958374,35548,53051,-1,1,0,35571.26920099002,-24.1823862508858,53131.139753307376,-80.2728975439164,0,0
41.4,2761,110998374,35464,52766,-1,1,0,35567.24377016403,-100.97874727091893,53122.30189279074,-346.77837731691534,0,0
41.44,2762,111038374,35448,52730,-1,1,0,35563.06649308635,-118.60100679682841,53113.06248671821,-397.12729763876587,0,0
41.48,2763,111078374,35468,52804,-1,1,0,35558.77942056481,-94.18471557603604,53103.546136328914,-307.48486561484003,0,0
41.52,2764,111118374,35490,52889,-1,1,0,35554.40025314338,-62.287947329410756,53093.79586536179,-201.46759223851143,0,0
41.56,2765,111158374,35520,52989,-1,1,0,35549.92482364825,-34.741346917416536,53083.78262895853,-103.80284037779096,0,0
41.6,2766,111198374,35526,53029,-1,1,0,35545.33324043051,-18.951591012059776,53073.426719231575,-47.56163401371633,0,0
41.64,2767,111238374,35529,53020,-1,1,0,35540.595947038004,-12.42053801334869,53062.61853806334,-46.03954533506109,0,0
41.68,2768,111278374,35530,53011,-1,1,0,35535.67786944108,-7.821624289967634,53051.231860796535,-41.31434788754907,0,0
41.72,2769,111318374,35530,53049,-1,1,0,35530.5407987096,-0.07789592609632301,53039.1298203053,10.770693667555406,0,0
41.76,2770,111358374,35542,53116,-1,1,0,35525.145192700285,17.092039217658932,53026.170426383964,83.51957705448808,0,0
41.8,2771,111398374,35561,53156,-1,1,0,35519.452628175124,39.490247107197966,53012.217310053515,149.52888609126322,0,0
41.84,2772,111438374,35565,53202,-1,1,0,35513.42955532491,55.107252427763314,52997.154755645824,207.3934255098216,0,0
41.88,2773,111478374,35572,53235,-1,1,0,35507.051627484994,60.03049107934608,52980.90316741663,242.36766686833383,0,0
41.92,2774,111518374,35568,53234,-1,1,0,35500.30734484013,71.68605577620718,52963.43278863323,286.26574752526653,0,0
41.96,2775,111558374,35581,53267,-1,1,0,35493.20081408681,91.64587604639405,52944.774845323234,326.7973501475073,1,1
42.0,2776,111598374,35560,53140,-1,1,0,35485.75404961374,62.51368400715124,52925.02869500101,186.60907133243006,0,0
42.04,2777,111638374,35444,52753,-1,1,0,35478.006699764395,-23.796089114494713,52904.35602548265,-125.89065150442872,0,0
42.08,2778,111678374,35393,52577,-1,1,0,35470.00861777605,-79.36442849447873,52882.94888754091,-311.2852004757303,0,0
42.12,2779,111718374,35390,52592,-1,1,0,35461.806537457785,-75.49767524340074,52860.980236027084,-279.6820438304601,0,0
42.16,2780,111758374,35396,52643,-1,1,0,35453.433585267776,-55.86225986550055,52838.56822559312,-194.22689669897466,0,0
42.2,2781,111798374,35409,52692,-1,1,0,35444.90661633446,-34.13559059997005,52815.76998367773,-120.21439149638823,0,0
42.24,2782,111838374,35427,52747,-1,1,0,35436.228984985115,-14.366033571314706,52792.59413098834,-53.34872042587959,0,0
42.28,2783,111878374,35415,52737,-1,1,0,35427.39517301032,-6.067398444652502,52769.01782312976,-26.713585958490803,0,0
42.32,2784,111918374,35420,52713,-1,1,0,35418.39489277722,-3.244619041969806,52745.00060065314,-35.70170941546385,0,0
42.36,2785,111958374,35409,52696,-1,1,0,35409.21564767046,4.007827389509565,52720.49180833496,-18.634151581875255,0,0
42.4,2786,111998374,35424,52755,-1,1,0,35399.844535495904,24.488304459324752,52695.43446005834,63.947763807559625,0,0
42.44,2787,112038374,35445,52847,-1,1,0,35390.27091151023,55.46003868571286,52669.77326994024,176.0781952212223,0,0
42.48,2788,112078374,35461,52899,-1,1,0,35380.491104710105,83.13092586550906,52643.47162591533,266.44934212750286,0,0
42.52,2789,112118374,35469,52935,-1,1,0,35370.51468809682,99.9674931808539,52616.53392964166,321.7409130772979,0,0
42.56,2790,112158374,35462,52928,-1,1,0,35360.37037594347,102.68081158446822,52589.02591402689,340.6302487491209,1,0
42.6,2791,112198374,35450,52905,-1,1,0,35350.10997817163,100.26628348355952,52561.08867315437,351.9775505121057,0,1
42.64,2792,112238374,35429,52865,-1,1,0,35339.80994978508,97.24258574169853,52532.94588501117,346.3800134589451,0,0
42.68,2793,112278374,35393,52715,-1,1,0,35329.57063185154,52.76050644090659,52504.90389306003,187.19848425619853,0,0
42.72,2794,112318374,35267,52329,-1,1,0,35319.51175488304,-44.43602819922019,52477.33796320384,-129.55231013755593,0,0
42.76,2795,112358374,35195,52092,-1,1,0,35309.761077852156,-115.88161026501282,52450.65439449967,-356.9540060096764,0,0
42.8,2796,112398374,35182,52046,-1,1,0,35300.43774801048,-119.91076389727957,52425.23549169505,-392.0829848399212,0,0
42.84,2797,112438374,35193,52048,-1,1,0,35291.638859042636,-102.0483142658581,52401.39453481706,-355.19979865767806,0,0
42.88,2798,112478374,35196,52083,-1,1,0,35283.434804019504,-84.79663921619843,52379.357560897304,-291.1532250865904,0,0
42.92,2799,112518374,35218,52164,-1,1,0,35275.8710962653,-59.8799784554034,52359.26636660919,-208.35764902294082,0,0
42.96,2800,112558374,35225,52164,-1,1,0,35268.97267637645,-48.105891290984005,52341.19178583765,-178.70136646416253,0,0
43.0,2801,112598374,35200,52123,-1,1,0,35262.74828064192,-60.22896637941041,52325.14791412017,-203.50152252490318,0,0
43.04,2802,112638374,35193,52108,-1,1,0,35257.19257660458,-67.59541090241768,52311.099457984776,-208.28442775341014,0,0
43.08,2803,112678374,35197,52142,-1,1,0,35252.28578129011,-53.71697400394545,52298.962768761565,-157.15378770742586,0,0
43.12,2804,112718374,35218,52215,-1,1,0,35247.993520975135,-33.081357656816735,52288.608669703965,-73.903401224389,0,0
43.16,2805,112758374,35229,52286,-1,1,0,35244.26909959183,-14.189593996707373,52279.872815686416,0.5261335889397856,0,0
43.2,2806,112798374,35248,52322,-1,1,0,35241.05768274037,9.006335607115574,52272.5720811433,59.81037184014107,0,0
43.24,2807,112838374,35272,52388,-1,1,0,35238.30121775733,29.292455946294353,52266.521845104835,113.50754353554962,0,0
43.28,2808,112878374,35279,52438,-1,1,0,35235.94366427834,46.25048727768328,52261.55174159836,177.45234083035712,0,0
43.32,2809,112918374,35311,52524,-1,1,0,35233.93625150875,78.9978540786443,52257.52125146245,282.1401941696241,0,0
43.36,2810,112958374,35329,52582,-1,1,0,35232.242822594206,95.60759001838542,52254.336664743394,317.9686610117433,1,1
43.4,2811,112998374,35274,52382,-1,1,0,35230.84443160002,38.38183455240808,52251.964856184255,118.00091332012282,0,0
43.44,2812,113038374,35173,52057,-1,1,0,35229.73854832756,-49.15603114596212,52250.4280870232,-167.23653093897997,0,0
43.48,2813,113078374,35152,51994,-1,1,0,35228.929209612426,-79.58747231805478,52249.769423142534,-269.39276963211745,0,0
43.52,2814,113118374,35167,52024,-1,1,0,35228.413555609455,-64.88015921058229,52250.00745969753,-233.09648473913785,0,0
43.56,2815,113158374,35174,52051,-1,1,0,35228.17391725094,-51.94733024365235,52251.109363388285,-191.61502193360522,0,0
43.6,2816,113198374,35190,52119,-1,1,0,35228.17714868128,-36.42195374651828,52252.98735437755,-135.98101707257794,0,0
43.64,2817,113238374,35212,52181,-1,1,0,35228.37730796334,-21.261100161905716,52255.50710521679,-80.90229036795199,0,0
43.68,2818,113278374,35204,52189,-1,1,0,35228.719093218024,-20.28504898033234,52258.49985227393,-61.819606198564344,0,0
43.72,2819,113318374,35214,52224,-1,1,0,35229.140635204516,-16.177858776732652,52261.77334787797,-40.81353542246936,0,0
43.76,2820,113358374,35238,52286,-1,1,0,35229.575299500844,8.6162614728416,52265.120002019255,25.79103655166702,0,0
43.8,2821,113398374,35278,52407,-1,1,0,35229.954503345885,51.72990517861297,52268.32663202133,141.7854523043598,0,0
43.84,2822,113438374,35329,52533,-1,1,0,35230.213678611595,97.70301882660368,52271.1913546401,269.40542432361383,0,0
43.88,2823,113478374,35352,52624,-1,1,0,35230.301162337346,125.28517780755317,52273.54793826201,348.42882127572943,1,0
43.92,2824,113518374,35352,52618,-1,1,0,35230.187256743426,124.16952093656269,52275.29111372544,361.11310804182233,0,1
43.96,2825,113558374,35333,52616,-1,1,0,35229.869898339915,101.38951348598678,52276.393936098575,331.00997955822004,0,0
44.0,2826,113598374,35312,52581,-1,1,0,35229.37540744608,88.79671184683346,52276.913790435276,315.6941902431922,0,0
44.04,2827,113638374,35330,52617,-1,1,0,35228.756104643224,102.51183440589452,52276.99134041677,356.6744414148044,0,0
44.08,2828,113678374,35322,52609,-1,1,0,35228.088266055565,90.94444067884709,52276.84900165983,314.96971156718337,0,0
44.12,2829,113718374,35240,52326,-1,1,0,35227.47056127513,16.023061597965807,52276.78711852178,55.67478375463014,0,0
44.16,2830,113758374,35159,52032,-1,1,0,35227.017847387455,-68.43638085541312,52277.162575944705,-232.89024915129966,0,0
44.2,2831,113798374,35124,51953,-1,1,0,35226.84775699991,-101.04131385759801,52278.342566660845,-334.2051842921363,0,0
44.24,2832,113838374,35140,51976,-1,1,0,35227.06597549135,-91.51460947346263,52280.65436192331,-312.94691140239047,0,0
44.28,2833,113878374,35152,52011,-1,1,0,35227.75780993226,-72.91133569587583,52284.356679107776,-264.2281509723713,0,0
44.32,2834,113918374,35178,52107,-1,1,0,35228.98732464467,-53.42869347187796,52289.63537222299,-191.1069496853971,0,0
44.36,2835,113958374,35194,52161,-1,1,0,35230.80062226912,-36.59318555897602,52296.61283676047,-139.99604603694831,0,0
44.4,2836,113998374,35204,52166,-1,1,0,35233.23013602737,-30.53378783757303,52305.36171192564,-137.79359904157448,0,0
44.44,2837,114038374,35202,52187,-1,1,0,35236.2980879836,-33.64411620042426,52315.915405769265,-131.4108055069955,0,0
44.48,2838,114078374,35208,52235,-1,1,0,35240.01819602296,-34.263832644648964,52328.27332424043,-93.83839715901044,0,0
44.52,2839,114118374,35215,52295,-1,1,0,35244.39607812147,-24.74828806765496,52342.40530738231,-48.50131176572634,0,0
44.56,2840,114158374,35241,52344,-1,1,0,35249.4297604965,-15.07252989420028,52358.25896980319,-10.14125476282274,0,0
44.6,2841,114198374,35235,52394,-1,1,0,35255.11111854536,-12.157348533326761,52375.76899634312,17.638759259662294,0,0
44.64,2842,114238374,35257,52423,-1,1,0,35261.427561514414,-9.021128640966339,52394.86588242922,32.0540730433234,0,0
44.68,2843,114278374,35266,52468,-1,1,0,35268.36330468766,-0.3842491716003096,52415.48278698893,53.72319882558676,0,0
44.72,2844,114318374,35303,52573,-1,1,0,35275.90103113596,29.20538505014315,52437.56184622658,135.4413663399282,0,0
44.76,2845,114358374,35356,52701,-1,1,0,35284.02543519202,74.12442631953337,52461.064429476566,261.2464253737502,1,1
44.8,2846,114398374,35362,52744,-1,1,0,35292.72913724161,66.79798944274287,52485.98744980341,234.16183134850644,0,0
44.84,2847,114438374,35279,52448,-1,1,0,35302.017165714344,-23.87874801930648,52512.37484804786,-53.51244584106881,0,0
44.88,2848,114478374,35193,52190,-1,1,0,35311.90269082104,-111.39906317256742,52540.30245610552,-338.0030880983475,0,0
44.92,2849,114518374,35210,52201,-1,1,0,35322.3929752541,-117.89928515228007,52569.832250764826,-376.6555389514334,0,0
44.96,2850,114558374,35255,52334,-1,1,0,35333.4754735308,-76.20065854022799,52600.965988167765,-273.32292015235913,0,0
45.0,2851,114598374,35303,52448,-1,1,0,35345.11368410318,-41.97546569075005,52633.6281498373,-171.3622896372096,0,0
45.04,2852,114638374,35332,52579,-1,1,0,35357.251786511755,-25.012430427851072,52667.67649420701,-98.27857321803566,0,0
45.08,2853,114678374,35351,52624,-1,1,0,35369.82144478287,-17.09061233906582,52702.92202557991,-76.4645313659195,0,0
45.12,2854,114718374,35370,52650,-1,1,0,35382.74670098184,-13.822848354997191,52739.1452529372,-82.44619573060206,0,0
45.16,2855,114758374,35383,52722,-1,1,0,35395.94658375077,-10.44932640968618,52776.104365690335,-59.158054640967265,0,0
45.2,2856,114798374,35410,52806,-1,1,0,35409.33654727292,0.6467681227154571,52813.53932859388,1.0360062532696759,0,0
45.24,2857,114838374,35437,52921,-1,1,0,35422.82999851703,16.81141457206771,52851.17881830562,70.56907572619195,0,0
45.28,2858,114878374,35468,53009,-1,1,0,35436.34077981112,29.337327860772852,52888.75227503354,120.87824412451724,0,0
45.32,2859,114918374,35486,53074,-1,1,0,35449.78645579901,43.16274548998087,52926.00423727954,158.27646198186716,0,0
45.36,2860,114958374,35526,53159,-1,1,0,35463.09172092634,58.43398642421642,52962.70715582507,195.991187606932,0,0
45.4,2861,114998374,35537,53218,-1,1,0,35476.191775350926,64.51739901746943,52998.6717623367,218.41008038764238,0,0
45.44,2862,115038374,35560,53280,-1,1,0,35489.03542138381,71.16395541451067,53033.75600405422,254.14269724345968,0,0
45.48,2863,115078374,35579,53357,-1,1,0,35501.58734795305,79.82637572907312,53067.87302957833,298.8459175813196,1,1
45.52,2864,115118374,35566,53311,-1,1,0,35513.82938062513,48.648235391431264,53100.997367317155,188.52116202844053,0,0
45.56,2865,115158374,35492,53007,-1,1,0,35525.758763104095,-34.030571116949915,53133.16077877983,-115.60418520977996,0,0
45.6,2866,115198374,35435,52813,-1,1,0,35537.37988711317,-99.03588309226407,53164.423332482664,-346.0176389013603,0,0
45.64,2867,115238374,35457,52870,-1,1,0,35548.69060044928,-95.95932251205245,53194.82381469467,-340.37233346864707,0,0
45.68,2868,115278374,35502,53002,-1,1,0,35559.67117827624,-59.22076913239588,53224.339518521476,-223.85584229750526,0,0
45.72,2869,115318374,35543,53140,-1,1,0,35570.282289264826,-27.372885523395226,53252.87749787623,-112.2339606579462,0,0
45.76,2870,115358374,35578,53256,-1,1,0,35580.47008167424,-3.1069651193911234,53280.29058741865,-33.94603879686605,0,0
45.8,2871,115398374,35603,53298,-1,1,0,35590.17313430385,8.499393076706696,53306.40033309112,-10.618064223359386,0,0
45.84,2872,115438374,35606,53321,-1,1,0,35599.32808876529,8.896089151292552,53331.01475626071,-13.146667166784951,0,0
45.88,2873,115478374,35623,53370,-1,1,0,35607.872865370766,12.329629970966195,53353.93742177632,13.448583505851047,0,0
45.92,2874,115518374,35637,53446,-1,1,0,35615.748057816236,19.242996334379885,53374.97216550334,67.42950232429087,0,0
45.96,2875,115558374,35648,53508,-1,1,0,35622.89802613053,26.83454826665627,53393.929812669245,111.89306464595656,0,0
46.0,2876,115598374,35665,53545,-1,1,0,35629.272313679685,32.96833083163921,53410.63796941014,134.23659246683235,0,0
46.04,2877,115638374,35666,53576,-1,1,0,35634.82711998084,29.70349318363374,53424.95045551975,147.7781523168953,0,0
46.08,2878,115678374,35670,53615,-1,1,0,35639.526340428456,31.433567755716037,53436.75424264607,176.72200292827347,0,0
46.12,2879,115718374,35709,53704,-1,1,0,35643.34237179291,63.19883815673742,53445.97592348839,254.86129710240732,0,0
46.16,2880,115758374,35745,53780,-1,1,0,35646.258650883654,101.80326989349201,53452.59171907276,339.2550235902827,1,1
46.2,2881,115798374,35739,53733,-1,1,0,35648.2747946931,82.39725678667313,53456.6404928898,250.013668840592,0,0
46.24,2882,115838374,35646,53403,-1,1,0,35649.40992728282,-0.09929618909623628,53458.2273048624,-48.80898781221035,0,0
46.28,2883,115878374,35585,53172,-1,1,0,35649.697691061825,-64.78506949404314,53457.49982197075,-277.537775503143,0,0
46.32,2884,115918374,35587,53211,-1,1,0,35649.17361199259,-67.49937952309577,53454.60125969412,-264.1630527053559,0,0
46.36,2885,115958374,35608,53302,-1,1,0,35647.86382071029,-39.73478646647098,53449.631283570845,-148.42574935346738,0,0
46.4,2886,115998374,35636,53391,-1,1,0,35645.781843438046,-10.633042408666313,53442.637839824485,-52.37685646010408,0,0
46.44,2887,116038374,35655,53451,-1,1,0,35642.93212480902,8.027590599471054,53433.63229233902,8.839186572985867,0,0
46.48,2888,116078374,35647,53442,-1,1,0,35639.31559416859,9.690101661788376,53422.60947404213,15.11429791025769,0,0
46.52,2889,116118374,35640,53399,-1,1,0,35634.93363867548,0.25843492191915374,53409.56135103839,-12.168208835775076,0,0
46.56,2890,116158374,35624,53387,-1,1,0,35629.78919773258,-4.550190369391402,53394.481212569466,-11.931515629414037,0,0
46.6,2891,116198374,35634,53413,-1,1,0,35623.88615332806,9.366167534758539,53377.36293187684,33.87633789217165,0,0
46.64,2892,116238374,35655,53463,-1,1,0,35617.22950676522,34.73816320744519,53358.203196182076,100.94643257296677,0,0
46.68,2893,116278374,35662,53495,-1,1,0,35609.82811121777,54.3373689760113,53337.01045158296,160.41383213943934,0,0
46.72,2894,116318374,35670,53520,-1,1,0,35601.699253475024,64.98581685785602,53313.818243778944,196.30109399099763,0,0
46.76,2895,116358374,35669,53524,-1,1,0,35592.87312364093,76.0591136900099,53288.69870493315,239.4901196120023,0,0
46.8,2896,116398374,35667,53542,-1,1,0,35583.396274843406,87.06623278642311,53261.77403011829,287.78113768685404,1,1
46.84,2897,116438374,35635,53442,-1,1,0,35573.33372026646,54.6945531960563,53233.22476442791,185.43847156654687,0,0
46.88,2898,116478374,35524,53078,-1,1,0,35562.76743078156,-40.029762557287185,53203.28689430437,-119.79749121301506,0,0
46.92,2899,116518374,35429,52801,-1,1,0,35551.78725318142,-115.64917558762872,53172.22361307072,-363.3674712977396,0,0
46.96,2900,116558374,35438,52793,-1,1,0,35540.47526366361,-112.89041799836042,53140.27510490411,-362.93048237821597,0,0
47.0,2901,116598374,35450,52865,-1,1,0,35528.89287385613,-74.85718495231733,53107.616510252265,-246.28612463254473,0,0
47.04,2902,116638374,35481,52935,-1,1,0,35517.07804983753,-39.45603973330911,53074.34770707226,-134.50093352577645,0,0
47.08,2903,116678374,35492,53002,-1,1,0,35505.05052965503,-9.995801878896891,53040.508848932965,-44.292729654948566,0,0
47.12,2904,116718374,35498,53000,-1,1,0,35492.8193731874,-0.6896024176870661,53006.10383467075,-9.89395530984862,0,0
47.16,2905,116758374,35469,52948,-1,1,0,35480.38906258122,-6.179558806687574,52971.1196639201,-16.980806767377583,0,0
47.2,2906,116798374,35473,52948,-1,1,0,35467.7625521357,3.9413086269825444,52935.53691218379,10.216240523475253,0,0
47.24,2907,116838374,35485,52984,-1,1,0,35454.942644873605,30.124093318200593,52899.33510326571,89.78661315491001,0,0
47.28,2908,116878374,35491,53037,-1,1,0,35441.934656050435,51.220924096672576,52862.50142806629,175.10358349007038,0,0
47.32,2909,116918374,35492,53049,-1,1,0,35428.75094226407,64.14181744896558,52825.04590028614,230.19863760759966,0,0
47.36,2910,116958374,35492,53054,-1,1,0,35415.41560217065,76.94986582768573,52787.018657443296,266.6217754018762,0,0
47.4,2911,116998374,35497,53069,-1,1,0,35401.96851474022,97.5705061368385,52748.524905941296,328.02721099959035,0,0
47.44,2912,117038374,35492,53055,-1,1,0,35388.469068858365,107.23491637095174,52709.73721373075,360.49729489000026,1,1
47.48,2913,117078374,35436,52884,-1,1,0,35374.998821767585,54.07766975370113,52670.90349322616,182.90892348722855,0,0
47.52,2914,117118374,35302,52435,-1,1,0,35361.6591072399,-52.48178767801163,52632.33864454994,-167.15699758301582,0,0
47.56,2915,117158374,35229,52222,-1,1,0,35348.55935876741,-120.85290322687996,52594.38605757163,-378.4169526106591,0,0
47.6,2916,117198374,35222,52207,-1,1,0,35335.79957069076,-113.9076638986158,52557.36050827545,-357.8916382546793,0,0
47.64,2917,117238374,35246,52251,-1,1,0,35323.457369282834,-80.3680028781535,52521.50654143706,-270.48909786601473,0,0
47.68,2918,117278374,35254,52290,-1,1,0,35311.585498666325,-53.42259796521536,52486.989296533626,-191.4741937773915,0,0
47.72,2919,117318374,35267,52331,-1,1,0,35300.21628689721,-36.690019302826876,52453.90642043802,-132.09245804531648,0,0
47.76,2920,117358374,35250,52293,-1,1,0,35289.36731277777,-38.67674450181552,52422.304870773114,-127.41865390173277,0,0
47.8,2921,117398374,35228,52240,-1,1,0,35279.04494306631,-50.69308819279601,52392.19297913976,-150.34992335331123,0,0
47.84,2922,117438374,35220,52223,-1,1,0,35269.244889186324,-48.555860917038096,52363.544392414085,-143.0738884523162,0,0
47.88,2923,117478374,35233,52249,-1,1,0,35259.95156786914,-27.916779817212394,52336.29824510744,-85.73449148855937,0,0
47.92,2924,117518374,35253,52329,-1,1,0,35251.13929072009,3.729743050106393,52310.36371649472,23.773207482151292,0,0
47.96,2925,117558374,35280,52430,-1,1,0,35242.77664954181,38.923218859826434,52285.63401647768,146.06756918627624,0,0
48.0,2926,117598374,35301,52488,-1,1,0,35234.8333199274,63.520414284238186,52262.00902215292,221.22335134782753,0,0
48.04,2927,117638374,35303,52500,-1,1,0,35227.28750404474,80.25569912583391,52239.42022799616,276.16103217653995,0,0
48.08,2928,117678374,35306,52527,-1,1,0,35220.13207650564,89.27514716852477,52217.85088723622,313.04923225521134,1,1
48.12,2929,117718374,35272,52403,-1,1,0,35213.378059270406,49.450437020035054,52197.34777120049,189.69523973838992,0,0
48.16,2930,117758374,35161,52070,-1,1,0,35207.05328048557,-34.82897060177023,52178.01778097878,-89.26589548098856,0,0
48.2,2931,117798374,35117,51879,-1,1,0,35201.19344150508,-88.98183477775008,52159.999435550235,-279.8056064252509,0,0
48.24,2932,117838374,35105,51861,-1,1,0,35195.82823405315,-90.14330022714827,52143.416796238205,-289.7544994800497,0,0
48.28,2933,117878374,35119,51894,-1,1,0,35190.97064743985,-71.0372173241458,52128.34259003761,-231.67701049588865,0,0
48.32,2934,117918374,35141,51954,-1,1,0,35186.61390930788,-46.555513275711895,52114.78648622796,-155.5206612654269,0,0
48.36,2935,117958374,35160,52034,-1,1,0,35182.73425527084,-20.522135152886356,52102.70286919577,-72.32861164323221,0,0
48.4,2936,117998374,35180,52062,-1,1,0,35179.29628561264,-1.8348182544576161,52092.00712112263,-30.29375851017801,0,0
48.44,2937,118038374,35181,52057,-1,1,0,35176.25859553801,8.249445593597528,52082.59213580451,-19.29902667892506,0,0
48.48,2938,118078374,35190,52087,-1,1,0,35173.57826139641,15.341084316146421,52074.33975578074,12.15912467555134,0,0
48.52,2939,118118374,35194,52129,-1,1,0,35171.213879345436,22.936060403663745,52067.128223581414,63.71910137149271,0,0
48.56,2940,118158374,35202,52173,-1,1,0,35169.127840537374,36.9714806286577,52060.840532716415,116.9130532306084,0,0
48.6,2941,118198374,35219,52211,-1,1,0,35167.2886519673,49.8755663374509,52055.37535297326,161.40977748981115,0,0
48.64,2942,118238374,35210,52229,-1,1,0,35165.673531465254,44.83767250221274,52050.65852120551,173.5973324381822,0,0
48.68,2943,118278374,35206,52226,-1,1,0,35164.27040701964,44.40118226972924,52046.65248942626,187.32086353162273,0,0
48.72,2944,118318374,35228,52270,-1,1,0,35163.0787618609,68.96305854275897,52043.36277622625,242.2980056739291,1,1
48.76,2945,118358374,35234,52272,-1,1,0,35162.11078530696,65.07165269843257,52040.843200552554,208.3657766210539,0,0
48.8,2946,118398374,35159,52024,-1,1,0,35161.39254734001,1.9332366357291129,52039.19716965654,-0.004046470120442791,0,0
48.84,2947,118438374,35105,51843,-1,1,0,35160.960571787524,-51.94999069524698,52038.56281821206,-189.06895545167032,0,0
48.88,2948,118478374,35110,51827,-1,1,0,35160.85237625563,-56.455748250498665,52039.079311062735,-221.296387822188,0,0
48.92,2949,118518374,35110,51847,-1,1,0,35161.0972065256,-48.49913073265169,52040.85376961377,-194.7787322890619,0,0
48.96,2950,118558374,35120,51871,-1,1,0,35161.7121274582,-41.19097624515664,52043.946025422105,-166.40043767029846,0,0
49.0,2951,118598374,35140,51937,-1,1,0,35162.7023668366,-22.95418490468637,52048.36874757362,-115.3284229793219,0,0
49.04,2952,118638374,35157,51977,-1,1,0,35164.0636987038,-6.968447111294029,52054.09468770704,-78.60063451555702,0,0
49.08,2953,118678374,35161,51983,-1,1,0,35165.78583052778,-4.866595195520286,52061.066197330496,-75.08242038197702,0,0
49.12,2954,118718374,35161,52013,-1,1,0,35167.85532208031,-4.5495886220894235,52069.20291817318,-54.27402209982367,0,0
49.16,2955,118758374,35176,52083,-1,1,0,35170.25714519406,4.57127711691632,52078.407126363025,5.683035906860255,0,0
49.2,2956,118798374,35189,52162,-1,1,0,35172.97582762399,18.341595450244817,52088.57115248372,75.07244044675048,0,0
49.24,2957,118838374,35207,52225,-1,1,0,35175.99742237264,31.268473965343155,52099.58958022767,132.5122100505572,0,0
49.28,2958,118878374,35216,52274,-1,1,0,35179.312259108476,38.67244738210305,52111.373710965265,163.4192797832451,0,0
49.32,2959,118918374,35225,52296,-1,1,0,35182.91763478144,40.52296954828072,52123.86419828009,171.3969499374743,0,0
49.36,2960,118958374,35240,52354,-1,1,0,35186.81995982898,56.468327720496696,52137.04018102738,227.19529205191796,0,0
49.4,2961,118998374,35270,52455,-1,1,0,35191.036955747586,83.1205049714729,52150.927498124314,315.65408335137164,1,1
49.44,2962,119038374,35262,52415,-1,1,0,35195.60054451661,56.94051628760689,52165.60868408902,223.45828165939847,0,0
49.48,2963,119078374,35160,52080,-1,1,0,35200.55758924501,-32.89963165717127,52181.225196066276,-81.40214310061029,0,0
49.52,2964,119118374,35109,51894,-1,1,0,35205.962915969314,-96.62343599113508,52197.95328533594,-297.9914449203693,0,0
49.56,2965,119158374,35116,51922,-1,1,0,35211.86535777161,-100.47829704960853,52215.95642636553,-310.65328822146967,0,0
49.6,2966,119198374,35127,51954,-1,1,0,35218.295692718224,-91.21868612416048,52235.344252858085,-282.5316212450683,0,0
49.64,2967,119238374,35146,51997,-1,1,0,35225.26201119858,-77.07327444910325,52256.15643699219,-248.7589675007614,0,0
49.68,2968,119278374,35184,52113,-1,1,0,35232.750562754445,-51.7065380104013,52278.36418531789,-179.04690961462944,0,0
49.72,2969,119318374,35202,52158,-1,1,0,35240.7292601081,-40.65347313915808,52301.879486293474,-146.54210901757128,0,0
49.76,2970,119358374,35199,52169,-1,1,0,35249.151822284664,-46.73409486704698,52326.56664755039,-151.49731368820352,0,0
49.8,2971,119398374,35217,52238,-1,1,0,35257.96024555692,-45.576685950074804,52352.25036218091,-120.84037704574895,0,0
49.84,2972,119438374,35237,52321,-1,1,0,35267.08558216956,-26.25200750944358,52378.720838414105,-57.62546073918554,0,0
49.88,2973,119478374,35284,52415,-1,1,0,35276.4495167571,5.507903223422446,52405.74194264581,12.422289928626185,0,0
49.92,2974,119518374,35318,52524,-1,1,0,35285.96852797367,33.35118001557183,52433.06449117558,90.55234433765929,0,0
49.96,2975,119558374,35343,52616,-1,1,0,35295.56002774361,47.69163044101002,52460.442899408954,159.50081158775563,0,0
50.0,2976,119598374,35360,52693,-1,1,0,35305.14827350991,56.490900156597206,52487.652773432426,203.19808609776743,0,0
50.04,2977,119638374,35391,52779,-1,1,0,35314.668741701826,73.78759427233449,52514.5072001912,266.63233773602354,0,0
50.08,2978,119678374,35416,52887,-1,1,0,35324.071764237524,99.99411882624425,52540.87174347643,364.4731436957447,1,1
50.12,2979,119718374,35430,52908,-1,1,0,35333.326305495706,88.96153692356418,52566.679177752856,318.51345904517177,0,0
50.16,2980,119758374,35345,52603,-1,1,0,35342.42171394539,4.3094576260550514,52591.93617357818,15.190069955749152,0,0
50.2,2981,119798374,35265,52319,-1,1,0,35351.362191700944,-83.20139117539699,52616.703353258454,-280.0655320720951,0,0
50.24,2982,119838374,35264,52328,-1,1,0,35360.152763297585,-96.1403390310463,52641.045631061774,-329.44241606796186,0,0
50.28,2983,119878374,35308,52419,-1,1,0,35368.78503252131,-69.06516976699541,52664.98250333841,-252.84750957726024,0,0
50.32,2984,119918374,35325,52509,-1,1,0,35377.23156431144,-43.32474892355581,52688.4673261246,-168.15514861110034,0,0
50.36,2985,119958374,35377,52653,-1,1,0,35385.44842451857,-13.846383344292617,52711.39388584548,-67.72464278003284,0,0
50.4,2986,119998374,35398,52733,-1,1,0,35393.38099580451,2.154935987045132,52733.61510780779,-7.0632994666856135,0,0
50.44,2987,120038374,35397,52736,-1,1,0,35400.96986812307,0.9782711999513758,52754.9629908201,-10.567158346820754,0,0
50.48,2988,120078374,35422,52776,-1,1,0,35408.15468594936,9.082842549410554,52775.26182753291,-9.665002252160832,0,0
50.52,2989,120118374,35438,52820,-1,1,0,35414.876107676195,25.38531885237421,52794.33362289327,33.28301907270078,0,0
50.56,2990,120158374,35460,52917,-1,1,0,35421.07797584493,37.70836529044583,52812.002506791105,99.48954441104954,0,0
50.6,2991,120198374,35475,52989,-1,1,0,35426.71030818084,49.277095322639255,52828.10387228092,163.1813057217727,0,0
50.64,2992,120238374,35493,53055,-1,1,0,35431.73243376411,61.34484442850618,52842.49801597262,216.90751121442455,0,0
50.68,2993,120278374,35509,53120,-1,1,0,35436.11600445713,71.35628084142327,52855.08481061661,257.8658093352675,0,0
50.72,2994,120318374,35528,53173,-1,1,0,35439.84801674642,89.19273679817005,52865.81724960933,309.59252910686496,0,0
50.76,2995,120358374,35552,53233,-1,1,0,35442.93414841002,111.93167122342663,52874.71393382428,373.6651294923993,1,1
50.8,2996,120398374,35540,53194,-1,1,0,35445.40220917378,87.25217709478927,52881.86961793717,284.69455283288454,0,0
50.84,2997,120438374,35440,52844,-1,1,0,35447.30274233574,-5.6054765112779705,52887.45502077061,-39.666594829909,0,0
50.88,2998,120478374,35355,52553,-1,1,0,35448.70147468333,-91.398045240829,52891.68944067941,-323.26211145772004,0,0
50.92,2999,120518374,35343,52555,-1,1,0,35449.66354030922,-114.04965625513887,52894.786716312025,-366.37129579891996,0,0
50.96,3000,120558374,35353,52595,-1,1,0,35450.23808097391,-96.18426487891344,52896.90498924798,-303.48049266548236,0,0
51.0,3001,120598374,35387,52670,-1,1,0,35450.45113639253,-64.94514074322517,52898.12605697611,-225.62383382972826,0,0
51.04,3002,120638374,35418,52784,-1,1,0,35450.306969693534,-36.64318692240275,52898.460644289335,-125.36477182811993,0,0
51.08,3003,120678374,35423,52828,-1,1,0,35449.79366945748,-25.19287454041481,52897.86551814688,-76.57019744653928,0,0
51.12,3004,120718374,35428,52804,-1,1,0,35448.888780661524,-25.259960576651963,52896.261834245546,-94.66142688279322,0,0
51.16,3005,120758374,35427,52817,-1,1,0,35447.5626793492,-19.492368507209783,52893.54645137718,-74.99823893122914,0,0
51.2,3006,120798374,35449,52910,-1,1,0,35445.78035426801,2.7635741942035335,52889.59690562307,14.21462580612247,0,0
51.24,3007,120838374,35479,52991,-1,1,0,35443.503890138694,32.804027681689576,52884.27961114914,103.48967234338149,0,0
51.28,3008,120878374,35494,53035,-1,1,0,35440.69711810263,57.06919080055529,52877.46581385748,167.2350310823822,0,0
51.32,3009,120918374,35513,53098,-1,1,0,35437.33161188956,72.16668211786808,52869.05033143658,218.94877938214603,0,0
51.36,3010,120958374,35518,53131,-1,1,0,35433.39229892398,86.24986936228122,52858.96840947559,276.44911517080834,0,0
51.4,3011,120998374,35537,53201,-1,1,0,35428.882113093816,111.27866901746053,52847.210952910165,365.2803521832363,0,0
51.44,3012,121038374,35538,53208,-1,1,0,35423.826084065084,112.8160868253205,52833.8392908538,368.01789381008314,1,1
51.48,3013,121078374,35462,52955,-1,1,0,35418.27373383171,38.68497325832101,52818.994226618146,121.68526898054786,0,0
51.52,3014,121118374,35340,52570,-1,1,0,35412.295026660904,-63.34413002836622,52802.883046504845,-205.98924039368734,0,0
51.56,3015,121158374,35309,52479,-1,1,0,35405.9668366925,-102.11164220539051,52785.735413529874,-320.2232087852492,0,0
51.6,3016,121198374,35320,52523,-1,1,0,35399.35645071377,-80.0896104913853,52767.75042589059,-250.7634195465016,0,0
51.64,3017,121238374,35346,52585,-1,1,0,35392.51249215317,-44.504424798010874,52749.06797308883,-156.85538998893543,0,0
51.68,3018,121278374,35367,52658,-1,1,0,35385.46571036696,-19.05708063739921,52729.770657408764,-73.12163447088938,0,0
51.72,3019,121318374,35366,52685,-1,1,0,35378.234640653056,-16.191341487968216,52709.90062490373,-30.9228443172591,0,0
51.76,3020,121358374,35342,52636,-1,1,0,35370.8307056056,-21.11096967675783,52689.4767592661,-48.41135252897915,0,0
51.8,3021,121398374,35358,52615,-1,1,0,35363.260402393396,-13.301588706260857,52668.504345087385,-54.10004773263054,0,0
51.84,3022,121438374,35352,52646,-1,1,0,35355.52607690845,3.023639393764671,52646.97758625182,1.7321513686368775,0,0
51.88,3023,121478374,35376,52712,-1,1,0,35347.62780553286,25.46270777713046,52624.88321894944,85.21551422607526,0,0
51.92,3024,121518374,35384,52746,-1,1,0,35339.567026069206,47.74270520903196,52602.21140898676,151.57360502469726,0,0
51.96,3025,121558374,35388,52765,-1,1,0,35331.351212320966,53.80852663880501,52578.97153822066,182.69262917548008,0,0
52.0,3026,121598374,35375,52759,-1,1,0,35322.99810296019,54.91125985052916,52555.20680159658,204.10385674774614,0,0
52.04,3027,121638374,35383,52774,-1,1,0,35314.53832288106,70.7770851222508,52531.004837454835,258.4166049519952,1,1
52.08,3028,121678374,35377,52767,-1,1,0,35306.01703463302,67.48095548763412,52506.50566368302,248.2787188036856,0,0
52.12,3029,121718374,35299,52518,-1,1,0,35297.49445537408,1.7726185057451502,52481.90471896225,29.567441032025783,0,0
52.16,3030,121758374,35204,52185,-1,1,0,35289.04134240822,-84.3676913312708,52457.43834558924,-257.33262682303365,0,0
52.2,3031,121798374,35160,52072,-1,1,0,35280.72689463597,-119.1742630984181,52433.34367625557,-368.4153038352349,0,0
52.24,3032,121838374,35170,52085,-1,1,0,35272.60434932561,-108.77097459334921,52409.810841234044,-338.87292437252995,0,0
52.28,3033,121878374,35171,52089,-1,1,0,35264.702390116756,-91.49232246584842,52386.954469024175,-290.24204364601167,0,0
52.32,3034,121918374,35191,52152,-1,1,0,35257.02424976003,-66.12262166088756,52364.809731995694,-216.8817184291441,0,0
52.36,3035,121958374,35216,52210,-1,1,0,35249.55136700681,-36.628444041752005,52343.34234886843,-143.31611705087772,0,0
52.4,3036,121998374,35215,52197,-1,1,0,35242.24896423369,-26.954225886309885,52322.463948146,-121.01641704240197,0,0
52.44,3037,122038374,35208,52198,-1,1,0,35235.0713719673,-27.753840842602923,52302.04612479929,-110.19075428152104,0,0
52.48,3038,122078374,35213,52220,-1,1,0,35227.965290925706,-12.736635045043016,52281.92949738384,-57.3907256824331,0,0
52.52,3039,122118374,35236,52291,-1,1,0,35220.871942668266,11.491884366676011,52261.93152551911,23.576284002160065,0,0
52.56,3040,122158374,35243,52341,-1,1,0,35213.730425073845,31.965964304871463,52241.858735683,103.21638955038566,0,0
52.6,3041,122198374,35260,52394,-1,1,0,35206.48256897725,56.06713586594607,52221.52379123693,176.92676497236957,0,0
52.64,3042,122238374,35280,52444,-1,1,0,35199.07829223191,76.49800247343238,52200.76414719118,236.7835338477231,0,0
52.68,3043,122278374,35276,52476,-1,1,0,35191.48101075111,88.46922962710266,52179.46003120555,303.0831557572035,0,0
52.72,3044,122318374,35282,52508,-1,1,0,35183.67239769711,102.56489520042624,52157.550974606376,367.81414834799546,1,1
52.76,3045,122358374,35266,52442,-1,1,0,35175.655559340434,82.33256473171366,52135.04910393791,272.8819177214616,0,0
52.8,3046,122398374,35166,52073,-1,1,0,35167.45504936362,3.2983611833738067,52112.040511055646,-10.772677211979214,0,0
52.84,3047,122438374,35092,51867,-1,1,0,35159.11025830286,-65.46885776181207,52088.66083277723,-226.91091631423228,0,0
52.88,3048,122478374,35078,51811,-1,1,0,35150.66229814116,-76.10009285472273,52065.04889145245,-263.16170687420157,0,0
52.92,3049,122518374,35079,51805,-1,1,0,35142.1417532338,-64.11499881256832,52041.30541043567,-236.41812632618044,0,0
52.96,3050,122558374,35079,51833,-1,1,0,35133.56333646597,-52.55552893805022,52017.475027519205,-180.9479749987643,0,0
53.0,3051,122598374,35097,51912,-1,1,0,35124.926362585,-31.490548125769692,51993.547932795904,-88.32646822891233,0,0
53.04,3052,122638374,35109,51952,-1,1,0,35116.21805812721,-4.582245846744124,51969.472800092095,-19.072830116596293,0,0
53.08,3053,122678374,35123,51950,-1,1,0,35107.418407290475,11.989932863063203,51945.174354104805,6.410098507934123,0,0
53.12,3054,122718374,35113,51955,-1,1,0,35098.50531427888,16.013119143959575,51920.56851784716,33.028449991185994,0,0
53.16,3055,122758374,35111,51973,-1,1,0,35089.45850406869,22.591746993394544,51895.57266623468,79.6985049383919,0,0
53.2,3056,122798374,35118,51995,-1,1,0,35080.261868962196,35.26080612189678,51870.11424878457,124.17175735634123,0,0
53.24,3057,122838374,35112,51995,-1,1,0,35070.90548778625,44.28148252287406,51844.14041753886,154.66751043632914,0,0
53.28,3058,122878374,35112,51997,-1,1,0,35061.38793255416,48.995962787608335,51817.62772147167,182.85125418892935,0,0
53.32,3059,122918374,35105,52007,-1,1,0,35051.71834776006,54.737767543825186,51790.59056334018,215.7385788774133,0,0
53.36,3060,122958374,35111,52030,-1,1,0,35041.91822406557,68.73165764743695,51763.08936385038,269.3641163347499,0,0
53.4,3061,122998374,35116,52055,-1,1,0,35032.023521900555,86.83639413737443,51735.24023027088,334.12643012400036,1,1
53.44,3062,123038374,35098,52008,-1,1,0,35022.08728033251,73.13731950990852,51707.22548643512,282.78047310728033,0,0
53.48,3063,123078374,35020,51718,-1,1,0,35012.18047707232,6.906881831566089,51679.297090263426,47.19714599257284,0,0
53.52,3064,123118374,34938,51453,-1,1,0,35002.387052652186,-60.942376082540505,51651.75880755307,-191.9899280888289,0,0
53.56,3065,123158374,34916,51352,-1,1,0,34992.79251757545,-78.62213362858326,51624.9251696699,-282.0140979046027,0,0
53.6,3066,123198374,34919,51322,-1,1,0,34983.472186161765,-68.14343345400225,51599.077715617495,-282.47559695966515,0,0
53.64,3067,123238374,34915,51322,-1,1,0,34974.485268475204,-56.57980228142862,51574.43915760948,-244.2401354925662,0,0
53.68,3068,123278374,34927,51389,-1,1,0,34965.87475519323,-39.16696942715407,51551.167580594774,-171.57125760540958,0,0
53.72,3069,123318374,34933,51405,-1,1,0,34957.669978415324,-29.443492698599535,51529.3635859077,-125.55089357095311,0,0
53.76,3070,123358374,34909,51382,-1,1,0,34949.88969086033,-35.579360600919934,51509.08258308634,-126.01375620642752,0,0
53.8,3071,123398374,34912,51375,-1,1,0,34942.54391661664,-34.62101984665094,51490.34440066497,-115.41233534072889,0,0
53.84,3072,123438374,34913,51404,-1,1,0,34935.63441183694,-18.715356492109365,51473.13827373825,-69.22890837008208,0,0
53.88,3073,123478374,34929,51442,-1,1,0,34929.155691249405,-2.808059141173395,51457.42810664149,-12.693781563470921,0,0
53.92,3074,123518374,34930,51480,-1,1,0,34923.09768530917,10.319815130527722,51443.16169465783,38.69969646998986,0,0
53.96,3075,123558374,34948,51517,-1,1,0,34917.449323992754,31.786015093849855,51430.28290992235,92.75706703656161,0,0
54.0,3076,123598374,34966,51564,-1,1,0,34912.20257928433,55.08515296483142,51418.744747964614,148.66740502196612,0,0
54.04,3077,123638374,34974,51608,-1,1,0,34907.35714096508,65.71830606260036,51408.52265195792,199.50179939861982,0,0
54.08,3078,123678374,34978,51658,-1,1,0,34902.92513176564,80.79096134435923,51399.6282814639,269.453674497493,0,0
54.12,3079,123718374,34999,51707,-1,1,0,34898.93506232363,101.49658674187366,51392.123636097145,322.52148376616606,1,1
54.16,3080,123758374,34970,51607,-1,1,0,34895.43495974173,70.06206119899056,51386.13297560789,206.2360578152667,0,0
54.2,3081,123798374,34862,51279,-1,1,0,34892.492202403155,-24.851159327644325,51381.841708743974,-86.44194810970768,0,0
54.24,3082,123838374,34788,51052,-1,1,0,34890.18511375067,-102.01440405098869,51379.46821310104,-327.29986227470283,0,0
54.28,3083,123878374,34773,50994,-1,1,0,34888.58717657467,-116.07124212088951,51379.213415619706,-391.0500197957351,0,0
54.32,3084,123918374,34791,51037,-1,1,0,34887.75276498495,-99.24381379580603,51381.21493946974,-345.08719861863756,0,0
54.36,3085,123958374,34808,51127,-1,1,0,34887.71119281361,-75.38433602827592,51385.52643818528,-252.08196805115946,0,0
54.4,3086,123998374,34842,51236,-1,1,0,34888.46810984472,-50.43892680278644,51392.12128609731,-167.2660768873753,0,0
54.44,3087,124038374,34849,51257,-1,1,0,34890.010243124634,-39.99457697411102,51400.90890749858,-140.21374628303283,0,0
54.48,3088,124078374,34848,51273,-1,1,0,34892.31017549133,-43.52342476617139,51411.7512621395,-135.48530072003587,0,0
54.52,3089,124118374,34852,51320,-1,1,0,34895.3290175982,-44.80985664206485,51424.47261397656,-110.95426195243508,0,0
54.56,3090,124158374,34861,51365,-1,1,0,34899.01710531072,-36.20608024010561,51438.86501368668,-67.99652077328179,0,0
54.6,3091,124198374,34890,51461,-1,1,0,34903.31469057974,-14.534013168739179,51454.695209963145,7.456228102305033,0,0
54.64,3092,124238374,34924,51578,-1,1,0,34908.15445558942,18.932856149490306,51471.71634670699,110.20825566589872,0,0
54.68,3093,124278374,34961,51676,-1,1,0,34913.46650721141,46.580044905049625,51489.68547450649,187.30341775805692,0,0
54.72,3094,124318374,34970,51715,-1,1,0,34919.18478695429,51.104944038071224,51508.38378691658,212.35709206184382,0,0
54.76,3095,124358374,34976,51760,-1,1,0,34925.25246898958,52.39721291320478,51527.633341553206,231.05961901945778,0,0
54.8,3096,124398374,35009,51842,-1,1,0,34931.62512440143,79.84707801789743,51547.30814096949,304.941413904003,0,0
54.84,3097,124438374,35037,51913,-1,1,0,34938.273420273224,98.01811495194697,51567.34378409701,353.0457759879104,1,1
54.88,3098,124478374,34992,51792,-1,1,0,34945.186194789785,43.369831247246914,51587.746235656465,178.36123684493202,0,0
54.92,3099,124518374,34894,51428,-1,1,0,34952.3692307284,-54.33642807059218,51608.586035152824,-153.44015989645848,0,0
54.96,3100,124558374,34857,51306,-1,1,0,34959.83484201817,-102.40458595376886,51629.96280984173,-330.5044997920629,0,0
55.0,3101,124598374,34883,51362,-1,1,0,34967.586566129045,-88.9538249020356,51651.95258112932,-301.2449018870178,0,0
55.04,3102,124638374,34909,51439,-1,1,0,34975.609004015576,-66.21297123503251,51674.57093587985,-234.95339642973502,0,0
55.08,3103,124678374,34934,51523,-1,1,0,34983.86648987392,-48.23286061425745,51697.76556927709,-169.0525658586004,0,0
55.12,3104,124718374,34965,51633,-1,1,0,34992.3066308515,-30.922990220352315,51721.42644561205,-101.80302903929487,0,0
55.16,3105,124758374,34976,51663,-1,1,0,35000.864745651204,-23.573554947822423,51745.400960797764,-78.89774624255432,0,0
55.2,3106,124798374,34992,51701,-1,1,0,35009.4675851835,-17.895899040846786,51769.5073169149,-68.21932825706858,0,0
55.24,3107,124838374,35020,51783,-1,1,0,35018.03600632856,2.8608284362817713,51793.543231204036,-12.131065971522105,0,0
55.28,3108,124878374,35063,51894,-1,1,0,35026.48793290886,35.9664553327886,51817.293972206484,77.76132232992197,0,0
55.32,3109,124918374,35099,52009,-1,1,0,35034.743284099786,67.43261428371025,51840.54567941716,172.3989564450306,0,0
55.36,3110,124958374,35135,52118,-1,1,0,35042.73073356032,89.55704081526936,51863.10451997055,256.43608949020296,0,0
55.4,3111,124998374,35148,52182,-1,1,0,35050.39462641678,105.32531152577648,51884.81776968154,304.2606220548566,0,0
55.44,3112,125038374,35174,52212,-1,1,0,35057.70052002643,110.81085274569776,51905.59185077629,301.9051813727169,0,0
55.48,3113,125078374,35168,52229,-1,1,0,35064.63884474917,107.48202529792044,51925.40369613276,311.60159946629165,0,0
55.52,3114,125118374,35179,52301,-1,1,0,35071.22669290267,113.21007623089366,51944.30627677695,372.0311521778942,1,1
55.56,3115,125158374,35181,52298,-1,1,0,35077.508067093906,97.33770086225077,51962.43257496275,314.28701651086465,0,0
55.6,3116,125198374,35100,51995,-1,1,0,35083.55214492019,17.75972086225253,51979.99419751398,21.755061203712728,0,0
55.64,3117,125238374,35016,51715,-1,1,0,35089.44608670017,-68.56579403126207,51997.257926003826,-268.08433484321927,0,0
55.68,3118,125278374,35004,51690,-1,1,0,35095.28074037078,-95.61020466321435,52014.495798088996,-342.4735777970973,0,0
55.72,3119,125318374,35017,51742,-1,1,0,35101.135662851295,-86.61515152732505,52031.93463615974,-291.5092195583396,0,0
55.76,3120,125358374,35036,51832,-1,1,0,35107.07109840522,-67.60249691550084,52049.731721595635,-213.41839556251816,0,0
55.8,3121,125398374,35077,51945,-1,1,0,35113.12749042856,-40.0564039829856,52067.976748826426,-132.10974422924525,0,0
55.84,3122,125438374,35092,51979,-1,1,0,35119.32920577266,-28.550126448201155,52086.70629476082,-112.47495189241997,0,0
55.88,3123,125478374,35083,51954,-1,1,0,35125.689061140234,-42.62473918388777,52105.918057242314,-152.0699468274383,0,0
55.92,3124,125518374,35084,51970,-1,1,0,35132.21049570351,-50.42519959969553,52125.57653211468,-157.01491303139548,0,0
55.96,3125,125558374,35103,52052,-1,1,0,35138.88707310834,-32.639455077501985,52145.61204020245,-96.8801817230325,0,0
56.0,3126,125598374,35143,52149,-1,1,0,35145.702429905046,-10.223111512341756,52165.92293677616,-19.118341381105054,0,0
56.04,3127,125638374,35151,52240,-1,1,0,35152.63294381935,5.106271701324157,52186.38642599393,56.82193077990064,0,0
56.08,3128,125678374,35185,52335,-1,1,0,35159.652028902994,22.855837126953325,52206.8751842871,130.07913968114306,0,0
56.12,3129,125718374,35202,52402,-1,1,0,35166.734355185545,32.27744648511006,52227.275168129396,168.6542984188078,0,0
56.16,3130,125758374,35212,52447,-1,1,0,35173.85963860969,41.193453315048735,52247.501549369896,201.84510303806147,0,0
56.2,3131,125798374,35249,52530,-1,1,0,35181.01592878698,72.06793793697823,52267.51141030984,282.45777395903394,1,1
56.24,3132,125838374,35267,52569,-1,1,0,35188.20296327822,69.99213171991074,52287.3144089299,254.650838874575,0,0
56.28,3133,125878374,35178,52277,-1,1,0,35195.4344785784,-13.412946495874209,52306.97730312676,-23.21428849208293,0,0
56.32,3134,125918374,35101,51997,-1,1,0,35202.733790265396,-100.21015503784488,52326.605864386314,-313.8373816122963,0,0
56.36,3135,125958374,35098,51990,-1,1,0,35210.12044596729,-113.63995950940364,52346.29857311381,-373.80974077279654,0,0
56.4,3136,125998374,35137,52079,-1,1,0,35217.59628210771,-84.64742353844798,52366.0986313901,-288.9556151701312,0,0
56.44,3137,126038374,35168,52204,-1,1,0,35225.13999978499,-52.74229422792485,52385.97377645942,-173.31174502092477,0,0
56.48,3138,126078374,35215,52355,-1,1,0,35232.71024433697,-20.473304380755177,52405.825061714524,-60.9542975039951,0,0
56.52,3139,126118374,35237,52406,-1,1,0,35240.252320939966,-3.623684283813354,52425.509367649756,-18.992967183973676,0,0
56.56,3140,126158374,35237,52398,-1,1,0,35247.70465454923,-10.350257495483874,52444.860937276906,-45.296782040654406,0,0
56.6,3141,126198374,35239,52410,-1,1,0,35255.002437605835,-14.893370184348147,52463.70236497993,-53.57756448827856,0,0
56.64,3142,126238374,35261,52475,-1,1,0,35262.07835514804,-1.1787058176243725,52481.84634805394,-6.760422356684572,0,0
56.68,3143,126278374,35290,52570,-1,1,0,35268.86312963414,20.774859980254398,52499.09797472349,72.6246461963768,0,0
56.72,3144,126318374,35317,52670,-1,1,0,35275.28818974404,44.92649531039428,52515.26445768899,158.69002558160142,0,0
56.76,3145,126358374,35350,52752,-1,1,0,35281.29032351608,67.88420802332517,52530.171577464826,223.1283912471075,0,0
56.8,3146,126398374,35373,52814,-1,1,0,35286.81720436258,85.35474992150107,52543.682134511706,265.74981712653,0,0
56.84,3147,126438374,35394,52874,-1,1,0,35291.83291206763,108.11396391309592,52555.71251897123,335.8433295092457,0,0
56.88,3148,126478374,35414,52927,-1,1,0,35296.32283449083,115.57693305628075,52566.24645893171,357.36801682434094,1,1
56.92,3149,126518374,35356,52740,-1,1,0,35300.296689296425,51.867342752588556,52575.343208974286,143.38730314639395,0,0
56.96,3150,126558374,35247,52358,-1,1,0,35303.785611099076,-51.960802894038565,52583.126911645784,-195.64357456837007,0,0
57.0,3151,126598374,35209,52263,-1,1,0,35306.82985509665,-96.51378364238398,52589.7455556931,-340.6500192116391,0,0
57.04,3152,126638374,35242,52331,-1,1,0,35309.462484892574,-74.91049926240329,52595.31731907629,-271.6789503971404,0,0
57.08,3153,126678374,35262,52436,-1,1,0,35311.69967472083,-45.08108868478518,52599.89900132388,-160.20322392829928,0,0
57.12,3154,126718374,35296,52544,-1,1,0,35313.540846513875,-20.48425030966017,52603.48734583236,-62.471418329236606,0,0
57.16,3155,126758374,35311,52605,-1,1,0,35314.97382780702,-3.824063406522459,52606.03825953729,-5.382661692990219,0,0
57.2,3156,126798374,35311,52589,-1,1,0,35315.98029838059,-8.881015202655771,52607.487289436,-22.114852417253385,0,0
57.24,3157,126838374,35292,52548,-1,1,0,35316.538989867084,-20.209157240151143,52607.761493898404,-58.15201995530934,0,0
57.28,3158,126878374,35308,52575,-1,1,0,35316.62596881063,-14.78563508603473,52606.78095300297,-34.11417762051306,0,0
57.32,3159,126918374,35321,52655,-1,1,0,35316.21415492778,8.383022592687999,52604.45775409629,47.98827218505486,0,0
57.36,3160,126958374,35356,52734,-1,1,0,35315.274979124646,38.706200981360084,52600.7022179474,135.50748525058793,0,0
57.4,3161,126998374,35377,52802,-1,1,0,35313.78293989283,60.98330714161035,52595.4380788489,201.1366638709811,0,0
57.44,3162,127038374,35393,52867,-1,1,0,35311.721764269125,81.99574212733788,52588.62157862766,278.08071857139464,0,0
57.48,3163,127078374,35418,52936,-1,1,0,35309.090549555236,112.6172765643495,52580.26054307003,370.2554288597094,1,1
57.52,3164,127118374,35414,52907,-1,1,0,35305.90915273269,99.59461994687479,52570.431569235094,310.68683896453746,0,0
57.56,3165,127158374,35306,52557,-1,1,0,35302.22058666545,4.715144191866685,52559.28643604478,2.3580587108240536,0,0
57.6,3166,127198374,35204,52240,-1,1,0,35298.08488717063,-91.00027238182479,52547.030264506255,-299.33302109266185,0,0
57.64,3167,127238374,35188,52184,-1,1,0,35293.56337555067,-111.38890896171688,52533.86990383988,-362.28689131404553,0,0
57.68,3168,127278374,35203,52245,-1,1,0,35288.70250035571,-87.79457903590175,52519.96223555283,-288.56472276052205,0,0
57.72,3169,127318374,35224,52293,-1,1,0,35283.52664555342,-59.64937989613662,52505.39141337174,-201.92691332616445,0,0
57.76,3170,127358374,35247,52392,-1,1,0,35278.0398316938,-31.73890403656124,52490.17415651262,-112.85589341095964,0,0
57.8,3171,127398374,35257,52408,-1,1,0,35272.23127446262,-21.147624675368995,52474.27731298385,-69.17492412020175,0,0
57.84,3172,127438374,35236,52382,-1,1,0,35266.08077236143,-26.828230548197375,52457.635544186,-79.24745460110488,0,0
57.88,3173,127478374,35245,52381,-1,1,0,35259.56170075139,-17.025169065374662,52440.16213351218,-58.364593340962685,0,0
57.92,3174,127518374,35266,52455,-1,1,0,35252.64246299694,11.679481786154282,52421.754375387,26.772263078832445,0,0
57.96,3175,127558374,35285,52531,-1,1,0,35245.28942903703,40.535399964220034,52402.30232396154,129.48206789669084,0,0
58.0,3176,127598374,35301,52590,-1,1,0,35237.47232465607,63.958613511802,52381.70559504122,209.73896576397686,0,0
58.04,3177,127638374,35316,52640,-1,1,0,35229.17055945818,83.22374554260197,52359.89450215958,270.30870983042917,0,0
58.08,3178,127678374,35327,52678,-1,1,0,35220.37932527531,111.50501168058062,52336.850426027806,354.4635406054458,0,0
58.12,3179,127718374,35347,52719,-1,1,0,35211.11539106867,136.5104154723238,52312.62389685688,406.6162834355996,1,1
58.16,3180,127758374,35305,52554,-1,1,0,35201.42212477632,95.0680527670068,52287.347979152284,240.46197980354262,0,0
58.2,3181,127798374,35177,52145,-1,1,0,35191.36997706418,-6.4284715674683355,52261.234598615156,-91.15173926514726,0,0
58.24,3182,127838374,35111,51954,-1,1,0,35181.04732409788,-71.68801089818956,52234.53988114561,-289.68487620273805,0,0
58.28,3183,127878374,35097,51922,-1,1,0,35170.54426930173,-77.75070062817554,52207.510049146586,-298.6693505819672,0,0
58.32,3184,127918374,35085,51916,-1,1,0,35159.93927019869,-74.24368420812178,52180.33981082039,-260.6942155959758,0,0
58.36,3185,127958374,35081,51952,-1,1,0,35149.293489027834,-67.9017958433522,52153.15791343792,-202.99698242132638,0,0
58.4,3186,127998374,35091,52002,-1,1,0,35138.65031003827,-49.303229300003636,52126.031415780184,-130.7142353499675,0,0
58.44,3187,128038374,35095,52006,-1,1,0,35128.03734470584,-34.6419551660525,52098.97819669316,-94.39312879284844,0,0
58.48,3188,128078374,35087,51988,-1,1,0,35117.46972301283,-27.79900789988543,52071.98058398205,-80.2967724310638,0,0
58.52,3189,128118374,35093,52007,-1,1,0,35106.95328471289,-16.440136801618102,52044.99538152537,-41.488377664712715,0,0
58.56,3190,128158374,35097,52043,-1,1,0,35096.48732170245,3.5140337068244385,52017.96173919579,31.363618599368152,0,0
58.6,3191,128198374,35113,52107,-1,1,0,35086.067841078584,27.615123863211984,51990.81190471004,120.79343612855638,0,0
58.64,3192,128238374,35118,52148,-1,1,0,35075.691897015626,43.87983411086566,51963.48695509716,189.22193712905488,0,0
58.68,3193,128278374,35118,52165,-1,1,0,35065.36236521699,53.01418857865673,51935.95501599089,232.37210360904436,0,0
58.72,3194,128318374,35123,52195,-1,1,0,35055.092157359664,76.07911980076221,51908.22808001605,307.90042734258446,0,0
58.76,3195,128358374,35139,52232,-1,1,0,35044.90793695234,92.78741854935694,51880.37653710152,358.77445753933483,1,1
58.8,3196,128398374,35082,52068,-1,1,0,35034.85334857237,49.06502660143712,51852.54039350197,208.223722001455,0,0
58.84,3197,128438374,34987,51708,-1,1,0,35024.98832220146,-31.020771891482617,51824.92594251827,-81.00267003854813,0,0
58.88,3198,128478374,34936,51544,-1,1,0,35015.380556256525,-73.8384809752305,51797.774957851536,-249.3608200057091,0,0
58.92,3199,128518374,34930,51501,-1,1,0,35006.09243987579,-78.4304193812804,51771.31709400333,-261.6731268431598,0,0
58.96,3200,128558374,34916,51498,-1,1,0,34997.17121723113,-70.64516512804536,51745.7333743039,-228.8355996120925,0,0
59.0,3201,128598374,34941,51541,-1,1,0,34988.64557563774,-42.409658826763206,51721.14332594469,-157.93547540069721,0,0
59.04,3202,128638374,34967,51614,-1,1,0,34980.52736130749,-12.005955822845523,51697.60967057815,-70.38474347440857,0,0
59.08,3203,128678374,34954,51613,-1,1,0,34972.81651956704,-7.042829161624667,51675.152220469965,-40.33461529326961,0,0
59.12,3204,128718374,34947,51575,-1,1,0,34965.50599710367,-14.137436831119505,51653.76262760766,-49.287939915947476,0,0
59.16,3205,128758374,34939,51588,-1,1,0,34958.5839108212,-11.556832434186383,51633.412991227524,-24.53664118744959,0,0
59.2,3206,128798374,34950,51625,-1,1,0,34952.03398752481,9.811311961605192,51614.06012654068,45.14422741433735,0,0
59.24,3207,128838374,34982,51696,-1,1,0,34945.83709751569,40.431649919086894,51595.65292753155,125.70679019576855,0,0
59.28,3208,128878374,34986,51727,-1,1,0,34939.975390066626,60.14860912244618,51578.145857566495,187.2028575473593,0,0
59.32,3209,128918374,34993,51756,-1,1,0,34934.4377816523,65.17004302303643,51561.51516340944,220.69659211948735,0,0
59.36,3210,128958374,34991,51773,-1,1,0,34929.22438792009,70.7575912258891,51545.77329410819,262.255050737026,0,0
59.4,3211,128998374,35002,51825,-1,1,0,34924.34936892807,92.61017590730083,51530.98072985415,336.98640358759326,0,1
59.44,3212,129038374,35013,51822,-1,1,0,34919.843409332534,96.24142156069469,51517.257033646725,321.74202000231213,1,0
59.48,3213,129078374,34944,51576,-1,1,0,34915.755563316416,33.860220941169246,51504.786910315306,97.10198541925985,0,0
59.52,3214,129118374,34848,51272,-1,1,0,34912.15024176715,-48.218073891298374,51493.80668702251,-180.5249409189616,0,0
59.56,3215,129158374,34827,51166,-1,1,0,34909.0962589467,-85.82222356964115,51484.56419858607,-311.4708896946247,0,0
59.6,3216,129198374,34804,51133,-1,1,0,34906.652874822736,-94.9896199010273,51477.27030742388,-328.9524301487677,0,0
59.64,3217,129238374,34809,51150,-1,1,0,34904.8601186337,-95.13607122925823,51472.06652177135,-306.9597379951395,0,0
59.68,3218,129278374,34821,51212,-1,1,0,34903.7349154642,-82.00195910913435,51469.01433502018,-257.41947399776063,0,0
59.72,3219,129318374,34838,51250,-1,1,0,34903.271251517195,-70.19280000091959,51468.09887263012,-225.34663381913572,0,0
59.76,3220,129358374,34838,51249,-1,1,0,34903.442603387346,-68.90572900533304,51469.238401604736,-229.67122667195991,0,0
59.8,3221,129398374,34847,51270,-1,1,0,34904.20462709363,-66.12552734738793,51472.29256066996,-227.7050892589539,0,0
59.84,3222,129438374,34861,51312,-1,1,0,34905.497157463025,-56.760030522487746,51477.06732516751,-198.53224722958456,0,0
59.88,3223,129478374,34877,51376,-1,1,0,34907.24626510524,-45.34521312267285,51483.320407431165,-155.24179464283088,0,0
59.92,3224,129518374,34894,51439,-1,1,0,34909.36709084229,-34.61868940586128,51490.77033678529,-110.23223134605036,0,0
59.96,3225,129558374,34910,51497,-1,1,0,34911.76725642459,-28.170717850056292,51499.10876173557,-80.51323631174836,0,0
60.0,3226,129598374,34917,51534,-1,1,0,34914.3502770123,-24.33038977296451,51508.01342689016,-70.5052591738079,0,0
60.04,3227,129638374,34937,51574,-1,1,0,34917.01854379284,-17.990623423475967,51517.15947181362,-49.32853353487582,0,0
60.08,3228,129678374,34950,51653,-1,1,0,34919.67607289054,-10.052382623178701,51526.22908417812,-15.549953147302858,0,0
60.12,3229,129718374,34969,51691,-1,1,0,34922.23153038642,-1.831882513752248,51534.92178089371,-2.447099683539534,0,0
